WARNING - 2026-02-17 00:43:31 --> [DEPRECATED] Passing lowercase HTTP method "get" is deprecated. Use uppercase HTTP method like "GET". in SYSTEMPATH/Router/RouteCollection.php on line 1026.
 1 SYSTEMPATH/Router/RouteCollection.php(1026): trigger_error('Passing lowercase HTTP method "get" is deprecated. Use uppercase HTTP method like "GET".', 16384)
 2 APPPATH/Config/Routes.php(135): CodeIgniter\Router\RouteCollection->match([...], 'locations/generarPDF', 'LocationsPdfController::generarPDF')
 3 SYSTEMPATH/Router/RouteCollection.php(339): require('/home/u976386866/domains/servipro.site/public_html/app/app/Config/Routes.php')
 4 SYSTEMPATH/CodeIgniter.php(821): CodeIgniter\Router\RouteCollection->loadRoutes()
 5 SYSTEMPATH/CodeIgniter.php(455): CodeIgniter\CodeIgniter->tryToRouteIt(null)
 6 SYSTEMPATH/CodeIgniter.php(354): CodeIgniter\CodeIgniter->handleRequest(null, Object(Config\Cache), false)
 7 SYSTEMPATH/Boot.php(334): CodeIgniter\CodeIgniter->run()
 8 SYSTEMPATH/Boot.php(67): CodeIgniter\Boot::runCodeIgniter(Object(CodeIgniter\CodeIgniter))
 9 FCPATH/index.php(56): CodeIgniter\Boot::bootWeb(Object(Config\Paths))
WARNING - 2026-02-17 00:43:31 --> [DEPRECATED] Passing lowercase HTTP method "post" is deprecated. Use uppercase HTTP method like "POST". in SYSTEMPATH/Router/RouteCollection.php on line 1026.
 1 SYSTEMPATH/Router/RouteCollection.php(1026): trigger_error('Passing lowercase HTTP method "post" is deprecated. Use uppercase HTTP method like "POST".', 16384)
 2 APPPATH/Config/Routes.php(135): CodeIgniter\Router\RouteCollection->match([...], 'locations/generarPDF', 'LocationsPdfController::generarPDF')
 3 SYSTEMPATH/Router/RouteCollection.php(339): require('/home/u976386866/domains/servipro.site/public_html/app/app/Config/Routes.php')
 4 SYSTEMPATH/CodeIgniter.php(821): CodeIgniter\Router\RouteCollection->loadRoutes()
 5 SYSTEMPATH/CodeIgniter.php(455): CodeIgniter\CodeIgniter->tryToRouteIt(null)
 6 SYSTEMPATH/CodeIgniter.php(354): CodeIgniter\CodeIgniter->handleRequest(null, Object(Config\Cache), false)
 7 SYSTEMPATH/Boot.php(334): CodeIgniter\CodeIgniter->run()
 8 SYSTEMPATH/Boot.php(67): CodeIgniter\Boot::runCodeIgniter(Object(CodeIgniter\CodeIgniter))
 9 FCPATH/index.php(56): CodeIgniter\Boot::bootWeb(Object(Config\Paths))
WARNING - 2026-02-17 00:44:11 --> [DEPRECATED] Passing lowercase HTTP method "get" is deprecated. Use uppercase HTTP method like "GET". in SYSTEMPATH/Router/RouteCollection.php on line 1026.
 1 SYSTEMPATH/Router/RouteCollection.php(1026): trigger_error('Passing lowercase HTTP method "get" is deprecated. Use uppercase HTTP method like "GET".', 16384)
 2 APPPATH/Config/Routes.php(135): CodeIgniter\Router\RouteCollection->match([...], 'locations/generarPDF', 'LocationsPdfController::generarPDF')
 3 SYSTEMPATH/Router/RouteCollection.php(339): require('/home/u976386866/domains/servipro.site/public_html/app/app/Config/Routes.php')
 4 SYSTEMPATH/CodeIgniter.php(821): CodeIgniter\Router\RouteCollection->loadRoutes()
 5 SYSTEMPATH/CodeIgniter.php(455): CodeIgniter\CodeIgniter->tryToRouteIt(null)
 6 SYSTEMPATH/CodeIgniter.php(354): CodeIgniter\CodeIgniter->handleRequest(null, Object(Config\Cache), false)
 7 SYSTEMPATH/Boot.php(334): CodeIgniter\CodeIgniter->run()
 8 SYSTEMPATH/Boot.php(67): CodeIgniter\Boot::runCodeIgniter(Object(CodeIgniter\CodeIgniter))
 9 FCPATH/index.php(56): CodeIgniter\Boot::bootWeb(Object(Config\Paths))
WARNING - 2026-02-17 00:44:11 --> [DEPRECATED] Passing lowercase HTTP method "post" is deprecated. Use uppercase HTTP method like "POST". in SYSTEMPATH/Router/RouteCollection.php on line 1026.
 1 SYSTEMPATH/Router/RouteCollection.php(1026): trigger_error('Passing lowercase HTTP method "post" is deprecated. Use uppercase HTTP method like "POST".', 16384)
 2 APPPATH/Config/Routes.php(135): CodeIgniter\Router\RouteCollection->match([...], 'locations/generarPDF', 'LocationsPdfController::generarPDF')
 3 SYSTEMPATH/Router/RouteCollection.php(339): require('/home/u976386866/domains/servipro.site/public_html/app/app/Config/Routes.php')
 4 SYSTEMPATH/CodeIgniter.php(821): CodeIgniter\Router\RouteCollection->loadRoutes()
 5 SYSTEMPATH/CodeIgniter.php(455): CodeIgniter\CodeIgniter->tryToRouteIt(null)
 6 SYSTEMPATH/CodeIgniter.php(354): CodeIgniter\CodeIgniter->handleRequest(null, Object(Config\Cache), false)
 7 SYSTEMPATH/Boot.php(334): CodeIgniter\CodeIgniter->run()
 8 SYSTEMPATH/Boot.php(67): CodeIgniter\Boot::runCodeIgniter(Object(CodeIgniter\CodeIgniter))
 9 FCPATH/index.php(56): CodeIgniter\Boot::bootWeb(Object(Config\Paths))
DEBUG - 2026-02-17 00:44:11 --> Session: Class initialized using 'CodeIgniter\Session\Handlers\FileHandler' driver.
WARNING - 2026-02-17 05:17:56 --> [DEPRECATED] Passing lowercase HTTP method "get" is deprecated. Use uppercase HTTP method like "GET". in SYSTEMPATH/Router/RouteCollection.php on line 1026.
 1 SYSTEMPATH/Router/RouteCollection.php(1026): trigger_error('Passing lowercase HTTP method "get" is deprecated. Use uppercase HTTP method like "GET".', 16384)
 2 APPPATH/Config/Routes.php(135): CodeIgniter\Router\RouteCollection->match([...], 'locations/generarPDF', 'LocationsPdfController::generarPDF')
 3 SYSTEMPATH/Router/RouteCollection.php(339): require('/home/u976386866/domains/servipro.site/public_html/app/app/Config/Routes.php')
 4 SYSTEMPATH/CodeIgniter.php(821): CodeIgniter\Router\RouteCollection->loadRoutes()
 5 SYSTEMPATH/CodeIgniter.php(455): CodeIgniter\CodeIgniter->tryToRouteIt(null)
 6 SYSTEMPATH/CodeIgniter.php(354): CodeIgniter\CodeIgniter->handleRequest(null, Object(Config\Cache), false)
 7 SYSTEMPATH/Boot.php(334): CodeIgniter\CodeIgniter->run()
 8 SYSTEMPATH/Boot.php(67): CodeIgniter\Boot::runCodeIgniter(Object(CodeIgniter\CodeIgniter))
 9 FCPATH/index.php(56): CodeIgniter\Boot::bootWeb(Object(Config\Paths))
WARNING - 2026-02-17 05:17:56 --> [DEPRECATED] Passing lowercase HTTP method "post" is deprecated. Use uppercase HTTP method like "POST". in SYSTEMPATH/Router/RouteCollection.php on line 1026.
 1 SYSTEMPATH/Router/RouteCollection.php(1026): trigger_error('Passing lowercase HTTP method "post" is deprecated. Use uppercase HTTP method like "POST".', 16384)
 2 APPPATH/Config/Routes.php(135): CodeIgniter\Router\RouteCollection->match([...], 'locations/generarPDF', 'LocationsPdfController::generarPDF')
 3 SYSTEMPATH/Router/RouteCollection.php(339): require('/home/u976386866/domains/servipro.site/public_html/app/app/Config/Routes.php')
 4 SYSTEMPATH/CodeIgniter.php(821): CodeIgniter\Router\RouteCollection->loadRoutes()
 5 SYSTEMPATH/CodeIgniter.php(455): CodeIgniter\CodeIgniter->tryToRouteIt(null)
 6 SYSTEMPATH/CodeIgniter.php(354): CodeIgniter\CodeIgniter->handleRequest(null, Object(Config\Cache), false)
 7 SYSTEMPATH/Boot.php(334): CodeIgniter\CodeIgniter->run()
 8 SYSTEMPATH/Boot.php(67): CodeIgniter\Boot::runCodeIgniter(Object(CodeIgniter\CodeIgniter))
 9 FCPATH/index.php(56): CodeIgniter\Boot::bootWeb(Object(Config\Paths))
DEBUG - 2026-02-17 05:17:56 --> Session: Class initialized using 'CodeIgniter\Session\Handlers\FileHandler' driver.
WARNING - 2026-02-17 05:18:22 --> [DEPRECATED] Passing lowercase HTTP method "get" is deprecated. Use uppercase HTTP method like "GET". in SYSTEMPATH/Router/RouteCollection.php on line 1026.
 1 SYSTEMPATH/Router/RouteCollection.php(1026): trigger_error('Passing lowercase HTTP method "get" is deprecated. Use uppercase HTTP method like "GET".', 16384)
 2 APPPATH/Config/Routes.php(135): CodeIgniter\Router\RouteCollection->match([...], 'locations/generarPDF', 'LocationsPdfController::generarPDF')
 3 SYSTEMPATH/Router/RouteCollection.php(339): require('/home/u976386866/domains/servipro.site/public_html/app/app/Config/Routes.php')
 4 SYSTEMPATH/CodeIgniter.php(821): CodeIgniter\Router\RouteCollection->loadRoutes()
 5 SYSTEMPATH/CodeIgniter.php(455): CodeIgniter\CodeIgniter->tryToRouteIt(null)
 6 SYSTEMPATH/CodeIgniter.php(354): CodeIgniter\CodeIgniter->handleRequest(null, Object(Config\Cache), false)
 7 SYSTEMPATH/Boot.php(334): CodeIgniter\CodeIgniter->run()
 8 SYSTEMPATH/Boot.php(67): CodeIgniter\Boot::runCodeIgniter(Object(CodeIgniter\CodeIgniter))
 9 FCPATH/index.php(56): CodeIgniter\Boot::bootWeb(Object(Config\Paths))
WARNING - 2026-02-17 05:18:22 --> [DEPRECATED] Passing lowercase HTTP method "post" is deprecated. Use uppercase HTTP method like "POST". in SYSTEMPATH/Router/RouteCollection.php on line 1026.
 1 SYSTEMPATH/Router/RouteCollection.php(1026): trigger_error('Passing lowercase HTTP method "post" is deprecated. Use uppercase HTTP method like "POST".', 16384)
 2 APPPATH/Config/Routes.php(135): CodeIgniter\Router\RouteCollection->match([...], 'locations/generarPDF', 'LocationsPdfController::generarPDF')
 3 SYSTEMPATH/Router/RouteCollection.php(339): require('/home/u976386866/domains/servipro.site/public_html/app/app/Config/Routes.php')
 4 SYSTEMPATH/CodeIgniter.php(821): CodeIgniter\Router\RouteCollection->loadRoutes()
 5 SYSTEMPATH/CodeIgniter.php(455): CodeIgniter\CodeIgniter->tryToRouteIt(null)
 6 SYSTEMPATH/CodeIgniter.php(354): CodeIgniter\CodeIgniter->handleRequest(null, Object(Config\Cache), false)
 7 SYSTEMPATH/Boot.php(334): CodeIgniter\CodeIgniter->run()
 8 SYSTEMPATH/Boot.php(67): CodeIgniter\Boot::runCodeIgniter(Object(CodeIgniter\CodeIgniter))
 9 FCPATH/index.php(56): CodeIgniter\Boot::bootWeb(Object(Config\Paths))
DEBUG - 2026-02-17 05:18:22 --> Session: Class initialized using 'CodeIgniter\Session\Handlers\FileHandler' driver.
WARNING - 2026-02-17 05:18:24 --> [DEPRECATED] Passing lowercase HTTP method "get" is deprecated. Use uppercase HTTP method like "GET". in SYSTEMPATH/Router/RouteCollection.php on line 1026.
 1 SYSTEMPATH/Router/RouteCollection.php(1026): trigger_error('Passing lowercase HTTP method "get" is deprecated. Use uppercase HTTP method like "GET".', 16384)
 2 APPPATH/Config/Routes.php(135): CodeIgniter\Router\RouteCollection->match([...], 'locations/generarPDF', 'LocationsPdfController::generarPDF')
 3 SYSTEMPATH/Router/RouteCollection.php(339): require('/home/u976386866/domains/servipro.site/public_html/app/app/Config/Routes.php')
 4 SYSTEMPATH/CodeIgniter.php(821): CodeIgniter\Router\RouteCollection->loadRoutes()
 5 SYSTEMPATH/CodeIgniter.php(455): CodeIgniter\CodeIgniter->tryToRouteIt(null)
 6 SYSTEMPATH/CodeIgniter.php(354): CodeIgniter\CodeIgniter->handleRequest(null, Object(Config\Cache), false)
 7 SYSTEMPATH/Boot.php(334): CodeIgniter\CodeIgniter->run()
 8 SYSTEMPATH/Boot.php(67): CodeIgniter\Boot::runCodeIgniter(Object(CodeIgniter\CodeIgniter))
 9 FCPATH/index.php(56): CodeIgniter\Boot::bootWeb(Object(Config\Paths))
WARNING - 2026-02-17 05:18:24 --> [DEPRECATED] Passing lowercase HTTP method "post" is deprecated. Use uppercase HTTP method like "POST". in SYSTEMPATH/Router/RouteCollection.php on line 1026.
 1 SYSTEMPATH/Router/RouteCollection.php(1026): trigger_error('Passing lowercase HTTP method "post" is deprecated. Use uppercase HTTP method like "POST".', 16384)
 2 APPPATH/Config/Routes.php(135): CodeIgniter\Router\RouteCollection->match([...], 'locations/generarPDF', 'LocationsPdfController::generarPDF')
 3 SYSTEMPATH/Router/RouteCollection.php(339): require('/home/u976386866/domains/servipro.site/public_html/app/app/Config/Routes.php')
 4 SYSTEMPATH/CodeIgniter.php(821): CodeIgniter\Router\RouteCollection->loadRoutes()
 5 SYSTEMPATH/CodeIgniter.php(455): CodeIgniter\CodeIgniter->tryToRouteIt(null)
 6 SYSTEMPATH/CodeIgniter.php(354): CodeIgniter\CodeIgniter->handleRequest(null, Object(Config\Cache), false)
 7 SYSTEMPATH/Boot.php(334): CodeIgniter\CodeIgniter->run()
 8 SYSTEMPATH/Boot.php(67): CodeIgniter\Boot::runCodeIgniter(Object(CodeIgniter\CodeIgniter))
 9 FCPATH/index.php(56): CodeIgniter\Boot::bootWeb(Object(Config\Paths))
DEBUG - 2026-02-17 05:18:24 --> Session: Class initialized using 'CodeIgniter\Session\Handlers\FileHandler' driver.
WARNING - 2026-02-17 06:54:22 --> [DEPRECATED] Passing lowercase HTTP method "get" is deprecated. Use uppercase HTTP method like "GET". in SYSTEMPATH/Router/RouteCollection.php on line 1026.
 1 SYSTEMPATH/Router/RouteCollection.php(1026): trigger_error('Passing lowercase HTTP method "get" is deprecated. Use uppercase HTTP method like "GET".', 16384)
 2 APPPATH/Config/Routes.php(135): CodeIgniter\Router\RouteCollection->match([...], 'locations/generarPDF', 'LocationsPdfController::generarPDF')
 3 SYSTEMPATH/Router/RouteCollection.php(339): require('/home/u976386866/domains/servipro.site/public_html/app/app/Config/Routes.php')
 4 SYSTEMPATH/CodeIgniter.php(821): CodeIgniter\Router\RouteCollection->loadRoutes()
 5 SYSTEMPATH/CodeIgniter.php(455): CodeIgniter\CodeIgniter->tryToRouteIt(null)
 6 SYSTEMPATH/CodeIgniter.php(354): CodeIgniter\CodeIgniter->handleRequest(null, Object(Config\Cache), false)
 7 SYSTEMPATH/Boot.php(334): CodeIgniter\CodeIgniter->run()
 8 SYSTEMPATH/Boot.php(67): CodeIgniter\Boot::runCodeIgniter(Object(CodeIgniter\CodeIgniter))
 9 FCPATH/index.php(56): CodeIgniter\Boot::bootWeb(Object(Config\Paths))
WARNING - 2026-02-17 06:54:22 --> [DEPRECATED] Passing lowercase HTTP method "post" is deprecated. Use uppercase HTTP method like "POST". in SYSTEMPATH/Router/RouteCollection.php on line 1026.
 1 SYSTEMPATH/Router/RouteCollection.php(1026): trigger_error('Passing lowercase HTTP method "post" is deprecated. Use uppercase HTTP method like "POST".', 16384)
 2 APPPATH/Config/Routes.php(135): CodeIgniter\Router\RouteCollection->match([...], 'locations/generarPDF', 'LocationsPdfController::generarPDF')
 3 SYSTEMPATH/Router/RouteCollection.php(339): require('/home/u976386866/domains/servipro.site/public_html/app/app/Config/Routes.php')
 4 SYSTEMPATH/CodeIgniter.php(821): CodeIgniter\Router\RouteCollection->loadRoutes()
 5 SYSTEMPATH/CodeIgniter.php(455): CodeIgniter\CodeIgniter->tryToRouteIt(null)
 6 SYSTEMPATH/CodeIgniter.php(354): CodeIgniter\CodeIgniter->handleRequest(null, Object(Config\Cache), false)
 7 SYSTEMPATH/Boot.php(334): CodeIgniter\CodeIgniter->run()
 8 SYSTEMPATH/Boot.php(67): CodeIgniter\Boot::runCodeIgniter(Object(CodeIgniter\CodeIgniter))
 9 FCPATH/index.php(56): CodeIgniter\Boot::bootWeb(Object(Config\Paths))
DEBUG - 2026-02-17 06:54:22 --> Session: Class initialized using 'CodeIgniter\Session\Handlers\FileHandler' driver.
WARNING - 2026-02-17 06:54:22 --> [DEPRECATED] Passing lowercase HTTP method "get" is deprecated. Use uppercase HTTP method like "GET". in SYSTEMPATH/Router/RouteCollection.php on line 1026.
 1 SYSTEMPATH/Router/RouteCollection.php(1026): trigger_error('Passing lowercase HTTP method "get" is deprecated. Use uppercase HTTP method like "GET".', 16384)
 2 APPPATH/Config/Routes.php(135): CodeIgniter\Router\RouteCollection->match([...], 'locations/generarPDF', 'LocationsPdfController::generarPDF')
 3 SYSTEMPATH/Router/RouteCollection.php(339): require('/home/u976386866/domains/servipro.site/public_html/app/app/Config/Routes.php')
 4 SYSTEMPATH/CodeIgniter.php(821): CodeIgniter\Router\RouteCollection->loadRoutes()
 5 SYSTEMPATH/CodeIgniter.php(455): CodeIgniter\CodeIgniter->tryToRouteIt(null)
 6 SYSTEMPATH/CodeIgniter.php(354): CodeIgniter\CodeIgniter->handleRequest(null, Object(Config\Cache), false)
 7 SYSTEMPATH/Boot.php(334): CodeIgniter\CodeIgniter->run()
 8 SYSTEMPATH/Boot.php(67): CodeIgniter\Boot::runCodeIgniter(Object(CodeIgniter\CodeIgniter))
 9 FCPATH/index.php(56): CodeIgniter\Boot::bootWeb(Object(Config\Paths))
WARNING - 2026-02-17 06:54:22 --> [DEPRECATED] Passing lowercase HTTP method "post" is deprecated. Use uppercase HTTP method like "POST". in SYSTEMPATH/Router/RouteCollection.php on line 1026.
 1 SYSTEMPATH/Router/RouteCollection.php(1026): trigger_error('Passing lowercase HTTP method "post" is deprecated. Use uppercase HTTP method like "POST".', 16384)
 2 APPPATH/Config/Routes.php(135): CodeIgniter\Router\RouteCollection->match([...], 'locations/generarPDF', 'LocationsPdfController::generarPDF')
 3 SYSTEMPATH/Router/RouteCollection.php(339): require('/home/u976386866/domains/servipro.site/public_html/app/app/Config/Routes.php')
 4 SYSTEMPATH/CodeIgniter.php(821): CodeIgniter\Router\RouteCollection->loadRoutes()
 5 SYSTEMPATH/CodeIgniter.php(455): CodeIgniter\CodeIgniter->tryToRouteIt(null)
 6 SYSTEMPATH/CodeIgniter.php(354): CodeIgniter\CodeIgniter->handleRequest(null, Object(Config\Cache), false)
 7 SYSTEMPATH/Boot.php(334): CodeIgniter\CodeIgniter->run()
 8 SYSTEMPATH/Boot.php(67): CodeIgniter\Boot::runCodeIgniter(Object(CodeIgniter\CodeIgniter))
 9 FCPATH/index.php(56): CodeIgniter\Boot::bootWeb(Object(Config\Paths))
DEBUG - 2026-02-17 06:54:22 --> Session: Class initialized using 'CodeIgniter\Session\Handlers\FileHandler' driver.
WARNING - 2026-02-17 08:52:54 --> [DEPRECATED] Passing lowercase HTTP method "get" is deprecated. Use uppercase HTTP method like "GET". in SYSTEMPATH/Router/RouteCollection.php on line 1026.
 1 SYSTEMPATH/Router/RouteCollection.php(1026): trigger_error('Passing lowercase HTTP method "get" is deprecated. Use uppercase HTTP method like "GET".', 16384)
 2 APPPATH/Config/Routes.php(135): CodeIgniter\Router\RouteCollection->match([...], 'locations/generarPDF', 'LocationsPdfController::generarPDF')
 3 SYSTEMPATH/Router/RouteCollection.php(339): require('/home/u976386866/domains/servipro.site/public_html/app/app/Config/Routes.php')
 4 SYSTEMPATH/CodeIgniter.php(821): CodeIgniter\Router\RouteCollection->loadRoutes()
 5 SYSTEMPATH/CodeIgniter.php(455): CodeIgniter\CodeIgniter->tryToRouteIt(null)
 6 SYSTEMPATH/CodeIgniter.php(354): CodeIgniter\CodeIgniter->handleRequest(null, Object(Config\Cache), false)
 7 SYSTEMPATH/Boot.php(334): CodeIgniter\CodeIgniter->run()
 8 SYSTEMPATH/Boot.php(67): CodeIgniter\Boot::runCodeIgniter(Object(CodeIgniter\CodeIgniter))
 9 FCPATH/index.php(56): CodeIgniter\Boot::bootWeb(Object(Config\Paths))
WARNING - 2026-02-17 08:52:54 --> [DEPRECATED] Passing lowercase HTTP method "post" is deprecated. Use uppercase HTTP method like "POST". in SYSTEMPATH/Router/RouteCollection.php on line 1026.
 1 SYSTEMPATH/Router/RouteCollection.php(1026): trigger_error('Passing lowercase HTTP method "post" is deprecated. Use uppercase HTTP method like "POST".', 16384)
 2 APPPATH/Config/Routes.php(135): CodeIgniter\Router\RouteCollection->match([...], 'locations/generarPDF', 'LocationsPdfController::generarPDF')
 3 SYSTEMPATH/Router/RouteCollection.php(339): require('/home/u976386866/domains/servipro.site/public_html/app/app/Config/Routes.php')
 4 SYSTEMPATH/CodeIgniter.php(821): CodeIgniter\Router\RouteCollection->loadRoutes()
 5 SYSTEMPATH/CodeIgniter.php(455): CodeIgniter\CodeIgniter->tryToRouteIt(null)
 6 SYSTEMPATH/CodeIgniter.php(354): CodeIgniter\CodeIgniter->handleRequest(null, Object(Config\Cache), false)
 7 SYSTEMPATH/Boot.php(334): CodeIgniter\CodeIgniter->run()
 8 SYSTEMPATH/Boot.php(67): CodeIgniter\Boot::runCodeIgniter(Object(CodeIgniter\CodeIgniter))
 9 FCPATH/index.php(56): CodeIgniter\Boot::bootWeb(Object(Config\Paths))
DEBUG - 2026-02-17 08:52:54 --> Session: Class initialized using 'CodeIgniter\Session\Handlers\FileHandler' driver.
WARNING - 2026-02-17 09:02:31 --> [DEPRECATED] Passing lowercase HTTP method "get" is deprecated. Use uppercase HTTP method like "GET". in SYSTEMPATH/Router/RouteCollection.php on line 1026.
 1 SYSTEMPATH/Router/RouteCollection.php(1026): trigger_error('Passing lowercase HTTP method "get" is deprecated. Use uppercase HTTP method like "GET".', 16384)
 2 APPPATH/Config/Routes.php(135): CodeIgniter\Router\RouteCollection->match([...], 'locations/generarPDF', 'LocationsPdfController::generarPDF')
 3 SYSTEMPATH/Router/RouteCollection.php(339): require('/home/u976386866/domains/servipro.site/public_html/app/app/Config/Routes.php')
 4 SYSTEMPATH/CodeIgniter.php(821): CodeIgniter\Router\RouteCollection->loadRoutes()
 5 SYSTEMPATH/CodeIgniter.php(455): CodeIgniter\CodeIgniter->tryToRouteIt(null)
 6 SYSTEMPATH/CodeIgniter.php(354): CodeIgniter\CodeIgniter->handleRequest(null, Object(Config\Cache), false)
 7 SYSTEMPATH/Boot.php(334): CodeIgniter\CodeIgniter->run()
 8 SYSTEMPATH/Boot.php(67): CodeIgniter\Boot::runCodeIgniter(Object(CodeIgniter\CodeIgniter))
 9 FCPATH/index.php(56): CodeIgniter\Boot::bootWeb(Object(Config\Paths))
WARNING - 2026-02-17 09:02:31 --> [DEPRECATED] Passing lowercase HTTP method "post" is deprecated. Use uppercase HTTP method like "POST". in SYSTEMPATH/Router/RouteCollection.php on line 1026.
 1 SYSTEMPATH/Router/RouteCollection.php(1026): trigger_error('Passing lowercase HTTP method "post" is deprecated. Use uppercase HTTP method like "POST".', 16384)
 2 APPPATH/Config/Routes.php(135): CodeIgniter\Router\RouteCollection->match([...], 'locations/generarPDF', 'LocationsPdfController::generarPDF')
 3 SYSTEMPATH/Router/RouteCollection.php(339): require('/home/u976386866/domains/servipro.site/public_html/app/app/Config/Routes.php')
 4 SYSTEMPATH/CodeIgniter.php(821): CodeIgniter\Router\RouteCollection->loadRoutes()
 5 SYSTEMPATH/CodeIgniter.php(455): CodeIgniter\CodeIgniter->tryToRouteIt(null)
 6 SYSTEMPATH/CodeIgniter.php(354): CodeIgniter\CodeIgniter->handleRequest(null, Object(Config\Cache), false)
 7 SYSTEMPATH/Boot.php(334): CodeIgniter\CodeIgniter->run()
 8 SYSTEMPATH/Boot.php(67): CodeIgniter\Boot::runCodeIgniter(Object(CodeIgniter\CodeIgniter))
 9 FCPATH/index.php(56): CodeIgniter\Boot::bootWeb(Object(Config\Paths))
DEBUG - 2026-02-17 09:02:31 --> Session: Class initialized using 'CodeIgniter\Session\Handlers\FileHandler' driver.
WARNING - 2026-02-17 09:02:45 --> [DEPRECATED] Passing lowercase HTTP method "get" is deprecated. Use uppercase HTTP method like "GET". in SYSTEMPATH/Router/RouteCollection.php on line 1026.
 1 SYSTEMPATH/Router/RouteCollection.php(1026): trigger_error('Passing lowercase HTTP method "get" is deprecated. Use uppercase HTTP method like "GET".', 16384)
 2 APPPATH/Config/Routes.php(135): CodeIgniter\Router\RouteCollection->match([...], 'locations/generarPDF', 'LocationsPdfController::generarPDF')
 3 SYSTEMPATH/Router/RouteCollection.php(339): require('/home/u976386866/domains/servipro.site/public_html/app/app/Config/Routes.php')
 4 SYSTEMPATH/CodeIgniter.php(821): CodeIgniter\Router\RouteCollection->loadRoutes()
 5 SYSTEMPATH/CodeIgniter.php(455): CodeIgniter\CodeIgniter->tryToRouteIt(null)
 6 SYSTEMPATH/CodeIgniter.php(354): CodeIgniter\CodeIgniter->handleRequest(null, Object(Config\Cache), false)
 7 SYSTEMPATH/Boot.php(334): CodeIgniter\CodeIgniter->run()
 8 SYSTEMPATH/Boot.php(67): CodeIgniter\Boot::runCodeIgniter(Object(CodeIgniter\CodeIgniter))
 9 FCPATH/index.php(56): CodeIgniter\Boot::bootWeb(Object(Config\Paths))
WARNING - 2026-02-17 09:02:45 --> [DEPRECATED] Passing lowercase HTTP method "post" is deprecated. Use uppercase HTTP method like "POST". in SYSTEMPATH/Router/RouteCollection.php on line 1026.
 1 SYSTEMPATH/Router/RouteCollection.php(1026): trigger_error('Passing lowercase HTTP method "post" is deprecated. Use uppercase HTTP method like "POST".', 16384)
 2 APPPATH/Config/Routes.php(135): CodeIgniter\Router\RouteCollection->match([...], 'locations/generarPDF', 'LocationsPdfController::generarPDF')
 3 SYSTEMPATH/Router/RouteCollection.php(339): require('/home/u976386866/domains/servipro.site/public_html/app/app/Config/Routes.php')
 4 SYSTEMPATH/CodeIgniter.php(821): CodeIgniter\Router\RouteCollection->loadRoutes()
 5 SYSTEMPATH/CodeIgniter.php(455): CodeIgniter\CodeIgniter->tryToRouteIt(null)
 6 SYSTEMPATH/CodeIgniter.php(354): CodeIgniter\CodeIgniter->handleRequest(null, Object(Config\Cache), false)
 7 SYSTEMPATH/Boot.php(334): CodeIgniter\CodeIgniter->run()
 8 SYSTEMPATH/Boot.php(67): CodeIgniter\Boot::runCodeIgniter(Object(CodeIgniter\CodeIgniter))
 9 FCPATH/index.php(56): CodeIgniter\Boot::bootWeb(Object(Config\Paths))
DEBUG - 2026-02-17 09:02:45 --> Session: Class initialized using 'CodeIgniter\Session\Handlers\FileHandler' driver.
WARNING - 2026-02-17 09:02:48 --> [DEPRECATED] Passing lowercase HTTP method "get" is deprecated. Use uppercase HTTP method like "GET". in SYSTEMPATH/Router/RouteCollection.php on line 1026.
 1 SYSTEMPATH/Router/RouteCollection.php(1026): trigger_error('Passing lowercase HTTP method "get" is deprecated. Use uppercase HTTP method like "GET".', 16384)
 2 APPPATH/Config/Routes.php(135): CodeIgniter\Router\RouteCollection->match([...], 'locations/generarPDF', 'LocationsPdfController::generarPDF')
 3 SYSTEMPATH/Router/RouteCollection.php(339): require('/home/u976386866/domains/servipro.site/public_html/app/app/Config/Routes.php')
 4 SYSTEMPATH/CodeIgniter.php(821): CodeIgniter\Router\RouteCollection->loadRoutes()
 5 SYSTEMPATH/CodeIgniter.php(455): CodeIgniter\CodeIgniter->tryToRouteIt(null)
 6 SYSTEMPATH/CodeIgniter.php(354): CodeIgniter\CodeIgniter->handleRequest(null, Object(Config\Cache), false)
 7 SYSTEMPATH/Boot.php(334): CodeIgniter\CodeIgniter->run()
 8 SYSTEMPATH/Boot.php(67): CodeIgniter\Boot::runCodeIgniter(Object(CodeIgniter\CodeIgniter))
 9 FCPATH/index.php(56): CodeIgniter\Boot::bootWeb(Object(Config\Paths))
WARNING - 2026-02-17 09:02:48 --> [DEPRECATED] Passing lowercase HTTP method "post" is deprecated. Use uppercase HTTP method like "POST". in SYSTEMPATH/Router/RouteCollection.php on line 1026.
 1 SYSTEMPATH/Router/RouteCollection.php(1026): trigger_error('Passing lowercase HTTP method "post" is deprecated. Use uppercase HTTP method like "POST".', 16384)
 2 APPPATH/Config/Routes.php(135): CodeIgniter\Router\RouteCollection->match([...], 'locations/generarPDF', 'LocationsPdfController::generarPDF')
 3 SYSTEMPATH/Router/RouteCollection.php(339): require('/home/u976386866/domains/servipro.site/public_html/app/app/Config/Routes.php')
 4 SYSTEMPATH/CodeIgniter.php(821): CodeIgniter\Router\RouteCollection->loadRoutes()
 5 SYSTEMPATH/CodeIgniter.php(455): CodeIgniter\CodeIgniter->tryToRouteIt(null)
 6 SYSTEMPATH/CodeIgniter.php(354): CodeIgniter\CodeIgniter->handleRequest(null, Object(Config\Cache), false)
 7 SYSTEMPATH/Boot.php(334): CodeIgniter\CodeIgniter->run()
 8 SYSTEMPATH/Boot.php(67): CodeIgniter\Boot::runCodeIgniter(Object(CodeIgniter\CodeIgniter))
 9 FCPATH/index.php(56): CodeIgniter\Boot::bootWeb(Object(Config\Paths))
DEBUG - 2026-02-17 09:02:48 --> Session: Class initialized using 'CodeIgniter\Session\Handlers\FileHandler' driver.
WARNING - 2026-02-17 09:06:20 --> [DEPRECATED] Passing lowercase HTTP method "get" is deprecated. Use uppercase HTTP method like "GET". in SYSTEMPATH/Router/RouteCollection.php on line 1026.
 1 SYSTEMPATH/Router/RouteCollection.php(1026): trigger_error('Passing lowercase HTTP method "get" is deprecated. Use uppercase HTTP method like "GET".', 16384)
 2 APPPATH/Config/Routes.php(135): CodeIgniter\Router\RouteCollection->match([...], 'locations/generarPDF', 'LocationsPdfController::generarPDF')
 3 SYSTEMPATH/Router/RouteCollection.php(339): require('/home/u976386866/domains/servipro.site/public_html/app/app/Config/Routes.php')
 4 SYSTEMPATH/CodeIgniter.php(821): CodeIgniter\Router\RouteCollection->loadRoutes()
 5 SYSTEMPATH/CodeIgniter.php(455): CodeIgniter\CodeIgniter->tryToRouteIt(null)
 6 SYSTEMPATH/CodeIgniter.php(354): CodeIgniter\CodeIgniter->handleRequest(null, Object(Config\Cache), false)
 7 SYSTEMPATH/Boot.php(334): CodeIgniter\CodeIgniter->run()
 8 SYSTEMPATH/Boot.php(67): CodeIgniter\Boot::runCodeIgniter(Object(CodeIgniter\CodeIgniter))
 9 FCPATH/index.php(56): CodeIgniter\Boot::bootWeb(Object(Config\Paths))
WARNING - 2026-02-17 09:06:20 --> [DEPRECATED] Passing lowercase HTTP method "post" is deprecated. Use uppercase HTTP method like "POST". in SYSTEMPATH/Router/RouteCollection.php on line 1026.
 1 SYSTEMPATH/Router/RouteCollection.php(1026): trigger_error('Passing lowercase HTTP method "post" is deprecated. Use uppercase HTTP method like "POST".', 16384)
 2 APPPATH/Config/Routes.php(135): CodeIgniter\Router\RouteCollection->match([...], 'locations/generarPDF', 'LocationsPdfController::generarPDF')
 3 SYSTEMPATH/Router/RouteCollection.php(339): require('/home/u976386866/domains/servipro.site/public_html/app/app/Config/Routes.php')
 4 SYSTEMPATH/CodeIgniter.php(821): CodeIgniter\Router\RouteCollection->loadRoutes()
 5 SYSTEMPATH/CodeIgniter.php(455): CodeIgniter\CodeIgniter->tryToRouteIt(null)
 6 SYSTEMPATH/CodeIgniter.php(354): CodeIgniter\CodeIgniter->handleRequest(null, Object(Config\Cache), false)
 7 SYSTEMPATH/Boot.php(334): CodeIgniter\CodeIgniter->run()
 8 SYSTEMPATH/Boot.php(67): CodeIgniter\Boot::runCodeIgniter(Object(CodeIgniter\CodeIgniter))
 9 FCPATH/index.php(56): CodeIgniter\Boot::bootWeb(Object(Config\Paths))
DEBUG - 2026-02-17 09:06:20 --> Session: Class initialized using 'CodeIgniter\Session\Handlers\FileHandler' driver.
WARNING - 2026-02-17 09:06:21 --> [DEPRECATED] Passing lowercase HTTP method "get" is deprecated. Use uppercase HTTP method like "GET". in SYSTEMPATH/Router/RouteCollection.php on line 1026.
 1 SYSTEMPATH/Router/RouteCollection.php(1026): trigger_error('Passing lowercase HTTP method "get" is deprecated. Use uppercase HTTP method like "GET".', 16384)
 2 APPPATH/Config/Routes.php(135): CodeIgniter\Router\RouteCollection->match([...], 'locations/generarPDF', 'LocationsPdfController::generarPDF')
 3 SYSTEMPATH/Router/RouteCollection.php(339): require('/home/u976386866/domains/servipro.site/public_html/app/app/Config/Routes.php')
 4 SYSTEMPATH/CodeIgniter.php(821): CodeIgniter\Router\RouteCollection->loadRoutes()
 5 SYSTEMPATH/CodeIgniter.php(455): CodeIgniter\CodeIgniter->tryToRouteIt(null)
 6 SYSTEMPATH/CodeIgniter.php(354): CodeIgniter\CodeIgniter->handleRequest(null, Object(Config\Cache), false)
 7 SYSTEMPATH/Boot.php(334): CodeIgniter\CodeIgniter->run()
 8 SYSTEMPATH/Boot.php(67): CodeIgniter\Boot::runCodeIgniter(Object(CodeIgniter\CodeIgniter))
 9 FCPATH/index.php(56): CodeIgniter\Boot::bootWeb(Object(Config\Paths))
WARNING - 2026-02-17 09:06:21 --> [DEPRECATED] Passing lowercase HTTP method "post" is deprecated. Use uppercase HTTP method like "POST". in SYSTEMPATH/Router/RouteCollection.php on line 1026.
 1 SYSTEMPATH/Router/RouteCollection.php(1026): trigger_error('Passing lowercase HTTP method "post" is deprecated. Use uppercase HTTP method like "POST".', 16384)
 2 APPPATH/Config/Routes.php(135): CodeIgniter\Router\RouteCollection->match([...], 'locations/generarPDF', 'LocationsPdfController::generarPDF')
 3 SYSTEMPATH/Router/RouteCollection.php(339): require('/home/u976386866/domains/servipro.site/public_html/app/app/Config/Routes.php')
 4 SYSTEMPATH/CodeIgniter.php(821): CodeIgniter\Router\RouteCollection->loadRoutes()
 5 SYSTEMPATH/CodeIgniter.php(455): CodeIgniter\CodeIgniter->tryToRouteIt(null)
 6 SYSTEMPATH/CodeIgniter.php(354): CodeIgniter\CodeIgniter->handleRequest(null, Object(Config\Cache), false)
 7 SYSTEMPATH/Boot.php(334): CodeIgniter\CodeIgniter->run()
 8 SYSTEMPATH/Boot.php(67): CodeIgniter\Boot::runCodeIgniter(Object(CodeIgniter\CodeIgniter))
 9 FCPATH/index.php(56): CodeIgniter\Boot::bootWeb(Object(Config\Paths))
DEBUG - 2026-02-17 09:06:21 --> Session: Class initialized using 'CodeIgniter\Session\Handlers\FileHandler' driver.
WARNING - 2026-02-17 09:08:28 --> [DEPRECATED] Passing lowercase HTTP method "get" is deprecated. Use uppercase HTTP method like "GET". in SYSTEMPATH/Router/RouteCollection.php on line 1026.
 1 SYSTEMPATH/Router/RouteCollection.php(1026): trigger_error('Passing lowercase HTTP method "get" is deprecated. Use uppercase HTTP method like "GET".', 16384)
 2 APPPATH/Config/Routes.php(135): CodeIgniter\Router\RouteCollection->match([...], 'locations/generarPDF', 'LocationsPdfController::generarPDF')
 3 SYSTEMPATH/Router/RouteCollection.php(339): require('/home/u976386866/domains/servipro.site/public_html/app/app/Config/Routes.php')
 4 SYSTEMPATH/CodeIgniter.php(821): CodeIgniter\Router\RouteCollection->loadRoutes()
 5 SYSTEMPATH/CodeIgniter.php(455): CodeIgniter\CodeIgniter->tryToRouteIt(null)
 6 SYSTEMPATH/CodeIgniter.php(354): CodeIgniter\CodeIgniter->handleRequest(null, Object(Config\Cache), false)
 7 SYSTEMPATH/Boot.php(334): CodeIgniter\CodeIgniter->run()
 8 SYSTEMPATH/Boot.php(67): CodeIgniter\Boot::runCodeIgniter(Object(CodeIgniter\CodeIgniter))
 9 FCPATH/index.php(56): CodeIgniter\Boot::bootWeb(Object(Config\Paths))
WARNING - 2026-02-17 09:08:28 --> [DEPRECATED] Passing lowercase HTTP method "post" is deprecated. Use uppercase HTTP method like "POST". in SYSTEMPATH/Router/RouteCollection.php on line 1026.
 1 SYSTEMPATH/Router/RouteCollection.php(1026): trigger_error('Passing lowercase HTTP method "post" is deprecated. Use uppercase HTTP method like "POST".', 16384)
 2 APPPATH/Config/Routes.php(135): CodeIgniter\Router\RouteCollection->match([...], 'locations/generarPDF', 'LocationsPdfController::generarPDF')
 3 SYSTEMPATH/Router/RouteCollection.php(339): require('/home/u976386866/domains/servipro.site/public_html/app/app/Config/Routes.php')
 4 SYSTEMPATH/CodeIgniter.php(821): CodeIgniter\Router\RouteCollection->loadRoutes()
 5 SYSTEMPATH/CodeIgniter.php(455): CodeIgniter\CodeIgniter->tryToRouteIt(null)
 6 SYSTEMPATH/CodeIgniter.php(354): CodeIgniter\CodeIgniter->handleRequest(null, Object(Config\Cache), false)
 7 SYSTEMPATH/Boot.php(334): CodeIgniter\CodeIgniter->run()
 8 SYSTEMPATH/Boot.php(67): CodeIgniter\Boot::runCodeIgniter(Object(CodeIgniter\CodeIgniter))
 9 FCPATH/index.php(56): CodeIgniter\Boot::bootWeb(Object(Config\Paths))
DEBUG - 2026-02-17 09:08:28 --> Session: Class initialized using 'CodeIgniter\Session\Handlers\FileHandler' driver.
WARNING - 2026-02-17 09:08:32 --> [DEPRECATED] Passing lowercase HTTP method "get" is deprecated. Use uppercase HTTP method like "GET". in SYSTEMPATH/Router/RouteCollection.php on line 1026.
 1 SYSTEMPATH/Router/RouteCollection.php(1026): trigger_error('Passing lowercase HTTP method "get" is deprecated. Use uppercase HTTP method like "GET".', 16384)
 2 APPPATH/Config/Routes.php(135): CodeIgniter\Router\RouteCollection->match([...], 'locations/generarPDF', 'LocationsPdfController::generarPDF')
 3 SYSTEMPATH/Router/RouteCollection.php(339): require('/home/u976386866/domains/servipro.site/public_html/app/app/Config/Routes.php')
 4 SYSTEMPATH/CodeIgniter.php(821): CodeIgniter\Router\RouteCollection->loadRoutes()
 5 SYSTEMPATH/CodeIgniter.php(455): CodeIgniter\CodeIgniter->tryToRouteIt(null)
 6 SYSTEMPATH/CodeIgniter.php(354): CodeIgniter\CodeIgniter->handleRequest(null, Object(Config\Cache), false)
 7 SYSTEMPATH/Boot.php(334): CodeIgniter\CodeIgniter->run()
 8 SYSTEMPATH/Boot.php(67): CodeIgniter\Boot::runCodeIgniter(Object(CodeIgniter\CodeIgniter))
 9 FCPATH/index.php(56): CodeIgniter\Boot::bootWeb(Object(Config\Paths))
WARNING - 2026-02-17 09:08:32 --> [DEPRECATED] Passing lowercase HTTP method "post" is deprecated. Use uppercase HTTP method like "POST". in SYSTEMPATH/Router/RouteCollection.php on line 1026.
 1 SYSTEMPATH/Router/RouteCollection.php(1026): trigger_error('Passing lowercase HTTP method "post" is deprecated. Use uppercase HTTP method like "POST".', 16384)
 2 APPPATH/Config/Routes.php(135): CodeIgniter\Router\RouteCollection->match([...], 'locations/generarPDF', 'LocationsPdfController::generarPDF')
 3 SYSTEMPATH/Router/RouteCollection.php(339): require('/home/u976386866/domains/servipro.site/public_html/app/app/Config/Routes.php')
 4 SYSTEMPATH/CodeIgniter.php(821): CodeIgniter\Router\RouteCollection->loadRoutes()
 5 SYSTEMPATH/CodeIgniter.php(455): CodeIgniter\CodeIgniter->tryToRouteIt(null)
 6 SYSTEMPATH/CodeIgniter.php(354): CodeIgniter\CodeIgniter->handleRequest(null, Object(Config\Cache), false)
 7 SYSTEMPATH/Boot.php(334): CodeIgniter\CodeIgniter->run()
 8 SYSTEMPATH/Boot.php(67): CodeIgniter\Boot::runCodeIgniter(Object(CodeIgniter\CodeIgniter))
 9 FCPATH/index.php(56): CodeIgniter\Boot::bootWeb(Object(Config\Paths))
DEBUG - 2026-02-17 09:08:32 --> Session: Class initialized using 'CodeIgniter\Session\Handlers\FileHandler' driver.
WARNING - 2026-02-17 09:15:28 --> [DEPRECATED] Passing lowercase HTTP method "get" is deprecated. Use uppercase HTTP method like "GET". in SYSTEMPATH/Router/RouteCollection.php on line 1026.
 1 SYSTEMPATH/Router/RouteCollection.php(1026): trigger_error('Passing lowercase HTTP method "get" is deprecated. Use uppercase HTTP method like "GET".', 16384)
 2 APPPATH/Config/Routes.php(135): CodeIgniter\Router\RouteCollection->match([...], 'locations/generarPDF', 'LocationsPdfController::generarPDF')
 3 SYSTEMPATH/Router/RouteCollection.php(339): require('/home/u976386866/domains/servipro.site/public_html/app/app/Config/Routes.php')
 4 SYSTEMPATH/CodeIgniter.php(821): CodeIgniter\Router\RouteCollection->loadRoutes()
 5 SYSTEMPATH/CodeIgniter.php(455): CodeIgniter\CodeIgniter->tryToRouteIt(null)
 6 SYSTEMPATH/CodeIgniter.php(354): CodeIgniter\CodeIgniter->handleRequest(null, Object(Config\Cache), false)
 7 SYSTEMPATH/Boot.php(334): CodeIgniter\CodeIgniter->run()
 8 SYSTEMPATH/Boot.php(67): CodeIgniter\Boot::runCodeIgniter(Object(CodeIgniter\CodeIgniter))
 9 FCPATH/index.php(56): CodeIgniter\Boot::bootWeb(Object(Config\Paths))
WARNING - 2026-02-17 09:15:28 --> [DEPRECATED] Passing lowercase HTTP method "post" is deprecated. Use uppercase HTTP method like "POST". in SYSTEMPATH/Router/RouteCollection.php on line 1026.
 1 SYSTEMPATH/Router/RouteCollection.php(1026): trigger_error('Passing lowercase HTTP method "post" is deprecated. Use uppercase HTTP method like "POST".', 16384)
 2 APPPATH/Config/Routes.php(135): CodeIgniter\Router\RouteCollection->match([...], 'locations/generarPDF', 'LocationsPdfController::generarPDF')
 3 SYSTEMPATH/Router/RouteCollection.php(339): require('/home/u976386866/domains/servipro.site/public_html/app/app/Config/Routes.php')
 4 SYSTEMPATH/CodeIgniter.php(821): CodeIgniter\Router\RouteCollection->loadRoutes()
 5 SYSTEMPATH/CodeIgniter.php(455): CodeIgniter\CodeIgniter->tryToRouteIt(null)
 6 SYSTEMPATH/CodeIgniter.php(354): CodeIgniter\CodeIgniter->handleRequest(null, Object(Config\Cache), false)
 7 SYSTEMPATH/Boot.php(334): CodeIgniter\CodeIgniter->run()
 8 SYSTEMPATH/Boot.php(67): CodeIgniter\Boot::runCodeIgniter(Object(CodeIgniter\CodeIgniter))
 9 FCPATH/index.php(56): CodeIgniter\Boot::bootWeb(Object(Config\Paths))
WARNING - 2026-02-17 09:15:32 --> [DEPRECATED] Passing lowercase HTTP method "get" is deprecated. Use uppercase HTTP method like "GET". in SYSTEMPATH/Router/RouteCollection.php on line 1026.
 1 SYSTEMPATH/Router/RouteCollection.php(1026): trigger_error('Passing lowercase HTTP method "get" is deprecated. Use uppercase HTTP method like "GET".', 16384)
 2 APPPATH/Config/Routes.php(135): CodeIgniter\Router\RouteCollection->match([...], 'locations/generarPDF', 'LocationsPdfController::generarPDF')
 3 SYSTEMPATH/Router/RouteCollection.php(339): require('/home/u976386866/domains/servipro.site/public_html/app/app/Config/Routes.php')
 4 SYSTEMPATH/CodeIgniter.php(821): CodeIgniter\Router\RouteCollection->loadRoutes()
 5 SYSTEMPATH/CodeIgniter.php(455): CodeIgniter\CodeIgniter->tryToRouteIt(null)
 6 SYSTEMPATH/CodeIgniter.php(354): CodeIgniter\CodeIgniter->handleRequest(null, Object(Config\Cache), false)
 7 SYSTEMPATH/Boot.php(334): CodeIgniter\CodeIgniter->run()
 8 SYSTEMPATH/Boot.php(67): CodeIgniter\Boot::runCodeIgniter(Object(CodeIgniter\CodeIgniter))
 9 FCPATH/index.php(56): CodeIgniter\Boot::bootWeb(Object(Config\Paths))
WARNING - 2026-02-17 09:15:32 --> [DEPRECATED] Passing lowercase HTTP method "post" is deprecated. Use uppercase HTTP method like "POST". in SYSTEMPATH/Router/RouteCollection.php on line 1026.
 1 SYSTEMPATH/Router/RouteCollection.php(1026): trigger_error('Passing lowercase HTTP method "post" is deprecated. Use uppercase HTTP method like "POST".', 16384)
 2 APPPATH/Config/Routes.php(135): CodeIgniter\Router\RouteCollection->match([...], 'locations/generarPDF', 'LocationsPdfController::generarPDF')
 3 SYSTEMPATH/Router/RouteCollection.php(339): require('/home/u976386866/domains/servipro.site/public_html/app/app/Config/Routes.php')
 4 SYSTEMPATH/CodeIgniter.php(821): CodeIgniter\Router\RouteCollection->loadRoutes()
 5 SYSTEMPATH/CodeIgniter.php(455): CodeIgniter\CodeIgniter->tryToRouteIt(null)
 6 SYSTEMPATH/CodeIgniter.php(354): CodeIgniter\CodeIgniter->handleRequest(null, Object(Config\Cache), false)
 7 SYSTEMPATH/Boot.php(334): CodeIgniter\CodeIgniter->run()
 8 SYSTEMPATH/Boot.php(67): CodeIgniter\Boot::runCodeIgniter(Object(CodeIgniter\CodeIgniter))
 9 FCPATH/index.php(56): CodeIgniter\Boot::bootWeb(Object(Config\Paths))
DEBUG - 2026-02-17 09:15:32 --> Session: Class initialized using 'CodeIgniter\Session\Handlers\FileHandler' driver.
WARNING - 2026-02-17 09:22:07 --> [DEPRECATED] Passing lowercase HTTP method "get" is deprecated. Use uppercase HTTP method like "GET". in SYSTEMPATH/Router/RouteCollection.php on line 1026.
 1 SYSTEMPATH/Router/RouteCollection.php(1026): trigger_error('Passing lowercase HTTP method "get" is deprecated. Use uppercase HTTP method like "GET".', 16384)
 2 APPPATH/Config/Routes.php(135): CodeIgniter\Router\RouteCollection->match([...], 'locations/generarPDF', 'LocationsPdfController::generarPDF')
 3 SYSTEMPATH/Router/RouteCollection.php(339): require('/home/u976386866/domains/servipro.site/public_html/app/app/Config/Routes.php')
 4 SYSTEMPATH/CodeIgniter.php(821): CodeIgniter\Router\RouteCollection->loadRoutes()
 5 SYSTEMPATH/CodeIgniter.php(455): CodeIgniter\CodeIgniter->tryToRouteIt(null)
 6 SYSTEMPATH/CodeIgniter.php(354): CodeIgniter\CodeIgniter->handleRequest(null, Object(Config\Cache), false)
 7 SYSTEMPATH/Boot.php(334): CodeIgniter\CodeIgniter->run()
 8 SYSTEMPATH/Boot.php(67): CodeIgniter\Boot::runCodeIgniter(Object(CodeIgniter\CodeIgniter))
 9 FCPATH/index.php(56): CodeIgniter\Boot::bootWeb(Object(Config\Paths))
WARNING - 2026-02-17 09:22:07 --> [DEPRECATED] Passing lowercase HTTP method "get" is deprecated. Use uppercase HTTP method like "GET". in SYSTEMPATH/Router/RouteCollection.php on line 1026.
 1 SYSTEMPATH/Router/RouteCollection.php(1026): trigger_error('Passing lowercase HTTP method "get" is deprecated. Use uppercase HTTP method like "GET".', 16384)
 2 APPPATH/Config/Routes.php(135): CodeIgniter\Router\RouteCollection->match([...], 'locations/generarPDF', 'LocationsPdfController::generarPDF')
 3 SYSTEMPATH/Router/RouteCollection.php(339): require('/home/u976386866/domains/servipro.site/public_html/app/app/Config/Routes.php')
 4 SYSTEMPATH/CodeIgniter.php(821): CodeIgniter\Router\RouteCollection->loadRoutes()
 5 SYSTEMPATH/CodeIgniter.php(455): CodeIgniter\CodeIgniter->tryToRouteIt(null)
 6 SYSTEMPATH/CodeIgniter.php(354): CodeIgniter\CodeIgniter->handleRequest(null, Object(Config\Cache), false)
 7 SYSTEMPATH/Boot.php(334): CodeIgniter\CodeIgniter->run()
 8 SYSTEMPATH/Boot.php(67): CodeIgniter\Boot::runCodeIgniter(Object(CodeIgniter\CodeIgniter))
 9 FCPATH/index.php(56): CodeIgniter\Boot::bootWeb(Object(Config\Paths))
WARNING - 2026-02-17 09:22:07 --> [DEPRECATED] Passing lowercase HTTP method "get" is deprecated. Use uppercase HTTP method like "GET". in SYSTEMPATH/Router/RouteCollection.php on line 1026.
 1 SYSTEMPATH/Router/RouteCollection.php(1026): trigger_error('Passing lowercase HTTP method "get" is deprecated. Use uppercase HTTP method like "GET".', 16384)
 2 APPPATH/Config/Routes.php(135): CodeIgniter\Router\RouteCollection->match([...], 'locations/generarPDF', 'LocationsPdfController::generarPDF')
 3 SYSTEMPATH/Router/RouteCollection.php(339): require('/home/u976386866/domains/servipro.site/public_html/app/app/Config/Routes.php')
 4 SYSTEMPATH/CodeIgniter.php(821): CodeIgniter\Router\RouteCollection->loadRoutes()
 5 SYSTEMPATH/CodeIgniter.php(455): CodeIgniter\CodeIgniter->tryToRouteIt(null)
 6 SYSTEMPATH/CodeIgniter.php(354): CodeIgniter\CodeIgniter->handleRequest(null, Object(Config\Cache), false)
 7 SYSTEMPATH/Boot.php(334): CodeIgniter\CodeIgniter->run()
 8 SYSTEMPATH/Boot.php(67): CodeIgniter\Boot::runCodeIgniter(Object(CodeIgniter\CodeIgniter))
 9 FCPATH/index.php(56): CodeIgniter\Boot::bootWeb(Object(Config\Paths))
WARNING - 2026-02-17 09:22:07 --> [DEPRECATED] Passing lowercase HTTP method "get" is deprecated. Use uppercase HTTP method like "GET". in SYSTEMPATH/Router/RouteCollection.php on line 1026.
 1 SYSTEMPATH/Router/RouteCollection.php(1026): trigger_error('Passing lowercase HTTP method "get" is deprecated. Use uppercase HTTP method like "GET".', 16384)
 2 APPPATH/Config/Routes.php(135): CodeIgniter\Router\RouteCollection->match([...], 'locations/generarPDF', 'LocationsPdfController::generarPDF')
 3 SYSTEMPATH/Router/RouteCollection.php(339): require('/home/u976386866/domains/servipro.site/public_html/app/app/Config/Routes.php')
 4 SYSTEMPATH/CodeIgniter.php(821): CodeIgniter\Router\RouteCollection->loadRoutes()
 5 SYSTEMPATH/CodeIgniter.php(455): CodeIgniter\CodeIgniter->tryToRouteIt(null)
 6 SYSTEMPATH/CodeIgniter.php(354): CodeIgniter\CodeIgniter->handleRequest(null, Object(Config\Cache), false)
 7 SYSTEMPATH/Boot.php(334): CodeIgniter\CodeIgniter->run()
 8 SYSTEMPATH/Boot.php(67): CodeIgniter\Boot::runCodeIgniter(Object(CodeIgniter\CodeIgniter))
 9 FCPATH/index.php(56): CodeIgniter\Boot::bootWeb(Object(Config\Paths))
WARNING - 2026-02-17 09:22:07 --> [DEPRECATED] Passing lowercase HTTP method "get" is deprecated. Use uppercase HTTP method like "GET". in SYSTEMPATH/Router/RouteCollection.php on line 1026.
 1 SYSTEMPATH/Router/RouteCollection.php(1026): trigger_error('Passing lowercase HTTP method "get" is deprecated. Use uppercase HTTP method like "GET".', 16384)
 2 APPPATH/Config/Routes.php(135): CodeIgniter\Router\RouteCollection->match([...], 'locations/generarPDF', 'LocationsPdfController::generarPDF')
 3 SYSTEMPATH/Router/RouteCollection.php(339): require('/home/u976386866/domains/servipro.site/public_html/app/app/Config/Routes.php')
 4 SYSTEMPATH/CodeIgniter.php(821): CodeIgniter\Router\RouteCollection->loadRoutes()
 5 SYSTEMPATH/CodeIgniter.php(455): CodeIgniter\CodeIgniter->tryToRouteIt(null)
 6 SYSTEMPATH/CodeIgniter.php(354): CodeIgniter\CodeIgniter->handleRequest(null, Object(Config\Cache), false)
 7 SYSTEMPATH/Boot.php(334): CodeIgniter\CodeIgniter->run()
 8 SYSTEMPATH/Boot.php(67): CodeIgniter\Boot::runCodeIgniter(Object(CodeIgniter\CodeIgniter))
 9 FCPATH/index.php(56): CodeIgniter\Boot::bootWeb(Object(Config\Paths))
WARNING - 2026-02-17 09:22:07 --> [DEPRECATED] Passing lowercase HTTP method "get" is deprecated. Use uppercase HTTP method like "GET". in SYSTEMPATH/Router/RouteCollection.php on line 1026.
 1 SYSTEMPATH/Router/RouteCollection.php(1026): trigger_error('Passing lowercase HTTP method "get" is deprecated. Use uppercase HTTP method like "GET".', 16384)
 2 APPPATH/Config/Routes.php(135): CodeIgniter\Router\RouteCollection->match([...], 'locations/generarPDF', 'LocationsPdfController::generarPDF')
 3 SYSTEMPATH/Router/RouteCollection.php(339): require('/home/u976386866/domains/servipro.site/public_html/app/app/Config/Routes.php')
 4 SYSTEMPATH/CodeIgniter.php(821): CodeIgniter\Router\RouteCollection->loadRoutes()
 5 SYSTEMPATH/CodeIgniter.php(455): CodeIgniter\CodeIgniter->tryToRouteIt(null)
 6 SYSTEMPATH/CodeIgniter.php(354): CodeIgniter\CodeIgniter->handleRequest(null, Object(Config\Cache), false)
 7 SYSTEMPATH/Boot.php(334): CodeIgniter\CodeIgniter->run()
 8 SYSTEMPATH/Boot.php(67): CodeIgniter\Boot::runCodeIgniter(Object(CodeIgniter\CodeIgniter))
 9 FCPATH/index.php(56): CodeIgniter\Boot::bootWeb(Object(Config\Paths))
WARNING - 2026-02-17 09:22:07 --> [DEPRECATED] Passing lowercase HTTP method "get" is deprecated. Use uppercase HTTP method like "GET". in SYSTEMPATH/Router/RouteCollection.php on line 1026.
 1 SYSTEMPATH/Router/RouteCollection.php(1026): trigger_error('Passing lowercase HTTP method "get" is deprecated. Use uppercase HTTP method like "GET".', 16384)
 2 APPPATH/Config/Routes.php(135): CodeIgniter\Router\RouteCollection->match([...], 'locations/generarPDF', 'LocationsPdfController::generarPDF')
 3 SYSTEMPATH/Router/RouteCollection.php(339): require('/home/u976386866/domains/servipro.site/public_html/app/app/Config/Routes.php')
 4 SYSTEMPATH/CodeIgniter.php(821): CodeIgniter\Router\RouteCollection->loadRoutes()
 5 SYSTEMPATH/CodeIgniter.php(455): CodeIgniter\CodeIgniter->tryToRouteIt(null)
 6 SYSTEMPATH/CodeIgniter.php(354): CodeIgniter\CodeIgniter->handleRequest(null, Object(Config\Cache), false)
 7 SYSTEMPATH/Boot.php(334): CodeIgniter\CodeIgniter->run()
 8 SYSTEMPATH/Boot.php(67): CodeIgniter\Boot::runCodeIgniter(Object(CodeIgniter\CodeIgniter))
 9 FCPATH/index.php(56): CodeIgniter\Boot::bootWeb(Object(Config\Paths))
WARNING - 2026-02-17 09:22:07 --> [DEPRECATED] Passing lowercase HTTP method "get" is deprecated. Use uppercase HTTP method like "GET". in SYSTEMPATH/Router/RouteCollection.php on line 1026.
 1 SYSTEMPATH/Router/RouteCollection.php(1026): trigger_error('Passing lowercase HTTP method "get" is deprecated. Use uppercase HTTP method like "GET".', 16384)
 2 APPPATH/Config/Routes.php(135): CodeIgniter\Router\RouteCollection->match([...], 'locations/generarPDF', 'LocationsPdfController::generarPDF')
 3 SYSTEMPATH/Router/RouteCollection.php(339): require('/home/u976386866/domains/servipro.site/public_html/app/app/Config/Routes.php')
 4 SYSTEMPATH/CodeIgniter.php(821): CodeIgniter\Router\RouteCollection->loadRoutes()
 5 SYSTEMPATH/CodeIgniter.php(455): CodeIgniter\CodeIgniter->tryToRouteIt(null)
 6 SYSTEMPATH/CodeIgniter.php(354): CodeIgniter\CodeIgniter->handleRequest(null, Object(Config\Cache), false)
 7 SYSTEMPATH/Boot.php(334): CodeIgniter\CodeIgniter->run()
 8 SYSTEMPATH/Boot.php(67): CodeIgniter\Boot::runCodeIgniter(Object(CodeIgniter\CodeIgniter))
 9 FCPATH/index.php(56): CodeIgniter\Boot::bootWeb(Object(Config\Paths))
WARNING - 2026-02-17 09:22:07 --> [DEPRECATED] Passing lowercase HTTP method "get" is deprecated. Use uppercase HTTP method like "GET". in SYSTEMPATH/Router/RouteCollection.php on line 1026.
 1 SYSTEMPATH/Router/RouteCollection.php(1026): trigger_error('Passing lowercase HTTP method "get" is deprecated. Use uppercase HTTP method like "GET".', 16384)
 2 APPPATH/Config/Routes.php(135): CodeIgniter\Router\RouteCollection->match([...], 'locations/generarPDF', 'LocationsPdfController::generarPDF')
 3 SYSTEMPATH/Router/RouteCollection.php(339): require('/home/u976386866/domains/servipro.site/public_html/app/app/Config/Routes.php')
 4 SYSTEMPATH/CodeIgniter.php(821): CodeIgniter\Router\RouteCollection->loadRoutes()
 5 SYSTEMPATH/CodeIgniter.php(455): CodeIgniter\CodeIgniter->tryToRouteIt(null)
 6 SYSTEMPATH/CodeIgniter.php(354): CodeIgniter\CodeIgniter->handleRequest(null, Object(Config\Cache), false)
 7 SYSTEMPATH/Boot.php(334): CodeIgniter\CodeIgniter->run()
 8 SYSTEMPATH/Boot.php(67): CodeIgniter\Boot::runCodeIgniter(Object(CodeIgniter\CodeIgniter))
 9 FCPATH/index.php(56): CodeIgniter\Boot::bootWeb(Object(Config\Paths))
WARNING - 2026-02-17 09:22:07 --> [DEPRECATED] Passing lowercase HTTP method "get" is deprecated. Use uppercase HTTP method like "GET". in SYSTEMPATH/Router/RouteCollection.php on line 1026.
 1 SYSTEMPATH/Router/RouteCollection.php(1026): trigger_error('Passing lowercase HTTP method "get" is deprecated. Use uppercase HTTP method like "GET".', 16384)
 2 APPPATH/Config/Routes.php(135): CodeIgniter\Router\RouteCollection->match([...], 'locations/generarPDF', 'LocationsPdfController::generarPDF')
 3 SYSTEMPATH/Router/RouteCollection.php(339): require('/home/u976386866/domains/servipro.site/public_html/app/app/Config/Routes.php')
 4 SYSTEMPATH/CodeIgniter.php(821): CodeIgniter\Router\RouteCollection->loadRoutes()
 5 SYSTEMPATH/CodeIgniter.php(455): CodeIgniter\CodeIgniter->tryToRouteIt(null)
 6 SYSTEMPATH/CodeIgniter.php(354): CodeIgniter\CodeIgniter->handleRequest(null, Object(Config\Cache), false)
 7 SYSTEMPATH/Boot.php(334): CodeIgniter\CodeIgniter->run()
 8 SYSTEMPATH/Boot.php(67): CodeIgniter\Boot::runCodeIgniter(Object(CodeIgniter\CodeIgniter))
 9 FCPATH/index.php(56): CodeIgniter\Boot::bootWeb(Object(Config\Paths))
WARNING - 2026-02-17 09:22:07 --> [DEPRECATED] Passing lowercase HTTP method "post" is deprecated. Use uppercase HTTP method like "POST". in SYSTEMPATH/Router/RouteCollection.php on line 1026.
 1 SYSTEMPATH/Router/RouteCollection.php(1026): trigger_error('Passing lowercase HTTP method "post" is deprecated. Use uppercase HTTP method like "POST".', 16384)
 2 APPPATH/Config/Routes.php(135): CodeIgniter\Router\RouteCollection->match([...], 'locations/generarPDF', 'LocationsPdfController::generarPDF')
 3 SYSTEMPATH/Router/RouteCollection.php(339): require('/home/u976386866/domains/servipro.site/public_html/app/app/Config/Routes.php')
 4 SYSTEMPATH/CodeIgniter.php(821): CodeIgniter\Router\RouteCollection->loadRoutes()
 5 SYSTEMPATH/CodeIgniter.php(455): CodeIgniter\CodeIgniter->tryToRouteIt(null)
 6 SYSTEMPATH/CodeIgniter.php(354): CodeIgniter\CodeIgniter->handleRequest(null, Object(Config\Cache), false)
 7 SYSTEMPATH/Boot.php(334): CodeIgniter\CodeIgniter->run()
 8 SYSTEMPATH/Boot.php(67): CodeIgniter\Boot::runCodeIgniter(Object(CodeIgniter\CodeIgniter))
 9 FCPATH/index.php(56): CodeIgniter\Boot::bootWeb(Object(Config\Paths))
WARNING - 2026-02-17 09:22:07 --> [DEPRECATED] Passing lowercase HTTP method "get" is deprecated. Use uppercase HTTP method like "GET". in SYSTEMPATH/Router/RouteCollection.php on line 1026.
 1 SYSTEMPATH/Router/RouteCollection.php(1026): trigger_error('Passing lowercase HTTP method "get" is deprecated. Use uppercase HTTP method like "GET".', 16384)
 2 APPPATH/Config/Routes.php(135): CodeIgniter\Router\RouteCollection->match([...], 'locations/generarPDF', 'LocationsPdfController::generarPDF')
 3 SYSTEMPATH/Router/RouteCollection.php(339): require('/home/u976386866/domains/servipro.site/public_html/app/app/Config/Routes.php')
 4 SYSTEMPATH/CodeIgniter.php(821): CodeIgniter\Router\RouteCollection->loadRoutes()
 5 SYSTEMPATH/CodeIgniter.php(455): CodeIgniter\CodeIgniter->tryToRouteIt(null)
 6 SYSTEMPATH/CodeIgniter.php(354): CodeIgniter\CodeIgniter->handleRequest(null, Object(Config\Cache), false)
 7 SYSTEMPATH/Boot.php(334): CodeIgniter\CodeIgniter->run()
 8 SYSTEMPATH/Boot.php(67): CodeIgniter\Boot::runCodeIgniter(Object(CodeIgniter\CodeIgniter))
 9 FCPATH/index.php(56): CodeIgniter\Boot::bootWeb(Object(Config\Paths))
WARNING - 2026-02-17 09:22:07 --> [DEPRECATED] Passing lowercase HTTP method "post" is deprecated. Use uppercase HTTP method like "POST". in SYSTEMPATH/Router/RouteCollection.php on line 1026.
 1 SYSTEMPATH/Router/RouteCollection.php(1026): trigger_error('Passing lowercase HTTP method "post" is deprecated. Use uppercase HTTP method like "POST".', 16384)
 2 APPPATH/Config/Routes.php(135): CodeIgniter\Router\RouteCollection->match([...], 'locations/generarPDF', 'LocationsPdfController::generarPDF')
 3 SYSTEMPATH/Router/RouteCollection.php(339): require('/home/u976386866/domains/servipro.site/public_html/app/app/Config/Routes.php')
 4 SYSTEMPATH/CodeIgniter.php(821): CodeIgniter\Router\RouteCollection->loadRoutes()
 5 SYSTEMPATH/CodeIgniter.php(455): CodeIgniter\CodeIgniter->tryToRouteIt(null)
 6 SYSTEMPATH/CodeIgniter.php(354): CodeIgniter\CodeIgniter->handleRequest(null, Object(Config\Cache), false)
 7 SYSTEMPATH/Boot.php(334): CodeIgniter\CodeIgniter->run()
 8 SYSTEMPATH/Boot.php(67): CodeIgniter\Boot::runCodeIgniter(Object(CodeIgniter\CodeIgniter))
 9 FCPATH/index.php(56): CodeIgniter\Boot::bootWeb(Object(Config\Paths))
WARNING - 2026-02-17 09:22:07 --> [DEPRECATED] Passing lowercase HTTP method "get" is deprecated. Use uppercase HTTP method like "GET". in SYSTEMPATH/Router/RouteCollection.php on line 1026.
 1 SYSTEMPATH/Router/RouteCollection.php(1026): trigger_error('Passing lowercase HTTP method "get" is deprecated. Use uppercase HTTP method like "GET".', 16384)
 2 APPPATH/Config/Routes.php(135): CodeIgniter\Router\RouteCollection->match([...], 'locations/generarPDF', 'LocationsPdfController::generarPDF')
 3 SYSTEMPATH/Router/RouteCollection.php(339): require('/home/u976386866/domains/servipro.site/public_html/app/app/Config/Routes.php')
 4 SYSTEMPATH/CodeIgniter.php(821): CodeIgniter\Router\RouteCollection->loadRoutes()
 5 SYSTEMPATH/CodeIgniter.php(455): CodeIgniter\CodeIgniter->tryToRouteIt(null)
 6 SYSTEMPATH/CodeIgniter.php(354): CodeIgniter\CodeIgniter->handleRequest(null, Object(Config\Cache), false)
 7 SYSTEMPATH/Boot.php(334): CodeIgniter\CodeIgniter->run()
 8 SYSTEMPATH/Boot.php(67): CodeIgniter\Boot::runCodeIgniter(Object(CodeIgniter\CodeIgniter))
 9 FCPATH/index.php(56): CodeIgniter\Boot::bootWeb(Object(Config\Paths))
WARNING - 2026-02-17 09:22:07 --> [DEPRECATED] Passing lowercase HTTP method "post" is deprecated. Use uppercase HTTP method like "POST". in SYSTEMPATH/Router/RouteCollection.php on line 1026.
 1 SYSTEMPATH/Router/RouteCollection.php(1026): trigger_error('Passing lowercase HTTP method "post" is deprecated. Use uppercase HTTP method like "POST".', 16384)
 2 APPPATH/Config/Routes.php(135): CodeIgniter\Router\RouteCollection->match([...], 'locations/generarPDF', 'LocationsPdfController::generarPDF')
 3 SYSTEMPATH/Router/RouteCollection.php(339): require('/home/u976386866/domains/servipro.site/public_html/app/app/Config/Routes.php')
 4 SYSTEMPATH/CodeIgniter.php(821): CodeIgniter\Router\RouteCollection->loadRoutes()
 5 SYSTEMPATH/CodeIgniter.php(455): CodeIgniter\CodeIgniter->tryToRouteIt(null)
 6 SYSTEMPATH/CodeIgniter.php(354): CodeIgniter\CodeIgniter->handleRequest(null, Object(Config\Cache), false)
 7 SYSTEMPATH/Boot.php(334): CodeIgniter\CodeIgniter->run()
 8 SYSTEMPATH/Boot.php(67): CodeIgniter\Boot::runCodeIgniter(Object(CodeIgniter\CodeIgniter))
 9 FCPATH/index.php(56): CodeIgniter\Boot::bootWeb(Object(Config\Paths))
WARNING - 2026-02-17 09:22:07 --> [DEPRECATED] Passing lowercase HTTP method "post" is deprecated. Use uppercase HTTP method like "POST". in SYSTEMPATH/Router/RouteCollection.php on line 1026.
 1 SYSTEMPATH/Router/RouteCollection.php(1026): trigger_error('Passing lowercase HTTP method "post" is deprecated. Use uppercase HTTP method like "POST".', 16384)
 2 APPPATH/Config/Routes.php(135): CodeIgniter\Router\RouteCollection->match([...], 'locations/generarPDF', 'LocationsPdfController::generarPDF')
 3 SYSTEMPATH/Router/RouteCollection.php(339): require('/home/u976386866/domains/servipro.site/public_html/app/app/Config/Routes.php')
 4 SYSTEMPATH/CodeIgniter.php(821): CodeIgniter\Router\RouteCollection->loadRoutes()
 5 SYSTEMPATH/CodeIgniter.php(455): CodeIgniter\CodeIgniter->tryToRouteIt(null)
 6 SYSTEMPATH/CodeIgniter.php(354): CodeIgniter\CodeIgniter->handleRequest(null, Object(Config\Cache), false)
 7 SYSTEMPATH/Boot.php(334): CodeIgniter\CodeIgniter->run()
 8 SYSTEMPATH/Boot.php(67): CodeIgniter\Boot::runCodeIgniter(Object(CodeIgniter\CodeIgniter))
 9 FCPATH/index.php(56): CodeIgniter\Boot::bootWeb(Object(Config\Paths))
WARNING - 2026-02-17 09:22:07 --> [DEPRECATED] Passing lowercase HTTP method "post" is deprecated. Use uppercase HTTP method like "POST". in SYSTEMPATH/Router/RouteCollection.php on line 1026.
 1 SYSTEMPATH/Router/RouteCollection.php(1026): trigger_error('Passing lowercase HTTP method "post" is deprecated. Use uppercase HTTP method like "POST".', 16384)
 2 APPPATH/Config/Routes.php(135): CodeIgniter\Router\RouteCollection->match([...], 'locations/generarPDF', 'LocationsPdfController::generarPDF')
 3 SYSTEMPATH/Router/RouteCollection.php(339): require('/home/u976386866/domains/servipro.site/public_html/app/app/Config/Routes.php')
 4 SYSTEMPATH/CodeIgniter.php(821): CodeIgniter\Router\RouteCollection->loadRoutes()
 5 SYSTEMPATH/CodeIgniter.php(455): CodeIgniter\CodeIgniter->tryToRouteIt(null)
 6 SYSTEMPATH/CodeIgniter.php(354): CodeIgniter\CodeIgniter->handleRequest(null, Object(Config\Cache), false)
 7 SYSTEMPATH/Boot.php(334): CodeIgniter\CodeIgniter->run()
 8 SYSTEMPATH/Boot.php(67): CodeIgniter\Boot::runCodeIgniter(Object(CodeIgniter\CodeIgniter))
 9 FCPATH/index.php(56): CodeIgniter\Boot::bootWeb(Object(Config\Paths))
WARNING - 2026-02-17 09:22:07 --> [DEPRECATED] Passing lowercase HTTP method "post" is deprecated. Use uppercase HTTP method like "POST". in SYSTEMPATH/Router/RouteCollection.php on line 1026.
 1 SYSTEMPATH/Router/RouteCollection.php(1026): trigger_error('Passing lowercase HTTP method "post" is deprecated. Use uppercase HTTP method like "POST".', 16384)
 2 APPPATH/Config/Routes.php(135): CodeIgniter\Router\RouteCollection->match([...], 'locations/generarPDF', 'LocationsPdfController::generarPDF')
 3 SYSTEMPATH/Router/RouteCollection.php(339): require('/home/u976386866/domains/servipro.site/public_html/app/app/Config/Routes.php')
 4 SYSTEMPATH/CodeIgniter.php(821): CodeIgniter\Router\RouteCollection->loadRoutes()
 5 SYSTEMPATH/CodeIgniter.php(455): CodeIgniter\CodeIgniter->tryToRouteIt(null)
 6 SYSTEMPATH/CodeIgniter.php(354): CodeIgniter\CodeIgniter->handleRequest(null, Object(Config\Cache), false)
 7 SYSTEMPATH/Boot.php(334): CodeIgniter\CodeIgniter->run()
 8 SYSTEMPATH/Boot.php(67): CodeIgniter\Boot::runCodeIgniter(Object(CodeIgniter\CodeIgniter))
 9 FCPATH/index.php(56): CodeIgniter\Boot::bootWeb(Object(Config\Paths))
WARNING - 2026-02-17 09:22:07 --> [DEPRECATED] Passing lowercase HTTP method "post" is deprecated. Use uppercase HTTP method like "POST". in SYSTEMPATH/Router/RouteCollection.php on line 1026.
 1 SYSTEMPATH/Router/RouteCollection.php(1026): trigger_error('Passing lowercase HTTP method "post" is deprecated. Use uppercase HTTP method like "POST".', 16384)
 2 APPPATH/Config/Routes.php(135): CodeIgniter\Router\RouteCollection->match([...], 'locations/generarPDF', 'LocationsPdfController::generarPDF')
 3 SYSTEMPATH/Router/RouteCollection.php(339): require('/home/u976386866/domains/servipro.site/public_html/app/app/Config/Routes.php')
 4 SYSTEMPATH/CodeIgniter.php(821): CodeIgniter\Router\RouteCollection->loadRoutes()
 5 SYSTEMPATH/CodeIgniter.php(455): CodeIgniter\CodeIgniter->tryToRouteIt(null)
 6 SYSTEMPATH/CodeIgniter.php(354): CodeIgniter\CodeIgniter->handleRequest(null, Object(Config\Cache), false)
 7 SYSTEMPATH/Boot.php(334): CodeIgniter\CodeIgniter->run()
 8 SYSTEMPATH/Boot.php(67): CodeIgniter\Boot::runCodeIgniter(Object(CodeIgniter\CodeIgniter))
 9 FCPATH/index.php(56): CodeIgniter\Boot::bootWeb(Object(Config\Paths))
WARNING - 2026-02-17 09:22:07 --> [DEPRECATED] Passing lowercase HTTP method "get" is deprecated. Use uppercase HTTP method like "GET". in SYSTEMPATH/Router/RouteCollection.php on line 1026.
 1 SYSTEMPATH/Router/RouteCollection.php(1026): trigger_error('Passing lowercase HTTP method "get" is deprecated. Use uppercase HTTP method like "GET".', 16384)
 2 APPPATH/Config/Routes.php(135): CodeIgniter\Router\RouteCollection->match([...], 'locations/generarPDF', 'LocationsPdfController::generarPDF')
 3 SYSTEMPATH/Router/RouteCollection.php(339): require('/home/u976386866/domains/servipro.site/public_html/app/app/Config/Routes.php')
 4 SYSTEMPATH/CodeIgniter.php(821): CodeIgniter\Router\RouteCollection->loadRoutes()
 5 SYSTEMPATH/CodeIgniter.php(455): CodeIgniter\CodeIgniter->tryToRouteIt(null)
 6 SYSTEMPATH/CodeIgniter.php(354): CodeIgniter\CodeIgniter->handleRequest(null, Object(Config\Cache), false)
 7 SYSTEMPATH/Boot.php(334): CodeIgniter\CodeIgniter->run()
 8 SYSTEMPATH/Boot.php(67): CodeIgniter\Boot::runCodeIgniter(Object(CodeIgniter\CodeIgniter))
 9 FCPATH/index.php(56): CodeIgniter\Boot::bootWeb(Object(Config\Paths))
WARNING - 2026-02-17 09:22:07 --> [DEPRECATED] Passing lowercase HTTP method "get" is deprecated. Use uppercase HTTP method like "GET". in SYSTEMPATH/Router/RouteCollection.php on line 1026.
 1 SYSTEMPATH/Router/RouteCollection.php(1026): trigger_error('Passing lowercase HTTP method "get" is deprecated. Use uppercase HTTP method like "GET".', 16384)
 2 APPPATH/Config/Routes.php(135): CodeIgniter\Router\RouteCollection->match([...], 'locations/generarPDF', 'LocationsPdfController::generarPDF')
 3 SYSTEMPATH/Router/RouteCollection.php(339): require('/home/u976386866/domains/servipro.site/public_html/app/app/Config/Routes.php')
 4 SYSTEMPATH/CodeIgniter.php(821): CodeIgniter\Router\RouteCollection->loadRoutes()
 5 SYSTEMPATH/CodeIgniter.php(455): CodeIgniter\CodeIgniter->tryToRouteIt(null)
 6 SYSTEMPATH/CodeIgniter.php(354): CodeIgniter\CodeIgniter->handleRequest(null, Object(Config\Cache), false)
 7 SYSTEMPATH/Boot.php(334): CodeIgniter\CodeIgniter->run()
 8 SYSTEMPATH/Boot.php(67): CodeIgniter\Boot::runCodeIgniter(Object(CodeIgniter\CodeIgniter))
 9 FCPATH/index.php(56): CodeIgniter\Boot::bootWeb(Object(Config\Paths))
WARNING - 2026-02-17 09:22:07 --> [DEPRECATED] Passing lowercase HTTP method "post" is deprecated. Use uppercase HTTP method like "POST". in SYSTEMPATH/Router/RouteCollection.php on line 1026.
 1 SYSTEMPATH/Router/RouteCollection.php(1026): trigger_error('Passing lowercase HTTP method "post" is deprecated. Use uppercase HTTP method like "POST".', 16384)
 2 APPPATH/Config/Routes.php(135): CodeIgniter\Router\RouteCollection->match([...], 'locations/generarPDF', 'LocationsPdfController::generarPDF')
 3 SYSTEMPATH/Router/RouteCollection.php(339): require('/home/u976386866/domains/servipro.site/public_html/app/app/Config/Routes.php')
 4 SYSTEMPATH/CodeIgniter.php(821): CodeIgniter\Router\RouteCollection->loadRoutes()
 5 SYSTEMPATH/CodeIgniter.php(455): CodeIgniter\CodeIgniter->tryToRouteIt(null)
 6 SYSTEMPATH/CodeIgniter.php(354): CodeIgniter\CodeIgniter->handleRequest(null, Object(Config\Cache), false)
 7 SYSTEMPATH/Boot.php(334): CodeIgniter\CodeIgniter->run()
 8 SYSTEMPATH/Boot.php(67): CodeIgniter\Boot::runCodeIgniter(Object(CodeIgniter\CodeIgniter))
 9 FCPATH/index.php(56): CodeIgniter\Boot::bootWeb(Object(Config\Paths))
WARNING - 2026-02-17 09:22:07 --> [DEPRECATED] Passing lowercase HTTP method "post" is deprecated. Use uppercase HTTP method like "POST". in SYSTEMPATH/Router/RouteCollection.php on line 1026.
 1 SYSTEMPATH/Router/RouteCollection.php(1026): trigger_error('Passing lowercase HTTP method "post" is deprecated. Use uppercase HTTP method like "POST".', 16384)
 2 APPPATH/Config/Routes.php(135): CodeIgniter\Router\RouteCollection->match([...], 'locations/generarPDF', 'LocationsPdfController::generarPDF')
 3 SYSTEMPATH/Router/RouteCollection.php(339): require('/home/u976386866/domains/servipro.site/public_html/app/app/Config/Routes.php')
 4 SYSTEMPATH/CodeIgniter.php(821): CodeIgniter\Router\RouteCollection->loadRoutes()
 5 SYSTEMPATH/CodeIgniter.php(455): CodeIgniter\CodeIgniter->tryToRouteIt(null)
 6 SYSTEMPATH/CodeIgniter.php(354): CodeIgniter\CodeIgniter->handleRequest(null, Object(Config\Cache), false)
 7 SYSTEMPATH/Boot.php(334): CodeIgniter\CodeIgniter->run()
 8 SYSTEMPATH/Boot.php(67): CodeIgniter\Boot::runCodeIgniter(Object(CodeIgniter\CodeIgniter))
 9 FCPATH/index.php(56): CodeIgniter\Boot::bootWeb(Object(Config\Paths))
WARNING - 2026-02-17 09:22:07 --> [DEPRECATED] Passing lowercase HTTP method "get" is deprecated. Use uppercase HTTP method like "GET". in SYSTEMPATH/Router/RouteCollection.php on line 1026.
 1 SYSTEMPATH/Router/RouteCollection.php(1026): trigger_error('Passing lowercase HTTP method "get" is deprecated. Use uppercase HTTP method like "GET".', 16384)
 2 APPPATH/Config/Routes.php(135): CodeIgniter\Router\RouteCollection->match([...], 'locations/generarPDF', 'LocationsPdfController::generarPDF')
 3 SYSTEMPATH/Router/RouteCollection.php(339): require('/home/u976386866/domains/servipro.site/public_html/app/app/Config/Routes.php')
 4 SYSTEMPATH/CodeIgniter.php(821): CodeIgniter\Router\RouteCollection->loadRoutes()
 5 SYSTEMPATH/CodeIgniter.php(455): CodeIgniter\CodeIgniter->tryToRouteIt(null)
 6 SYSTEMPATH/CodeIgniter.php(354): CodeIgniter\CodeIgniter->handleRequest(null, Object(Config\Cache), false)
 7 SYSTEMPATH/Boot.php(334): CodeIgniter\CodeIgniter->run()
 8 SYSTEMPATH/Boot.php(67): CodeIgniter\Boot::runCodeIgniter(Object(CodeIgniter\CodeIgniter))
 9 FCPATH/index.php(56): CodeIgniter\Boot::bootWeb(Object(Config\Paths))
WARNING - 2026-02-17 09:22:07 --> [DEPRECATED] Passing lowercase HTTP method "get" is deprecated. Use uppercase HTTP method like "GET". in SYSTEMPATH/Router/RouteCollection.php on line 1026.
 1 SYSTEMPATH/Router/RouteCollection.php(1026): trigger_error('Passing lowercase HTTP method "get" is deprecated. Use uppercase HTTP method like "GET".', 16384)
 2 APPPATH/Config/Routes.php(135): CodeIgniter\Router\RouteCollection->match([...], 'locations/generarPDF', 'LocationsPdfController::generarPDF')
 3 SYSTEMPATH/Router/RouteCollection.php(339): require('/home/u976386866/domains/servipro.site/public_html/app/app/Config/Routes.php')
 4 SYSTEMPATH/CodeIgniter.php(821): CodeIgniter\Router\RouteCollection->loadRoutes()
 5 SYSTEMPATH/CodeIgniter.php(455): CodeIgniter\CodeIgniter->tryToRouteIt(null)
 6 SYSTEMPATH/CodeIgniter.php(354): CodeIgniter\CodeIgniter->handleRequest(null, Object(Config\Cache), false)
 7 SYSTEMPATH/Boot.php(334): CodeIgniter\CodeIgniter->run()
 8 SYSTEMPATH/Boot.php(67): CodeIgniter\Boot::runCodeIgniter(Object(CodeIgniter\CodeIgniter))
 9 FCPATH/index.php(56): CodeIgniter\Boot::bootWeb(Object(Config\Paths))
WARNING - 2026-02-17 09:22:07 --> [DEPRECATED] Passing lowercase HTTP method "get" is deprecated. Use uppercase HTTP method like "GET". in SYSTEMPATH/Router/RouteCollection.php on line 1026.
 1 SYSTEMPATH/Router/RouteCollection.php(1026): trigger_error('Passing lowercase HTTP method "get" is deprecated. Use uppercase HTTP method like "GET".', 16384)
 2 APPPATH/Config/Routes.php(135): CodeIgniter\Router\RouteCollection->match([...], 'locations/generarPDF', 'LocationsPdfController::generarPDF')
 3 SYSTEMPATH/Router/RouteCollection.php(339): require('/home/u976386866/domains/servipro.site/public_html/app/app/Config/Routes.php')
 4 SYSTEMPATH/CodeIgniter.php(821): CodeIgniter\Router\RouteCollection->loadRoutes()
 5 SYSTEMPATH/CodeIgniter.php(455): CodeIgniter\CodeIgniter->tryToRouteIt(null)
 6 SYSTEMPATH/CodeIgniter.php(354): CodeIgniter\CodeIgniter->handleRequest(null, Object(Config\Cache), false)
 7 SYSTEMPATH/Boot.php(334): CodeIgniter\CodeIgniter->run()
 8 SYSTEMPATH/Boot.php(67): CodeIgniter\Boot::runCodeIgniter(Object(CodeIgniter\CodeIgniter))
 9 FCPATH/index.php(56): CodeIgniter\Boot::bootWeb(Object(Config\Paths))
WARNING - 2026-02-17 09:22:07 --> [DEPRECATED] Passing lowercase HTTP method "get" is deprecated. Use uppercase HTTP method like "GET". in SYSTEMPATH/Router/RouteCollection.php on line 1026.
 1 SYSTEMPATH/Router/RouteCollection.php(1026): trigger_error('Passing lowercase HTTP method "get" is deprecated. Use uppercase HTTP method like "GET".', 16384)
 2 APPPATH/Config/Routes.php(135): CodeIgniter\Router\RouteCollection->match([...], 'locations/generarPDF', 'LocationsPdfController::generarPDF')
 3 SYSTEMPATH/Router/RouteCollection.php(339): require('/home/u976386866/domains/servipro.site/public_html/app/app/Config/Routes.php')
 4 SYSTEMPATH/CodeIgniter.php(821): CodeIgniter\Router\RouteCollection->loadRoutes()
 5 SYSTEMPATH/CodeIgniter.php(455): CodeIgniter\CodeIgniter->tryToRouteIt(null)
 6 SYSTEMPATH/CodeIgniter.php(354): CodeIgniter\CodeIgniter->handleRequest(null, Object(Config\Cache), false)
 7 SYSTEMPATH/Boot.php(334): CodeIgniter\CodeIgniter->run()
 8 SYSTEMPATH/Boot.php(67): CodeIgniter\Boot::runCodeIgniter(Object(CodeIgniter\CodeIgniter))
 9 FCPATH/index.php(56): CodeIgniter\Boot::bootWeb(Object(Config\Paths))
WARNING - 2026-02-17 09:22:07 --> [DEPRECATED] Passing lowercase HTTP method "post" is deprecated. Use uppercase HTTP method like "POST". in SYSTEMPATH/Router/RouteCollection.php on line 1026.
 1 SYSTEMPATH/Router/RouteCollection.php(1026): trigger_error('Passing lowercase HTTP method "post" is deprecated. Use uppercase HTTP method like "POST".', 16384)
 2 APPPATH/Config/Routes.php(135): CodeIgniter\Router\RouteCollection->match([...], 'locations/generarPDF', 'LocationsPdfController::generarPDF')
 3 SYSTEMPATH/Router/RouteCollection.php(339): require('/home/u976386866/domains/servipro.site/public_html/app/app/Config/Routes.php')
 4 SYSTEMPATH/CodeIgniter.php(821): CodeIgniter\Router\RouteCollection->loadRoutes()
 5 SYSTEMPATH/CodeIgniter.php(455): CodeIgniter\CodeIgniter->tryToRouteIt(null)
 6 SYSTEMPATH/CodeIgniter.php(354): CodeIgniter\CodeIgniter->handleRequest(null, Object(Config\Cache), false)
 7 SYSTEMPATH/Boot.php(334): CodeIgniter\CodeIgniter->run()
 8 SYSTEMPATH/Boot.php(67): CodeIgniter\Boot::runCodeIgniter(Object(CodeIgniter\CodeIgniter))
 9 FCPATH/index.php(56): CodeIgniter\Boot::bootWeb(Object(Config\Paths))
WARNING - 2026-02-17 09:22:07 --> [DEPRECATED] Passing lowercase HTTP method "post" is deprecated. Use uppercase HTTP method like "POST". in SYSTEMPATH/Router/RouteCollection.php on line 1026.
 1 SYSTEMPATH/Router/RouteCollection.php(1026): trigger_error('Passing lowercase HTTP method "post" is deprecated. Use uppercase HTTP method like "POST".', 16384)
 2 APPPATH/Config/Routes.php(135): CodeIgniter\Router\RouteCollection->match([...], 'locations/generarPDF', 'LocationsPdfController::generarPDF')
 3 SYSTEMPATH/Router/RouteCollection.php(339): require('/home/u976386866/domains/servipro.site/public_html/app/app/Config/Routes.php')
 4 SYSTEMPATH/CodeIgniter.php(821): CodeIgniter\Router\RouteCollection->loadRoutes()
 5 SYSTEMPATH/CodeIgniter.php(455): CodeIgniter\CodeIgniter->tryToRouteIt(null)
 6 SYSTEMPATH/CodeIgniter.php(354): CodeIgniter\CodeIgniter->handleRequest(null, Object(Config\Cache), false)
 7 SYSTEMPATH/Boot.php(334): CodeIgniter\CodeIgniter->run()
 8 SYSTEMPATH/Boot.php(67): CodeIgniter\Boot::runCodeIgniter(Object(CodeIgniter\CodeIgniter))
 9 FCPATH/index.php(56): CodeIgniter\Boot::bootWeb(Object(Config\Paths))
WARNING - 2026-02-17 09:22:07 --> [DEPRECATED] Passing lowercase HTTP method "get" is deprecated. Use uppercase HTTP method like "GET". in SYSTEMPATH/Router/RouteCollection.php on line 1026.
 1 SYSTEMPATH/Router/RouteCollection.php(1026): trigger_error('Passing lowercase HTTP method "get" is deprecated. Use uppercase HTTP method like "GET".', 16384)
 2 APPPATH/Config/Routes.php(135): CodeIgniter\Router\RouteCollection->match([...], 'locations/generarPDF', 'LocationsPdfController::generarPDF')
 3 SYSTEMPATH/Router/RouteCollection.php(339): require('/home/u976386866/domains/servipro.site/public_html/app/app/Config/Routes.php')
 4 SYSTEMPATH/CodeIgniter.php(821): CodeIgniter\Router\RouteCollection->loadRoutes()
 5 SYSTEMPATH/CodeIgniter.php(455): CodeIgniter\CodeIgniter->tryToRouteIt(null)
 6 SYSTEMPATH/CodeIgniter.php(354): CodeIgniter\CodeIgniter->handleRequest(null, Object(Config\Cache), false)
 7 SYSTEMPATH/Boot.php(334): CodeIgniter\CodeIgniter->run()
 8 SYSTEMPATH/Boot.php(67): CodeIgniter\Boot::runCodeIgniter(Object(CodeIgniter\CodeIgniter))
 9 FCPATH/index.php(56): CodeIgniter\Boot::bootWeb(Object(Config\Paths))
WARNING - 2026-02-17 09:22:07 --> [DEPRECATED] Passing lowercase HTTP method "get" is deprecated. Use uppercase HTTP method like "GET". in SYSTEMPATH/Router/RouteCollection.php on line 1026.
 1 SYSTEMPATH/Router/RouteCollection.php(1026): trigger_error('Passing lowercase HTTP method "get" is deprecated. Use uppercase HTTP method like "GET".', 16384)
 2 APPPATH/Config/Routes.php(135): CodeIgniter\Router\RouteCollection->match([...], 'locations/generarPDF', 'LocationsPdfController::generarPDF')
 3 SYSTEMPATH/Router/RouteCollection.php(339): require('/home/u976386866/domains/servipro.site/public_html/app/app/Config/Routes.php')
 4 SYSTEMPATH/CodeIgniter.php(821): CodeIgniter\Router\RouteCollection->loadRoutes()
 5 SYSTEMPATH/CodeIgniter.php(455): CodeIgniter\CodeIgniter->tryToRouteIt(null)
 6 SYSTEMPATH/CodeIgniter.php(354): CodeIgniter\CodeIgniter->handleRequest(null, Object(Config\Cache), false)
 7 SYSTEMPATH/Boot.php(334): CodeIgniter\CodeIgniter->run()
 8 SYSTEMPATH/Boot.php(67): CodeIgniter\Boot::runCodeIgniter(Object(CodeIgniter\CodeIgniter))
 9 FCPATH/index.php(56): CodeIgniter\Boot::bootWeb(Object(Config\Paths))
WARNING - 2026-02-17 09:22:07 --> [DEPRECATED] Passing lowercase HTTP method "post" is deprecated. Use uppercase HTTP method like "POST". in SYSTEMPATH/Router/RouteCollection.php on line 1026.
 1 SYSTEMPATH/Router/RouteCollection.php(1026): trigger_error('Passing lowercase HTTP method "post" is deprecated. Use uppercase HTTP method like "POST".', 16384)
 2 APPPATH/Config/Routes.php(135): CodeIgniter\Router\RouteCollection->match([...], 'locations/generarPDF', 'LocationsPdfController::generarPDF')
 3 SYSTEMPATH/Router/RouteCollection.php(339): require('/home/u976386866/domains/servipro.site/public_html/app/app/Config/Routes.php')
 4 SYSTEMPATH/CodeIgniter.php(821): CodeIgniter\Router\RouteCollection->loadRoutes()
 5 SYSTEMPATH/CodeIgniter.php(455): CodeIgniter\CodeIgniter->tryToRouteIt(null)
 6 SYSTEMPATH/CodeIgniter.php(354): CodeIgniter\CodeIgniter->handleRequest(null, Object(Config\Cache), false)
 7 SYSTEMPATH/Boot.php(334): CodeIgniter\CodeIgniter->run()
 8 SYSTEMPATH/Boot.php(67): CodeIgniter\Boot::runCodeIgniter(Object(CodeIgniter\CodeIgniter))
 9 FCPATH/index.php(56): CodeIgniter\Boot::bootWeb(Object(Config\Paths))
WARNING - 2026-02-17 09:22:07 --> [DEPRECATED] Passing lowercase HTTP method "get" is deprecated. Use uppercase HTTP method like "GET". in SYSTEMPATH/Router/RouteCollection.php on line 1026.
 1 SYSTEMPATH/Router/RouteCollection.php(1026): trigger_error('Passing lowercase HTTP method "get" is deprecated. Use uppercase HTTP method like "GET".', 16384)
 2 APPPATH/Config/Routes.php(135): CodeIgniter\Router\RouteCollection->match([...], 'locations/generarPDF', 'LocationsPdfController::generarPDF')
 3 SYSTEMPATH/Router/RouteCollection.php(339): require('/home/u976386866/domains/servipro.site/public_html/app/app/Config/Routes.php')
 4 SYSTEMPATH/CodeIgniter.php(821): CodeIgniter\Router\RouteCollection->loadRoutes()
 5 SYSTEMPATH/CodeIgniter.php(455): CodeIgniter\CodeIgniter->tryToRouteIt(null)
 6 SYSTEMPATH/CodeIgniter.php(354): CodeIgniter\CodeIgniter->handleRequest(null, Object(Config\Cache), false)
 7 SYSTEMPATH/Boot.php(334): CodeIgniter\CodeIgniter->run()
 8 SYSTEMPATH/Boot.php(67): CodeIgniter\Boot::runCodeIgniter(Object(CodeIgniter\CodeIgniter))
 9 FCPATH/index.php(56): CodeIgniter\Boot::bootWeb(Object(Config\Paths))
WARNING - 2026-02-17 09:22:07 --> [DEPRECATED] Passing lowercase HTTP method "post" is deprecated. Use uppercase HTTP method like "POST". in SYSTEMPATH/Router/RouteCollection.php on line 1026.
 1 SYSTEMPATH/Router/RouteCollection.php(1026): trigger_error('Passing lowercase HTTP method "post" is deprecated. Use uppercase HTTP method like "POST".', 16384)
 2 APPPATH/Config/Routes.php(135): CodeIgniter\Router\RouteCollection->match([...], 'locations/generarPDF', 'LocationsPdfController::generarPDF')
 3 SYSTEMPATH/Router/RouteCollection.php(339): require('/home/u976386866/domains/servipro.site/public_html/app/app/Config/Routes.php')
 4 SYSTEMPATH/CodeIgniter.php(821): CodeIgniter\Router\RouteCollection->loadRoutes()
 5 SYSTEMPATH/CodeIgniter.php(455): CodeIgniter\CodeIgniter->tryToRouteIt(null)
 6 SYSTEMPATH/CodeIgniter.php(354): CodeIgniter\CodeIgniter->handleRequest(null, Object(Config\Cache), false)
 7 SYSTEMPATH/Boot.php(334): CodeIgniter\CodeIgniter->run()
 8 SYSTEMPATH/Boot.php(67): CodeIgniter\Boot::runCodeIgniter(Object(CodeIgniter\CodeIgniter))
 9 FCPATH/index.php(56): CodeIgniter\Boot::bootWeb(Object(Config\Paths))
WARNING - 2026-02-17 09:22:07 --> [DEPRECATED] Passing lowercase HTTP method "get" is deprecated. Use uppercase HTTP method like "GET". in SYSTEMPATH/Router/RouteCollection.php on line 1026.
 1 SYSTEMPATH/Router/RouteCollection.php(1026): trigger_error('Passing lowercase HTTP method "get" is deprecated. Use uppercase HTTP method like "GET".', 16384)
 2 APPPATH/Config/Routes.php(135): CodeIgniter\Router\RouteCollection->match([...], 'locations/generarPDF', 'LocationsPdfController::generarPDF')
 3 SYSTEMPATH/Router/RouteCollection.php(339): require('/home/u976386866/domains/servipro.site/public_html/app/app/Config/Routes.php')
 4 SYSTEMPATH/CodeIgniter.php(821): CodeIgniter\Router\RouteCollection->loadRoutes()
 5 SYSTEMPATH/CodeIgniter.php(455): CodeIgniter\CodeIgniter->tryToRouteIt(null)
 6 SYSTEMPATH/CodeIgniter.php(354): CodeIgniter\CodeIgniter->handleRequest(null, Object(Config\Cache), false)
 7 SYSTEMPATH/Boot.php(334): CodeIgniter\CodeIgniter->run()
 8 SYSTEMPATH/Boot.php(67): CodeIgniter\Boot::runCodeIgniter(Object(CodeIgniter\CodeIgniter))
 9 FCPATH/index.php(56): CodeIgniter\Boot::bootWeb(Object(Config\Paths))
WARNING - 2026-02-17 09:22:07 --> [DEPRECATED] Passing lowercase HTTP method "get" is deprecated. Use uppercase HTTP method like "GET". in SYSTEMPATH/Router/RouteCollection.php on line 1026.
 1 SYSTEMPATH/Router/RouteCollection.php(1026): trigger_error('Passing lowercase HTTP method "get" is deprecated. Use uppercase HTTP method like "GET".', 16384)
 2 APPPATH/Config/Routes.php(135): CodeIgniter\Router\RouteCollection->match([...], 'locations/generarPDF', 'LocationsPdfController::generarPDF')
 3 SYSTEMPATH/Router/RouteCollection.php(339): require('/home/u976386866/domains/servipro.site/public_html/app/app/Config/Routes.php')
 4 SYSTEMPATH/CodeIgniter.php(821): CodeIgniter\Router\RouteCollection->loadRoutes()
 5 SYSTEMPATH/CodeIgniter.php(455): CodeIgniter\CodeIgniter->tryToRouteIt(null)
 6 SYSTEMPATH/CodeIgniter.php(354): CodeIgniter\CodeIgniter->handleRequest(null, Object(Config\Cache), false)
 7 SYSTEMPATH/Boot.php(334): CodeIgniter\CodeIgniter->run()
 8 SYSTEMPATH/Boot.php(67): CodeIgniter\Boot::runCodeIgniter(Object(CodeIgniter\CodeIgniter))
 9 FCPATH/index.php(56): CodeIgniter\Boot::bootWeb(Object(Config\Paths))
WARNING - 2026-02-17 09:22:07 --> [DEPRECATED] Passing lowercase HTTP method "post" is deprecated. Use uppercase HTTP method like "POST". in SYSTEMPATH/Router/RouteCollection.php on line 1026.
 1 SYSTEMPATH/Router/RouteCollection.php(1026): trigger_error('Passing lowercase HTTP method "post" is deprecated. Use uppercase HTTP method like "POST".', 16384)
 2 APPPATH/Config/Routes.php(135): CodeIgniter\Router\RouteCollection->match([...], 'locations/generarPDF', 'LocationsPdfController::generarPDF')
 3 SYSTEMPATH/Router/RouteCollection.php(339): require('/home/u976386866/domains/servipro.site/public_html/app/app/Config/Routes.php')
 4 SYSTEMPATH/CodeIgniter.php(821): CodeIgniter\Router\RouteCollection->loadRoutes()
 5 SYSTEMPATH/CodeIgniter.php(455): CodeIgniter\CodeIgniter->tryToRouteIt(null)
 6 SYSTEMPATH/CodeIgniter.php(354): CodeIgniter\CodeIgniter->handleRequest(null, Object(Config\Cache), false)
 7 SYSTEMPATH/Boot.php(334): CodeIgniter\CodeIgniter->run()
 8 SYSTEMPATH/Boot.php(67): CodeIgniter\Boot::runCodeIgniter(Object(CodeIgniter\CodeIgniter))
 9 FCPATH/index.php(56): CodeIgniter\Boot::bootWeb(Object(Config\Paths))
WARNING - 2026-02-17 09:22:07 --> [DEPRECATED] Passing lowercase HTTP method "post" is deprecated. Use uppercase HTTP method like "POST". in SYSTEMPATH/Router/RouteCollection.php on line 1026.
 1 SYSTEMPATH/Router/RouteCollection.php(1026): trigger_error('Passing lowercase HTTP method "post" is deprecated. Use uppercase HTTP method like "POST".', 16384)
 2 APPPATH/Config/Routes.php(135): CodeIgniter\Router\RouteCollection->match([...], 'locations/generarPDF', 'LocationsPdfController::generarPDF')
 3 SYSTEMPATH/Router/RouteCollection.php(339): require('/home/u976386866/domains/servipro.site/public_html/app/app/Config/Routes.php')
 4 SYSTEMPATH/CodeIgniter.php(821): CodeIgniter\Router\RouteCollection->loadRoutes()
 5 SYSTEMPATH/CodeIgniter.php(455): CodeIgniter\CodeIgniter->tryToRouteIt(null)
 6 SYSTEMPATH/CodeIgniter.php(354): CodeIgniter\CodeIgniter->handleRequest(null, Object(Config\Cache), false)
 7 SYSTEMPATH/Boot.php(334): CodeIgniter\CodeIgniter->run()
 8 SYSTEMPATH/Boot.php(67): CodeIgniter\Boot::runCodeIgniter(Object(CodeIgniter\CodeIgniter))
 9 FCPATH/index.php(56): CodeIgniter\Boot::bootWeb(Object(Config\Paths))
WARNING - 2026-02-17 09:22:07 --> [DEPRECATED] Passing lowercase HTTP method "get" is deprecated. Use uppercase HTTP method like "GET". in SYSTEMPATH/Router/RouteCollection.php on line 1026.
 1 SYSTEMPATH/Router/RouteCollection.php(1026): trigger_error('Passing lowercase HTTP method "get" is deprecated. Use uppercase HTTP method like "GET".', 16384)
 2 APPPATH/Config/Routes.php(135): CodeIgniter\Router\RouteCollection->match([...], 'locations/generarPDF', 'LocationsPdfController::generarPDF')
 3 SYSTEMPATH/Router/RouteCollection.php(339): require('/home/u976386866/domains/servipro.site/public_html/app/app/Config/Routes.php')
 4 SYSTEMPATH/CodeIgniter.php(821): CodeIgniter\Router\RouteCollection->loadRoutes()
 5 SYSTEMPATH/CodeIgniter.php(455): CodeIgniter\CodeIgniter->tryToRouteIt(null)
 6 SYSTEMPATH/CodeIgniter.php(354): CodeIgniter\CodeIgniter->handleRequest(null, Object(Config\Cache), false)
 7 SYSTEMPATH/Boot.php(334): CodeIgniter\CodeIgniter->run()
 8 SYSTEMPATH/Boot.php(67): CodeIgniter\Boot::runCodeIgniter(Object(CodeIgniter\CodeIgniter))
 9 FCPATH/index.php(56): CodeIgniter\Boot::bootWeb(Object(Config\Paths))
WARNING - 2026-02-17 09:22:07 --> [DEPRECATED] Passing lowercase HTTP method "post" is deprecated. Use uppercase HTTP method like "POST". in SYSTEMPATH/Router/RouteCollection.php on line 1026.
 1 SYSTEMPATH/Router/RouteCollection.php(1026): trigger_error('Passing lowercase HTTP method "post" is deprecated. Use uppercase HTTP method like "POST".', 16384)
 2 APPPATH/Config/Routes.php(135): CodeIgniter\Router\RouteCollection->match([...], 'locations/generarPDF', 'LocationsPdfController::generarPDF')
 3 SYSTEMPATH/Router/RouteCollection.php(339): require('/home/u976386866/domains/servipro.site/public_html/app/app/Config/Routes.php')
 4 SYSTEMPATH/CodeIgniter.php(821): CodeIgniter\Router\RouteCollection->loadRoutes()
 5 SYSTEMPATH/CodeIgniter.php(455): CodeIgniter\CodeIgniter->tryToRouteIt(null)
 6 SYSTEMPATH/CodeIgniter.php(354): CodeIgniter\CodeIgniter->handleRequest(null, Object(Config\Cache), false)
 7 SYSTEMPATH/Boot.php(334): CodeIgniter\CodeIgniter->run()
 8 SYSTEMPATH/Boot.php(67): CodeIgniter\Boot::runCodeIgniter(Object(CodeIgniter\CodeIgniter))
 9 FCPATH/index.php(56): CodeIgniter\Boot::bootWeb(Object(Config\Paths))
WARNING - 2026-02-17 09:22:07 --> [DEPRECATED] Passing lowercase HTTP method "post" is deprecated. Use uppercase HTTP method like "POST". in SYSTEMPATH/Router/RouteCollection.php on line 1026.
 1 SYSTEMPATH/Router/RouteCollection.php(1026): trigger_error('Passing lowercase HTTP method "post" is deprecated. Use uppercase HTTP method like "POST".', 16384)
 2 APPPATH/Config/Routes.php(135): CodeIgniter\Router\RouteCollection->match([...], 'locations/generarPDF', 'LocationsPdfController::generarPDF')
 3 SYSTEMPATH/Router/RouteCollection.php(339): require('/home/u976386866/domains/servipro.site/public_html/app/app/Config/Routes.php')
 4 SYSTEMPATH/CodeIgniter.php(821): CodeIgniter\Router\RouteCollection->loadRoutes()
 5 SYSTEMPATH/CodeIgniter.php(455): CodeIgniter\CodeIgniter->tryToRouteIt(null)
 6 SYSTEMPATH/CodeIgniter.php(354): CodeIgniter\CodeIgniter->handleRequest(null, Object(Config\Cache), false)
 7 SYSTEMPATH/Boot.php(334): CodeIgniter\CodeIgniter->run()
 8 SYSTEMPATH/Boot.php(67): CodeIgniter\Boot::runCodeIgniter(Object(CodeIgniter\CodeIgniter))
 9 FCPATH/index.php(56): CodeIgniter\Boot::bootWeb(Object(Config\Paths))
WARNING - 2026-02-17 09:22:07 --> [DEPRECATED] Passing lowercase HTTP method "post" is deprecated. Use uppercase HTTP method like "POST". in SYSTEMPATH/Router/RouteCollection.php on line 1026.
 1 SYSTEMPATH/Router/RouteCollection.php(1026): trigger_error('Passing lowercase HTTP method "post" is deprecated. Use uppercase HTTP method like "POST".', 16384)
 2 APPPATH/Config/Routes.php(135): CodeIgniter\Router\RouteCollection->match([...], 'locations/generarPDF', 'LocationsPdfController::generarPDF')
 3 SYSTEMPATH/Router/RouteCollection.php(339): require('/home/u976386866/domains/servipro.site/public_html/app/app/Config/Routes.php')
 4 SYSTEMPATH/CodeIgniter.php(821): CodeIgniter\Router\RouteCollection->loadRoutes()
 5 SYSTEMPATH/CodeIgniter.php(455): CodeIgniter\CodeIgniter->tryToRouteIt(null)
 6 SYSTEMPATH/CodeIgniter.php(354): CodeIgniter\CodeIgniter->handleRequest(null, Object(Config\Cache), false)
 7 SYSTEMPATH/Boot.php(334): CodeIgniter\CodeIgniter->run()
 8 SYSTEMPATH/Boot.php(67): CodeIgniter\Boot::runCodeIgniter(Object(CodeIgniter\CodeIgniter))
 9 FCPATH/index.php(56): CodeIgniter\Boot::bootWeb(Object(Config\Paths))
WARNING - 2026-02-17 09:22:07 --> [DEPRECATED] Passing lowercase HTTP method "post" is deprecated. Use uppercase HTTP method like "POST". in SYSTEMPATH/Router/RouteCollection.php on line 1026.
 1 SYSTEMPATH/Router/RouteCollection.php(1026): trigger_error('Passing lowercase HTTP method "post" is deprecated. Use uppercase HTTP method like "POST".', 16384)
 2 APPPATH/Config/Routes.php(135): CodeIgniter\Router\RouteCollection->match([...], 'locations/generarPDF', 'LocationsPdfController::generarPDF')
 3 SYSTEMPATH/Router/RouteCollection.php(339): require('/home/u976386866/domains/servipro.site/public_html/app/app/Config/Routes.php')
 4 SYSTEMPATH/CodeIgniter.php(821): CodeIgniter\Router\RouteCollection->loadRoutes()
 5 SYSTEMPATH/CodeIgniter.php(455): CodeIgniter\CodeIgniter->tryToRouteIt(null)
 6 SYSTEMPATH/CodeIgniter.php(354): CodeIgniter\CodeIgniter->handleRequest(null, Object(Config\Cache), false)
 7 SYSTEMPATH/Boot.php(334): CodeIgniter\CodeIgniter->run()
 8 SYSTEMPATH/Boot.php(67): CodeIgniter\Boot::runCodeIgniter(Object(CodeIgniter\CodeIgniter))
 9 FCPATH/index.php(56): CodeIgniter\Boot::bootWeb(Object(Config\Paths))
WARNING - 2026-02-17 09:22:07 --> [DEPRECATED] Passing lowercase HTTP method "post" is deprecated. Use uppercase HTTP method like "POST". in SYSTEMPATH/Router/RouteCollection.php on line 1026.
 1 SYSTEMPATH/Router/RouteCollection.php(1026): trigger_error('Passing lowercase HTTP method "post" is deprecated. Use uppercase HTTP method like "POST".', 16384)
 2 APPPATH/Config/Routes.php(135): CodeIgniter\Router\RouteCollection->match([...], 'locations/generarPDF', 'LocationsPdfController::generarPDF')
 3 SYSTEMPATH/Router/RouteCollection.php(339): require('/home/u976386866/domains/servipro.site/public_html/app/app/Config/Routes.php')
 4 SYSTEMPATH/CodeIgniter.php(821): CodeIgniter\Router\RouteCollection->loadRoutes()
 5 SYSTEMPATH/CodeIgniter.php(455): CodeIgniter\CodeIgniter->tryToRouteIt(null)
 6 SYSTEMPATH/CodeIgniter.php(354): CodeIgniter\CodeIgniter->handleRequest(null, Object(Config\Cache), false)
 7 SYSTEMPATH/Boot.php(334): CodeIgniter\CodeIgniter->run()
 8 SYSTEMPATH/Boot.php(67): CodeIgniter\Boot::runCodeIgniter(Object(CodeIgniter\CodeIgniter))
 9 FCPATH/index.php(56): CodeIgniter\Boot::bootWeb(Object(Config\Paths))
WARNING - 2026-02-17 09:22:07 --> [DEPRECATED] Passing lowercase HTTP method "post" is deprecated. Use uppercase HTTP method like "POST". in SYSTEMPATH/Router/RouteCollection.php on line 1026.
 1 SYSTEMPATH/Router/RouteCollection.php(1026): trigger_error('Passing lowercase HTTP method "post" is deprecated. Use uppercase HTTP method like "POST".', 16384)
 2 APPPATH/Config/Routes.php(135): CodeIgniter\Router\RouteCollection->match([...], 'locations/generarPDF', 'LocationsPdfController::generarPDF')
 3 SYSTEMPATH/Router/RouteCollection.php(339): require('/home/u976386866/domains/servipro.site/public_html/app/app/Config/Routes.php')
 4 SYSTEMPATH/CodeIgniter.php(821): CodeIgniter\Router\RouteCollection->loadRoutes()
 5 SYSTEMPATH/CodeIgniter.php(455): CodeIgniter\CodeIgniter->tryToRouteIt(null)
 6 SYSTEMPATH/CodeIgniter.php(354): CodeIgniter\CodeIgniter->handleRequest(null, Object(Config\Cache), false)
 7 SYSTEMPATH/Boot.php(334): CodeIgniter\CodeIgniter->run()
 8 SYSTEMPATH/Boot.php(67): CodeIgniter\Boot::runCodeIgniter(Object(CodeIgniter\CodeIgniter))
 9 FCPATH/index.php(56): CodeIgniter\Boot::bootWeb(Object(Config\Paths))
WARNING - 2026-02-17 09:22:07 --> [DEPRECATED] Passing lowercase HTTP method "get" is deprecated. Use uppercase HTTP method like "GET". in SYSTEMPATH/Router/RouteCollection.php on line 1026.
 1 SYSTEMPATH/Router/RouteCollection.php(1026): trigger_error('Passing lowercase HTTP method "get" is deprecated. Use uppercase HTTP method like "GET".', 16384)
 2 APPPATH/Config/Routes.php(135): CodeIgniter\Router\RouteCollection->match([...], 'locations/generarPDF', 'LocationsPdfController::generarPDF')
 3 SYSTEMPATH/Router/RouteCollection.php(339): require('/home/u976386866/domains/servipro.site/public_html/app/app/Config/Routes.php')
 4 SYSTEMPATH/CodeIgniter.php(821): CodeIgniter\Router\RouteCollection->loadRoutes()
 5 SYSTEMPATH/CodeIgniter.php(455): CodeIgniter\CodeIgniter->tryToRouteIt(null)
 6 SYSTEMPATH/CodeIgniter.php(354): CodeIgniter\CodeIgniter->handleRequest(null, Object(Config\Cache), false)
 7 SYSTEMPATH/Boot.php(334): CodeIgniter\CodeIgniter->run()
 8 SYSTEMPATH/Boot.php(67): CodeIgniter\Boot::runCodeIgniter(Object(CodeIgniter\CodeIgniter))
 9 FCPATH/index.php(56): CodeIgniter\Boot::bootWeb(Object(Config\Paths))
WARNING - 2026-02-17 09:22:07 --> [DEPRECATED] Passing lowercase HTTP method "post" is deprecated. Use uppercase HTTP method like "POST". in SYSTEMPATH/Router/RouteCollection.php on line 1026.
 1 SYSTEMPATH/Router/RouteCollection.php(1026): trigger_error('Passing lowercase HTTP method "post" is deprecated. Use uppercase HTTP method like "POST".', 16384)
 2 APPPATH/Config/Routes.php(135): CodeIgniter\Router\RouteCollection->match([...], 'locations/generarPDF', 'LocationsPdfController::generarPDF')
 3 SYSTEMPATH/Router/RouteCollection.php(339): require('/home/u976386866/domains/servipro.site/public_html/app/app/Config/Routes.php')
 4 SYSTEMPATH/CodeIgniter.php(821): CodeIgniter\Router\RouteCollection->loadRoutes()
 5 SYSTEMPATH/CodeIgniter.php(455): CodeIgniter\CodeIgniter->tryToRouteIt(null)
 6 SYSTEMPATH/CodeIgniter.php(354): CodeIgniter\CodeIgniter->handleRequest(null, Object(Config\Cache), false)
 7 SYSTEMPATH/Boot.php(334): CodeIgniter\CodeIgniter->run()
 8 SYSTEMPATH/Boot.php(67): CodeIgniter\Boot::runCodeIgniter(Object(CodeIgniter\CodeIgniter))
 9 FCPATH/index.php(56): CodeIgniter\Boot::bootWeb(Object(Config\Paths))
WARNING - 2026-02-17 09:22:07 --> [DEPRECATED] Passing lowercase HTTP method "post" is deprecated. Use uppercase HTTP method like "POST". in SYSTEMPATH/Router/RouteCollection.php on line 1026.
 1 SYSTEMPATH/Router/RouteCollection.php(1026): trigger_error('Passing lowercase HTTP method "post" is deprecated. Use uppercase HTTP method like "POST".', 16384)
 2 APPPATH/Config/Routes.php(135): CodeIgniter\Router\RouteCollection->match([...], 'locations/generarPDF', 'LocationsPdfController::generarPDF')
 3 SYSTEMPATH/Router/RouteCollection.php(339): require('/home/u976386866/domains/servipro.site/public_html/app/app/Config/Routes.php')
 4 SYSTEMPATH/CodeIgniter.php(821): CodeIgniter\Router\RouteCollection->loadRoutes()
 5 SYSTEMPATH/CodeIgniter.php(455): CodeIgniter\CodeIgniter->tryToRouteIt(null)
 6 SYSTEMPATH/CodeIgniter.php(354): CodeIgniter\CodeIgniter->handleRequest(null, Object(Config\Cache), false)
 7 SYSTEMPATH/Boot.php(334): CodeIgniter\CodeIgniter->run()
 8 SYSTEMPATH/Boot.php(67): CodeIgniter\Boot::runCodeIgniter(Object(CodeIgniter\CodeIgniter))
 9 FCPATH/index.php(56): CodeIgniter\Boot::bootWeb(Object(Config\Paths))
WARNING - 2026-02-17 09:22:07 --> [DEPRECATED] Passing lowercase HTTP method "post" is deprecated. Use uppercase HTTP method like "POST". in SYSTEMPATH/Router/RouteCollection.php on line 1026.
 1 SYSTEMPATH/Router/RouteCollection.php(1026): trigger_error('Passing lowercase HTTP method "post" is deprecated. Use uppercase HTTP method like "POST".', 16384)
 2 APPPATH/Config/Routes.php(135): CodeIgniter\Router\RouteCollection->match([...], 'locations/generarPDF', 'LocationsPdfController::generarPDF')
 3 SYSTEMPATH/Router/RouteCollection.php(339): require('/home/u976386866/domains/servipro.site/public_html/app/app/Config/Routes.php')
 4 SYSTEMPATH/CodeIgniter.php(821): CodeIgniter\Router\RouteCollection->loadRoutes()
 5 SYSTEMPATH/CodeIgniter.php(455): CodeIgniter\CodeIgniter->tryToRouteIt(null)
 6 SYSTEMPATH/CodeIgniter.php(354): CodeIgniter\CodeIgniter->handleRequest(null, Object(Config\Cache), false)
 7 SYSTEMPATH/Boot.php(334): CodeIgniter\CodeIgniter->run()
 8 SYSTEMPATH/Boot.php(67): CodeIgniter\Boot::runCodeIgniter(Object(CodeIgniter\CodeIgniter))
 9 FCPATH/index.php(56): CodeIgniter\Boot::bootWeb(Object(Config\Paths))
WARNING - 2026-02-17 09:22:07 --> [DEPRECATED] Passing lowercase HTTP method "get" is deprecated. Use uppercase HTTP method like "GET". in SYSTEMPATH/Router/RouteCollection.php on line 1026.
 1 SYSTEMPATH/Router/RouteCollection.php(1026): trigger_error('Passing lowercase HTTP method "get" is deprecated. Use uppercase HTTP method like "GET".', 16384)
 2 APPPATH/Config/Routes.php(135): CodeIgniter\Router\RouteCollection->match([...], 'locations/generarPDF', 'LocationsPdfController::generarPDF')
 3 SYSTEMPATH/Router/RouteCollection.php(339): require('/home/u976386866/domains/servipro.site/public_html/app/app/Config/Routes.php')
 4 SYSTEMPATH/CodeIgniter.php(821): CodeIgniter\Router\RouteCollection->loadRoutes()
 5 SYSTEMPATH/CodeIgniter.php(455): CodeIgniter\CodeIgniter->tryToRouteIt(null)
 6 SYSTEMPATH/CodeIgniter.php(354): CodeIgniter\CodeIgniter->handleRequest(null, Object(Config\Cache), false)
 7 SYSTEMPATH/Boot.php(334): CodeIgniter\CodeIgniter->run()
 8 SYSTEMPATH/Boot.php(67): CodeIgniter\Boot::runCodeIgniter(Object(CodeIgniter\CodeIgniter))
 9 FCPATH/index.php(56): CodeIgniter\Boot::bootWeb(Object(Config\Paths))
WARNING - 2026-02-17 09:22:07 --> [DEPRECATED] Passing lowercase HTTP method "post" is deprecated. Use uppercase HTTP method like "POST". in SYSTEMPATH/Router/RouteCollection.php on line 1026.
 1 SYSTEMPATH/Router/RouteCollection.php(1026): trigger_error('Passing lowercase HTTP method "post" is deprecated. Use uppercase HTTP method like "POST".', 16384)
 2 APPPATH/Config/Routes.php(135): CodeIgniter\Router\RouteCollection->match([...], 'locations/generarPDF', 'LocationsPdfController::generarPDF')
 3 SYSTEMPATH/Router/RouteCollection.php(339): require('/home/u976386866/domains/servipro.site/public_html/app/app/Config/Routes.php')
 4 SYSTEMPATH/CodeIgniter.php(821): CodeIgniter\Router\RouteCollection->loadRoutes()
 5 SYSTEMPATH/CodeIgniter.php(455): CodeIgniter\CodeIgniter->tryToRouteIt(null)
 6 SYSTEMPATH/CodeIgniter.php(354): CodeIgniter\CodeIgniter->handleRequest(null, Object(Config\Cache), false)
 7 SYSTEMPATH/Boot.php(334): CodeIgniter\CodeIgniter->run()
 8 SYSTEMPATH/Boot.php(67): CodeIgniter\Boot::runCodeIgniter(Object(CodeIgniter\CodeIgniter))
 9 FCPATH/index.php(56): CodeIgniter\Boot::bootWeb(Object(Config\Paths))
WARNING - 2026-02-17 09:22:07 --> [DEPRECATED] Passing lowercase HTTP method "get" is deprecated. Use uppercase HTTP method like "GET". in SYSTEMPATH/Router/RouteCollection.php on line 1026.
 1 SYSTEMPATH/Router/RouteCollection.php(1026): trigger_error('Passing lowercase HTTP method "get" is deprecated. Use uppercase HTTP method like "GET".', 16384)
 2 APPPATH/Config/Routes.php(135): CodeIgniter\Router\RouteCollection->match([...], 'locations/generarPDF', 'LocationsPdfController::generarPDF')
 3 SYSTEMPATH/Router/RouteCollection.php(339): require('/home/u976386866/domains/servipro.site/public_html/app/app/Config/Routes.php')
 4 SYSTEMPATH/CodeIgniter.php(821): CodeIgniter\Router\RouteCollection->loadRoutes()
 5 SYSTEMPATH/CodeIgniter.php(455): CodeIgniter\CodeIgniter->tryToRouteIt(null)
 6 SYSTEMPATH/CodeIgniter.php(354): CodeIgniter\CodeIgniter->handleRequest(null, Object(Config\Cache), false)
 7 SYSTEMPATH/Boot.php(334): CodeIgniter\CodeIgniter->run()
 8 SYSTEMPATH/Boot.php(67): CodeIgniter\Boot::runCodeIgniter(Object(CodeIgniter\CodeIgniter))
 9 FCPATH/index.php(56): CodeIgniter\Boot::bootWeb(Object(Config\Paths))
WARNING - 2026-02-17 09:22:07 --> [DEPRECATED] Passing lowercase HTTP method "post" is deprecated. Use uppercase HTTP method like "POST". in SYSTEMPATH/Router/RouteCollection.php on line 1026.
 1 SYSTEMPATH/Router/RouteCollection.php(1026): trigger_error('Passing lowercase HTTP method "post" is deprecated. Use uppercase HTTP method like "POST".', 16384)
 2 APPPATH/Config/Routes.php(135): CodeIgniter\Router\RouteCollection->match([...], 'locations/generarPDF', 'LocationsPdfController::generarPDF')
 3 SYSTEMPATH/Router/RouteCollection.php(339): require('/home/u976386866/domains/servipro.site/public_html/app/app/Config/Routes.php')
 4 SYSTEMPATH/CodeIgniter.php(821): CodeIgniter\Router\RouteCollection->loadRoutes()
 5 SYSTEMPATH/CodeIgniter.php(455): CodeIgniter\CodeIgniter->tryToRouteIt(null)
 6 SYSTEMPATH/CodeIgniter.php(354): CodeIgniter\CodeIgniter->handleRequest(null, Object(Config\Cache), false)
 7 SYSTEMPATH/Boot.php(334): CodeIgniter\CodeIgniter->run()
 8 SYSTEMPATH/Boot.php(67): CodeIgniter\Boot::runCodeIgniter(Object(CodeIgniter\CodeIgniter))
 9 FCPATH/index.php(56): CodeIgniter\Boot::bootWeb(Object(Config\Paths))
WARNING - 2026-02-17 09:22:07 --> [DEPRECATED] Passing lowercase HTTP method "get" is deprecated. Use uppercase HTTP method like "GET". in SYSTEMPATH/Router/RouteCollection.php on line 1026.
 1 SYSTEMPATH/Router/RouteCollection.php(1026): trigger_error('Passing lowercase HTTP method "get" is deprecated. Use uppercase HTTP method like "GET".', 16384)
 2 APPPATH/Config/Routes.php(135): CodeIgniter\Router\RouteCollection->match([...], 'locations/generarPDF', 'LocationsPdfController::generarPDF')
 3 SYSTEMPATH/Router/RouteCollection.php(339): require('/home/u976386866/domains/servipro.site/public_html/app/app/Config/Routes.php')
 4 SYSTEMPATH/CodeIgniter.php(821): CodeIgniter\Router\RouteCollection->loadRoutes()
 5 SYSTEMPATH/CodeIgniter.php(455): CodeIgniter\CodeIgniter->tryToRouteIt(null)
 6 SYSTEMPATH/CodeIgniter.php(354): CodeIgniter\CodeIgniter->handleRequest(null, Object(Config\Cache), false)
 7 SYSTEMPATH/Boot.php(334): CodeIgniter\CodeIgniter->run()
 8 SYSTEMPATH/Boot.php(67): CodeIgniter\Boot::runCodeIgniter(Object(CodeIgniter\CodeIgniter))
 9 FCPATH/index.php(56): CodeIgniter\Boot::bootWeb(Object(Config\Paths))
WARNING - 2026-02-17 09:22:07 --> [DEPRECATED] Passing lowercase HTTP method "get" is deprecated. Use uppercase HTTP method like "GET". in SYSTEMPATH/Router/RouteCollection.php on line 1026.
 1 SYSTEMPATH/Router/RouteCollection.php(1026): trigger_error('Passing lowercase HTTP method "get" is deprecated. Use uppercase HTTP method like "GET".', 16384)
 2 APPPATH/Config/Routes.php(135): CodeIgniter\Router\RouteCollection->match([...], 'locations/generarPDF', 'LocationsPdfController::generarPDF')
 3 SYSTEMPATH/Router/RouteCollection.php(339): require('/home/u976386866/domains/servipro.site/public_html/app/app/Config/Routes.php')
 4 SYSTEMPATH/CodeIgniter.php(821): CodeIgniter\Router\RouteCollection->loadRoutes()
 5 SYSTEMPATH/CodeIgniter.php(455): CodeIgniter\CodeIgniter->tryToRouteIt(null)
 6 SYSTEMPATH/CodeIgniter.php(354): CodeIgniter\CodeIgniter->handleRequest(null, Object(Config\Cache), false)
 7 SYSTEMPATH/Boot.php(334): CodeIgniter\CodeIgniter->run()
 8 SYSTEMPATH/Boot.php(67): CodeIgniter\Boot::runCodeIgniter(Object(CodeIgniter\CodeIgniter))
 9 FCPATH/index.php(56): CodeIgniter\Boot::bootWeb(Object(Config\Paths))
WARNING - 2026-02-17 09:22:07 --> [DEPRECATED] Passing lowercase HTTP method "post" is deprecated. Use uppercase HTTP method like "POST". in SYSTEMPATH/Router/RouteCollection.php on line 1026.
 1 SYSTEMPATH/Router/RouteCollection.php(1026): trigger_error('Passing lowercase HTTP method "post" is deprecated. Use uppercase HTTP method like "POST".', 16384)
 2 APPPATH/Config/Routes.php(135): CodeIgniter\Router\RouteCollection->match([...], 'locations/generarPDF', 'LocationsPdfController::generarPDF')
 3 SYSTEMPATH/Router/RouteCollection.php(339): require('/home/u976386866/domains/servipro.site/public_html/app/app/Config/Routes.php')
 4 SYSTEMPATH/CodeIgniter.php(821): CodeIgniter\Router\RouteCollection->loadRoutes()
 5 SYSTEMPATH/CodeIgniter.php(455): CodeIgniter\CodeIgniter->tryToRouteIt(null)
 6 SYSTEMPATH/CodeIgniter.php(354): CodeIgniter\CodeIgniter->handleRequest(null, Object(Config\Cache), false)
 7 SYSTEMPATH/Boot.php(334): CodeIgniter\CodeIgniter->run()
 8 SYSTEMPATH/Boot.php(67): CodeIgniter\Boot::runCodeIgniter(Object(CodeIgniter\CodeIgniter))
 9 FCPATH/index.php(56): CodeIgniter\Boot::bootWeb(Object(Config\Paths))
WARNING - 2026-02-17 09:22:07 --> [DEPRECATED] Passing lowercase HTTP method "post" is deprecated. Use uppercase HTTP method like "POST". in SYSTEMPATH/Router/RouteCollection.php on line 1026.
 1 SYSTEMPATH/Router/RouteCollection.php(1026): trigger_error('Passing lowercase HTTP method "post" is deprecated. Use uppercase HTTP method like "POST".', 16384)
 2 APPPATH/Config/Routes.php(135): CodeIgniter\Router\RouteCollection->match([...], 'locations/generarPDF', 'LocationsPdfController::generarPDF')
 3 SYSTEMPATH/Router/RouteCollection.php(339): require('/home/u976386866/domains/servipro.site/public_html/app/app/Config/Routes.php')
 4 SYSTEMPATH/CodeIgniter.php(821): CodeIgniter\Router\RouteCollection->loadRoutes()
 5 SYSTEMPATH/CodeIgniter.php(455): CodeIgniter\CodeIgniter->tryToRouteIt(null)
 6 SYSTEMPATH/CodeIgniter.php(354): CodeIgniter\CodeIgniter->handleRequest(null, Object(Config\Cache), false)
 7 SYSTEMPATH/Boot.php(334): CodeIgniter\CodeIgniter->run()
 8 SYSTEMPATH/Boot.php(67): CodeIgniter\Boot::runCodeIgniter(Object(CodeIgniter\CodeIgniter))
 9 FCPATH/index.php(56): CodeIgniter\Boot::bootWeb(Object(Config\Paths))
WARNING - 2026-02-17 09:22:07 --> [DEPRECATED] Passing lowercase HTTP method "post" is deprecated. Use uppercase HTTP method like "POST". in SYSTEMPATH/Router/RouteCollection.php on line 1026.
 1 SYSTEMPATH/Router/RouteCollection.php(1026): trigger_error('Passing lowercase HTTP method "post" is deprecated. Use uppercase HTTP method like "POST".', 16384)
 2 APPPATH/Config/Routes.php(135): CodeIgniter\Router\RouteCollection->match([...], 'locations/generarPDF', 'LocationsPdfController::generarPDF')
 3 SYSTEMPATH/Router/RouteCollection.php(339): require('/home/u976386866/domains/servipro.site/public_html/app/app/Config/Routes.php')
 4 SYSTEMPATH/CodeIgniter.php(821): CodeIgniter\Router\RouteCollection->loadRoutes()
 5 SYSTEMPATH/CodeIgniter.php(455): CodeIgniter\CodeIgniter->tryToRouteIt(null)
 6 SYSTEMPATH/CodeIgniter.php(354): CodeIgniter\CodeIgniter->handleRequest(null, Object(Config\Cache), false)
 7 SYSTEMPATH/Boot.php(334): CodeIgniter\CodeIgniter->run()
 8 SYSTEMPATH/Boot.php(67): CodeIgniter\Boot::runCodeIgniter(Object(CodeIgniter\CodeIgniter))
 9 FCPATH/index.php(56): CodeIgniter\Boot::bootWeb(Object(Config\Paths))
WARNING - 2026-02-17 09:22:07 --> [DEPRECATED] Passing lowercase HTTP method "get" is deprecated. Use uppercase HTTP method like "GET". in SYSTEMPATH/Router/RouteCollection.php on line 1026.
 1 SYSTEMPATH/Router/RouteCollection.php(1026): trigger_error('Passing lowercase HTTP method "get" is deprecated. Use uppercase HTTP method like "GET".', 16384)
 2 APPPATH/Config/Routes.php(135): CodeIgniter\Router\RouteCollection->match([...], 'locations/generarPDF', 'LocationsPdfController::generarPDF')
 3 SYSTEMPATH/Router/RouteCollection.php(339): require('/home/u976386866/domains/servipro.site/public_html/app/app/Config/Routes.php')
 4 SYSTEMPATH/CodeIgniter.php(821): CodeIgniter\Router\RouteCollection->loadRoutes()
 5 SYSTEMPATH/CodeIgniter.php(455): CodeIgniter\CodeIgniter->tryToRouteIt(null)
 6 SYSTEMPATH/CodeIgniter.php(354): CodeIgniter\CodeIgniter->handleRequest(null, Object(Config\Cache), false)
 7 SYSTEMPATH/Boot.php(334): CodeIgniter\CodeIgniter->run()
 8 SYSTEMPATH/Boot.php(67): CodeIgniter\Boot::runCodeIgniter(Object(CodeIgniter\CodeIgniter))
 9 FCPATH/index.php(56): CodeIgniter\Boot::bootWeb(Object(Config\Paths))
WARNING - 2026-02-17 09:22:07 --> [DEPRECATED] Passing lowercase HTTP method "post" is deprecated. Use uppercase HTTP method like "POST". in SYSTEMPATH/Router/RouteCollection.php on line 1026.
 1 SYSTEMPATH/Router/RouteCollection.php(1026): trigger_error('Passing lowercase HTTP method "post" is deprecated. Use uppercase HTTP method like "POST".', 16384)
 2 APPPATH/Config/Routes.php(135): CodeIgniter\Router\RouteCollection->match([...], 'locations/generarPDF', 'LocationsPdfController::generarPDF')
 3 SYSTEMPATH/Router/RouteCollection.php(339): require('/home/u976386866/domains/servipro.site/public_html/app/app/Config/Routes.php')
 4 SYSTEMPATH/CodeIgniter.php(821): CodeIgniter\Router\RouteCollection->loadRoutes()
 5 SYSTEMPATH/CodeIgniter.php(455): CodeIgniter\CodeIgniter->tryToRouteIt(null)
 6 SYSTEMPATH/CodeIgniter.php(354): CodeIgniter\CodeIgniter->handleRequest(null, Object(Config\Cache), false)
 7 SYSTEMPATH/Boot.php(334): CodeIgniter\CodeIgniter->run()
 8 SYSTEMPATH/Boot.php(67): CodeIgniter\Boot::runCodeIgniter(Object(CodeIgniter\CodeIgniter))
 9 FCPATH/index.php(56): CodeIgniter\Boot::bootWeb(Object(Config\Paths))
DEBUG - 2026-02-17 09:22:07 --> Session: Class initialized using 'CodeIgniter\Session\Handlers\FileHandler' driver.
INFO - 2026-02-17 09:22:07 --> trampa_id recibido: 1759
INFO - 2026-02-17 09:22:07 --> tipo_plaga recibido: mosca_forida
INFO - 2026-02-17 09:22:07 --> tipo_incidencia recibido: Captura
INFO - 2026-02-17 09:22:07 --> Datos de incidencia recibidos: {"id_trampa":"1759","tipo_plaga":"mosca_forida","tipo_insecto":"Volador","cantidad_organismos":"4","tipo_incidencia":"Captura","zona":null,"notas":"","inspector":"Juan Carlos L\u00f3pez "}
INFO - 2026-02-17 09:22:07 --> Búsqueda por id_trampa: No encontrada
INFO - 2026-02-17 09:22:07 --> Búsqueda por id: Encontrada
INFO - 2026-02-17 09:22:07 --> ID de trampa encontrado: 1759, ID de sede: 27, ID de plano: 108
INFO - 2026-02-17 09:22:07 --> Valores antes de guardar: tipo_insecto=Volador, tipo_incidencia=Captura
INFO - 2026-02-17 09:22:07 --> Datos a insertar: {"sede_id":"27","plano_id":"108","fecha":"2026-01-19 00:00:00","tipo_plaga":"mosca_forida","tipo_insecto":"Volador","cantidad_organismos":"4","tipo_incidencia":"Captura","notas":"","inspector":"Juan Carlos L\u00f3pez ","id_trampa":"1759"}
INFO - 2026-02-17 09:22:07 --> Incidencia guardada con ID: 5797
INFO - 2026-02-17 09:22:07 --> Incidencia guardada y verificada: {"id":"5797","id_trampa":"1759","sede_id":"27","fecha":"2026-01-19 00:00:00","tipo_plaga":"mosca_forida","tipo_insecto":"Volador","cantidad_organismos":"4","tipo_incidencia":"Captura","notas":"","inspector":"Juan Carlos L\u00f3pez ","plano_id":"108"}
DEBUG - 2026-02-17 09:22:07 --> Session: Class initialized using 'CodeIgniter\Session\Handlers\FileHandler' driver.
INFO - 2026-02-17 09:22:07 --> trampa_id recibido: 1760
INFO - 2026-02-17 09:22:07 --> tipo_plaga recibido: mosca_metalica
INFO - 2026-02-17 09:22:07 --> tipo_incidencia recibido: Captura
INFO - 2026-02-17 09:22:07 --> Datos de incidencia recibidos: {"id_trampa":"1760","tipo_plaga":"mosca_metalica","tipo_insecto":"Volador","cantidad_organismos":"1","tipo_incidencia":"Captura","zona":null,"notas":"","inspector":"Juan Carlos L\u00f3pez "}
INFO - 2026-02-17 09:22:07 --> Búsqueda por id_trampa: No encontrada
INFO - 2026-02-17 09:22:07 --> Búsqueda por id: Encontrada
INFO - 2026-02-17 09:22:07 --> ID de trampa encontrado: 1760, ID de sede: 27, ID de plano: 108
INFO - 2026-02-17 09:22:07 --> Valores antes de guardar: tipo_insecto=Volador, tipo_incidencia=Captura
INFO - 2026-02-17 09:22:07 --> Datos a insertar: {"sede_id":"27","plano_id":"108","fecha":"2026-01-19 00:00:00","tipo_plaga":"mosca_metalica","tipo_insecto":"Volador","cantidad_organismos":"1","tipo_incidencia":"Captura","notas":"","inspector":"Juan Carlos L\u00f3pez ","id_trampa":"1760"}
INFO - 2026-02-17 09:22:07 --> Incidencia guardada con ID: 5798
INFO - 2026-02-17 09:22:07 --> Incidencia guardada y verificada: {"id":"5798","id_trampa":"1760","sede_id":"27","fecha":"2026-01-19 00:00:00","tipo_plaga":"mosca_metalica","tipo_insecto":"Volador","cantidad_organismos":"1","tipo_incidencia":"Captura","notas":"","inspector":"Juan Carlos L\u00f3pez ","plano_id":"108"}
DEBUG - 2026-02-17 09:22:07 --> Session: Class initialized using 'CodeIgniter\Session\Handlers\FileHandler' driver.
INFO - 2026-02-17 09:22:07 --> trampa_id recibido: 1764
INFO - 2026-02-17 09:22:07 --> tipo_plaga recibido: mosca_domestica
INFO - 2026-02-17 09:22:07 --> tipo_incidencia recibido: Captura
INFO - 2026-02-17 09:22:07 --> Datos de incidencia recibidos: {"id_trampa":"1764","tipo_plaga":"mosca_domestica","tipo_insecto":"Volador","cantidad_organismos":"1","tipo_incidencia":"Captura","zona":null,"notas":"","inspector":"Juan Carlos L\u00f3pez "}
INFO - 2026-02-17 09:22:07 --> Búsqueda por id_trampa: No encontrada
INFO - 2026-02-17 09:22:07 --> Búsqueda por id: Encontrada
INFO - 2026-02-17 09:22:07 --> ID de trampa encontrado: 1764, ID de sede: 27, ID de plano: 108
INFO - 2026-02-17 09:22:07 --> Valores antes de guardar: tipo_insecto=Volador, tipo_incidencia=Captura
INFO - 2026-02-17 09:22:07 --> Datos a insertar: {"sede_id":"27","plano_id":"108","fecha":"2026-01-19 00:00:00","tipo_plaga":"mosca_domestica","tipo_insecto":"Volador","cantidad_organismos":"1","tipo_incidencia":"Captura","notas":"","inspector":"Juan Carlos L\u00f3pez ","id_trampa":"1764"}
INFO - 2026-02-17 09:22:07 --> Incidencia guardada con ID: 5799
INFO - 2026-02-17 09:22:07 --> Incidencia guardada y verificada: {"id":"5799","id_trampa":"1764","sede_id":"27","fecha":"2026-01-19 00:00:00","tipo_plaga":"mosca_domestica","tipo_insecto":"Volador","cantidad_organismos":"1","tipo_incidencia":"Captura","notas":"","inspector":"Juan Carlos L\u00f3pez ","plano_id":"108"}
DEBUG - 2026-02-17 09:22:07 --> Session: Class initialized using 'CodeIgniter\Session\Handlers\FileHandler' driver.
INFO - 2026-02-17 09:22:07 --> trampa_id recibido: 1767
INFO - 2026-02-17 09:22:07 --> tipo_plaga recibido: mosca_forida
INFO - 2026-02-17 09:22:07 --> tipo_incidencia recibido: Captura
INFO - 2026-02-17 09:22:07 --> Datos de incidencia recibidos: {"id_trampa":"1767","tipo_plaga":"mosca_forida","tipo_insecto":"Volador","cantidad_organismos":"15","tipo_incidencia":"Captura","zona":null,"notas":"","inspector":"Juan Carlos L\u00f3pez "}
INFO - 2026-02-17 09:22:07 --> Búsqueda por id_trampa: No encontrada
INFO - 2026-02-17 09:22:07 --> Búsqueda por id: Encontrada
INFO - 2026-02-17 09:22:07 --> ID de trampa encontrado: 1767, ID de sede: 27, ID de plano: 108
INFO - 2026-02-17 09:22:07 --> Valores antes de guardar: tipo_insecto=Volador, tipo_incidencia=Captura
INFO - 2026-02-17 09:22:07 --> Datos a insertar: {"sede_id":"27","plano_id":"108","fecha":"2026-01-19 00:00:00","tipo_plaga":"mosca_forida","tipo_insecto":"Volador","cantidad_organismos":"15","tipo_incidencia":"Captura","notas":"","inspector":"Juan Carlos L\u00f3pez ","id_trampa":"1767"}
INFO - 2026-02-17 09:22:07 --> Incidencia guardada con ID: 5800
INFO - 2026-02-17 09:22:07 --> Incidencia guardada y verificada: {"id":"5800","id_trampa":"1767","sede_id":"27","fecha":"2026-01-19 00:00:00","tipo_plaga":"mosca_forida","tipo_insecto":"Volador","cantidad_organismos":"15","tipo_incidencia":"Captura","notas":"","inspector":"Juan Carlos L\u00f3pez ","plano_id":"108"}
DEBUG - 2026-02-17 09:22:07 --> Session: Class initialized using 'CodeIgniter\Session\Handlers\FileHandler' driver.
INFO - 2026-02-17 09:22:07 --> trampa_id recibido: 1750
INFO - 2026-02-17 09:22:07 --> tipo_plaga recibido: mosca_forida
INFO - 2026-02-17 09:22:07 --> tipo_incidencia recibido: Captura
INFO - 2026-02-17 09:22:07 --> Datos de incidencia recibidos: {"id_trampa":"1750","tipo_plaga":"mosca_forida","tipo_insecto":"Volador","cantidad_organismos":"5","tipo_incidencia":"Captura","zona":null,"notas":"","inspector":"Juan Carlos L\u00f3pez "}
INFO - 2026-02-17 09:22:07 --> Búsqueda por id_trampa: No encontrada
INFO - 2026-02-17 09:22:07 --> Búsqueda por id: Encontrada
INFO - 2026-02-17 09:22:07 --> ID de trampa encontrado: 1750, ID de sede: 27, ID de plano: 108
INFO - 2026-02-17 09:22:07 --> Valores antes de guardar: tipo_insecto=Volador, tipo_incidencia=Captura
INFO - 2026-02-17 09:22:07 --> Datos a insertar: {"sede_id":"27","plano_id":"108","fecha":"2026-01-19 00:00:00","tipo_plaga":"mosca_forida","tipo_insecto":"Volador","cantidad_organismos":"5","tipo_incidencia":"Captura","notas":"","inspector":"Juan Carlos L\u00f3pez ","id_trampa":"1750"}
INFO - 2026-02-17 09:22:07 --> Incidencia guardada con ID: 5801
INFO - 2026-02-17 09:22:07 --> Incidencia guardada y verificada: {"id":"5801","id_trampa":"1750","sede_id":"27","fecha":"2026-01-19 00:00:00","tipo_plaga":"mosca_forida","tipo_insecto":"Volador","cantidad_organismos":"5","tipo_incidencia":"Captura","notas":"","inspector":"Juan Carlos L\u00f3pez ","plano_id":"108"}
DEBUG - 2026-02-17 09:22:07 --> Session: Class initialized using 'CodeIgniter\Session\Handlers\FileHandler' driver.
INFO - 2026-02-17 09:22:07 --> trampa_id recibido: 1752
INFO - 2026-02-17 09:22:07 --> tipo_plaga recibido: mosca_forida
INFO - 2026-02-17 09:22:07 --> tipo_incidencia recibido: Captura
INFO - 2026-02-17 09:22:07 --> Datos de incidencia recibidos: {"id_trampa":"1752","tipo_plaga":"mosca_forida","tipo_insecto":"Volador","cantidad_organismos":"5","tipo_incidencia":"Captura","zona":null,"notas":"","inspector":"Juan Carlos L\u00f3pez "}
INFO - 2026-02-17 09:22:07 --> Búsqueda por id_trampa: No encontrada
INFO - 2026-02-17 09:22:07 --> Búsqueda por id: Encontrada
INFO - 2026-02-17 09:22:07 --> ID de trampa encontrado: 1752, ID de sede: 27, ID de plano: 108
INFO - 2026-02-17 09:22:07 --> Valores antes de guardar: tipo_insecto=Volador, tipo_incidencia=Captura
INFO - 2026-02-17 09:22:07 --> Datos a insertar: {"sede_id":"27","plano_id":"108","fecha":"2026-01-19 00:00:00","tipo_plaga":"mosca_forida","tipo_insecto":"Volador","cantidad_organismos":"5","tipo_incidencia":"Captura","notas":"","inspector":"Juan Carlos L\u00f3pez ","id_trampa":"1752"}
INFO - 2026-02-17 09:22:07 --> Incidencia guardada con ID: 5802
INFO - 2026-02-17 09:22:07 --> Incidencia guardada y verificada: {"id":"5802","id_trampa":"1752","sede_id":"27","fecha":"2026-01-19 00:00:00","tipo_plaga":"mosca_forida","tipo_insecto":"Volador","cantidad_organismos":"5","tipo_incidencia":"Captura","notas":"","inspector":"Juan Carlos L\u00f3pez ","plano_id":"108"}
DEBUG - 2026-02-17 09:22:07 --> Session: Class initialized using 'CodeIgniter\Session\Handlers\FileHandler' driver.
INFO - 2026-02-17 09:22:07 --> trampa_id recibido: 1760
INFO - 2026-02-17 09:22:07 --> tipo_plaga recibido: mosca_domestica
INFO - 2026-02-17 09:22:07 --> tipo_incidencia recibido: Captura
INFO - 2026-02-17 09:22:07 --> Datos de incidencia recibidos: {"id_trampa":"1760","tipo_plaga":"mosca_domestica","tipo_insecto":"Volador","cantidad_organismos":"6","tipo_incidencia":"Captura","zona":null,"notas":"","inspector":"Juan Carlos L\u00f3pez "}
INFO - 2026-02-17 09:22:07 --> Búsqueda por id_trampa: No encontrada
INFO - 2026-02-17 09:22:07 --> Búsqueda por id: Encontrada
INFO - 2026-02-17 09:22:07 --> ID de trampa encontrado: 1760, ID de sede: 27, ID de plano: 108
INFO - 2026-02-17 09:22:07 --> Valores antes de guardar: tipo_insecto=Volador, tipo_incidencia=Captura
INFO - 2026-02-17 09:22:07 --> Datos a insertar: {"sede_id":"27","plano_id":"108","fecha":"2026-01-19 00:00:00","tipo_plaga":"mosca_domestica","tipo_insecto":"Volador","cantidad_organismos":"6","tipo_incidencia":"Captura","notas":"","inspector":"Juan Carlos L\u00f3pez ","id_trampa":"1760"}
INFO - 2026-02-17 09:22:07 --> Incidencia guardada con ID: 5803
INFO - 2026-02-17 09:22:07 --> Incidencia guardada y verificada: {"id":"5803","id_trampa":"1760","sede_id":"27","fecha":"2026-01-19 00:00:00","tipo_plaga":"mosca_domestica","tipo_insecto":"Volador","cantidad_organismos":"6","tipo_incidencia":"Captura","notas":"","inspector":"Juan Carlos L\u00f3pez ","plano_id":"108"}
DEBUG - 2026-02-17 09:22:07 --> Session: Class initialized using 'CodeIgniter\Session\Handlers\FileHandler' driver.
INFO - 2026-02-17 09:22:07 --> trampa_id recibido: 1753
INFO - 2026-02-17 09:22:07 --> tipo_plaga recibido: mosca_forida
INFO - 2026-02-17 09:22:07 --> tipo_incidencia recibido: Captura
INFO - 2026-02-17 09:22:07 --> Datos de incidencia recibidos: {"id_trampa":"1753","tipo_plaga":"mosca_forida","tipo_insecto":"Volador","cantidad_organismos":"4","tipo_incidencia":"Captura","zona":null,"notas":"","inspector":"Juan Carlos L\u00f3pez "}
INFO - 2026-02-17 09:22:07 --> Búsqueda por id_trampa: No encontrada
INFO - 2026-02-17 09:22:07 --> Búsqueda por id: Encontrada
INFO - 2026-02-17 09:22:07 --> ID de trampa encontrado: 1753, ID de sede: 27, ID de plano: 108
INFO - 2026-02-17 09:22:07 --> Valores antes de guardar: tipo_insecto=Volador, tipo_incidencia=Captura
INFO - 2026-02-17 09:22:07 --> Datos a insertar: {"sede_id":"27","plano_id":"108","fecha":"2026-01-19 00:00:00","tipo_plaga":"mosca_forida","tipo_insecto":"Volador","cantidad_organismos":"4","tipo_incidencia":"Captura","notas":"","inspector":"Juan Carlos L\u00f3pez ","id_trampa":"1753"}
INFO - 2026-02-17 09:22:07 --> Incidencia guardada con ID: 5804
INFO - 2026-02-17 09:22:07 --> Incidencia guardada y verificada: {"id":"5804","id_trampa":"1753","sede_id":"27","fecha":"2026-01-19 00:00:00","tipo_plaga":"mosca_forida","tipo_insecto":"Volador","cantidad_organismos":"4","tipo_incidencia":"Captura","notas":"","inspector":"Juan Carlos L\u00f3pez ","plano_id":"108"}
DEBUG - 2026-02-17 09:22:07 --> Session: Class initialized using 'CodeIgniter\Session\Handlers\FileHandler' driver.
INFO - 2026-02-17 09:22:07 --> trampa_id recibido: 1748
INFO - 2026-02-17 09:22:07 --> tipo_plaga recibido: mosca_forida
INFO - 2026-02-17 09:22:07 --> tipo_incidencia recibido: Captura
INFO - 2026-02-17 09:22:07 --> Datos de incidencia recibidos: {"id_trampa":"1748","tipo_plaga":"mosca_forida","tipo_insecto":"Volador","cantidad_organismos":"5","tipo_incidencia":"Captura","zona":null,"notas":"","inspector":"Juan Carlos L\u00f3pez "}
INFO - 2026-02-17 09:22:07 --> Búsqueda por id_trampa: No encontrada
INFO - 2026-02-17 09:22:07 --> Búsqueda por id: Encontrada
INFO - 2026-02-17 09:22:07 --> ID de trampa encontrado: 1748, ID de sede: 27, ID de plano: 108
INFO - 2026-02-17 09:22:07 --> Valores antes de guardar: tipo_insecto=Volador, tipo_incidencia=Captura
INFO - 2026-02-17 09:22:07 --> Datos a insertar: {"sede_id":"27","plano_id":"108","fecha":"2026-01-19 00:00:00","tipo_plaga":"mosca_forida","tipo_insecto":"Volador","cantidad_organismos":"5","tipo_incidencia":"Captura","notas":"","inspector":"Juan Carlos L\u00f3pez ","id_trampa":"1748"}
INFO - 2026-02-17 09:22:07 --> Incidencia guardada con ID: 5805
INFO - 2026-02-17 09:22:07 --> Incidencia guardada y verificada: {"id":"5805","id_trampa":"1748","sede_id":"27","fecha":"2026-01-19 00:00:00","tipo_plaga":"mosca_forida","tipo_insecto":"Volador","cantidad_organismos":"5","tipo_incidencia":"Captura","notas":"","inspector":"Juan Carlos L\u00f3pez ","plano_id":"108"}
DEBUG - 2026-02-17 09:22:07 --> Session: Class initialized using 'CodeIgniter\Session\Handlers\FileHandler' driver.
INFO - 2026-02-17 09:22:07 --> trampa_id recibido: 1765
INFO - 2026-02-17 09:22:07 --> tipo_plaga recibido: mosca_domestica
INFO - 2026-02-17 09:22:07 --> tipo_incidencia recibido: Captura
INFO - 2026-02-17 09:22:07 --> Datos de incidencia recibidos: {"id_trampa":"1765","tipo_plaga":"mosca_domestica","tipo_insecto":"Volador","cantidad_organismos":"3","tipo_incidencia":"Captura","zona":null,"notas":"","inspector":"Juan Carlos L\u00f3pez "}
INFO - 2026-02-17 09:22:07 --> Búsqueda por id_trampa: No encontrada
INFO - 2026-02-17 09:22:07 --> Búsqueda por id: Encontrada
INFO - 2026-02-17 09:22:07 --> ID de trampa encontrado: 1765, ID de sede: 27, ID de plano: 108
INFO - 2026-02-17 09:22:07 --> Valores antes de guardar: tipo_insecto=Volador, tipo_incidencia=Captura
INFO - 2026-02-17 09:22:07 --> Datos a insertar: {"sede_id":"27","plano_id":"108","fecha":"2026-01-19 00:00:00","tipo_plaga":"mosca_domestica","tipo_insecto":"Volador","cantidad_organismos":"3","tipo_incidencia":"Captura","notas":"","inspector":"Juan Carlos L\u00f3pez ","id_trampa":"1765"}
INFO - 2026-02-17 09:22:07 --> Incidencia guardada con ID: 5806
INFO - 2026-02-17 09:22:07 --> Incidencia guardada y verificada: {"id":"5806","id_trampa":"1765","sede_id":"27","fecha":"2026-01-19 00:00:00","tipo_plaga":"mosca_domestica","tipo_insecto":"Volador","cantidad_organismos":"3","tipo_incidencia":"Captura","notas":"","inspector":"Juan Carlos L\u00f3pez ","plano_id":"108"}
DEBUG - 2026-02-17 09:22:07 --> Session: Class initialized using 'CodeIgniter\Session\Handlers\FileHandler' driver.
INFO - 2026-02-17 09:22:07 --> trampa_id recibido: 1763
INFO - 2026-02-17 09:22:07 --> tipo_plaga recibido: mosca_forida
INFO - 2026-02-17 09:22:07 --> tipo_incidencia recibido: Captura
INFO - 2026-02-17 09:22:07 --> Datos de incidencia recibidos: {"id_trampa":"1763","tipo_plaga":"mosca_forida","tipo_insecto":"Volador","cantidad_organismos":"8","tipo_incidencia":"Captura","zona":null,"notas":"","inspector":"Juan Carlos L\u00f3pez "}
INFO - 2026-02-17 09:22:07 --> Búsqueda por id_trampa: No encontrada
INFO - 2026-02-17 09:22:07 --> Búsqueda por id: Encontrada
INFO - 2026-02-17 09:22:07 --> ID de trampa encontrado: 1763, ID de sede: 27, ID de plano: 108
INFO - 2026-02-17 09:22:07 --> Valores antes de guardar: tipo_insecto=Volador, tipo_incidencia=Captura
INFO - 2026-02-17 09:22:07 --> Datos a insertar: {"sede_id":"27","plano_id":"108","fecha":"2026-01-19 00:00:00","tipo_plaga":"mosca_forida","tipo_insecto":"Volador","cantidad_organismos":"8","tipo_incidencia":"Captura","notas":"","inspector":"Juan Carlos L\u00f3pez ","id_trampa":"1763"}
INFO - 2026-02-17 09:22:07 --> Incidencia guardada con ID: 5807
INFO - 2026-02-17 09:22:07 --> Incidencia guardada y verificada: {"id":"5807","id_trampa":"1763","sede_id":"27","fecha":"2026-01-19 00:00:00","tipo_plaga":"mosca_forida","tipo_insecto":"Volador","cantidad_organismos":"8","tipo_incidencia":"Captura","notas":"","inspector":"Juan Carlos L\u00f3pez ","plano_id":"108"}
DEBUG - 2026-02-17 09:22:07 --> Session: Class initialized using 'CodeIgniter\Session\Handlers\FileHandler' driver.
INFO - 2026-02-17 09:22:07 --> trampa_id recibido: 1751
INFO - 2026-02-17 09:22:07 --> tipo_plaga recibido: mosca_forida
INFO - 2026-02-17 09:22:07 --> tipo_incidencia recibido: Captura
INFO - 2026-02-17 09:22:07 --> Datos de incidencia recibidos: {"id_trampa":"1751","tipo_plaga":"mosca_forida","tipo_insecto":"Volador","cantidad_organismos":"5","tipo_incidencia":"Captura","zona":null,"notas":"","inspector":"Juan Carlos L\u00f3pez "}
INFO - 2026-02-17 09:22:07 --> Búsqueda por id_trampa: No encontrada
INFO - 2026-02-17 09:22:07 --> Búsqueda por id: Encontrada
INFO - 2026-02-17 09:22:07 --> ID de trampa encontrado: 1751, ID de sede: 27, ID de plano: 108
INFO - 2026-02-17 09:22:07 --> Valores antes de guardar: tipo_insecto=Volador, tipo_incidencia=Captura
INFO - 2026-02-17 09:22:07 --> Datos a insertar: {"sede_id":"27","plano_id":"108","fecha":"2026-01-19 00:00:00","tipo_plaga":"mosca_forida","tipo_insecto":"Volador","cantidad_organismos":"5","tipo_incidencia":"Captura","notas":"","inspector":"Juan Carlos L\u00f3pez ","id_trampa":"1751"}
INFO - 2026-02-17 09:22:07 --> Incidencia guardada con ID: 5808
INFO - 2026-02-17 09:22:07 --> Incidencia guardada y verificada: {"id":"5808","id_trampa":"1751","sede_id":"27","fecha":"2026-01-19 00:00:00","tipo_plaga":"mosca_forida","tipo_insecto":"Volador","cantidad_organismos":"5","tipo_incidencia":"Captura","notas":"","inspector":"Juan Carlos L\u00f3pez ","plano_id":"108"}
DEBUG - 2026-02-17 09:22:07 --> Session: Class initialized using 'CodeIgniter\Session\Handlers\FileHandler' driver.
INFO - 2026-02-17 09:22:07 --> trampa_id recibido: 1748
INFO - 2026-02-17 09:22:07 --> tipo_plaga recibido: mosca_domestica
INFO - 2026-02-17 09:22:07 --> tipo_incidencia recibido: Captura
INFO - 2026-02-17 09:22:07 --> Datos de incidencia recibidos: {"id_trampa":"1748","tipo_plaga":"mosca_domestica","tipo_insecto":"Volador","cantidad_organismos":"1","tipo_incidencia":"Captura","zona":null,"notas":"","inspector":"Juan Carlos L\u00f3pez "}
INFO - 2026-02-17 09:22:07 --> Búsqueda por id_trampa: No encontrada
INFO - 2026-02-17 09:22:07 --> Búsqueda por id: Encontrada
INFO - 2026-02-17 09:22:07 --> ID de trampa encontrado: 1748, ID de sede: 27, ID de plano: 108
INFO - 2026-02-17 09:22:07 --> Valores antes de guardar: tipo_insecto=Volador, tipo_incidencia=Captura
INFO - 2026-02-17 09:22:07 --> Datos a insertar: {"sede_id":"27","plano_id":"108","fecha":"2026-01-19 00:00:00","tipo_plaga":"mosca_domestica","tipo_insecto":"Volador","cantidad_organismos":"1","tipo_incidencia":"Captura","notas":"","inspector":"Juan Carlos L\u00f3pez ","id_trampa":"1748"}
INFO - 2026-02-17 09:22:07 --> Incidencia guardada con ID: 5809
INFO - 2026-02-17 09:22:07 --> Incidencia guardada y verificada: {"id":"5809","id_trampa":"1748","sede_id":"27","fecha":"2026-01-19 00:00:00","tipo_plaga":"mosca_domestica","tipo_insecto":"Volador","cantidad_organismos":"1","tipo_incidencia":"Captura","notas":"","inspector":"Juan Carlos L\u00f3pez ","plano_id":"108"}
DEBUG - 2026-02-17 09:22:07 --> Session: Class initialized using 'CodeIgniter\Session\Handlers\FileHandler' driver.
INFO - 2026-02-17 09:22:07 --> trampa_id recibido: 1753
INFO - 2026-02-17 09:22:07 --> tipo_plaga recibido: mosca_domestica
INFO - 2026-02-17 09:22:07 --> tipo_incidencia recibido: Captura
INFO - 2026-02-17 09:22:07 --> Datos de incidencia recibidos: {"id_trampa":"1753","tipo_plaga":"mosca_domestica","tipo_insecto":"Volador","cantidad_organismos":"1","tipo_incidencia":"Captura","zona":null,"notas":"","inspector":"Juan Carlos L\u00f3pez "}
INFO - 2026-02-17 09:22:07 --> Búsqueda por id_trampa: No encontrada
INFO - 2026-02-17 09:22:07 --> Búsqueda por id: Encontrada
INFO - 2026-02-17 09:22:07 --> ID de trampa encontrado: 1753, ID de sede: 27, ID de plano: 108
INFO - 2026-02-17 09:22:07 --> Valores antes de guardar: tipo_insecto=Volador, tipo_incidencia=Captura
INFO - 2026-02-17 09:22:07 --> Datos a insertar: {"sede_id":"27","plano_id":"108","fecha":"2026-01-19 00:00:00","tipo_plaga":"mosca_domestica","tipo_insecto":"Volador","cantidad_organismos":"1","tipo_incidencia":"Captura","notas":"","inspector":"Juan Carlos L\u00f3pez ","id_trampa":"1753"}
INFO - 2026-02-17 09:22:07 --> Incidencia guardada con ID: 5810
INFO - 2026-02-17 09:22:07 --> Incidencia guardada y verificada: {"id":"5810","id_trampa":"1753","sede_id":"27","fecha":"2026-01-19 00:00:00","tipo_plaga":"mosca_domestica","tipo_insecto":"Volador","cantidad_organismos":"1","tipo_incidencia":"Captura","notas":"","inspector":"Juan Carlos L\u00f3pez ","plano_id":"108"}
DEBUG - 2026-02-17 09:22:07 --> Session: Class initialized using 'CodeIgniter\Session\Handlers\FileHandler' driver.
INFO - 2026-02-17 09:22:07 --> trampa_id recibido: 1762
INFO - 2026-02-17 09:22:07 --> tipo_plaga recibido: mosca_metalica
INFO - 2026-02-17 09:22:07 --> tipo_incidencia recibido: Captura
INFO - 2026-02-17 09:22:07 --> Datos de incidencia recibidos: {"id_trampa":"1762","tipo_plaga":"mosca_metalica","tipo_insecto":"Volador","cantidad_organismos":"4","tipo_incidencia":"Captura","zona":null,"notas":"","inspector":"Juan Carlos L\u00f3pez "}
INFO - 2026-02-17 09:22:07 --> Búsqueda por id_trampa: No encontrada
INFO - 2026-02-17 09:22:07 --> Búsqueda por id: Encontrada
INFO - 2026-02-17 09:22:07 --> ID de trampa encontrado: 1762, ID de sede: 27, ID de plano: 108
INFO - 2026-02-17 09:22:07 --> Valores antes de guardar: tipo_insecto=Volador, tipo_incidencia=Captura
INFO - 2026-02-17 09:22:07 --> Datos a insertar: {"sede_id":"27","plano_id":"108","fecha":"2026-01-19 00:00:00","tipo_plaga":"mosca_metalica","tipo_insecto":"Volador","cantidad_organismos":"4","tipo_incidencia":"Captura","notas":"","inspector":"Juan Carlos L\u00f3pez ","id_trampa":"1762"}
INFO - 2026-02-17 09:22:07 --> Incidencia guardada con ID: 5811
INFO - 2026-02-17 09:22:07 --> Incidencia guardada y verificada: {"id":"5811","id_trampa":"1762","sede_id":"27","fecha":"2026-01-19 00:00:00","tipo_plaga":"mosca_metalica","tipo_insecto":"Volador","cantidad_organismos":"4","tipo_incidencia":"Captura","notas":"","inspector":"Juan Carlos L\u00f3pez ","plano_id":"108"}
DEBUG - 2026-02-17 09:22:07 --> Session: Class initialized using 'CodeIgniter\Session\Handlers\FileHandler' driver.
INFO - 2026-02-17 09:22:07 --> trampa_id recibido: 1756
INFO - 2026-02-17 09:22:07 --> tipo_plaga recibido: mosca_forida
INFO - 2026-02-17 09:22:07 --> tipo_incidencia recibido: Captura
INFO - 2026-02-17 09:22:07 --> Datos de incidencia recibidos: {"id_trampa":"1756","tipo_plaga":"mosca_forida","tipo_insecto":"Volador","cantidad_organismos":"8","tipo_incidencia":"Captura","zona":null,"notas":"","inspector":"Juan Carlos L\u00f3pez "}
INFO - 2026-02-17 09:22:07 --> Búsqueda por id_trampa: No encontrada
INFO - 2026-02-17 09:22:07 --> Búsqueda por id: Encontrada
INFO - 2026-02-17 09:22:07 --> ID de trampa encontrado: 1756, ID de sede: 27, ID de plano: 108
INFO - 2026-02-17 09:22:07 --> Valores antes de guardar: tipo_insecto=Volador, tipo_incidencia=Captura
INFO - 2026-02-17 09:22:07 --> Datos a insertar: {"sede_id":"27","plano_id":"108","fecha":"2026-01-19 00:00:00","tipo_plaga":"mosca_forida","tipo_insecto":"Volador","cantidad_organismos":"8","tipo_incidencia":"Captura","notas":"","inspector":"Juan Carlos L\u00f3pez ","id_trampa":"1756"}
INFO - 2026-02-17 09:22:07 --> Incidencia guardada con ID: 5812
INFO - 2026-02-17 09:22:07 --> Incidencia guardada y verificada: {"id":"5812","id_trampa":"1756","sede_id":"27","fecha":"2026-01-19 00:00:00","tipo_plaga":"mosca_forida","tipo_insecto":"Volador","cantidad_organismos":"8","tipo_incidencia":"Captura","notas":"","inspector":"Juan Carlos L\u00f3pez ","plano_id":"108"}
DEBUG - 2026-02-17 09:22:07 --> Session: Class initialized using 'CodeIgniter\Session\Handlers\FileHandler' driver.
INFO - 2026-02-17 09:22:07 --> trampa_id recibido: 1762
INFO - 2026-02-17 09:22:07 --> tipo_plaga recibido: mosca_forida
INFO - 2026-02-17 09:22:07 --> tipo_incidencia recibido: Captura
INFO - 2026-02-17 09:22:07 --> Datos de incidencia recibidos: {"id_trampa":"1762","tipo_plaga":"mosca_forida","tipo_insecto":"Volador","cantidad_organismos":"10","tipo_incidencia":"Captura","zona":null,"notas":"","inspector":"Juan Carlos L\u00f3pez "}
INFO - 2026-02-17 09:22:07 --> Búsqueda por id_trampa: No encontrada
INFO - 2026-02-17 09:22:07 --> Búsqueda por id: Encontrada
INFO - 2026-02-17 09:22:07 --> ID de trampa encontrado: 1762, ID de sede: 27, ID de plano: 108
INFO - 2026-02-17 09:22:07 --> Valores antes de guardar: tipo_insecto=Volador, tipo_incidencia=Captura
INFO - 2026-02-17 09:22:07 --> Datos a insertar: {"sede_id":"27","plano_id":"108","fecha":"2026-01-19 00:00:00","tipo_plaga":"mosca_forida","tipo_insecto":"Volador","cantidad_organismos":"10","tipo_incidencia":"Captura","notas":"","inspector":"Juan Carlos L\u00f3pez ","id_trampa":"1762"}
INFO - 2026-02-17 09:22:07 --> Incidencia guardada con ID: 5813
INFO - 2026-02-17 09:22:07 --> Incidencia guardada y verificada: {"id":"5813","id_trampa":"1762","sede_id":"27","fecha":"2026-01-19 00:00:00","tipo_plaga":"mosca_forida","tipo_insecto":"Volador","cantidad_organismos":"10","tipo_incidencia":"Captura","notas":"","inspector":"Juan Carlos L\u00f3pez ","plano_id":"108"}
DEBUG - 2026-02-17 09:22:07 --> Session: Class initialized using 'CodeIgniter\Session\Handlers\FileHandler' driver.
INFO - 2026-02-17 09:22:07 --> trampa_id recibido: 1751
INFO - 2026-02-17 09:22:07 --> tipo_plaga recibido: mosca_domestica
INFO - 2026-02-17 09:22:07 --> tipo_incidencia recibido: Captura
INFO - 2026-02-17 09:22:07 --> Datos de incidencia recibidos: {"id_trampa":"1751","tipo_plaga":"mosca_domestica","tipo_insecto":"Volador","cantidad_organismos":"3","tipo_incidencia":"Captura","zona":null,"notas":"","inspector":"Juan Carlos L\u00f3pez "}
INFO - 2026-02-17 09:22:07 --> Búsqueda por id_trampa: No encontrada
INFO - 2026-02-17 09:22:07 --> Búsqueda por id: Encontrada
INFO - 2026-02-17 09:22:07 --> ID de trampa encontrado: 1751, ID de sede: 27, ID de plano: 108
INFO - 2026-02-17 09:22:07 --> Valores antes de guardar: tipo_insecto=Volador, tipo_incidencia=Captura
INFO - 2026-02-17 09:22:07 --> Datos a insertar: {"sede_id":"27","plano_id":"108","fecha":"2026-01-19 00:00:00","tipo_plaga":"mosca_domestica","tipo_insecto":"Volador","cantidad_organismos":"3","tipo_incidencia":"Captura","notas":"","inspector":"Juan Carlos L\u00f3pez ","id_trampa":"1751"}
INFO - 2026-02-17 09:22:07 --> Incidencia guardada con ID: 5814
INFO - 2026-02-17 09:22:07 --> Incidencia guardada y verificada: {"id":"5814","id_trampa":"1751","sede_id":"27","fecha":"2026-01-19 00:00:00","tipo_plaga":"mosca_domestica","tipo_insecto":"Volador","cantidad_organismos":"3","tipo_incidencia":"Captura","notas":"","inspector":"Juan Carlos L\u00f3pez ","plano_id":"108"}
DEBUG - 2026-02-17 09:22:07 --> Session: Class initialized using 'CodeIgniter\Session\Handlers\FileHandler' driver.
INFO - 2026-02-17 09:22:07 --> trampa_id recibido: 1758
INFO - 2026-02-17 09:22:07 --> tipo_plaga recibido: mosca_forida
INFO - 2026-02-17 09:22:07 --> tipo_incidencia recibido: Captura
INFO - 2026-02-17 09:22:07 --> Datos de incidencia recibidos: {"id_trampa":"1758","tipo_plaga":"mosca_forida","tipo_insecto":"Volador","cantidad_organismos":"7","tipo_incidencia":"Captura","zona":null,"notas":"","inspector":"Juan Carlos L\u00f3pez "}
INFO - 2026-02-17 09:22:07 --> Búsqueda por id_trampa: No encontrada
INFO - 2026-02-17 09:22:07 --> Búsqueda por id: Encontrada
INFO - 2026-02-17 09:22:07 --> ID de trampa encontrado: 1758, ID de sede: 27, ID de plano: 108
INFO - 2026-02-17 09:22:07 --> Valores antes de guardar: tipo_insecto=Volador, tipo_incidencia=Captura
INFO - 2026-02-17 09:22:07 --> Datos a insertar: {"sede_id":"27","plano_id":"108","fecha":"2026-01-19 00:00:00","tipo_plaga":"mosca_forida","tipo_insecto":"Volador","cantidad_organismos":"7","tipo_incidencia":"Captura","notas":"","inspector":"Juan Carlos L\u00f3pez ","id_trampa":"1758"}
INFO - 2026-02-17 09:22:07 --> Incidencia guardada con ID: 5815
INFO - 2026-02-17 09:22:07 --> Incidencia guardada y verificada: {"id":"5815","id_trampa":"1758","sede_id":"27","fecha":"2026-01-19 00:00:00","tipo_plaga":"mosca_forida","tipo_insecto":"Volador","cantidad_organismos":"7","tipo_incidencia":"Captura","notas":"","inspector":"Juan Carlos L\u00f3pez ","plano_id":"108"}
DEBUG - 2026-02-17 09:22:07 --> Session: Class initialized using 'CodeIgniter\Session\Handlers\FileHandler' driver.
INFO - 2026-02-17 09:22:07 --> trampa_id recibido: 1749
INFO - 2026-02-17 09:22:07 --> tipo_plaga recibido: mosca_domestica
INFO - 2026-02-17 09:22:07 --> tipo_incidencia recibido: Captura
INFO - 2026-02-17 09:22:07 --> Datos de incidencia recibidos: {"id_trampa":"1749","tipo_plaga":"mosca_domestica","tipo_insecto":"Volador","cantidad_organismos":"4","tipo_incidencia":"Captura","zona":null,"notas":"","inspector":"Juan Carlos L\u00f3pez "}
INFO - 2026-02-17 09:22:07 --> Búsqueda por id_trampa: No encontrada
INFO - 2026-02-17 09:22:07 --> Búsqueda por id: Encontrada
INFO - 2026-02-17 09:22:07 --> ID de trampa encontrado: 1749, ID de sede: 27, ID de plano: 108
INFO - 2026-02-17 09:22:07 --> Valores antes de guardar: tipo_insecto=Volador, tipo_incidencia=Captura
INFO - 2026-02-17 09:22:07 --> Datos a insertar: {"sede_id":"27","plano_id":"108","fecha":"2026-01-19 00:00:00","tipo_plaga":"mosca_domestica","tipo_insecto":"Volador","cantidad_organismos":"4","tipo_incidencia":"Captura","notas":"","inspector":"Juan Carlos L\u00f3pez ","id_trampa":"1749"}
INFO - 2026-02-17 09:22:07 --> Incidencia guardada con ID: 5816
INFO - 2026-02-17 09:22:07 --> Incidencia guardada y verificada: {"id":"5816","id_trampa":"1749","sede_id":"27","fecha":"2026-01-19 00:00:00","tipo_plaga":"mosca_domestica","tipo_insecto":"Volador","cantidad_organismos":"4","tipo_incidencia":"Captura","notas":"","inspector":"Juan Carlos L\u00f3pez ","plano_id":"108"}
DEBUG - 2026-02-17 09:22:07 --> Session: Class initialized using 'CodeIgniter\Session\Handlers\FileHandler' driver.
INFO - 2026-02-17 09:22:07 --> trampa_id recibido: 1765
INFO - 2026-02-17 09:22:07 --> tipo_plaga recibido: mosca_forida
INFO - 2026-02-17 09:22:07 --> tipo_incidencia recibido: Captura
INFO - 2026-02-17 09:22:07 --> Datos de incidencia recibidos: {"id_trampa":"1765","tipo_plaga":"mosca_forida","tipo_insecto":"Volador","cantidad_organismos":"7","tipo_incidencia":"Captura","zona":null,"notas":"","inspector":"Juan Carlos L\u00f3pez "}
INFO - 2026-02-17 09:22:07 --> Búsqueda por id_trampa: No encontrada
INFO - 2026-02-17 09:22:07 --> Búsqueda por id: Encontrada
INFO - 2026-02-17 09:22:07 --> ID de trampa encontrado: 1765, ID de sede: 27, ID de plano: 108
INFO - 2026-02-17 09:22:07 --> Valores antes de guardar: tipo_insecto=Volador, tipo_incidencia=Captura
INFO - 2026-02-17 09:22:07 --> Datos a insertar: {"sede_id":"27","plano_id":"108","fecha":"2026-01-19 00:00:00","tipo_plaga":"mosca_forida","tipo_insecto":"Volador","cantidad_organismos":"7","tipo_incidencia":"Captura","notas":"","inspector":"Juan Carlos L\u00f3pez ","id_trampa":"1765"}
INFO - 2026-02-17 09:22:07 --> Incidencia guardada con ID: 5817
INFO - 2026-02-17 09:22:07 --> Incidencia guardada y verificada: {"id":"5817","id_trampa":"1765","sede_id":"27","fecha":"2026-01-19 00:00:00","tipo_plaga":"mosca_forida","tipo_insecto":"Volador","cantidad_organismos":"7","tipo_incidencia":"Captura","notas":"","inspector":"Juan Carlos L\u00f3pez ","plano_id":"108"}
DEBUG - 2026-02-17 09:22:07 --> Session: Class initialized using 'CodeIgniter\Session\Handlers\FileHandler' driver.
INFO - 2026-02-17 09:22:07 --> trampa_id recibido: 1764
INFO - 2026-02-17 09:22:07 --> tipo_plaga recibido: mosca_forida
INFO - 2026-02-17 09:22:07 --> tipo_incidencia recibido: Captura
INFO - 2026-02-17 09:22:07 --> Datos de incidencia recibidos: {"id_trampa":"1764","tipo_plaga":"mosca_forida","tipo_insecto":"Volador","cantidad_organismos":"4","tipo_incidencia":"Captura","zona":null,"notas":"","inspector":"Juan Carlos L\u00f3pez "}
INFO - 2026-02-17 09:22:07 --> Búsqueda por id_trampa: No encontrada
INFO - 2026-02-17 09:22:07 --> Búsqueda por id: Encontrada
INFO - 2026-02-17 09:22:07 --> ID de trampa encontrado: 1764, ID de sede: 27, ID de plano: 108
INFO - 2026-02-17 09:22:07 --> Valores antes de guardar: tipo_insecto=Volador, tipo_incidencia=Captura
INFO - 2026-02-17 09:22:07 --> Datos a insertar: {"sede_id":"27","plano_id":"108","fecha":"2026-01-19 00:00:00","tipo_plaga":"mosca_forida","tipo_insecto":"Volador","cantidad_organismos":"4","tipo_incidencia":"Captura","notas":"","inspector":"Juan Carlos L\u00f3pez ","id_trampa":"1764"}
INFO - 2026-02-17 09:22:07 --> Incidencia guardada con ID: 5818
INFO - 2026-02-17 09:22:07 --> Incidencia guardada y verificada: {"id":"5818","id_trampa":"1764","sede_id":"27","fecha":"2026-01-19 00:00:00","tipo_plaga":"mosca_forida","tipo_insecto":"Volador","cantidad_organismos":"4","tipo_incidencia":"Captura","notas":"","inspector":"Juan Carlos L\u00f3pez ","plano_id":"108"}
DEBUG - 2026-02-17 09:22:07 --> Session: Class initialized using 'CodeIgniter\Session\Handlers\FileHandler' driver.
INFO - 2026-02-17 09:22:07 --> trampa_id recibido: 1762
INFO - 2026-02-17 09:22:07 --> tipo_plaga recibido: mosca_domestica
INFO - 2026-02-17 09:22:07 --> tipo_incidencia recibido: Captura
INFO - 2026-02-17 09:22:07 --> Datos de incidencia recibidos: {"id_trampa":"1762","tipo_plaga":"mosca_domestica","tipo_insecto":"Volador","cantidad_organismos":"2","tipo_incidencia":"Captura","zona":null,"notas":"","inspector":"Juan Carlos L\u00f3pez "}
INFO - 2026-02-17 09:22:07 --> Búsqueda por id_trampa: No encontrada
INFO - 2026-02-17 09:22:07 --> Búsqueda por id: Encontrada
INFO - 2026-02-17 09:22:07 --> ID de trampa encontrado: 1762, ID de sede: 27, ID de plano: 108
INFO - 2026-02-17 09:22:07 --> Valores antes de guardar: tipo_insecto=Volador, tipo_incidencia=Captura
INFO - 2026-02-17 09:22:07 --> Datos a insertar: {"sede_id":"27","plano_id":"108","fecha":"2026-01-19 00:00:00","tipo_plaga":"mosca_domestica","tipo_insecto":"Volador","cantidad_organismos":"2","tipo_incidencia":"Captura","notas":"","inspector":"Juan Carlos L\u00f3pez ","id_trampa":"1762"}
INFO - 2026-02-17 09:22:07 --> Incidencia guardada con ID: 5819
INFO - 2026-02-17 09:22:07 --> Incidencia guardada y verificada: {"id":"5819","id_trampa":"1762","sede_id":"27","fecha":"2026-01-19 00:00:00","tipo_plaga":"mosca_domestica","tipo_insecto":"Volador","cantidad_organismos":"2","tipo_incidencia":"Captura","notas":"","inspector":"Juan Carlos L\u00f3pez ","plano_id":"108"}
DEBUG - 2026-02-17 09:22:07 --> Session: Class initialized using 'CodeIgniter\Session\Handlers\FileHandler' driver.
INFO - 2026-02-17 09:22:07 --> trampa_id recibido: 1761
INFO - 2026-02-17 09:22:07 --> tipo_plaga recibido: mosca_domestica
INFO - 2026-02-17 09:22:07 --> tipo_incidencia recibido: Captura
INFO - 2026-02-17 09:22:07 --> Datos de incidencia recibidos: {"id_trampa":"1761","tipo_plaga":"mosca_domestica","tipo_insecto":"Volador","cantidad_organismos":"8","tipo_incidencia":"Captura","zona":null,"notas":"","inspector":"Juan Carlos L\u00f3pez "}
INFO - 2026-02-17 09:22:07 --> Búsqueda por id_trampa: No encontrada
INFO - 2026-02-17 09:22:07 --> Búsqueda por id: Encontrada
INFO - 2026-02-17 09:22:07 --> ID de trampa encontrado: 1761, ID de sede: 27, ID de plano: 108
INFO - 2026-02-17 09:22:07 --> Valores antes de guardar: tipo_insecto=Volador, tipo_incidencia=Captura
INFO - 2026-02-17 09:22:07 --> Datos a insertar: {"sede_id":"27","plano_id":"108","fecha":"2026-01-19 00:00:00","tipo_plaga":"mosca_domestica","tipo_insecto":"Volador","cantidad_organismos":"8","tipo_incidencia":"Captura","notas":"","inspector":"Juan Carlos L\u00f3pez ","id_trampa":"1761"}
INFO - 2026-02-17 09:22:07 --> Incidencia guardada con ID: 5820
INFO - 2026-02-17 09:22:07 --> Incidencia guardada y verificada: {"id":"5820","id_trampa":"1761","sede_id":"27","fecha":"2026-01-19 00:00:00","tipo_plaga":"mosca_domestica","tipo_insecto":"Volador","cantidad_organismos":"8","tipo_incidencia":"Captura","notas":"","inspector":"Juan Carlos L\u00f3pez ","plano_id":"108"}
DEBUG - 2026-02-17 09:22:07 --> Session: Class initialized using 'CodeIgniter\Session\Handlers\FileHandler' driver.
INFO - 2026-02-17 09:22:07 --> trampa_id recibido: 1759
INFO - 2026-02-17 09:22:07 --> tipo_plaga recibido: mosca_domestica
INFO - 2026-02-17 09:22:07 --> tipo_incidencia recibido: Captura
INFO - 2026-02-17 09:22:07 --> Datos de incidencia recibidos: {"id_trampa":"1759","tipo_plaga":"mosca_domestica","tipo_insecto":"Volador","cantidad_organismos":"3","tipo_incidencia":"Captura","zona":null,"notas":"","inspector":"Juan Carlos L\u00f3pez "}
INFO - 2026-02-17 09:22:07 --> Búsqueda por id_trampa: No encontrada
INFO - 2026-02-17 09:22:07 --> Búsqueda por id: Encontrada
INFO - 2026-02-17 09:22:07 --> ID de trampa encontrado: 1759, ID de sede: 27, ID de plano: 108
INFO - 2026-02-17 09:22:07 --> Valores antes de guardar: tipo_insecto=Volador, tipo_incidencia=Captura
INFO - 2026-02-17 09:22:07 --> Datos a insertar: {"sede_id":"27","plano_id":"108","fecha":"2026-01-19 00:00:00","tipo_plaga":"mosca_domestica","tipo_insecto":"Volador","cantidad_organismos":"3","tipo_incidencia":"Captura","notas":"","inspector":"Juan Carlos L\u00f3pez ","id_trampa":"1759"}
INFO - 2026-02-17 09:22:07 --> Incidencia guardada con ID: 5821
INFO - 2026-02-17 09:22:07 --> Incidencia guardada y verificada: {"id":"5821","id_trampa":"1759","sede_id":"27","fecha":"2026-01-19 00:00:00","tipo_plaga":"mosca_domestica","tipo_insecto":"Volador","cantidad_organismos":"3","tipo_incidencia":"Captura","notas":"","inspector":"Juan Carlos L\u00f3pez ","plano_id":"108"}
DEBUG - 2026-02-17 09:22:07 --> Session: Class initialized using 'CodeIgniter\Session\Handlers\FileHandler' driver.
INFO - 2026-02-17 09:22:07 --> trampa_id recibido: 1767
INFO - 2026-02-17 09:22:07 --> tipo_plaga recibido: mosca_domestica
INFO - 2026-02-17 09:22:07 --> tipo_incidencia recibido: Captura
INFO - 2026-02-17 09:22:07 --> Datos de incidencia recibidos: {"id_trampa":"1767","tipo_plaga":"mosca_domestica","tipo_insecto":"Volador","cantidad_organismos":"1","tipo_incidencia":"Captura","zona":null,"notas":"","inspector":"Juan Carlos L\u00f3pez "}
INFO - 2026-02-17 09:22:07 --> Búsqueda por id_trampa: No encontrada
INFO - 2026-02-17 09:22:07 --> Búsqueda por id: Encontrada
INFO - 2026-02-17 09:22:07 --> ID de trampa encontrado: 1767, ID de sede: 27, ID de plano: 108
INFO - 2026-02-17 09:22:07 --> Valores antes de guardar: tipo_insecto=Volador, tipo_incidencia=Captura
INFO - 2026-02-17 09:22:07 --> Datos a insertar: {"sede_id":"27","plano_id":"108","fecha":"2026-01-19 00:00:00","tipo_plaga":"mosca_domestica","tipo_insecto":"Volador","cantidad_organismos":"1","tipo_incidencia":"Captura","notas":"","inspector":"Juan Carlos L\u00f3pez ","id_trampa":"1767"}
INFO - 2026-02-17 09:22:07 --> Incidencia guardada con ID: 5822
INFO - 2026-02-17 09:22:07 --> Incidencia guardada y verificada: {"id":"5822","id_trampa":"1767","sede_id":"27","fecha":"2026-01-19 00:00:00","tipo_plaga":"mosca_domestica","tipo_insecto":"Volador","cantidad_organismos":"1","tipo_incidencia":"Captura","notas":"","inspector":"Juan Carlos L\u00f3pez ","plano_id":"108"}
DEBUG - 2026-02-17 09:22:07 --> Session: Class initialized using 'CodeIgniter\Session\Handlers\FileHandler' driver.
INFO - 2026-02-17 09:22:07 --> trampa_id recibido: 1760
INFO - 2026-02-17 09:22:07 --> tipo_plaga recibido: mosca_forida
INFO - 2026-02-17 09:22:07 --> tipo_incidencia recibido: Captura
INFO - 2026-02-17 09:22:07 --> Datos de incidencia recibidos: {"id_trampa":"1760","tipo_plaga":"mosca_forida","tipo_insecto":"Volador","cantidad_organismos":"3","tipo_incidencia":"Captura","zona":null,"notas":"","inspector":"Juan Carlos L\u00f3pez "}
INFO - 2026-02-17 09:22:07 --> Búsqueda por id_trampa: No encontrada
INFO - 2026-02-17 09:22:07 --> Búsqueda por id: Encontrada
INFO - 2026-02-17 09:22:07 --> ID de trampa encontrado: 1760, ID de sede: 27, ID de plano: 108
INFO - 2026-02-17 09:22:07 --> Valores antes de guardar: tipo_insecto=Volador, tipo_incidencia=Captura
INFO - 2026-02-17 09:22:07 --> Datos a insertar: {"sede_id":"27","plano_id":"108","fecha":"2026-01-19 00:00:00","tipo_plaga":"mosca_forida","tipo_insecto":"Volador","cantidad_organismos":"3","tipo_incidencia":"Captura","notas":"","inspector":"Juan Carlos L\u00f3pez ","id_trampa":"1760"}
INFO - 2026-02-17 09:22:07 --> Incidencia guardada con ID: 5823
INFO - 2026-02-17 09:22:07 --> Incidencia guardada y verificada: {"id":"5823","id_trampa":"1760","sede_id":"27","fecha":"2026-01-19 00:00:00","tipo_plaga":"mosca_forida","tipo_insecto":"Volador","cantidad_organismos":"3","tipo_incidencia":"Captura","notas":"","inspector":"Juan Carlos L\u00f3pez ","plano_id":"108"}
DEBUG - 2026-02-17 09:22:07 --> Session: Class initialized using 'CodeIgniter\Session\Handlers\FileHandler' driver.
INFO - 2026-02-17 09:22:07 --> trampa_id recibido: 1756
INFO - 2026-02-17 09:22:07 --> tipo_plaga recibido: mosca_domestica
INFO - 2026-02-17 09:22:07 --> tipo_incidencia recibido: Captura
INFO - 2026-02-17 09:22:07 --> Datos de incidencia recibidos: {"id_trampa":"1756","tipo_plaga":"mosca_domestica","tipo_insecto":"Volador","cantidad_organismos":"3","tipo_incidencia":"Captura","zona":null,"notas":"","inspector":"Juan Carlos L\u00f3pez "}
INFO - 2026-02-17 09:22:07 --> Búsqueda por id_trampa: No encontrada
INFO - 2026-02-17 09:22:07 --> Búsqueda por id: Encontrada
INFO - 2026-02-17 09:22:07 --> ID de trampa encontrado: 1756, ID de sede: 27, ID de plano: 108
INFO - 2026-02-17 09:22:07 --> Valores antes de guardar: tipo_insecto=Volador, tipo_incidencia=Captura
INFO - 2026-02-17 09:22:07 --> Datos a insertar: {"sede_id":"27","plano_id":"108","fecha":"2026-01-19 00:00:00","tipo_plaga":"mosca_domestica","tipo_insecto":"Volador","cantidad_organismos":"3","tipo_incidencia":"Captura","notas":"","inspector":"Juan Carlos L\u00f3pez ","id_trampa":"1756"}
INFO - 2026-02-17 09:22:07 --> Incidencia guardada con ID: 5824
INFO - 2026-02-17 09:22:07 --> Incidencia guardada y verificada: {"id":"5824","id_trampa":"1756","sede_id":"27","fecha":"2026-01-19 00:00:00","tipo_plaga":"mosca_domestica","tipo_insecto":"Volador","cantidad_organismos":"3","tipo_incidencia":"Captura","notas":"","inspector":"Juan Carlos L\u00f3pez ","plano_id":"108"}
DEBUG - 2026-02-17 09:22:07 --> Session: Class initialized using 'CodeIgniter\Session\Handlers\FileHandler' driver.
INFO - 2026-02-17 09:22:07 --> trampa_id recibido: 1761
INFO - 2026-02-17 09:22:07 --> tipo_plaga recibido: mosca_metalica
INFO - 2026-02-17 09:22:07 --> tipo_incidencia recibido: Captura
INFO - 2026-02-17 09:22:07 --> Datos de incidencia recibidos: {"id_trampa":"1761","tipo_plaga":"mosca_metalica","tipo_insecto":"Volador","cantidad_organismos":"5","tipo_incidencia":"Captura","zona":null,"notas":"","inspector":"Juan Carlos L\u00f3pez "}
INFO - 2026-02-17 09:22:07 --> Búsqueda por id_trampa: No encontrada
INFO - 2026-02-17 09:22:07 --> Búsqueda por id: Encontrada
INFO - 2026-02-17 09:22:07 --> ID de trampa encontrado: 1761, ID de sede: 27, ID de plano: 108
INFO - 2026-02-17 09:22:07 --> Valores antes de guardar: tipo_insecto=Volador, tipo_incidencia=Captura
INFO - 2026-02-17 09:22:07 --> Datos a insertar: {"sede_id":"27","plano_id":"108","fecha":"2026-01-19 00:00:00","tipo_plaga":"mosca_metalica","tipo_insecto":"Volador","cantidad_organismos":"5","tipo_incidencia":"Captura","notas":"","inspector":"Juan Carlos L\u00f3pez ","id_trampa":"1761"}
INFO - 2026-02-17 09:22:07 --> Incidencia guardada con ID: 5825
INFO - 2026-02-17 09:22:07 --> Incidencia guardada y verificada: {"id":"5825","id_trampa":"1761","sede_id":"27","fecha":"2026-01-19 00:00:00","tipo_plaga":"mosca_metalica","tipo_insecto":"Volador","cantidad_organismos":"5","tipo_incidencia":"Captura","notas":"","inspector":"Juan Carlos L\u00f3pez ","plano_id":"108"}
DEBUG - 2026-02-17 09:22:07 --> Session: Class initialized using 'CodeIgniter\Session\Handlers\FileHandler' driver.
INFO - 2026-02-17 09:22:07 --> trampa_id recibido: 1749
INFO - 2026-02-17 09:22:07 --> tipo_plaga recibido: mosca_forida
INFO - 2026-02-17 09:22:07 --> tipo_incidencia recibido: Captura
INFO - 2026-02-17 09:22:07 --> Datos de incidencia recibidos: {"id_trampa":"1749","tipo_plaga":"mosca_forida","tipo_insecto":"Volador","cantidad_organismos":"6","tipo_incidencia":"Captura","zona":null,"notas":"","inspector":"Juan Carlos L\u00f3pez "}
INFO - 2026-02-17 09:22:07 --> Búsqueda por id_trampa: No encontrada
INFO - 2026-02-17 09:22:07 --> Búsqueda por id: Encontrada
INFO - 2026-02-17 09:22:07 --> ID de trampa encontrado: 1749, ID de sede: 27, ID de plano: 108
INFO - 2026-02-17 09:22:07 --> Valores antes de guardar: tipo_insecto=Volador, tipo_incidencia=Captura
INFO - 2026-02-17 09:22:07 --> Datos a insertar: {"sede_id":"27","plano_id":"108","fecha":"2026-01-19 00:00:00","tipo_plaga":"mosca_forida","tipo_insecto":"Volador","cantidad_organismos":"6","tipo_incidencia":"Captura","notas":"","inspector":"Juan Carlos L\u00f3pez ","id_trampa":"1749"}
INFO - 2026-02-17 09:22:07 --> Incidencia guardada con ID: 5826
INFO - 2026-02-17 09:22:07 --> Incidencia guardada y verificada: {"id":"5826","id_trampa":"1749","sede_id":"27","fecha":"2026-01-19 00:00:00","tipo_plaga":"mosca_forida","tipo_insecto":"Volador","cantidad_organismos":"6","tipo_incidencia":"Captura","notas":"","inspector":"Juan Carlos L\u00f3pez ","plano_id":"108"}
WARNING - 2026-02-17 09:23:49 --> [DEPRECATED] Passing lowercase HTTP method "get" is deprecated. Use uppercase HTTP method like "GET". in SYSTEMPATH/Router/RouteCollection.php on line 1026.
 1 SYSTEMPATH/Router/RouteCollection.php(1026): trigger_error('Passing lowercase HTTP method "get" is deprecated. Use uppercase HTTP method like "GET".', 16384)
 2 APPPATH/Config/Routes.php(135): CodeIgniter\Router\RouteCollection->match([...], 'locations/generarPDF', 'LocationsPdfController::generarPDF')
 3 SYSTEMPATH/Router/RouteCollection.php(339): require('/home/u976386866/domains/servipro.site/public_html/app/app/Config/Routes.php')
 4 SYSTEMPATH/CodeIgniter.php(821): CodeIgniter\Router\RouteCollection->loadRoutes()
 5 SYSTEMPATH/CodeIgniter.php(455): CodeIgniter\CodeIgniter->tryToRouteIt(null)
 6 SYSTEMPATH/CodeIgniter.php(354): CodeIgniter\CodeIgniter->handleRequest(null, Object(Config\Cache), false)
 7 SYSTEMPATH/Boot.php(334): CodeIgniter\CodeIgniter->run()
 8 SYSTEMPATH/Boot.php(67): CodeIgniter\Boot::runCodeIgniter(Object(CodeIgniter\CodeIgniter))
 9 FCPATH/index.php(56): CodeIgniter\Boot::bootWeb(Object(Config\Paths))
WARNING - 2026-02-17 09:23:49 --> [DEPRECATED] Passing lowercase HTTP method "post" is deprecated. Use uppercase HTTP method like "POST". in SYSTEMPATH/Router/RouteCollection.php on line 1026.
 1 SYSTEMPATH/Router/RouteCollection.php(1026): trigger_error('Passing lowercase HTTP method "post" is deprecated. Use uppercase HTTP method like "POST".', 16384)
 2 APPPATH/Config/Routes.php(135): CodeIgniter\Router\RouteCollection->match([...], 'locations/generarPDF', 'LocationsPdfController::generarPDF')
 3 SYSTEMPATH/Router/RouteCollection.php(339): require('/home/u976386866/domains/servipro.site/public_html/app/app/Config/Routes.php')
 4 SYSTEMPATH/CodeIgniter.php(821): CodeIgniter\Router\RouteCollection->loadRoutes()
 5 SYSTEMPATH/CodeIgniter.php(455): CodeIgniter\CodeIgniter->tryToRouteIt(null)
 6 SYSTEMPATH/CodeIgniter.php(354): CodeIgniter\CodeIgniter->handleRequest(null, Object(Config\Cache), false)
 7 SYSTEMPATH/Boot.php(334): CodeIgniter\CodeIgniter->run()
 8 SYSTEMPATH/Boot.php(67): CodeIgniter\Boot::runCodeIgniter(Object(CodeIgniter\CodeIgniter))
 9 FCPATH/index.php(56): CodeIgniter\Boot::bootWeb(Object(Config\Paths))
DEBUG - 2026-02-17 09:23:49 --> Session: Class initialized using 'CodeIgniter\Session\Handlers\FileHandler' driver.
DEBUG - 2026-02-17 09:23:49 --> Iniciando carga de sedes
DEBUG - 2026-02-17 09:23:49 --> Sedes cargadas: [{"id":"18","nombre":"Bimbo Azcapotzalco","direccion":"Av San Pablo Xalpa 520, San Martin Xochinahuac, Azcapotzalco, 02120 Ciudad de M\u00e9xico, CDMX","ciudad":"CDMC","pais":"M\u00e9xico","fecha_creacion":"2025-04-07 12:06:45","estatus":"1"},{"id":"21","nombre":"Bimbo Villahermosa","direccion":"Av. Cobre 105, Cd Industrial, 86010 Villahermosa, Tabasco","ciudad":"Villahermosa, Tabasco","pais":"M\u00e9xico","fecha_creacion":"2025-05-12 12:11:50","estatus":"1"},{"id":"22","nombre":"Totis Planta uno Botana","direccion":"Av. San Pablo Xalpa 520, San Mart\u00edn Xochinahuac, Azcapotzalco, 02120 Ciudad de M\u00e9xico, CDMX","ciudad":"CDMX","pais":"Mexico","fecha_creacion":"2025-05-28 09:41:53","estatus":"1"},{"id":"23","nombre":"BIMBO YUCAT\u00c1N","direccion":"CALLE 21, #426, INT 0, COL. CIUDAD INDUSTRIAL","ciudad":"M\u00c9RIDA","pais":"M\u00c9XICO","fecha_creacion":"2025-07-14 17:00:19","estatus":"1"},{"id":"24","nombre":"Bimbo Toluca","direccion":"Corredor Industrial, Mz 2, Lote E, Ex Rancho El Coecillo","ciudad":"Toluca","pais":"M\u00e9xico","fecha_creacion":"2025-07-28 13:39:14","estatus":"1"},{"id":"26","nombre":"Totis planta dos","direccion":"Eje oriente poniente no. 38, col. Ciudad industrial, CP 43800, Tizayuca, Hidalgo","ciudad":"Tizayuca","pais":"M\u00e9xico","fecha_creacion":"2025-10-27 16:30:54","estatus":"1"},{"id":"27","nombre":"Bimbo M\u00e9xico Santa Mar\u00eda ","direccion":"Mimosas 117, 118 Col. Santa Mar\u00eda Insurgentes Cuauht\u00e9moc CDMX ","ciudad":"CDMX","pais":"M\u00e9xico","fecha_creacion":"2025-11-02 10:48:40","estatus":"1"},{"id":"28","nombre":"HAZPAN-LONCHIBON","direccion":"EMILIANO ZAPATA 25, PQUE. IND. LERMA","ciudad":"TOLUCA","pais":"M\u00e9xico","fecha_creacion":"2025-11-27 11:43:59","estatus":"1"},{"id":"29","nombre":"Suandy Marinela Toluca","direccion":"Emiliano Zapata 25, Pque. Ind. Lerma","ciudad":"TOLUCA","pais":"M\u00e9xico","fecha_creacion":"2025-11-27 11:55:24","estatus":"1"},{"id":"30","nombre":"T\u00eda Rosa, Toluca ","direccion":"Benito Juarez Mz. 027","ciudad":"Sta. Ma. Totoltepec, Toluca","pais":"M\u00e9xico","fecha_creacion":"2025-11-27 11:56:59","estatus":"1"},{"id":"31","nombre":"Bimbo Norte","direccion":"Av. F\u00e9lix U. G\u00f3mez 4203, Coyoac\u00e1n, C.P. 64510","ciudad":"Monterrey N.L.","pais":"M\u00e9xico","fecha_creacion":"2025-11-28 15:45:37","estatus":"1"},{"id":"32","nombre":"PLANTA DE PRUEBA","direccion":"PRUEBAS","ciudad":"DCDS","pais":"MEXICO","fecha_creacion":"2025-12-07 18:59:44","estatus":"1"},{"id":"33","nombre":"BSL","direccion":"Eje 128 #135 manzana 3, zona industrial segunda secci\u00f3n ","ciudad":"San Luis Potos\u00ed","pais":"M\u00e9xico","fecha_creacion":"2025-12-08 21:23:56","estatus":"1"},{"id":"34","nombre":"Sanissimo Monterrey","direccion":"Manuel de la Pe\u00f1a y Pe\u00f1a #1020-5, Bella Vista","ciudad":"Monterrey N.L.","pais":"M\u00e9xico","fecha_creacion":"2025-12-08 21:28:12","estatus":"1"},{"id":"36","nombre":"Bimbo Yucat\u00e1n Prueba 2025","direccion":"Calle 21, Villas M\u00e9rida, C.P. 97288, M\u00e9rida Yucat\u00e1n","ciudad":"M\u00e9rida Yucat\u00e1n","pais":"Mexico","fecha_creacion":"2025-12-16 10:43:55","estatus":"1"},{"id":"37","nombre":"BIMBO YUCATAN","direccion":"CALLE 21 CD. INDUSTRIAL","ciudad":"MERIDA YUCATAN","pais":"MEXICO","fecha_creacion":"2025-12-16 17:13:12","estatus":"1"},{"id":"38","nombre":"Bimbo Pac\u00edfico","direccion":"Av. Luis Donaldo Colosio Murrieta, No. 18900","ciudad":"Mazatl\u00e1n","pais":"M\u00e9xico","fecha_creacion":"2025-12-17 11:28:47","estatus":"1"},{"id":"39","nombre":"Bimbo Golfo","direccion":"Km 441 Carretera M\u00e9xico - Veracruz V\u00eda Xalapa, Colonia Francisco Villa, Veracruz, Veracruz, C.P: 91960","ciudad":"Veracruz","pais":"M\u00e9xico","fecha_creacion":"2025-12-17 20:05:59","estatus":"1"},{"id":"40","nombre":"Bimbo Tijuana","direccion":"Av. de Todos los santos S\/N, Industrial Pac\u00edfico, 22643. Tijuana, Baja California.","ciudad":"Tijuana","pais":"M\u00e9xico","fecha_creacion":"2026-01-02 13:33:01","estatus":"1"},{"id":"41","nombre":"PLANTA PRUEBA N","direccion":"SERVIPRO MX","ciudad":"Ciudad de M\u00e9xico","pais":"M\u00e9xico","fecha_creacion":"2026-01-06 17:57:01","estatus":"1"}]
WARNING - 2026-02-17 09:23:53 --> [DEPRECATED] Passing lowercase HTTP method "get" is deprecated. Use uppercase HTTP method like "GET". in SYSTEMPATH/Router/RouteCollection.php on line 1026.
 1 SYSTEMPATH/Router/RouteCollection.php(1026): trigger_error('Passing lowercase HTTP method "get" is deprecated. Use uppercase HTTP method like "GET".', 16384)
 2 APPPATH/Config/Routes.php(135): CodeIgniter\Router\RouteCollection->match([...], 'locations/generarPDF', 'LocationsPdfController::generarPDF')
 3 SYSTEMPATH/Router/RouteCollection.php(339): require('/home/u976386866/domains/servipro.site/public_html/app/app/Config/Routes.php')
 4 SYSTEMPATH/CodeIgniter.php(821): CodeIgniter\Router\RouteCollection->loadRoutes()
 5 SYSTEMPATH/CodeIgniter.php(455): CodeIgniter\CodeIgniter->tryToRouteIt(null)
 6 SYSTEMPATH/CodeIgniter.php(354): CodeIgniter\CodeIgniter->handleRequest(null, Object(Config\Cache), false)
 7 SYSTEMPATH/Boot.php(334): CodeIgniter\CodeIgniter->run()
 8 SYSTEMPATH/Boot.php(67): CodeIgniter\Boot::runCodeIgniter(Object(CodeIgniter\CodeIgniter))
 9 FCPATH/index.php(56): CodeIgniter\Boot::bootWeb(Object(Config\Paths))
WARNING - 2026-02-17 09:23:53 --> [DEPRECATED] Passing lowercase HTTP method "post" is deprecated. Use uppercase HTTP method like "POST". in SYSTEMPATH/Router/RouteCollection.php on line 1026.
 1 SYSTEMPATH/Router/RouteCollection.php(1026): trigger_error('Passing lowercase HTTP method "post" is deprecated. Use uppercase HTTP method like "POST".', 16384)
 2 APPPATH/Config/Routes.php(135): CodeIgniter\Router\RouteCollection->match([...], 'locations/generarPDF', 'LocationsPdfController::generarPDF')
 3 SYSTEMPATH/Router/RouteCollection.php(339): require('/home/u976386866/domains/servipro.site/public_html/app/app/Config/Routes.php')
 4 SYSTEMPATH/CodeIgniter.php(821): CodeIgniter\Router\RouteCollection->loadRoutes()
 5 SYSTEMPATH/CodeIgniter.php(455): CodeIgniter\CodeIgniter->tryToRouteIt(null)
 6 SYSTEMPATH/CodeIgniter.php(354): CodeIgniter\CodeIgniter->handleRequest(null, Object(Config\Cache), false)
 7 SYSTEMPATH/Boot.php(334): CodeIgniter\CodeIgniter->run()
 8 SYSTEMPATH/Boot.php(67): CodeIgniter\Boot::runCodeIgniter(Object(CodeIgniter\CodeIgniter))
 9 FCPATH/index.php(56): CodeIgniter\Boot::bootWeb(Object(Config\Paths))
DEBUG - 2026-02-17 09:23:53 --> Session: Class initialized using 'CodeIgniter\Session\Handlers\FileHandler' driver.
WARNING - 2026-02-17 09:23:54 --> [DEPRECATED] Passing lowercase HTTP method "get" is deprecated. Use uppercase HTTP method like "GET". in SYSTEMPATH/Router/RouteCollection.php on line 1026.
 1 SYSTEMPATH/Router/RouteCollection.php(1026): trigger_error('Passing lowercase HTTP method "get" is deprecated. Use uppercase HTTP method like "GET".', 16384)
 2 APPPATH/Config/Routes.php(135): CodeIgniter\Router\RouteCollection->match([...], 'locations/generarPDF', 'LocationsPdfController::generarPDF')
 3 SYSTEMPATH/Router/RouteCollection.php(339): require('/home/u976386866/domains/servipro.site/public_html/app/app/Config/Routes.php')
 4 SYSTEMPATH/CodeIgniter.php(821): CodeIgniter\Router\RouteCollection->loadRoutes()
 5 SYSTEMPATH/CodeIgniter.php(455): CodeIgniter\CodeIgniter->tryToRouteIt(null)
 6 SYSTEMPATH/CodeIgniter.php(354): CodeIgniter\CodeIgniter->handleRequest(null, Object(Config\Cache), false)
 7 SYSTEMPATH/Boot.php(334): CodeIgniter\CodeIgniter->run()
 8 SYSTEMPATH/Boot.php(67): CodeIgniter\Boot::runCodeIgniter(Object(CodeIgniter\CodeIgniter))
 9 FCPATH/index.php(56): CodeIgniter\Boot::bootWeb(Object(Config\Paths))
WARNING - 2026-02-17 09:23:54 --> [DEPRECATED] Passing lowercase HTTP method "post" is deprecated. Use uppercase HTTP method like "POST". in SYSTEMPATH/Router/RouteCollection.php on line 1026.
 1 SYSTEMPATH/Router/RouteCollection.php(1026): trigger_error('Passing lowercase HTTP method "post" is deprecated. Use uppercase HTTP method like "POST".', 16384)
 2 APPPATH/Config/Routes.php(135): CodeIgniter\Router\RouteCollection->match([...], 'locations/generarPDF', 'LocationsPdfController::generarPDF')
 3 SYSTEMPATH/Router/RouteCollection.php(339): require('/home/u976386866/domains/servipro.site/public_html/app/app/Config/Routes.php')
 4 SYSTEMPATH/CodeIgniter.php(821): CodeIgniter\Router\RouteCollection->loadRoutes()
 5 SYSTEMPATH/CodeIgniter.php(455): CodeIgniter\CodeIgniter->tryToRouteIt(null)
 6 SYSTEMPATH/CodeIgniter.php(354): CodeIgniter\CodeIgniter->handleRequest(null, Object(Config\Cache), false)
 7 SYSTEMPATH/Boot.php(334): CodeIgniter\CodeIgniter->run()
 8 SYSTEMPATH/Boot.php(67): CodeIgniter\Boot::runCodeIgniter(Object(CodeIgniter\CodeIgniter))
 9 FCPATH/index.php(56): CodeIgniter\Boot::bootWeb(Object(Config\Paths))
DEBUG - 2026-02-17 09:23:54 --> Session: Class initialized using 'CodeIgniter\Session\Handlers\FileHandler' driver.
WARNING - 2026-02-17 09:23:57 --> [DEPRECATED] Passing lowercase HTTP method "get" is deprecated. Use uppercase HTTP method like "GET". in SYSTEMPATH/Router/RouteCollection.php on line 1026.
 1 SYSTEMPATH/Router/RouteCollection.php(1026): trigger_error('Passing lowercase HTTP method "get" is deprecated. Use uppercase HTTP method like "GET".', 16384)
 2 APPPATH/Config/Routes.php(135): CodeIgniter\Router\RouteCollection->match([...], 'locations/generarPDF', 'LocationsPdfController::generarPDF')
 3 SYSTEMPATH/Router/RouteCollection.php(339): require('/home/u976386866/domains/servipro.site/public_html/app/app/Config/Routes.php')
 4 SYSTEMPATH/CodeIgniter.php(821): CodeIgniter\Router\RouteCollection->loadRoutes()
 5 SYSTEMPATH/CodeIgniter.php(455): CodeIgniter\CodeIgniter->tryToRouteIt(null)
 6 SYSTEMPATH/CodeIgniter.php(354): CodeIgniter\CodeIgniter->handleRequest(null, Object(Config\Cache), false)
 7 SYSTEMPATH/Boot.php(334): CodeIgniter\CodeIgniter->run()
 8 SYSTEMPATH/Boot.php(67): CodeIgniter\Boot::runCodeIgniter(Object(CodeIgniter\CodeIgniter))
 9 FCPATH/index.php(56): CodeIgniter\Boot::bootWeb(Object(Config\Paths))
WARNING - 2026-02-17 09:23:57 --> [DEPRECATED] Passing lowercase HTTP method "post" is deprecated. Use uppercase HTTP method like "POST". in SYSTEMPATH/Router/RouteCollection.php on line 1026.
 1 SYSTEMPATH/Router/RouteCollection.php(1026): trigger_error('Passing lowercase HTTP method "post" is deprecated. Use uppercase HTTP method like "POST".', 16384)
 2 APPPATH/Config/Routes.php(135): CodeIgniter\Router\RouteCollection->match([...], 'locations/generarPDF', 'LocationsPdfController::generarPDF')
 3 SYSTEMPATH/Router/RouteCollection.php(339): require('/home/u976386866/domains/servipro.site/public_html/app/app/Config/Routes.php')
 4 SYSTEMPATH/CodeIgniter.php(821): CodeIgniter\Router\RouteCollection->loadRoutes()
 5 SYSTEMPATH/CodeIgniter.php(455): CodeIgniter\CodeIgniter->tryToRouteIt(null)
 6 SYSTEMPATH/CodeIgniter.php(354): CodeIgniter\CodeIgniter->handleRequest(null, Object(Config\Cache), false)
 7 SYSTEMPATH/Boot.php(334): CodeIgniter\CodeIgniter->run()
 8 SYSTEMPATH/Boot.php(67): CodeIgniter\Boot::runCodeIgniter(Object(CodeIgniter\CodeIgniter))
 9 FCPATH/index.php(56): CodeIgniter\Boot::bootWeb(Object(Config\Paths))
DEBUG - 2026-02-17 09:23:57 --> Session: Class initialized using 'CodeIgniter\Session\Handlers\FileHandler' driver.
WARNING - 2026-02-17 09:23:58 --> [DEPRECATED] Passing lowercase HTTP method "get" is deprecated. Use uppercase HTTP method like "GET". in SYSTEMPATH/Router/RouteCollection.php on line 1026.
 1 SYSTEMPATH/Router/RouteCollection.php(1026): trigger_error('Passing lowercase HTTP method "get" is deprecated. Use uppercase HTTP method like "GET".', 16384)
 2 APPPATH/Config/Routes.php(135): CodeIgniter\Router\RouteCollection->match([...], 'locations/generarPDF', 'LocationsPdfController::generarPDF')
 3 SYSTEMPATH/Router/RouteCollection.php(339): require('/home/u976386866/domains/servipro.site/public_html/app/app/Config/Routes.php')
 4 SYSTEMPATH/CodeIgniter.php(821): CodeIgniter\Router\RouteCollection->loadRoutes()
 5 SYSTEMPATH/CodeIgniter.php(455): CodeIgniter\CodeIgniter->tryToRouteIt(null)
 6 SYSTEMPATH/CodeIgniter.php(354): CodeIgniter\CodeIgniter->handleRequest(null, Object(Config\Cache), false)
 7 SYSTEMPATH/Boot.php(334): CodeIgniter\CodeIgniter->run()
 8 SYSTEMPATH/Boot.php(67): CodeIgniter\Boot::runCodeIgniter(Object(CodeIgniter\CodeIgniter))
 9 FCPATH/index.php(56): CodeIgniter\Boot::bootWeb(Object(Config\Paths))
WARNING - 2026-02-17 09:23:58 --> [DEPRECATED] Passing lowercase HTTP method "post" is deprecated. Use uppercase HTTP method like "POST". in SYSTEMPATH/Router/RouteCollection.php on line 1026.
 1 SYSTEMPATH/Router/RouteCollection.php(1026): trigger_error('Passing lowercase HTTP method "post" is deprecated. Use uppercase HTTP method like "POST".', 16384)
 2 APPPATH/Config/Routes.php(135): CodeIgniter\Router\RouteCollection->match([...], 'locations/generarPDF', 'LocationsPdfController::generarPDF')
 3 SYSTEMPATH/Router/RouteCollection.php(339): require('/home/u976386866/domains/servipro.site/public_html/app/app/Config/Routes.php')
 4 SYSTEMPATH/CodeIgniter.php(821): CodeIgniter\Router\RouteCollection->loadRoutes()
 5 SYSTEMPATH/CodeIgniter.php(455): CodeIgniter\CodeIgniter->tryToRouteIt(null)
 6 SYSTEMPATH/CodeIgniter.php(354): CodeIgniter\CodeIgniter->handleRequest(null, Object(Config\Cache), false)
 7 SYSTEMPATH/Boot.php(334): CodeIgniter\CodeIgniter->run()
 8 SYSTEMPATH/Boot.php(67): CodeIgniter\Boot::runCodeIgniter(Object(CodeIgniter\CodeIgniter))
 9 FCPATH/index.php(56): CodeIgniter\Boot::bootWeb(Object(Config\Paths))
DEBUG - 2026-02-17 09:23:58 --> Session: Class initialized using 'CodeIgniter\Session\Handlers\FileHandler' driver.
WARNING - 2026-02-17 09:26:50 --> [DEPRECATED] Passing lowercase HTTP method "get" is deprecated. Use uppercase HTTP method like "GET". in SYSTEMPATH/Router/RouteCollection.php on line 1026.
 1 SYSTEMPATH/Router/RouteCollection.php(1026): trigger_error('Passing lowercase HTTP method "get" is deprecated. Use uppercase HTTP method like "GET".', 16384)
 2 APPPATH/Config/Routes.php(135): CodeIgniter\Router\RouteCollection->match([...], 'locations/generarPDF', 'LocationsPdfController::generarPDF')
 3 SYSTEMPATH/Router/RouteCollection.php(339): require('/home/u976386866/domains/servipro.site/public_html/app/app/Config/Routes.php')
 4 SYSTEMPATH/CodeIgniter.php(821): CodeIgniter\Router\RouteCollection->loadRoutes()
 5 SYSTEMPATH/CodeIgniter.php(455): CodeIgniter\CodeIgniter->tryToRouteIt(null)
 6 SYSTEMPATH/CodeIgniter.php(354): CodeIgniter\CodeIgniter->handleRequest(null, Object(Config\Cache), false)
 7 SYSTEMPATH/Boot.php(334): CodeIgniter\CodeIgniter->run()
 8 SYSTEMPATH/Boot.php(67): CodeIgniter\Boot::runCodeIgniter(Object(CodeIgniter\CodeIgniter))
 9 FCPATH/index.php(56): CodeIgniter\Boot::bootWeb(Object(Config\Paths))
WARNING - 2026-02-17 09:26:50 --> [DEPRECATED] Passing lowercase HTTP method "post" is deprecated. Use uppercase HTTP method like "POST". in SYSTEMPATH/Router/RouteCollection.php on line 1026.
 1 SYSTEMPATH/Router/RouteCollection.php(1026): trigger_error('Passing lowercase HTTP method "post" is deprecated. Use uppercase HTTP method like "POST".', 16384)
 2 APPPATH/Config/Routes.php(135): CodeIgniter\Router\RouteCollection->match([...], 'locations/generarPDF', 'LocationsPdfController::generarPDF')
 3 SYSTEMPATH/Router/RouteCollection.php(339): require('/home/u976386866/domains/servipro.site/public_html/app/app/Config/Routes.php')
 4 SYSTEMPATH/CodeIgniter.php(821): CodeIgniter\Router\RouteCollection->loadRoutes()
 5 SYSTEMPATH/CodeIgniter.php(455): CodeIgniter\CodeIgniter->tryToRouteIt(null)
 6 SYSTEMPATH/CodeIgniter.php(354): CodeIgniter\CodeIgniter->handleRequest(null, Object(Config\Cache), false)
 7 SYSTEMPATH/Boot.php(334): CodeIgniter\CodeIgniter->run()
 8 SYSTEMPATH/Boot.php(67): CodeIgniter\Boot::runCodeIgniter(Object(CodeIgniter\CodeIgniter))
 9 FCPATH/index.php(56): CodeIgniter\Boot::bootWeb(Object(Config\Paths))
WARNING - 2026-02-17 09:28:40 --> [DEPRECATED] Passing lowercase HTTP method "get" is deprecated. Use uppercase HTTP method like "GET". in SYSTEMPATH/Router/RouteCollection.php on line 1026.
 1 SYSTEMPATH/Router/RouteCollection.php(1026): trigger_error('Passing lowercase HTTP method "get" is deprecated. Use uppercase HTTP method like "GET".', 16384)
 2 APPPATH/Config/Routes.php(135): CodeIgniter\Router\RouteCollection->match([...], 'locations/generarPDF', 'LocationsPdfController::generarPDF')
 3 SYSTEMPATH/Router/RouteCollection.php(339): require('/home/u976386866/domains/servipro.site/public_html/app/app/Config/Routes.php')
 4 SYSTEMPATH/CodeIgniter.php(821): CodeIgniter\Router\RouteCollection->loadRoutes()
 5 SYSTEMPATH/CodeIgniter.php(455): CodeIgniter\CodeIgniter->tryToRouteIt(null)
 6 SYSTEMPATH/CodeIgniter.php(354): CodeIgniter\CodeIgniter->handleRequest(null, Object(Config\Cache), false)
 7 SYSTEMPATH/Boot.php(334): CodeIgniter\CodeIgniter->run()
 8 SYSTEMPATH/Boot.php(67): CodeIgniter\Boot::runCodeIgniter(Object(CodeIgniter\CodeIgniter))
 9 FCPATH/index.php(56): CodeIgniter\Boot::bootWeb(Object(Config\Paths))
WARNING - 2026-02-17 09:28:40 --> [DEPRECATED] Passing lowercase HTTP method "post" is deprecated. Use uppercase HTTP method like "POST". in SYSTEMPATH/Router/RouteCollection.php on line 1026.
 1 SYSTEMPATH/Router/RouteCollection.php(1026): trigger_error('Passing lowercase HTTP method "post" is deprecated. Use uppercase HTTP method like "POST".', 16384)
 2 APPPATH/Config/Routes.php(135): CodeIgniter\Router\RouteCollection->match([...], 'locations/generarPDF', 'LocationsPdfController::generarPDF')
 3 SYSTEMPATH/Router/RouteCollection.php(339): require('/home/u976386866/domains/servipro.site/public_html/app/app/Config/Routes.php')
 4 SYSTEMPATH/CodeIgniter.php(821): CodeIgniter\Router\RouteCollection->loadRoutes()
 5 SYSTEMPATH/CodeIgniter.php(455): CodeIgniter\CodeIgniter->tryToRouteIt(null)
 6 SYSTEMPATH/CodeIgniter.php(354): CodeIgniter\CodeIgniter->handleRequest(null, Object(Config\Cache), false)
 7 SYSTEMPATH/Boot.php(334): CodeIgniter\CodeIgniter->run()
 8 SYSTEMPATH/Boot.php(67): CodeIgniter\Boot::runCodeIgniter(Object(CodeIgniter\CodeIgniter))
 9 FCPATH/index.php(56): CodeIgniter\Boot::bootWeb(Object(Config\Paths))
DEBUG - 2026-02-17 09:28:40 --> Session: Class initialized using 'CodeIgniter\Session\Handlers\FileHandler' driver.
WARNING - 2026-02-17 09:28:41 --> [DEPRECATED] Passing lowercase HTTP method "get" is deprecated. Use uppercase HTTP method like "GET". in SYSTEMPATH/Router/RouteCollection.php on line 1026.
 1 SYSTEMPATH/Router/RouteCollection.php(1026): trigger_error('Passing lowercase HTTP method "get" is deprecated. Use uppercase HTTP method like "GET".', 16384)
 2 APPPATH/Config/Routes.php(135): CodeIgniter\Router\RouteCollection->match([...], 'locations/generarPDF', 'LocationsPdfController::generarPDF')
 3 SYSTEMPATH/Router/RouteCollection.php(339): require('/home/u976386866/domains/servipro.site/public_html/app/app/Config/Routes.php')
 4 SYSTEMPATH/CodeIgniter.php(821): CodeIgniter\Router\RouteCollection->loadRoutes()
 5 SYSTEMPATH/CodeIgniter.php(455): CodeIgniter\CodeIgniter->tryToRouteIt(null)
 6 SYSTEMPATH/CodeIgniter.php(354): CodeIgniter\CodeIgniter->handleRequest(null, Object(Config\Cache), false)
 7 SYSTEMPATH/Boot.php(334): CodeIgniter\CodeIgniter->run()
 8 SYSTEMPATH/Boot.php(67): CodeIgniter\Boot::runCodeIgniter(Object(CodeIgniter\CodeIgniter))
 9 FCPATH/index.php(56): CodeIgniter\Boot::bootWeb(Object(Config\Paths))
WARNING - 2026-02-17 09:28:41 --> [DEPRECATED] Passing lowercase HTTP method "post" is deprecated. Use uppercase HTTP method like "POST". in SYSTEMPATH/Router/RouteCollection.php on line 1026.
 1 SYSTEMPATH/Router/RouteCollection.php(1026): trigger_error('Passing lowercase HTTP method "post" is deprecated. Use uppercase HTTP method like "POST".', 16384)
 2 APPPATH/Config/Routes.php(135): CodeIgniter\Router\RouteCollection->match([...], 'locations/generarPDF', 'LocationsPdfController::generarPDF')
 3 SYSTEMPATH/Router/RouteCollection.php(339): require('/home/u976386866/domains/servipro.site/public_html/app/app/Config/Routes.php')
 4 SYSTEMPATH/CodeIgniter.php(821): CodeIgniter\Router\RouteCollection->loadRoutes()
 5 SYSTEMPATH/CodeIgniter.php(455): CodeIgniter\CodeIgniter->tryToRouteIt(null)
 6 SYSTEMPATH/CodeIgniter.php(354): CodeIgniter\CodeIgniter->handleRequest(null, Object(Config\Cache), false)
 7 SYSTEMPATH/Boot.php(334): CodeIgniter\CodeIgniter->run()
 8 SYSTEMPATH/Boot.php(67): CodeIgniter\Boot::runCodeIgniter(Object(CodeIgniter\CodeIgniter))
 9 FCPATH/index.php(56): CodeIgniter\Boot::bootWeb(Object(Config\Paths))
DEBUG - 2026-02-17 09:28:41 --> Session: Class initialized using 'CodeIgniter\Session\Handlers\FileHandler' driver.
WARNING - 2026-02-17 09:28:44 --> [DEPRECATED] Passing lowercase HTTP method "get" is deprecated. Use uppercase HTTP method like "GET". in SYSTEMPATH/Router/RouteCollection.php on line 1026.
 1 SYSTEMPATH/Router/RouteCollection.php(1026): trigger_error('Passing lowercase HTTP method "get" is deprecated. Use uppercase HTTP method like "GET".', 16384)
 2 APPPATH/Config/Routes.php(135): CodeIgniter\Router\RouteCollection->match([...], 'locations/generarPDF', 'LocationsPdfController::generarPDF')
 3 SYSTEMPATH/Router/RouteCollection.php(339): require('/home/u976386866/domains/servipro.site/public_html/app/app/Config/Routes.php')
 4 SYSTEMPATH/CodeIgniter.php(821): CodeIgniter\Router\RouteCollection->loadRoutes()
 5 SYSTEMPATH/CodeIgniter.php(455): CodeIgniter\CodeIgniter->tryToRouteIt(null)
 6 SYSTEMPATH/CodeIgniter.php(354): CodeIgniter\CodeIgniter->handleRequest(null, Object(Config\Cache), false)
 7 SYSTEMPATH/Boot.php(334): CodeIgniter\CodeIgniter->run()
 8 SYSTEMPATH/Boot.php(67): CodeIgniter\Boot::runCodeIgniter(Object(CodeIgniter\CodeIgniter))
 9 FCPATH/index.php(56): CodeIgniter\Boot::bootWeb(Object(Config\Paths))
WARNING - 2026-02-17 09:28:44 --> [DEPRECATED] Passing lowercase HTTP method "post" is deprecated. Use uppercase HTTP method like "POST". in SYSTEMPATH/Router/RouteCollection.php on line 1026.
 1 SYSTEMPATH/Router/RouteCollection.php(1026): trigger_error('Passing lowercase HTTP method "post" is deprecated. Use uppercase HTTP method like "POST".', 16384)
 2 APPPATH/Config/Routes.php(135): CodeIgniter\Router\RouteCollection->match([...], 'locations/generarPDF', 'LocationsPdfController::generarPDF')
 3 SYSTEMPATH/Router/RouteCollection.php(339): require('/home/u976386866/domains/servipro.site/public_html/app/app/Config/Routes.php')
 4 SYSTEMPATH/CodeIgniter.php(821): CodeIgniter\Router\RouteCollection->loadRoutes()
 5 SYSTEMPATH/CodeIgniter.php(455): CodeIgniter\CodeIgniter->tryToRouteIt(null)
 6 SYSTEMPATH/CodeIgniter.php(354): CodeIgniter\CodeIgniter->handleRequest(null, Object(Config\Cache), false)
 7 SYSTEMPATH/Boot.php(334): CodeIgniter\CodeIgniter->run()
 8 SYSTEMPATH/Boot.php(67): CodeIgniter\Boot::runCodeIgniter(Object(CodeIgniter\CodeIgniter))
 9 FCPATH/index.php(56): CodeIgniter\Boot::bootWeb(Object(Config\Paths))
DEBUG - 2026-02-17 09:28:44 --> Session: Class initialized using 'CodeIgniter\Session\Handlers\FileHandler' driver.
WARNING - 2026-02-17 09:28:48 --> [DEPRECATED] Passing lowercase HTTP method "get" is deprecated. Use uppercase HTTP method like "GET". in SYSTEMPATH/Router/RouteCollection.php on line 1026.
 1 SYSTEMPATH/Router/RouteCollection.php(1026): trigger_error('Passing lowercase HTTP method "get" is deprecated. Use uppercase HTTP method like "GET".', 16384)
 2 APPPATH/Config/Routes.php(135): CodeIgniter\Router\RouteCollection->match([...], 'locations/generarPDF', 'LocationsPdfController::generarPDF')
 3 SYSTEMPATH/Router/RouteCollection.php(339): require('/home/u976386866/domains/servipro.site/public_html/app/app/Config/Routes.php')
 4 SYSTEMPATH/CodeIgniter.php(821): CodeIgniter\Router\RouteCollection->loadRoutes()
 5 SYSTEMPATH/CodeIgniter.php(455): CodeIgniter\CodeIgniter->tryToRouteIt(null)
 6 SYSTEMPATH/CodeIgniter.php(354): CodeIgniter\CodeIgniter->handleRequest(null, Object(Config\Cache), false)
 7 SYSTEMPATH/Boot.php(334): CodeIgniter\CodeIgniter->run()
 8 SYSTEMPATH/Boot.php(67): CodeIgniter\Boot::runCodeIgniter(Object(CodeIgniter\CodeIgniter))
 9 FCPATH/index.php(56): CodeIgniter\Boot::bootWeb(Object(Config\Paths))
WARNING - 2026-02-17 09:28:48 --> [DEPRECATED] Passing lowercase HTTP method "post" is deprecated. Use uppercase HTTP method like "POST". in SYSTEMPATH/Router/RouteCollection.php on line 1026.
 1 SYSTEMPATH/Router/RouteCollection.php(1026): trigger_error('Passing lowercase HTTP method "post" is deprecated. Use uppercase HTTP method like "POST".', 16384)
 2 APPPATH/Config/Routes.php(135): CodeIgniter\Router\RouteCollection->match([...], 'locations/generarPDF', 'LocationsPdfController::generarPDF')
 3 SYSTEMPATH/Router/RouteCollection.php(339): require('/home/u976386866/domains/servipro.site/public_html/app/app/Config/Routes.php')
 4 SYSTEMPATH/CodeIgniter.php(821): CodeIgniter\Router\RouteCollection->loadRoutes()
 5 SYSTEMPATH/CodeIgniter.php(455): CodeIgniter\CodeIgniter->tryToRouteIt(null)
 6 SYSTEMPATH/CodeIgniter.php(354): CodeIgniter\CodeIgniter->handleRequest(null, Object(Config\Cache), false)
 7 SYSTEMPATH/Boot.php(334): CodeIgniter\CodeIgniter->run()
 8 SYSTEMPATH/Boot.php(67): CodeIgniter\Boot::runCodeIgniter(Object(CodeIgniter\CodeIgniter))
 9 FCPATH/index.php(56): CodeIgniter\Boot::bootWeb(Object(Config\Paths))
DEBUG - 2026-02-17 09:28:48 --> Session: Class initialized using 'CodeIgniter\Session\Handlers\FileHandler' driver.
WARNING - 2026-02-17 09:29:09 --> [DEPRECATED] Passing lowercase HTTP method "get" is deprecated. Use uppercase HTTP method like "GET". in SYSTEMPATH/Router/RouteCollection.php on line 1026.
 1 SYSTEMPATH/Router/RouteCollection.php(1026): trigger_error('Passing lowercase HTTP method "get" is deprecated. Use uppercase HTTP method like "GET".', 16384)
 2 APPPATH/Config/Routes.php(135): CodeIgniter\Router\RouteCollection->match([...], 'locations/generarPDF', 'LocationsPdfController::generarPDF')
 3 SYSTEMPATH/Router/RouteCollection.php(339): require('/home/u976386866/domains/servipro.site/public_html/app/app/Config/Routes.php')
 4 SYSTEMPATH/CodeIgniter.php(821): CodeIgniter\Router\RouteCollection->loadRoutes()
 5 SYSTEMPATH/CodeIgniter.php(455): CodeIgniter\CodeIgniter->tryToRouteIt(null)
 6 SYSTEMPATH/CodeIgniter.php(354): CodeIgniter\CodeIgniter->handleRequest(null, Object(Config\Cache), false)
 7 SYSTEMPATH/Boot.php(334): CodeIgniter\CodeIgniter->run()
 8 SYSTEMPATH/Boot.php(67): CodeIgniter\Boot::runCodeIgniter(Object(CodeIgniter\CodeIgniter))
 9 FCPATH/index.php(56): CodeIgniter\Boot::bootWeb(Object(Config\Paths))
WARNING - 2026-02-17 09:29:09 --> [DEPRECATED] Passing lowercase HTTP method "post" is deprecated. Use uppercase HTTP method like "POST". in SYSTEMPATH/Router/RouteCollection.php on line 1026.
 1 SYSTEMPATH/Router/RouteCollection.php(1026): trigger_error('Passing lowercase HTTP method "post" is deprecated. Use uppercase HTTP method like "POST".', 16384)
 2 APPPATH/Config/Routes.php(135): CodeIgniter\Router\RouteCollection->match([...], 'locations/generarPDF', 'LocationsPdfController::generarPDF')
 3 SYSTEMPATH/Router/RouteCollection.php(339): require('/home/u976386866/domains/servipro.site/public_html/app/app/Config/Routes.php')
 4 SYSTEMPATH/CodeIgniter.php(821): CodeIgniter\Router\RouteCollection->loadRoutes()
 5 SYSTEMPATH/CodeIgniter.php(455): CodeIgniter\CodeIgniter->tryToRouteIt(null)
 6 SYSTEMPATH/CodeIgniter.php(354): CodeIgniter\CodeIgniter->handleRequest(null, Object(Config\Cache), false)
 7 SYSTEMPATH/Boot.php(334): CodeIgniter\CodeIgniter->run()
 8 SYSTEMPATH/Boot.php(67): CodeIgniter\Boot::runCodeIgniter(Object(CodeIgniter\CodeIgniter))
 9 FCPATH/index.php(56): CodeIgniter\Boot::bootWeb(Object(Config\Paths))
DEBUG - 2026-02-17 09:29:09 --> Session: Class initialized using 'CodeIgniter\Session\Handlers\FileHandler' driver.
DEBUG - 2026-02-17 09:29:09 --> Iniciando carga de sedes
DEBUG - 2026-02-17 09:29:09 --> Sedes cargadas: [{"id":"18","nombre":"Bimbo Azcapotzalco","direccion":"Av San Pablo Xalpa 520, San Martin Xochinahuac, Azcapotzalco, 02120 Ciudad de M\u00e9xico, CDMX","ciudad":"CDMC","pais":"M\u00e9xico","fecha_creacion":"2025-04-07 12:06:45","estatus":"1"},{"id":"21","nombre":"Bimbo Villahermosa","direccion":"Av. Cobre 105, Cd Industrial, 86010 Villahermosa, Tabasco","ciudad":"Villahermosa, Tabasco","pais":"M\u00e9xico","fecha_creacion":"2025-05-12 12:11:50","estatus":"1"},{"id":"22","nombre":"Totis Planta uno Botana","direccion":"Av. San Pablo Xalpa 520, San Mart\u00edn Xochinahuac, Azcapotzalco, 02120 Ciudad de M\u00e9xico, CDMX","ciudad":"CDMX","pais":"Mexico","fecha_creacion":"2025-05-28 09:41:53","estatus":"1"},{"id":"23","nombre":"BIMBO YUCAT\u00c1N","direccion":"CALLE 21, #426, INT 0, COL. CIUDAD INDUSTRIAL","ciudad":"M\u00c9RIDA","pais":"M\u00c9XICO","fecha_creacion":"2025-07-14 17:00:19","estatus":"1"},{"id":"24","nombre":"Bimbo Toluca","direccion":"Corredor Industrial, Mz 2, Lote E, Ex Rancho El Coecillo","ciudad":"Toluca","pais":"M\u00e9xico","fecha_creacion":"2025-07-28 13:39:14","estatus":"1"},{"id":"26","nombre":"Totis planta dos","direccion":"Eje oriente poniente no. 38, col. Ciudad industrial, CP 43800, Tizayuca, Hidalgo","ciudad":"Tizayuca","pais":"M\u00e9xico","fecha_creacion":"2025-10-27 16:30:54","estatus":"1"},{"id":"27","nombre":"Bimbo M\u00e9xico Santa Mar\u00eda ","direccion":"Mimosas 117, 118 Col. Santa Mar\u00eda Insurgentes Cuauht\u00e9moc CDMX ","ciudad":"CDMX","pais":"M\u00e9xico","fecha_creacion":"2025-11-02 10:48:40","estatus":"1"},{"id":"28","nombre":"HAZPAN-LONCHIBON","direccion":"EMILIANO ZAPATA 25, PQUE. IND. LERMA","ciudad":"TOLUCA","pais":"M\u00e9xico","fecha_creacion":"2025-11-27 11:43:59","estatus":"1"},{"id":"29","nombre":"Suandy Marinela Toluca","direccion":"Emiliano Zapata 25, Pque. Ind. Lerma","ciudad":"TOLUCA","pais":"M\u00e9xico","fecha_creacion":"2025-11-27 11:55:24","estatus":"1"},{"id":"30","nombre":"T\u00eda Rosa, Toluca ","direccion":"Benito Juarez Mz. 027","ciudad":"Sta. Ma. Totoltepec, Toluca","pais":"M\u00e9xico","fecha_creacion":"2025-11-27 11:56:59","estatus":"1"},{"id":"31","nombre":"Bimbo Norte","direccion":"Av. F\u00e9lix U. G\u00f3mez 4203, Coyoac\u00e1n, C.P. 64510","ciudad":"Monterrey N.L.","pais":"M\u00e9xico","fecha_creacion":"2025-11-28 15:45:37","estatus":"1"},{"id":"32","nombre":"PLANTA DE PRUEBA","direccion":"PRUEBAS","ciudad":"DCDS","pais":"MEXICO","fecha_creacion":"2025-12-07 18:59:44","estatus":"1"},{"id":"33","nombre":"BSL","direccion":"Eje 128 #135 manzana 3, zona industrial segunda secci\u00f3n ","ciudad":"San Luis Potos\u00ed","pais":"M\u00e9xico","fecha_creacion":"2025-12-08 21:23:56","estatus":"1"},{"id":"34","nombre":"Sanissimo Monterrey","direccion":"Manuel de la Pe\u00f1a y Pe\u00f1a #1020-5, Bella Vista","ciudad":"Monterrey N.L.","pais":"M\u00e9xico","fecha_creacion":"2025-12-08 21:28:12","estatus":"1"},{"id":"36","nombre":"Bimbo Yucat\u00e1n Prueba 2025","direccion":"Calle 21, Villas M\u00e9rida, C.P. 97288, M\u00e9rida Yucat\u00e1n","ciudad":"M\u00e9rida Yucat\u00e1n","pais":"Mexico","fecha_creacion":"2025-12-16 10:43:55","estatus":"1"},{"id":"37","nombre":"BIMBO YUCATAN","direccion":"CALLE 21 CD. INDUSTRIAL","ciudad":"MERIDA YUCATAN","pais":"MEXICO","fecha_creacion":"2025-12-16 17:13:12","estatus":"1"},{"id":"38","nombre":"Bimbo Pac\u00edfico","direccion":"Av. Luis Donaldo Colosio Murrieta, No. 18900","ciudad":"Mazatl\u00e1n","pais":"M\u00e9xico","fecha_creacion":"2025-12-17 11:28:47","estatus":"1"},{"id":"39","nombre":"Bimbo Golfo","direccion":"Km 441 Carretera M\u00e9xico - Veracruz V\u00eda Xalapa, Colonia Francisco Villa, Veracruz, Veracruz, C.P: 91960","ciudad":"Veracruz","pais":"M\u00e9xico","fecha_creacion":"2025-12-17 20:05:59","estatus":"1"},{"id":"40","nombre":"Bimbo Tijuana","direccion":"Av. de Todos los santos S\/N, Industrial Pac\u00edfico, 22643. Tijuana, Baja California.","ciudad":"Tijuana","pais":"M\u00e9xico","fecha_creacion":"2026-01-02 13:33:01","estatus":"1"},{"id":"41","nombre":"PLANTA PRUEBA N","direccion":"SERVIPRO MX","ciudad":"Ciudad de M\u00e9xico","pais":"M\u00e9xico","fecha_creacion":"2026-01-06 17:57:01","estatus":"1"}]
WARNING - 2026-02-17 09:29:16 --> [DEPRECATED] Passing lowercase HTTP method "get" is deprecated. Use uppercase HTTP method like "GET". in SYSTEMPATH/Router/RouteCollection.php on line 1026.
 1 SYSTEMPATH/Router/RouteCollection.php(1026): trigger_error('Passing lowercase HTTP method "get" is deprecated. Use uppercase HTTP method like "GET".', 16384)
 2 APPPATH/Config/Routes.php(135): CodeIgniter\Router\RouteCollection->match([...], 'locations/generarPDF', 'LocationsPdfController::generarPDF')
 3 SYSTEMPATH/Router/RouteCollection.php(339): require('/home/u976386866/domains/servipro.site/public_html/app/app/Config/Routes.php')
 4 SYSTEMPATH/CodeIgniter.php(821): CodeIgniter\Router\RouteCollection->loadRoutes()
 5 SYSTEMPATH/CodeIgniter.php(455): CodeIgniter\CodeIgniter->tryToRouteIt(null)
 6 SYSTEMPATH/CodeIgniter.php(354): CodeIgniter\CodeIgniter->handleRequest(null, Object(Config\Cache), false)
 7 SYSTEMPATH/Boot.php(334): CodeIgniter\CodeIgniter->run()
 8 SYSTEMPATH/Boot.php(67): CodeIgniter\Boot::runCodeIgniter(Object(CodeIgniter\CodeIgniter))
 9 FCPATH/index.php(56): CodeIgniter\Boot::bootWeb(Object(Config\Paths))
WARNING - 2026-02-17 09:29:16 --> [DEPRECATED] Passing lowercase HTTP method "post" is deprecated. Use uppercase HTTP method like "POST". in SYSTEMPATH/Router/RouteCollection.php on line 1026.
 1 SYSTEMPATH/Router/RouteCollection.php(1026): trigger_error('Passing lowercase HTTP method "post" is deprecated. Use uppercase HTTP method like "POST".', 16384)
 2 APPPATH/Config/Routes.php(135): CodeIgniter\Router\RouteCollection->match([...], 'locations/generarPDF', 'LocationsPdfController::generarPDF')
 3 SYSTEMPATH/Router/RouteCollection.php(339): require('/home/u976386866/domains/servipro.site/public_html/app/app/Config/Routes.php')
 4 SYSTEMPATH/CodeIgniter.php(821): CodeIgniter\Router\RouteCollection->loadRoutes()
 5 SYSTEMPATH/CodeIgniter.php(455): CodeIgniter\CodeIgniter->tryToRouteIt(null)
 6 SYSTEMPATH/CodeIgniter.php(354): CodeIgniter\CodeIgniter->handleRequest(null, Object(Config\Cache), false)
 7 SYSTEMPATH/Boot.php(334): CodeIgniter\CodeIgniter->run()
 8 SYSTEMPATH/Boot.php(67): CodeIgniter\Boot::runCodeIgniter(Object(CodeIgniter\CodeIgniter))
 9 FCPATH/index.php(56): CodeIgniter\Boot::bootWeb(Object(Config\Paths))
DEBUG - 2026-02-17 09:29:16 --> Session: Class initialized using 'CodeIgniter\Session\Handlers\FileHandler' driver.
DEBUG - 2026-02-17 09:29:16 --> Iniciando carga de sedes
DEBUG - 2026-02-17 09:29:16 --> Sedes cargadas: [{"id":"18","nombre":"Bimbo Azcapotzalco","direccion":"Av San Pablo Xalpa 520, San Martin Xochinahuac, Azcapotzalco, 02120 Ciudad de M\u00e9xico, CDMX","ciudad":"CDMC","pais":"M\u00e9xico","fecha_creacion":"2025-04-07 12:06:45","estatus":"1"},{"id":"21","nombre":"Bimbo Villahermosa","direccion":"Av. Cobre 105, Cd Industrial, 86010 Villahermosa, Tabasco","ciudad":"Villahermosa, Tabasco","pais":"M\u00e9xico","fecha_creacion":"2025-05-12 12:11:50","estatus":"1"},{"id":"22","nombre":"Totis Planta uno Botana","direccion":"Av. San Pablo Xalpa 520, San Mart\u00edn Xochinahuac, Azcapotzalco, 02120 Ciudad de M\u00e9xico, CDMX","ciudad":"CDMX","pais":"Mexico","fecha_creacion":"2025-05-28 09:41:53","estatus":"1"},{"id":"23","nombre":"BIMBO YUCAT\u00c1N","direccion":"CALLE 21, #426, INT 0, COL. CIUDAD INDUSTRIAL","ciudad":"M\u00c9RIDA","pais":"M\u00c9XICO","fecha_creacion":"2025-07-14 17:00:19","estatus":"1"},{"id":"24","nombre":"Bimbo Toluca","direccion":"Corredor Industrial, Mz 2, Lote E, Ex Rancho El Coecillo","ciudad":"Toluca","pais":"M\u00e9xico","fecha_creacion":"2025-07-28 13:39:14","estatus":"1"},{"id":"26","nombre":"Totis planta dos","direccion":"Eje oriente poniente no. 38, col. Ciudad industrial, CP 43800, Tizayuca, Hidalgo","ciudad":"Tizayuca","pais":"M\u00e9xico","fecha_creacion":"2025-10-27 16:30:54","estatus":"1"},{"id":"27","nombre":"Bimbo M\u00e9xico Santa Mar\u00eda ","direccion":"Mimosas 117, 118 Col. Santa Mar\u00eda Insurgentes Cuauht\u00e9moc CDMX ","ciudad":"CDMX","pais":"M\u00e9xico","fecha_creacion":"2025-11-02 10:48:40","estatus":"1"},{"id":"28","nombre":"HAZPAN-LONCHIBON","direccion":"EMILIANO ZAPATA 25, PQUE. IND. LERMA","ciudad":"TOLUCA","pais":"M\u00e9xico","fecha_creacion":"2025-11-27 11:43:59","estatus":"1"},{"id":"29","nombre":"Suandy Marinela Toluca","direccion":"Emiliano Zapata 25, Pque. Ind. Lerma","ciudad":"TOLUCA","pais":"M\u00e9xico","fecha_creacion":"2025-11-27 11:55:24","estatus":"1"},{"id":"30","nombre":"T\u00eda Rosa, Toluca ","direccion":"Benito Juarez Mz. 027","ciudad":"Sta. Ma. Totoltepec, Toluca","pais":"M\u00e9xico","fecha_creacion":"2025-11-27 11:56:59","estatus":"1"},{"id":"31","nombre":"Bimbo Norte","direccion":"Av. F\u00e9lix U. G\u00f3mez 4203, Coyoac\u00e1n, C.P. 64510","ciudad":"Monterrey N.L.","pais":"M\u00e9xico","fecha_creacion":"2025-11-28 15:45:37","estatus":"1"},{"id":"32","nombre":"PLANTA DE PRUEBA","direccion":"PRUEBAS","ciudad":"DCDS","pais":"MEXICO","fecha_creacion":"2025-12-07 18:59:44","estatus":"1"},{"id":"33","nombre":"BSL","direccion":"Eje 128 #135 manzana 3, zona industrial segunda secci\u00f3n ","ciudad":"San Luis Potos\u00ed","pais":"M\u00e9xico","fecha_creacion":"2025-12-08 21:23:56","estatus":"1"},{"id":"34","nombre":"Sanissimo Monterrey","direccion":"Manuel de la Pe\u00f1a y Pe\u00f1a #1020-5, Bella Vista","ciudad":"Monterrey N.L.","pais":"M\u00e9xico","fecha_creacion":"2025-12-08 21:28:12","estatus":"1"},{"id":"36","nombre":"Bimbo Yucat\u00e1n Prueba 2025","direccion":"Calle 21, Villas M\u00e9rida, C.P. 97288, M\u00e9rida Yucat\u00e1n","ciudad":"M\u00e9rida Yucat\u00e1n","pais":"Mexico","fecha_creacion":"2025-12-16 10:43:55","estatus":"1"},{"id":"37","nombre":"BIMBO YUCATAN","direccion":"CALLE 21 CD. INDUSTRIAL","ciudad":"MERIDA YUCATAN","pais":"MEXICO","fecha_creacion":"2025-12-16 17:13:12","estatus":"1"},{"id":"38","nombre":"Bimbo Pac\u00edfico","direccion":"Av. Luis Donaldo Colosio Murrieta, No. 18900","ciudad":"Mazatl\u00e1n","pais":"M\u00e9xico","fecha_creacion":"2025-12-17 11:28:47","estatus":"1"},{"id":"39","nombre":"Bimbo Golfo","direccion":"Km 441 Carretera M\u00e9xico - Veracruz V\u00eda Xalapa, Colonia Francisco Villa, Veracruz, Veracruz, C.P: 91960","ciudad":"Veracruz","pais":"M\u00e9xico","fecha_creacion":"2025-12-17 20:05:59","estatus":"1"},{"id":"40","nombre":"Bimbo Tijuana","direccion":"Av. de Todos los santos S\/N, Industrial Pac\u00edfico, 22643. Tijuana, Baja California.","ciudad":"Tijuana","pais":"M\u00e9xico","fecha_creacion":"2026-01-02 13:33:01","estatus":"1"},{"id":"41","nombre":"PLANTA PRUEBA N","direccion":"SERVIPRO MX","ciudad":"Ciudad de M\u00e9xico","pais":"M\u00e9xico","fecha_creacion":"2026-01-06 17:57:01","estatus":"1"}]
WARNING - 2026-02-17 09:29:17 --> [DEPRECATED] Passing lowercase HTTP method "get" is deprecated. Use uppercase HTTP method like "GET". in SYSTEMPATH/Router/RouteCollection.php on line 1026.
 1 SYSTEMPATH/Router/RouteCollection.php(1026): trigger_error('Passing lowercase HTTP method "get" is deprecated. Use uppercase HTTP method like "GET".', 16384)
 2 APPPATH/Config/Routes.php(135): CodeIgniter\Router\RouteCollection->match([...], 'locations/generarPDF', 'LocationsPdfController::generarPDF')
 3 SYSTEMPATH/Router/RouteCollection.php(339): require('/home/u976386866/domains/servipro.site/public_html/app/app/Config/Routes.php')
 4 SYSTEMPATH/CodeIgniter.php(821): CodeIgniter\Router\RouteCollection->loadRoutes()
 5 SYSTEMPATH/CodeIgniter.php(455): CodeIgniter\CodeIgniter->tryToRouteIt(null)
 6 SYSTEMPATH/CodeIgniter.php(354): CodeIgniter\CodeIgniter->handleRequest(null, Object(Config\Cache), false)
 7 SYSTEMPATH/Boot.php(334): CodeIgniter\CodeIgniter->run()
 8 SYSTEMPATH/Boot.php(67): CodeIgniter\Boot::runCodeIgniter(Object(CodeIgniter\CodeIgniter))
 9 FCPATH/index.php(56): CodeIgniter\Boot::bootWeb(Object(Config\Paths))
WARNING - 2026-02-17 09:29:17 --> [DEPRECATED] Passing lowercase HTTP method "post" is deprecated. Use uppercase HTTP method like "POST". in SYSTEMPATH/Router/RouteCollection.php on line 1026.
 1 SYSTEMPATH/Router/RouteCollection.php(1026): trigger_error('Passing lowercase HTTP method "post" is deprecated. Use uppercase HTTP method like "POST".', 16384)
 2 APPPATH/Config/Routes.php(135): CodeIgniter\Router\RouteCollection->match([...], 'locations/generarPDF', 'LocationsPdfController::generarPDF')
 3 SYSTEMPATH/Router/RouteCollection.php(339): require('/home/u976386866/domains/servipro.site/public_html/app/app/Config/Routes.php')
 4 SYSTEMPATH/CodeIgniter.php(821): CodeIgniter\Router\RouteCollection->loadRoutes()
 5 SYSTEMPATH/CodeIgniter.php(455): CodeIgniter\CodeIgniter->tryToRouteIt(null)
 6 SYSTEMPATH/CodeIgniter.php(354): CodeIgniter\CodeIgniter->handleRequest(null, Object(Config\Cache), false)
 7 SYSTEMPATH/Boot.php(334): CodeIgniter\CodeIgniter->run()
 8 SYSTEMPATH/Boot.php(67): CodeIgniter\Boot::runCodeIgniter(Object(CodeIgniter\CodeIgniter))
 9 FCPATH/index.php(56): CodeIgniter\Boot::bootWeb(Object(Config\Paths))
DEBUG - 2026-02-17 09:29:17 --> Session: Class initialized using 'CodeIgniter\Session\Handlers\FileHandler' driver.
WARNING - 2026-02-17 09:30:46 --> [DEPRECATED] Passing lowercase HTTP method "get" is deprecated. Use uppercase HTTP method like "GET". in SYSTEMPATH/Router/RouteCollection.php on line 1026.
 1 SYSTEMPATH/Router/RouteCollection.php(1026): trigger_error('Passing lowercase HTTP method "get" is deprecated. Use uppercase HTTP method like "GET".', 16384)
 2 APPPATH/Config/Routes.php(135): CodeIgniter\Router\RouteCollection->match([...], 'locations/generarPDF', 'LocationsPdfController::generarPDF')
 3 SYSTEMPATH/Router/RouteCollection.php(339): require('/home/u976386866/domains/servipro.site/public_html/app/app/Config/Routes.php')
 4 SYSTEMPATH/CodeIgniter.php(821): CodeIgniter\Router\RouteCollection->loadRoutes()
 5 SYSTEMPATH/CodeIgniter.php(455): CodeIgniter\CodeIgniter->tryToRouteIt(null)
 6 SYSTEMPATH/CodeIgniter.php(354): CodeIgniter\CodeIgniter->handleRequest(null, Object(Config\Cache), false)
 7 SYSTEMPATH/Boot.php(334): CodeIgniter\CodeIgniter->run()
 8 SYSTEMPATH/Boot.php(67): CodeIgniter\Boot::runCodeIgniter(Object(CodeIgniter\CodeIgniter))
 9 FCPATH/index.php(56): CodeIgniter\Boot::bootWeb(Object(Config\Paths))
WARNING - 2026-02-17 09:30:46 --> [DEPRECATED] Passing lowercase HTTP method "post" is deprecated. Use uppercase HTTP method like "POST". in SYSTEMPATH/Router/RouteCollection.php on line 1026.
 1 SYSTEMPATH/Router/RouteCollection.php(1026): trigger_error('Passing lowercase HTTP method "post" is deprecated. Use uppercase HTTP method like "POST".', 16384)
 2 APPPATH/Config/Routes.php(135): CodeIgniter\Router\RouteCollection->match([...], 'locations/generarPDF', 'LocationsPdfController::generarPDF')
 3 SYSTEMPATH/Router/RouteCollection.php(339): require('/home/u976386866/domains/servipro.site/public_html/app/app/Config/Routes.php')
 4 SYSTEMPATH/CodeIgniter.php(821): CodeIgniter\Router\RouteCollection->loadRoutes()
 5 SYSTEMPATH/CodeIgniter.php(455): CodeIgniter\CodeIgniter->tryToRouteIt(null)
 6 SYSTEMPATH/CodeIgniter.php(354): CodeIgniter\CodeIgniter->handleRequest(null, Object(Config\Cache), false)
 7 SYSTEMPATH/Boot.php(334): CodeIgniter\CodeIgniter->run()
 8 SYSTEMPATH/Boot.php(67): CodeIgniter\Boot::runCodeIgniter(Object(CodeIgniter\CodeIgniter))
 9 FCPATH/index.php(56): CodeIgniter\Boot::bootWeb(Object(Config\Paths))
DEBUG - 2026-02-17 09:30:46 --> Session: Class initialized using 'CodeIgniter\Session\Handlers\FileHandler' driver.
WARNING - 2026-02-17 09:30:47 --> [DEPRECATED] Passing lowercase HTTP method "get" is deprecated. Use uppercase HTTP method like "GET". in SYSTEMPATH/Router/RouteCollection.php on line 1026.
 1 SYSTEMPATH/Router/RouteCollection.php(1026): trigger_error('Passing lowercase HTTP method "get" is deprecated. Use uppercase HTTP method like "GET".', 16384)
 2 APPPATH/Config/Routes.php(135): CodeIgniter\Router\RouteCollection->match([...], 'locations/generarPDF', 'LocationsPdfController::generarPDF')
 3 SYSTEMPATH/Router/RouteCollection.php(339): require('/home/u976386866/domains/servipro.site/public_html/app/app/Config/Routes.php')
 4 SYSTEMPATH/CodeIgniter.php(821): CodeIgniter\Router\RouteCollection->loadRoutes()
 5 SYSTEMPATH/CodeIgniter.php(455): CodeIgniter\CodeIgniter->tryToRouteIt(null)
 6 SYSTEMPATH/CodeIgniter.php(354): CodeIgniter\CodeIgniter->handleRequest(null, Object(Config\Cache), false)
 7 SYSTEMPATH/Boot.php(334): CodeIgniter\CodeIgniter->run()
 8 SYSTEMPATH/Boot.php(67): CodeIgniter\Boot::runCodeIgniter(Object(CodeIgniter\CodeIgniter))
 9 FCPATH/index.php(56): CodeIgniter\Boot::bootWeb(Object(Config\Paths))
WARNING - 2026-02-17 09:30:47 --> [DEPRECATED] Passing lowercase HTTP method "post" is deprecated. Use uppercase HTTP method like "POST". in SYSTEMPATH/Router/RouteCollection.php on line 1026.
 1 SYSTEMPATH/Router/RouteCollection.php(1026): trigger_error('Passing lowercase HTTP method "post" is deprecated. Use uppercase HTTP method like "POST".', 16384)
 2 APPPATH/Config/Routes.php(135): CodeIgniter\Router\RouteCollection->match([...], 'locations/generarPDF', 'LocationsPdfController::generarPDF')
 3 SYSTEMPATH/Router/RouteCollection.php(339): require('/home/u976386866/domains/servipro.site/public_html/app/app/Config/Routes.php')
 4 SYSTEMPATH/CodeIgniter.php(821): CodeIgniter\Router\RouteCollection->loadRoutes()
 5 SYSTEMPATH/CodeIgniter.php(455): CodeIgniter\CodeIgniter->tryToRouteIt(null)
 6 SYSTEMPATH/CodeIgniter.php(354): CodeIgniter\CodeIgniter->handleRequest(null, Object(Config\Cache), false)
 7 SYSTEMPATH/Boot.php(334): CodeIgniter\CodeIgniter->run()
 8 SYSTEMPATH/Boot.php(67): CodeIgniter\Boot::runCodeIgniter(Object(CodeIgniter\CodeIgniter))
 9 FCPATH/index.php(56): CodeIgniter\Boot::bootWeb(Object(Config\Paths))
DEBUG - 2026-02-17 09:30:47 --> Session: Class initialized using 'CodeIgniter\Session\Handlers\FileHandler' driver.
WARNING - 2026-02-17 09:30:53 --> [DEPRECATED] Passing lowercase HTTP method "get" is deprecated. Use uppercase HTTP method like "GET". in SYSTEMPATH/Router/RouteCollection.php on line 1026.
 1 SYSTEMPATH/Router/RouteCollection.php(1026): trigger_error('Passing lowercase HTTP method "get" is deprecated. Use uppercase HTTP method like "GET".', 16384)
 2 APPPATH/Config/Routes.php(135): CodeIgniter\Router\RouteCollection->match([...], 'locations/generarPDF', 'LocationsPdfController::generarPDF')
 3 SYSTEMPATH/Router/RouteCollection.php(339): require('/home/u976386866/domains/servipro.site/public_html/app/app/Config/Routes.php')
 4 SYSTEMPATH/CodeIgniter.php(821): CodeIgniter\Router\RouteCollection->loadRoutes()
 5 SYSTEMPATH/CodeIgniter.php(455): CodeIgniter\CodeIgniter->tryToRouteIt(null)
 6 SYSTEMPATH/CodeIgniter.php(354): CodeIgniter\CodeIgniter->handleRequest(null, Object(Config\Cache), false)
 7 SYSTEMPATH/Boot.php(334): CodeIgniter\CodeIgniter->run()
 8 SYSTEMPATH/Boot.php(67): CodeIgniter\Boot::runCodeIgniter(Object(CodeIgniter\CodeIgniter))
 9 FCPATH/index.php(56): CodeIgniter\Boot::bootWeb(Object(Config\Paths))
WARNING - 2026-02-17 09:30:53 --> [DEPRECATED] Passing lowercase HTTP method "post" is deprecated. Use uppercase HTTP method like "POST". in SYSTEMPATH/Router/RouteCollection.php on line 1026.
 1 SYSTEMPATH/Router/RouteCollection.php(1026): trigger_error('Passing lowercase HTTP method "post" is deprecated. Use uppercase HTTP method like "POST".', 16384)
 2 APPPATH/Config/Routes.php(135): CodeIgniter\Router\RouteCollection->match([...], 'locations/generarPDF', 'LocationsPdfController::generarPDF')
 3 SYSTEMPATH/Router/RouteCollection.php(339): require('/home/u976386866/domains/servipro.site/public_html/app/app/Config/Routes.php')
 4 SYSTEMPATH/CodeIgniter.php(821): CodeIgniter\Router\RouteCollection->loadRoutes()
 5 SYSTEMPATH/CodeIgniter.php(455): CodeIgniter\CodeIgniter->tryToRouteIt(null)
 6 SYSTEMPATH/CodeIgniter.php(354): CodeIgniter\CodeIgniter->handleRequest(null, Object(Config\Cache), false)
 7 SYSTEMPATH/Boot.php(334): CodeIgniter\CodeIgniter->run()
 8 SYSTEMPATH/Boot.php(67): CodeIgniter\Boot::runCodeIgniter(Object(CodeIgniter\CodeIgniter))
 9 FCPATH/index.php(56): CodeIgniter\Boot::bootWeb(Object(Config\Paths))
DEBUG - 2026-02-17 09:30:53 --> Session: Class initialized using 'CodeIgniter\Session\Handlers\FileHandler' driver.
WARNING - 2026-02-17 09:30:56 --> [DEPRECATED] Passing lowercase HTTP method "get" is deprecated. Use uppercase HTTP method like "GET". in SYSTEMPATH/Router/RouteCollection.php on line 1026.
 1 SYSTEMPATH/Router/RouteCollection.php(1026): trigger_error('Passing lowercase HTTP method "get" is deprecated. Use uppercase HTTP method like "GET".', 16384)
 2 APPPATH/Config/Routes.php(135): CodeIgniter\Router\RouteCollection->match([...], 'locations/generarPDF', 'LocationsPdfController::generarPDF')
 3 SYSTEMPATH/Router/RouteCollection.php(339): require('/home/u976386866/domains/servipro.site/public_html/app/app/Config/Routes.php')
 4 SYSTEMPATH/CodeIgniter.php(821): CodeIgniter\Router\RouteCollection->loadRoutes()
 5 SYSTEMPATH/CodeIgniter.php(455): CodeIgniter\CodeIgniter->tryToRouteIt(null)
 6 SYSTEMPATH/CodeIgniter.php(354): CodeIgniter\CodeIgniter->handleRequest(null, Object(Config\Cache), false)
 7 SYSTEMPATH/Boot.php(334): CodeIgniter\CodeIgniter->run()
 8 SYSTEMPATH/Boot.php(67): CodeIgniter\Boot::runCodeIgniter(Object(CodeIgniter\CodeIgniter))
 9 FCPATH/index.php(56): CodeIgniter\Boot::bootWeb(Object(Config\Paths))
WARNING - 2026-02-17 09:30:56 --> [DEPRECATED] Passing lowercase HTTP method "post" is deprecated. Use uppercase HTTP method like "POST". in SYSTEMPATH/Router/RouteCollection.php on line 1026.
 1 SYSTEMPATH/Router/RouteCollection.php(1026): trigger_error('Passing lowercase HTTP method "post" is deprecated. Use uppercase HTTP method like "POST".', 16384)
 2 APPPATH/Config/Routes.php(135): CodeIgniter\Router\RouteCollection->match([...], 'locations/generarPDF', 'LocationsPdfController::generarPDF')
 3 SYSTEMPATH/Router/RouteCollection.php(339): require('/home/u976386866/domains/servipro.site/public_html/app/app/Config/Routes.php')
 4 SYSTEMPATH/CodeIgniter.php(821): CodeIgniter\Router\RouteCollection->loadRoutes()
 5 SYSTEMPATH/CodeIgniter.php(455): CodeIgniter\CodeIgniter->tryToRouteIt(null)
 6 SYSTEMPATH/CodeIgniter.php(354): CodeIgniter\CodeIgniter->handleRequest(null, Object(Config\Cache), false)
 7 SYSTEMPATH/Boot.php(334): CodeIgniter\CodeIgniter->run()
 8 SYSTEMPATH/Boot.php(67): CodeIgniter\Boot::runCodeIgniter(Object(CodeIgniter\CodeIgniter))
 9 FCPATH/index.php(56): CodeIgniter\Boot::bootWeb(Object(Config\Paths))
DEBUG - 2026-02-17 09:30:56 --> Session: Class initialized using 'CodeIgniter\Session\Handlers\FileHandler' driver.
WARNING - 2026-02-17 09:31:22 --> [DEPRECATED] Passing lowercase HTTP method "get" is deprecated. Use uppercase HTTP method like "GET". in SYSTEMPATH/Router/RouteCollection.php on line 1026.
 1 SYSTEMPATH/Router/RouteCollection.php(1026): trigger_error('Passing lowercase HTTP method "get" is deprecated. Use uppercase HTTP method like "GET".', 16384)
 2 APPPATH/Config/Routes.php(135): CodeIgniter\Router\RouteCollection->match([...], 'locations/generarPDF', 'LocationsPdfController::generarPDF')
 3 SYSTEMPATH/Router/RouteCollection.php(339): require('/home/u976386866/domains/servipro.site/public_html/app/app/Config/Routes.php')
 4 SYSTEMPATH/CodeIgniter.php(821): CodeIgniter\Router\RouteCollection->loadRoutes()
 5 SYSTEMPATH/CodeIgniter.php(455): CodeIgniter\CodeIgniter->tryToRouteIt(null)
 6 SYSTEMPATH/CodeIgniter.php(354): CodeIgniter\CodeIgniter->handleRequest(null, Object(Config\Cache), false)
 7 SYSTEMPATH/Boot.php(334): CodeIgniter\CodeIgniter->run()
 8 SYSTEMPATH/Boot.php(67): CodeIgniter\Boot::runCodeIgniter(Object(CodeIgniter\CodeIgniter))
 9 FCPATH/index.php(56): CodeIgniter\Boot::bootWeb(Object(Config\Paths))
WARNING - 2026-02-17 09:31:22 --> [DEPRECATED] Passing lowercase HTTP method "post" is deprecated. Use uppercase HTTP method like "POST". in SYSTEMPATH/Router/RouteCollection.php on line 1026.
 1 SYSTEMPATH/Router/RouteCollection.php(1026): trigger_error('Passing lowercase HTTP method "post" is deprecated. Use uppercase HTTP method like "POST".', 16384)
 2 APPPATH/Config/Routes.php(135): CodeIgniter\Router\RouteCollection->match([...], 'locations/generarPDF', 'LocationsPdfController::generarPDF')
 3 SYSTEMPATH/Router/RouteCollection.php(339): require('/home/u976386866/domains/servipro.site/public_html/app/app/Config/Routes.php')
 4 SYSTEMPATH/CodeIgniter.php(821): CodeIgniter\Router\RouteCollection->loadRoutes()
 5 SYSTEMPATH/CodeIgniter.php(455): CodeIgniter\CodeIgniter->tryToRouteIt(null)
 6 SYSTEMPATH/CodeIgniter.php(354): CodeIgniter\CodeIgniter->handleRequest(null, Object(Config\Cache), false)
 7 SYSTEMPATH/Boot.php(334): CodeIgniter\CodeIgniter->run()
 8 SYSTEMPATH/Boot.php(67): CodeIgniter\Boot::runCodeIgniter(Object(CodeIgniter\CodeIgniter))
 9 FCPATH/index.php(56): CodeIgniter\Boot::bootWeb(Object(Config\Paths))
DEBUG - 2026-02-17 09:31:22 --> Session: Class initialized using 'CodeIgniter\Session\Handlers\FileHandler' driver.
WARNING - 2026-02-17 09:31:23 --> [DEPRECATED] Passing lowercase HTTP method "get" is deprecated. Use uppercase HTTP method like "GET". in SYSTEMPATH/Router/RouteCollection.php on line 1026.
 1 SYSTEMPATH/Router/RouteCollection.php(1026): trigger_error('Passing lowercase HTTP method "get" is deprecated. Use uppercase HTTP method like "GET".', 16384)
 2 APPPATH/Config/Routes.php(135): CodeIgniter\Router\RouteCollection->match([...], 'locations/generarPDF', 'LocationsPdfController::generarPDF')
 3 SYSTEMPATH/Router/RouteCollection.php(339): require('/home/u976386866/domains/servipro.site/public_html/app/app/Config/Routes.php')
 4 SYSTEMPATH/CodeIgniter.php(821): CodeIgniter\Router\RouteCollection->loadRoutes()
 5 SYSTEMPATH/CodeIgniter.php(455): CodeIgniter\CodeIgniter->tryToRouteIt(null)
 6 SYSTEMPATH/CodeIgniter.php(354): CodeIgniter\CodeIgniter->handleRequest(null, Object(Config\Cache), false)
 7 SYSTEMPATH/Boot.php(334): CodeIgniter\CodeIgniter->run()
 8 SYSTEMPATH/Boot.php(67): CodeIgniter\Boot::runCodeIgniter(Object(CodeIgniter\CodeIgniter))
 9 FCPATH/index.php(56): CodeIgniter\Boot::bootWeb(Object(Config\Paths))
WARNING - 2026-02-17 09:31:23 --> [DEPRECATED] Passing lowercase HTTP method "post" is deprecated. Use uppercase HTTP method like "POST". in SYSTEMPATH/Router/RouteCollection.php on line 1026.
 1 SYSTEMPATH/Router/RouteCollection.php(1026): trigger_error('Passing lowercase HTTP method "post" is deprecated. Use uppercase HTTP method like "POST".', 16384)
 2 APPPATH/Config/Routes.php(135): CodeIgniter\Router\RouteCollection->match([...], 'locations/generarPDF', 'LocationsPdfController::generarPDF')
 3 SYSTEMPATH/Router/RouteCollection.php(339): require('/home/u976386866/domains/servipro.site/public_html/app/app/Config/Routes.php')
 4 SYSTEMPATH/CodeIgniter.php(821): CodeIgniter\Router\RouteCollection->loadRoutes()
 5 SYSTEMPATH/CodeIgniter.php(455): CodeIgniter\CodeIgniter->tryToRouteIt(null)
 6 SYSTEMPATH/CodeIgniter.php(354): CodeIgniter\CodeIgniter->handleRequest(null, Object(Config\Cache), false)
 7 SYSTEMPATH/Boot.php(334): CodeIgniter\CodeIgniter->run()
 8 SYSTEMPATH/Boot.php(67): CodeIgniter\Boot::runCodeIgniter(Object(CodeIgniter\CodeIgniter))
 9 FCPATH/index.php(56): CodeIgniter\Boot::bootWeb(Object(Config\Paths))
DEBUG - 2026-02-17 09:31:23 --> Session: Class initialized using 'CodeIgniter\Session\Handlers\FileHandler' driver.
WARNING - 2026-02-17 09:34:29 --> [DEPRECATED] Passing lowercase HTTP method "get" is deprecated. Use uppercase HTTP method like "GET". in SYSTEMPATH/Router/RouteCollection.php on line 1026.
 1 SYSTEMPATH/Router/RouteCollection.php(1026): trigger_error('Passing lowercase HTTP method "get" is deprecated. Use uppercase HTTP method like "GET".', 16384)
 2 APPPATH/Config/Routes.php(135): CodeIgniter\Router\RouteCollection->match([...], 'locations/generarPDF', 'LocationsPdfController::generarPDF')
 3 SYSTEMPATH/Router/RouteCollection.php(339): require('/home/u976386866/domains/servipro.site/public_html/app/app/Config/Routes.php')
 4 SYSTEMPATH/CodeIgniter.php(821): CodeIgniter\Router\RouteCollection->loadRoutes()
 5 SYSTEMPATH/CodeIgniter.php(455): CodeIgniter\CodeIgniter->tryToRouteIt(null)
 6 SYSTEMPATH/CodeIgniter.php(354): CodeIgniter\CodeIgniter->handleRequest(null, Object(Config\Cache), false)
 7 SYSTEMPATH/Boot.php(334): CodeIgniter\CodeIgniter->run()
 8 SYSTEMPATH/Boot.php(67): CodeIgniter\Boot::runCodeIgniter(Object(CodeIgniter\CodeIgniter))
 9 FCPATH/index.php(56): CodeIgniter\Boot::bootWeb(Object(Config\Paths))
WARNING - 2026-02-17 09:34:29 --> [DEPRECATED] Passing lowercase HTTP method "post" is deprecated. Use uppercase HTTP method like "POST". in SYSTEMPATH/Router/RouteCollection.php on line 1026.
 1 SYSTEMPATH/Router/RouteCollection.php(1026): trigger_error('Passing lowercase HTTP method "post" is deprecated. Use uppercase HTTP method like "POST".', 16384)
 2 APPPATH/Config/Routes.php(135): CodeIgniter\Router\RouteCollection->match([...], 'locations/generarPDF', 'LocationsPdfController::generarPDF')
 3 SYSTEMPATH/Router/RouteCollection.php(339): require('/home/u976386866/domains/servipro.site/public_html/app/app/Config/Routes.php')
 4 SYSTEMPATH/CodeIgniter.php(821): CodeIgniter\Router\RouteCollection->loadRoutes()
 5 SYSTEMPATH/CodeIgniter.php(455): CodeIgniter\CodeIgniter->tryToRouteIt(null)
 6 SYSTEMPATH/CodeIgniter.php(354): CodeIgniter\CodeIgniter->handleRequest(null, Object(Config\Cache), false)
 7 SYSTEMPATH/Boot.php(334): CodeIgniter\CodeIgniter->run()
 8 SYSTEMPATH/Boot.php(67): CodeIgniter\Boot::runCodeIgniter(Object(CodeIgniter\CodeIgniter))
 9 FCPATH/index.php(56): CodeIgniter\Boot::bootWeb(Object(Config\Paths))
WARNING - 2026-02-17 09:34:34 --> [DEPRECATED] Passing lowercase HTTP method "get" is deprecated. Use uppercase HTTP method like "GET". in SYSTEMPATH/Router/RouteCollection.php on line 1026.
 1 SYSTEMPATH/Router/RouteCollection.php(1026): trigger_error('Passing lowercase HTTP method "get" is deprecated. Use uppercase HTTP method like "GET".', 16384)
 2 APPPATH/Config/Routes.php(135): CodeIgniter\Router\RouteCollection->match([...], 'locations/generarPDF', 'LocationsPdfController::generarPDF')
 3 SYSTEMPATH/Router/RouteCollection.php(339): require('/home/u976386866/domains/servipro.site/public_html/app/app/Config/Routes.php')
 4 SYSTEMPATH/CodeIgniter.php(821): CodeIgniter\Router\RouteCollection->loadRoutes()
 5 SYSTEMPATH/CodeIgniter.php(455): CodeIgniter\CodeIgniter->tryToRouteIt(null)
 6 SYSTEMPATH/CodeIgniter.php(354): CodeIgniter\CodeIgniter->handleRequest(null, Object(Config\Cache), false)
 7 SYSTEMPATH/Boot.php(334): CodeIgniter\CodeIgniter->run()
 8 SYSTEMPATH/Boot.php(67): CodeIgniter\Boot::runCodeIgniter(Object(CodeIgniter\CodeIgniter))
 9 FCPATH/index.php(56): CodeIgniter\Boot::bootWeb(Object(Config\Paths))
WARNING - 2026-02-17 09:34:34 --> [DEPRECATED] Passing lowercase HTTP method "post" is deprecated. Use uppercase HTTP method like "POST". in SYSTEMPATH/Router/RouteCollection.php on line 1026.
 1 SYSTEMPATH/Router/RouteCollection.php(1026): trigger_error('Passing lowercase HTTP method "post" is deprecated. Use uppercase HTTP method like "POST".', 16384)
 2 APPPATH/Config/Routes.php(135): CodeIgniter\Router\RouteCollection->match([...], 'locations/generarPDF', 'LocationsPdfController::generarPDF')
 3 SYSTEMPATH/Router/RouteCollection.php(339): require('/home/u976386866/domains/servipro.site/public_html/app/app/Config/Routes.php')
 4 SYSTEMPATH/CodeIgniter.php(821): CodeIgniter\Router\RouteCollection->loadRoutes()
 5 SYSTEMPATH/CodeIgniter.php(455): CodeIgniter\CodeIgniter->tryToRouteIt(null)
 6 SYSTEMPATH/CodeIgniter.php(354): CodeIgniter\CodeIgniter->handleRequest(null, Object(Config\Cache), false)
 7 SYSTEMPATH/Boot.php(334): CodeIgniter\CodeIgniter->run()
 8 SYSTEMPATH/Boot.php(67): CodeIgniter\Boot::runCodeIgniter(Object(CodeIgniter\CodeIgniter))
 9 FCPATH/index.php(56): CodeIgniter\Boot::bootWeb(Object(Config\Paths))
DEBUG - 2026-02-17 09:34:34 --> Session: Class initialized using 'CodeIgniter\Session\Handlers\FileHandler' driver.
WARNING - 2026-02-17 09:34:34 --> [DEPRECATED] Passing lowercase HTTP method "get" is deprecated. Use uppercase HTTP method like "GET". in SYSTEMPATH/Router/RouteCollection.php on line 1026.
 1 SYSTEMPATH/Router/RouteCollection.php(1026): trigger_error('Passing lowercase HTTP method "get" is deprecated. Use uppercase HTTP method like "GET".', 16384)
 2 APPPATH/Config/Routes.php(135): CodeIgniter\Router\RouteCollection->match([...], 'locations/generarPDF', 'LocationsPdfController::generarPDF')
 3 SYSTEMPATH/Router/RouteCollection.php(339): require('/home/u976386866/domains/servipro.site/public_html/app/app/Config/Routes.php')
 4 SYSTEMPATH/CodeIgniter.php(821): CodeIgniter\Router\RouteCollection->loadRoutes()
 5 SYSTEMPATH/CodeIgniter.php(455): CodeIgniter\CodeIgniter->tryToRouteIt(null)
 6 SYSTEMPATH/CodeIgniter.php(354): CodeIgniter\CodeIgniter->handleRequest(null, Object(Config\Cache), false)
 7 SYSTEMPATH/Boot.php(334): CodeIgniter\CodeIgniter->run()
 8 SYSTEMPATH/Boot.php(67): CodeIgniter\Boot::runCodeIgniter(Object(CodeIgniter\CodeIgniter))
 9 FCPATH/index.php(56): CodeIgniter\Boot::bootWeb(Object(Config\Paths))
WARNING - 2026-02-17 09:34:34 --> [DEPRECATED] Passing lowercase HTTP method "post" is deprecated. Use uppercase HTTP method like "POST". in SYSTEMPATH/Router/RouteCollection.php on line 1026.
 1 SYSTEMPATH/Router/RouteCollection.php(1026): trigger_error('Passing lowercase HTTP method "post" is deprecated. Use uppercase HTTP method like "POST".', 16384)
 2 APPPATH/Config/Routes.php(135): CodeIgniter\Router\RouteCollection->match([...], 'locations/generarPDF', 'LocationsPdfController::generarPDF')
 3 SYSTEMPATH/Router/RouteCollection.php(339): require('/home/u976386866/domains/servipro.site/public_html/app/app/Config/Routes.php')
 4 SYSTEMPATH/CodeIgniter.php(821): CodeIgniter\Router\RouteCollection->loadRoutes()
 5 SYSTEMPATH/CodeIgniter.php(455): CodeIgniter\CodeIgniter->tryToRouteIt(null)
 6 SYSTEMPATH/CodeIgniter.php(354): CodeIgniter\CodeIgniter->handleRequest(null, Object(Config\Cache), false)
 7 SYSTEMPATH/Boot.php(334): CodeIgniter\CodeIgniter->run()
 8 SYSTEMPATH/Boot.php(67): CodeIgniter\Boot::runCodeIgniter(Object(CodeIgniter\CodeIgniter))
 9 FCPATH/index.php(56): CodeIgniter\Boot::bootWeb(Object(Config\Paths))
DEBUG - 2026-02-17 09:34:34 --> Session: Class initialized using 'CodeIgniter\Session\Handlers\FileHandler' driver.
WARNING - 2026-02-17 09:34:37 --> [DEPRECATED] Passing lowercase HTTP method "get" is deprecated. Use uppercase HTTP method like "GET". in SYSTEMPATH/Router/RouteCollection.php on line 1026.
 1 SYSTEMPATH/Router/RouteCollection.php(1026): trigger_error('Passing lowercase HTTP method "get" is deprecated. Use uppercase HTTP method like "GET".', 16384)
 2 APPPATH/Config/Routes.php(135): CodeIgniter\Router\RouteCollection->match([...], 'locations/generarPDF', 'LocationsPdfController::generarPDF')
 3 SYSTEMPATH/Router/RouteCollection.php(339): require('/home/u976386866/domains/servipro.site/public_html/app/app/Config/Routes.php')
 4 SYSTEMPATH/CodeIgniter.php(821): CodeIgniter\Router\RouteCollection->loadRoutes()
 5 SYSTEMPATH/CodeIgniter.php(455): CodeIgniter\CodeIgniter->tryToRouteIt(null)
 6 SYSTEMPATH/CodeIgniter.php(354): CodeIgniter\CodeIgniter->handleRequest(null, Object(Config\Cache), false)
 7 SYSTEMPATH/Boot.php(334): CodeIgniter\CodeIgniter->run()
 8 SYSTEMPATH/Boot.php(67): CodeIgniter\Boot::runCodeIgniter(Object(CodeIgniter\CodeIgniter))
 9 FCPATH/index.php(56): CodeIgniter\Boot::bootWeb(Object(Config\Paths))
WARNING - 2026-02-17 09:34:37 --> [DEPRECATED] Passing lowercase HTTP method "post" is deprecated. Use uppercase HTTP method like "POST". in SYSTEMPATH/Router/RouteCollection.php on line 1026.
 1 SYSTEMPATH/Router/RouteCollection.php(1026): trigger_error('Passing lowercase HTTP method "post" is deprecated. Use uppercase HTTP method like "POST".', 16384)
 2 APPPATH/Config/Routes.php(135): CodeIgniter\Router\RouteCollection->match([...], 'locations/generarPDF', 'LocationsPdfController::generarPDF')
 3 SYSTEMPATH/Router/RouteCollection.php(339): require('/home/u976386866/domains/servipro.site/public_html/app/app/Config/Routes.php')
 4 SYSTEMPATH/CodeIgniter.php(821): CodeIgniter\Router\RouteCollection->loadRoutes()
 5 SYSTEMPATH/CodeIgniter.php(455): CodeIgniter\CodeIgniter->tryToRouteIt(null)
 6 SYSTEMPATH/CodeIgniter.php(354): CodeIgniter\CodeIgniter->handleRequest(null, Object(Config\Cache), false)
 7 SYSTEMPATH/Boot.php(334): CodeIgniter\CodeIgniter->run()
 8 SYSTEMPATH/Boot.php(67): CodeIgniter\Boot::runCodeIgniter(Object(CodeIgniter\CodeIgniter))
 9 FCPATH/index.php(56): CodeIgniter\Boot::bootWeb(Object(Config\Paths))
DEBUG - 2026-02-17 09:34:37 --> Session: Class initialized using 'CodeIgniter\Session\Handlers\FileHandler' driver.
WARNING - 2026-02-17 09:35:18 --> [DEPRECATED] Passing lowercase HTTP method "get" is deprecated. Use uppercase HTTP method like "GET". in SYSTEMPATH/Router/RouteCollection.php on line 1026.
 1 SYSTEMPATH/Router/RouteCollection.php(1026): trigger_error('Passing lowercase HTTP method "get" is deprecated. Use uppercase HTTP method like "GET".', 16384)
 2 APPPATH/Config/Routes.php(135): CodeIgniter\Router\RouteCollection->match([...], 'locations/generarPDF', 'LocationsPdfController::generarPDF')
 3 SYSTEMPATH/Router/RouteCollection.php(339): require('/home/u976386866/domains/servipro.site/public_html/app/app/Config/Routes.php')
 4 SYSTEMPATH/CodeIgniter.php(821): CodeIgniter\Router\RouteCollection->loadRoutes()
 5 SYSTEMPATH/CodeIgniter.php(455): CodeIgniter\CodeIgniter->tryToRouteIt(null)
 6 SYSTEMPATH/CodeIgniter.php(354): CodeIgniter\CodeIgniter->handleRequest(null, Object(Config\Cache), false)
 7 SYSTEMPATH/Boot.php(334): CodeIgniter\CodeIgniter->run()
 8 SYSTEMPATH/Boot.php(67): CodeIgniter\Boot::runCodeIgniter(Object(CodeIgniter\CodeIgniter))
 9 FCPATH/index.php(56): CodeIgniter\Boot::bootWeb(Object(Config\Paths))
WARNING - 2026-02-17 09:35:18 --> [DEPRECATED] Passing lowercase HTTP method "post" is deprecated. Use uppercase HTTP method like "POST". in SYSTEMPATH/Router/RouteCollection.php on line 1026.
 1 SYSTEMPATH/Router/RouteCollection.php(1026): trigger_error('Passing lowercase HTTP method "post" is deprecated. Use uppercase HTTP method like "POST".', 16384)
 2 APPPATH/Config/Routes.php(135): CodeIgniter\Router\RouteCollection->match([...], 'locations/generarPDF', 'LocationsPdfController::generarPDF')
 3 SYSTEMPATH/Router/RouteCollection.php(339): require('/home/u976386866/domains/servipro.site/public_html/app/app/Config/Routes.php')
 4 SYSTEMPATH/CodeIgniter.php(821): CodeIgniter\Router\RouteCollection->loadRoutes()
 5 SYSTEMPATH/CodeIgniter.php(455): CodeIgniter\CodeIgniter->tryToRouteIt(null)
 6 SYSTEMPATH/CodeIgniter.php(354): CodeIgniter\CodeIgniter->handleRequest(null, Object(Config\Cache), false)
 7 SYSTEMPATH/Boot.php(334): CodeIgniter\CodeIgniter->run()
 8 SYSTEMPATH/Boot.php(67): CodeIgniter\Boot::runCodeIgniter(Object(CodeIgniter\CodeIgniter))
 9 FCPATH/index.php(56): CodeIgniter\Boot::bootWeb(Object(Config\Paths))
DEBUG - 2026-02-17 09:35:18 --> Session: Class initialized using 'CodeIgniter\Session\Handlers\FileHandler' driver.
WARNING - 2026-02-17 09:35:56 --> [DEPRECATED] Passing lowercase HTTP method "get" is deprecated. Use uppercase HTTP method like "GET". in SYSTEMPATH/Router/RouteCollection.php on line 1026.
 1 SYSTEMPATH/Router/RouteCollection.php(1026): trigger_error('Passing lowercase HTTP method "get" is deprecated. Use uppercase HTTP method like "GET".', 16384)
 2 APPPATH/Config/Routes.php(135): CodeIgniter\Router\RouteCollection->match([...], 'locations/generarPDF', 'LocationsPdfController::generarPDF')
 3 SYSTEMPATH/Router/RouteCollection.php(339): require('/home/u976386866/domains/servipro.site/public_html/app/app/Config/Routes.php')
 4 SYSTEMPATH/CodeIgniter.php(821): CodeIgniter\Router\RouteCollection->loadRoutes()
 5 SYSTEMPATH/CodeIgniter.php(455): CodeIgniter\CodeIgniter->tryToRouteIt(null)
 6 SYSTEMPATH/CodeIgniter.php(354): CodeIgniter\CodeIgniter->handleRequest(null, Object(Config\Cache), false)
 7 SYSTEMPATH/Boot.php(334): CodeIgniter\CodeIgniter->run()
 8 SYSTEMPATH/Boot.php(67): CodeIgniter\Boot::runCodeIgniter(Object(CodeIgniter\CodeIgniter))
 9 FCPATH/index.php(56): CodeIgniter\Boot::bootWeb(Object(Config\Paths))
WARNING - 2026-02-17 09:35:56 --> [DEPRECATED] Passing lowercase HTTP method "post" is deprecated. Use uppercase HTTP method like "POST". in SYSTEMPATH/Router/RouteCollection.php on line 1026.
 1 SYSTEMPATH/Router/RouteCollection.php(1026): trigger_error('Passing lowercase HTTP method "post" is deprecated. Use uppercase HTTP method like "POST".', 16384)
 2 APPPATH/Config/Routes.php(135): CodeIgniter\Router\RouteCollection->match([...], 'locations/generarPDF', 'LocationsPdfController::generarPDF')
 3 SYSTEMPATH/Router/RouteCollection.php(339): require('/home/u976386866/domains/servipro.site/public_html/app/app/Config/Routes.php')
 4 SYSTEMPATH/CodeIgniter.php(821): CodeIgniter\Router\RouteCollection->loadRoutes()
 5 SYSTEMPATH/CodeIgniter.php(455): CodeIgniter\CodeIgniter->tryToRouteIt(null)
 6 SYSTEMPATH/CodeIgniter.php(354): CodeIgniter\CodeIgniter->handleRequest(null, Object(Config\Cache), false)
 7 SYSTEMPATH/Boot.php(334): CodeIgniter\CodeIgniter->run()
 8 SYSTEMPATH/Boot.php(67): CodeIgniter\Boot::runCodeIgniter(Object(CodeIgniter\CodeIgniter))
 9 FCPATH/index.php(56): CodeIgniter\Boot::bootWeb(Object(Config\Paths))
DEBUG - 2026-02-17 09:35:56 --> Session: Class initialized using 'CodeIgniter\Session\Handlers\FileHandler' driver.
DEBUG - 2026-02-17 09:35:56 --> Iniciando carga de sedes
DEBUG - 2026-02-17 09:35:56 --> Sedes cargadas: [{"id":"18","nombre":"Bimbo Azcapotzalco","direccion":"Av San Pablo Xalpa 520, San Martin Xochinahuac, Azcapotzalco, 02120 Ciudad de M\u00e9xico, CDMX","ciudad":"CDMC","pais":"M\u00e9xico","fecha_creacion":"2025-04-07 12:06:45","estatus":"1"},{"id":"21","nombre":"Bimbo Villahermosa","direccion":"Av. Cobre 105, Cd Industrial, 86010 Villahermosa, Tabasco","ciudad":"Villahermosa, Tabasco","pais":"M\u00e9xico","fecha_creacion":"2025-05-12 12:11:50","estatus":"1"},{"id":"22","nombre":"Totis Planta uno Botana","direccion":"Av. San Pablo Xalpa 520, San Mart\u00edn Xochinahuac, Azcapotzalco, 02120 Ciudad de M\u00e9xico, CDMX","ciudad":"CDMX","pais":"Mexico","fecha_creacion":"2025-05-28 09:41:53","estatus":"1"},{"id":"23","nombre":"BIMBO YUCAT\u00c1N","direccion":"CALLE 21, #426, INT 0, COL. CIUDAD INDUSTRIAL","ciudad":"M\u00c9RIDA","pais":"M\u00c9XICO","fecha_creacion":"2025-07-14 17:00:19","estatus":"1"},{"id":"24","nombre":"Bimbo Toluca","direccion":"Corredor Industrial, Mz 2, Lote E, Ex Rancho El Coecillo","ciudad":"Toluca","pais":"M\u00e9xico","fecha_creacion":"2025-07-28 13:39:14","estatus":"1"},{"id":"26","nombre":"Totis planta dos","direccion":"Eje oriente poniente no. 38, col. Ciudad industrial, CP 43800, Tizayuca, Hidalgo","ciudad":"Tizayuca","pais":"M\u00e9xico","fecha_creacion":"2025-10-27 16:30:54","estatus":"1"},{"id":"27","nombre":"Bimbo M\u00e9xico Santa Mar\u00eda ","direccion":"Mimosas 117, 118 Col. Santa Mar\u00eda Insurgentes Cuauht\u00e9moc CDMX ","ciudad":"CDMX","pais":"M\u00e9xico","fecha_creacion":"2025-11-02 10:48:40","estatus":"1"},{"id":"28","nombre":"HAZPAN-LONCHIBON","direccion":"EMILIANO ZAPATA 25, PQUE. IND. LERMA","ciudad":"TOLUCA","pais":"M\u00e9xico","fecha_creacion":"2025-11-27 11:43:59","estatus":"1"},{"id":"29","nombre":"Suandy Marinela Toluca","direccion":"Emiliano Zapata 25, Pque. Ind. Lerma","ciudad":"TOLUCA","pais":"M\u00e9xico","fecha_creacion":"2025-11-27 11:55:24","estatus":"1"},{"id":"30","nombre":"T\u00eda Rosa, Toluca ","direccion":"Benito Juarez Mz. 027","ciudad":"Sta. Ma. Totoltepec, Toluca","pais":"M\u00e9xico","fecha_creacion":"2025-11-27 11:56:59","estatus":"1"},{"id":"31","nombre":"Bimbo Norte","direccion":"Av. F\u00e9lix U. G\u00f3mez 4203, Coyoac\u00e1n, C.P. 64510","ciudad":"Monterrey N.L.","pais":"M\u00e9xico","fecha_creacion":"2025-11-28 15:45:37","estatus":"1"},{"id":"32","nombre":"PLANTA DE PRUEBA","direccion":"PRUEBAS","ciudad":"DCDS","pais":"MEXICO","fecha_creacion":"2025-12-07 18:59:44","estatus":"1"},{"id":"33","nombre":"BSL","direccion":"Eje 128 #135 manzana 3, zona industrial segunda secci\u00f3n ","ciudad":"San Luis Potos\u00ed","pais":"M\u00e9xico","fecha_creacion":"2025-12-08 21:23:56","estatus":"1"},{"id":"34","nombre":"Sanissimo Monterrey","direccion":"Manuel de la Pe\u00f1a y Pe\u00f1a #1020-5, Bella Vista","ciudad":"Monterrey N.L.","pais":"M\u00e9xico","fecha_creacion":"2025-12-08 21:28:12","estatus":"1"},{"id":"36","nombre":"Bimbo Yucat\u00e1n Prueba 2025","direccion":"Calle 21, Villas M\u00e9rida, C.P. 97288, M\u00e9rida Yucat\u00e1n","ciudad":"M\u00e9rida Yucat\u00e1n","pais":"Mexico","fecha_creacion":"2025-12-16 10:43:55","estatus":"1"},{"id":"37","nombre":"BIMBO YUCATAN","direccion":"CALLE 21 CD. INDUSTRIAL","ciudad":"MERIDA YUCATAN","pais":"MEXICO","fecha_creacion":"2025-12-16 17:13:12","estatus":"1"},{"id":"38","nombre":"Bimbo Pac\u00edfico","direccion":"Av. Luis Donaldo Colosio Murrieta, No. 18900","ciudad":"Mazatl\u00e1n","pais":"M\u00e9xico","fecha_creacion":"2025-12-17 11:28:47","estatus":"1"},{"id":"39","nombre":"Bimbo Golfo","direccion":"Km 441 Carretera M\u00e9xico - Veracruz V\u00eda Xalapa, Colonia Francisco Villa, Veracruz, Veracruz, C.P: 91960","ciudad":"Veracruz","pais":"M\u00e9xico","fecha_creacion":"2025-12-17 20:05:59","estatus":"1"},{"id":"40","nombre":"Bimbo Tijuana","direccion":"Av. de Todos los santos S\/N, Industrial Pac\u00edfico, 22643. Tijuana, Baja California.","ciudad":"Tijuana","pais":"M\u00e9xico","fecha_creacion":"2026-01-02 13:33:01","estatus":"1"},{"id":"41","nombre":"PLANTA PRUEBA N","direccion":"SERVIPRO MX","ciudad":"Ciudad de M\u00e9xico","pais":"M\u00e9xico","fecha_creacion":"2026-01-06 17:57:01","estatus":"1"}]
WARNING - 2026-02-17 09:36:02 --> [DEPRECATED] Passing lowercase HTTP method "get" is deprecated. Use uppercase HTTP method like "GET". in SYSTEMPATH/Router/RouteCollection.php on line 1026.
 1 SYSTEMPATH/Router/RouteCollection.php(1026): trigger_error('Passing lowercase HTTP method "get" is deprecated. Use uppercase HTTP method like "GET".', 16384)
 2 APPPATH/Config/Routes.php(135): CodeIgniter\Router\RouteCollection->match([...], 'locations/generarPDF', 'LocationsPdfController::generarPDF')
 3 SYSTEMPATH/Router/RouteCollection.php(339): require('/home/u976386866/domains/servipro.site/public_html/app/app/Config/Routes.php')
 4 SYSTEMPATH/CodeIgniter.php(821): CodeIgniter\Router\RouteCollection->loadRoutes()
 5 SYSTEMPATH/CodeIgniter.php(455): CodeIgniter\CodeIgniter->tryToRouteIt(null)
 6 SYSTEMPATH/CodeIgniter.php(354): CodeIgniter\CodeIgniter->handleRequest(null, Object(Config\Cache), false)
 7 SYSTEMPATH/Boot.php(334): CodeIgniter\CodeIgniter->run()
 8 SYSTEMPATH/Boot.php(67): CodeIgniter\Boot::runCodeIgniter(Object(CodeIgniter\CodeIgniter))
 9 FCPATH/index.php(56): CodeIgniter\Boot::bootWeb(Object(Config\Paths))
WARNING - 2026-02-17 09:36:02 --> [DEPRECATED] Passing lowercase HTTP method "post" is deprecated. Use uppercase HTTP method like "POST". in SYSTEMPATH/Router/RouteCollection.php on line 1026.
 1 SYSTEMPATH/Router/RouteCollection.php(1026): trigger_error('Passing lowercase HTTP method "post" is deprecated. Use uppercase HTTP method like "POST".', 16384)
 2 APPPATH/Config/Routes.php(135): CodeIgniter\Router\RouteCollection->match([...], 'locations/generarPDF', 'LocationsPdfController::generarPDF')
 3 SYSTEMPATH/Router/RouteCollection.php(339): require('/home/u976386866/domains/servipro.site/public_html/app/app/Config/Routes.php')
 4 SYSTEMPATH/CodeIgniter.php(821): CodeIgniter\Router\RouteCollection->loadRoutes()
 5 SYSTEMPATH/CodeIgniter.php(455): CodeIgniter\CodeIgniter->tryToRouteIt(null)
 6 SYSTEMPATH/CodeIgniter.php(354): CodeIgniter\CodeIgniter->handleRequest(null, Object(Config\Cache), false)
 7 SYSTEMPATH/Boot.php(334): CodeIgniter\CodeIgniter->run()
 8 SYSTEMPATH/Boot.php(67): CodeIgniter\Boot::runCodeIgniter(Object(CodeIgniter\CodeIgniter))
 9 FCPATH/index.php(56): CodeIgniter\Boot::bootWeb(Object(Config\Paths))
DEBUG - 2026-02-17 09:36:02 --> Session: Class initialized using 'CodeIgniter\Session\Handlers\FileHandler' driver.
DEBUG - 2026-02-17 09:36:02 --> Iniciando carga de sedes
DEBUG - 2026-02-17 09:36:02 --> Sedes cargadas: [{"id":"18","nombre":"Bimbo Azcapotzalco","direccion":"Av San Pablo Xalpa 520, San Martin Xochinahuac, Azcapotzalco, 02120 Ciudad de M\u00e9xico, CDMX","ciudad":"CDMC","pais":"M\u00e9xico","fecha_creacion":"2025-04-07 12:06:45","estatus":"1"},{"id":"21","nombre":"Bimbo Villahermosa","direccion":"Av. Cobre 105, Cd Industrial, 86010 Villahermosa, Tabasco","ciudad":"Villahermosa, Tabasco","pais":"M\u00e9xico","fecha_creacion":"2025-05-12 12:11:50","estatus":"1"},{"id":"22","nombre":"Totis Planta uno Botana","direccion":"Av. San Pablo Xalpa 520, San Mart\u00edn Xochinahuac, Azcapotzalco, 02120 Ciudad de M\u00e9xico, CDMX","ciudad":"CDMX","pais":"Mexico","fecha_creacion":"2025-05-28 09:41:53","estatus":"1"},{"id":"23","nombre":"BIMBO YUCAT\u00c1N","direccion":"CALLE 21, #426, INT 0, COL. CIUDAD INDUSTRIAL","ciudad":"M\u00c9RIDA","pais":"M\u00c9XICO","fecha_creacion":"2025-07-14 17:00:19","estatus":"1"},{"id":"24","nombre":"Bimbo Toluca","direccion":"Corredor Industrial, Mz 2, Lote E, Ex Rancho El Coecillo","ciudad":"Toluca","pais":"M\u00e9xico","fecha_creacion":"2025-07-28 13:39:14","estatus":"1"},{"id":"26","nombre":"Totis planta dos","direccion":"Eje oriente poniente no. 38, col. Ciudad industrial, CP 43800, Tizayuca, Hidalgo","ciudad":"Tizayuca","pais":"M\u00e9xico","fecha_creacion":"2025-10-27 16:30:54","estatus":"1"},{"id":"27","nombre":"Bimbo M\u00e9xico Santa Mar\u00eda ","direccion":"Mimosas 117, 118 Col. Santa Mar\u00eda Insurgentes Cuauht\u00e9moc CDMX ","ciudad":"CDMX","pais":"M\u00e9xico","fecha_creacion":"2025-11-02 10:48:40","estatus":"1"},{"id":"28","nombre":"HAZPAN-LONCHIBON","direccion":"EMILIANO ZAPATA 25, PQUE. IND. LERMA","ciudad":"TOLUCA","pais":"M\u00e9xico","fecha_creacion":"2025-11-27 11:43:59","estatus":"1"},{"id":"29","nombre":"Suandy Marinela Toluca","direccion":"Emiliano Zapata 25, Pque. Ind. Lerma","ciudad":"TOLUCA","pais":"M\u00e9xico","fecha_creacion":"2025-11-27 11:55:24","estatus":"1"},{"id":"30","nombre":"T\u00eda Rosa, Toluca ","direccion":"Benito Juarez Mz. 027","ciudad":"Sta. Ma. Totoltepec, Toluca","pais":"M\u00e9xico","fecha_creacion":"2025-11-27 11:56:59","estatus":"1"},{"id":"31","nombre":"Bimbo Norte","direccion":"Av. F\u00e9lix U. G\u00f3mez 4203, Coyoac\u00e1n, C.P. 64510","ciudad":"Monterrey N.L.","pais":"M\u00e9xico","fecha_creacion":"2025-11-28 15:45:37","estatus":"1"},{"id":"32","nombre":"PLANTA DE PRUEBA","direccion":"PRUEBAS","ciudad":"DCDS","pais":"MEXICO","fecha_creacion":"2025-12-07 18:59:44","estatus":"1"},{"id":"33","nombre":"BSL","direccion":"Eje 128 #135 manzana 3, zona industrial segunda secci\u00f3n ","ciudad":"San Luis Potos\u00ed","pais":"M\u00e9xico","fecha_creacion":"2025-12-08 21:23:56","estatus":"1"},{"id":"34","nombre":"Sanissimo Monterrey","direccion":"Manuel de la Pe\u00f1a y Pe\u00f1a #1020-5, Bella Vista","ciudad":"Monterrey N.L.","pais":"M\u00e9xico","fecha_creacion":"2025-12-08 21:28:12","estatus":"1"},{"id":"36","nombre":"Bimbo Yucat\u00e1n Prueba 2025","direccion":"Calle 21, Villas M\u00e9rida, C.P. 97288, M\u00e9rida Yucat\u00e1n","ciudad":"M\u00e9rida Yucat\u00e1n","pais":"Mexico","fecha_creacion":"2025-12-16 10:43:55","estatus":"1"},{"id":"37","nombre":"BIMBO YUCATAN","direccion":"CALLE 21 CD. INDUSTRIAL","ciudad":"MERIDA YUCATAN","pais":"MEXICO","fecha_creacion":"2025-12-16 17:13:12","estatus":"1"},{"id":"38","nombre":"Bimbo Pac\u00edfico","direccion":"Av. Luis Donaldo Colosio Murrieta, No. 18900","ciudad":"Mazatl\u00e1n","pais":"M\u00e9xico","fecha_creacion":"2025-12-17 11:28:47","estatus":"1"},{"id":"39","nombre":"Bimbo Golfo","direccion":"Km 441 Carretera M\u00e9xico - Veracruz V\u00eda Xalapa, Colonia Francisco Villa, Veracruz, Veracruz, C.P: 91960","ciudad":"Veracruz","pais":"M\u00e9xico","fecha_creacion":"2025-12-17 20:05:59","estatus":"1"},{"id":"40","nombre":"Bimbo Tijuana","direccion":"Av. de Todos los santos S\/N, Industrial Pac\u00edfico, 22643. Tijuana, Baja California.","ciudad":"Tijuana","pais":"M\u00e9xico","fecha_creacion":"2026-01-02 13:33:01","estatus":"1"},{"id":"41","nombre":"PLANTA PRUEBA N","direccion":"SERVIPRO MX","ciudad":"Ciudad de M\u00e9xico","pais":"M\u00e9xico","fecha_creacion":"2026-01-06 17:57:01","estatus":"1"}]
WARNING - 2026-02-17 09:36:02 --> [DEPRECATED] Passing lowercase HTTP method "get" is deprecated. Use uppercase HTTP method like "GET". in SYSTEMPATH/Router/RouteCollection.php on line 1026.
 1 SYSTEMPATH/Router/RouteCollection.php(1026): trigger_error('Passing lowercase HTTP method "get" is deprecated. Use uppercase HTTP method like "GET".', 16384)
 2 APPPATH/Config/Routes.php(135): CodeIgniter\Router\RouteCollection->match([...], 'locations/generarPDF', 'LocationsPdfController::generarPDF')
 3 SYSTEMPATH/Router/RouteCollection.php(339): require('/home/u976386866/domains/servipro.site/public_html/app/app/Config/Routes.php')
 4 SYSTEMPATH/CodeIgniter.php(821): CodeIgniter\Router\RouteCollection->loadRoutes()
 5 SYSTEMPATH/CodeIgniter.php(455): CodeIgniter\CodeIgniter->tryToRouteIt(null)
 6 SYSTEMPATH/CodeIgniter.php(354): CodeIgniter\CodeIgniter->handleRequest(null, Object(Config\Cache), false)
 7 SYSTEMPATH/Boot.php(334): CodeIgniter\CodeIgniter->run()
 8 SYSTEMPATH/Boot.php(67): CodeIgniter\Boot::runCodeIgniter(Object(CodeIgniter\CodeIgniter))
 9 FCPATH/index.php(56): CodeIgniter\Boot::bootWeb(Object(Config\Paths))
WARNING - 2026-02-17 09:36:02 --> [DEPRECATED] Passing lowercase HTTP method "post" is deprecated. Use uppercase HTTP method like "POST". in SYSTEMPATH/Router/RouteCollection.php on line 1026.
 1 SYSTEMPATH/Router/RouteCollection.php(1026): trigger_error('Passing lowercase HTTP method "post" is deprecated. Use uppercase HTTP method like "POST".', 16384)
 2 APPPATH/Config/Routes.php(135): CodeIgniter\Router\RouteCollection->match([...], 'locations/generarPDF', 'LocationsPdfController::generarPDF')
 3 SYSTEMPATH/Router/RouteCollection.php(339): require('/home/u976386866/domains/servipro.site/public_html/app/app/Config/Routes.php')
 4 SYSTEMPATH/CodeIgniter.php(821): CodeIgniter\Router\RouteCollection->loadRoutes()
 5 SYSTEMPATH/CodeIgniter.php(455): CodeIgniter\CodeIgniter->tryToRouteIt(null)
 6 SYSTEMPATH/CodeIgniter.php(354): CodeIgniter\CodeIgniter->handleRequest(null, Object(Config\Cache), false)
 7 SYSTEMPATH/Boot.php(334): CodeIgniter\CodeIgniter->run()
 8 SYSTEMPATH/Boot.php(67): CodeIgniter\Boot::runCodeIgniter(Object(CodeIgniter\CodeIgniter))
 9 FCPATH/index.php(56): CodeIgniter\Boot::bootWeb(Object(Config\Paths))
DEBUG - 2026-02-17 09:36:02 --> Session: Class initialized using 'CodeIgniter\Session\Handlers\FileHandler' driver.
WARNING - 2026-02-17 09:36:26 --> [DEPRECATED] Passing lowercase HTTP method "get" is deprecated. Use uppercase HTTP method like "GET". in SYSTEMPATH/Router/RouteCollection.php on line 1026.
 1 SYSTEMPATH/Router/RouteCollection.php(1026): trigger_error('Passing lowercase HTTP method "get" is deprecated. Use uppercase HTTP method like "GET".', 16384)
 2 APPPATH/Config/Routes.php(135): CodeIgniter\Router\RouteCollection->match([...], 'locations/generarPDF', 'LocationsPdfController::generarPDF')
 3 SYSTEMPATH/Router/RouteCollection.php(339): require('/home/u976386866/domains/servipro.site/public_html/app/app/Config/Routes.php')
 4 SYSTEMPATH/CodeIgniter.php(821): CodeIgniter\Router\RouteCollection->loadRoutes()
 5 SYSTEMPATH/CodeIgniter.php(455): CodeIgniter\CodeIgniter->tryToRouteIt(null)
 6 SYSTEMPATH/CodeIgniter.php(354): CodeIgniter\CodeIgniter->handleRequest(null, Object(Config\Cache), false)
 7 SYSTEMPATH/Boot.php(334): CodeIgniter\CodeIgniter->run()
 8 SYSTEMPATH/Boot.php(67): CodeIgniter\Boot::runCodeIgniter(Object(CodeIgniter\CodeIgniter))
 9 FCPATH/index.php(56): CodeIgniter\Boot::bootWeb(Object(Config\Paths))
WARNING - 2026-02-17 09:36:26 --> [DEPRECATED] Passing lowercase HTTP method "post" is deprecated. Use uppercase HTTP method like "POST". in SYSTEMPATH/Router/RouteCollection.php on line 1026.
 1 SYSTEMPATH/Router/RouteCollection.php(1026): trigger_error('Passing lowercase HTTP method "post" is deprecated. Use uppercase HTTP method like "POST".', 16384)
 2 APPPATH/Config/Routes.php(135): CodeIgniter\Router\RouteCollection->match([...], 'locations/generarPDF', 'LocationsPdfController::generarPDF')
 3 SYSTEMPATH/Router/RouteCollection.php(339): require('/home/u976386866/domains/servipro.site/public_html/app/app/Config/Routes.php')
 4 SYSTEMPATH/CodeIgniter.php(821): CodeIgniter\Router\RouteCollection->loadRoutes()
 5 SYSTEMPATH/CodeIgniter.php(455): CodeIgniter\CodeIgniter->tryToRouteIt(null)
 6 SYSTEMPATH/CodeIgniter.php(354): CodeIgniter\CodeIgniter->handleRequest(null, Object(Config\Cache), false)
 7 SYSTEMPATH/Boot.php(334): CodeIgniter\CodeIgniter->run()
 8 SYSTEMPATH/Boot.php(67): CodeIgniter\Boot::runCodeIgniter(Object(CodeIgniter\CodeIgniter))
 9 FCPATH/index.php(56): CodeIgniter\Boot::bootWeb(Object(Config\Paths))
DEBUG - 2026-02-17 09:36:26 --> Session: Class initialized using 'CodeIgniter\Session\Handlers\FileHandler' driver.
WARNING - 2026-02-17 09:36:36 --> [DEPRECATED] Passing lowercase HTTP method "get" is deprecated. Use uppercase HTTP method like "GET". in SYSTEMPATH/Router/RouteCollection.php on line 1026.
 1 SYSTEMPATH/Router/RouteCollection.php(1026): trigger_error('Passing lowercase HTTP method "get" is deprecated. Use uppercase HTTP method like "GET".', 16384)
 2 APPPATH/Config/Routes.php(135): CodeIgniter\Router\RouteCollection->match([...], 'locations/generarPDF', 'LocationsPdfController::generarPDF')
 3 SYSTEMPATH/Router/RouteCollection.php(339): require('/home/u976386866/domains/servipro.site/public_html/app/app/Config/Routes.php')
 4 SYSTEMPATH/CodeIgniter.php(821): CodeIgniter\Router\RouteCollection->loadRoutes()
 5 SYSTEMPATH/CodeIgniter.php(455): CodeIgniter\CodeIgniter->tryToRouteIt(null)
 6 SYSTEMPATH/CodeIgniter.php(354): CodeIgniter\CodeIgniter->handleRequest(null, Object(Config\Cache), false)
 7 SYSTEMPATH/Boot.php(334): CodeIgniter\CodeIgniter->run()
 8 SYSTEMPATH/Boot.php(67): CodeIgniter\Boot::runCodeIgniter(Object(CodeIgniter\CodeIgniter))
 9 FCPATH/index.php(56): CodeIgniter\Boot::bootWeb(Object(Config\Paths))
WARNING - 2026-02-17 09:36:36 --> [DEPRECATED] Passing lowercase HTTP method "post" is deprecated. Use uppercase HTTP method like "POST". in SYSTEMPATH/Router/RouteCollection.php on line 1026.
 1 SYSTEMPATH/Router/RouteCollection.php(1026): trigger_error('Passing lowercase HTTP method "post" is deprecated. Use uppercase HTTP method like "POST".', 16384)
 2 APPPATH/Config/Routes.php(135): CodeIgniter\Router\RouteCollection->match([...], 'locations/generarPDF', 'LocationsPdfController::generarPDF')
 3 SYSTEMPATH/Router/RouteCollection.php(339): require('/home/u976386866/domains/servipro.site/public_html/app/app/Config/Routes.php')
 4 SYSTEMPATH/CodeIgniter.php(821): CodeIgniter\Router\RouteCollection->loadRoutes()
 5 SYSTEMPATH/CodeIgniter.php(455): CodeIgniter\CodeIgniter->tryToRouteIt(null)
 6 SYSTEMPATH/CodeIgniter.php(354): CodeIgniter\CodeIgniter->handleRequest(null, Object(Config\Cache), false)
 7 SYSTEMPATH/Boot.php(334): CodeIgniter\CodeIgniter->run()
 8 SYSTEMPATH/Boot.php(67): CodeIgniter\Boot::runCodeIgniter(Object(CodeIgniter\CodeIgniter))
 9 FCPATH/index.php(56): CodeIgniter\Boot::bootWeb(Object(Config\Paths))
DEBUG - 2026-02-17 09:36:36 --> Session: Class initialized using 'CodeIgniter\Session\Handlers\FileHandler' driver.
DEBUG - 2026-02-17 09:36:36 --> Iniciando carga de sedes
DEBUG - 2026-02-17 09:36:36 --> Sedes cargadas: [{"id":"18","nombre":"Bimbo Azcapotzalco","direccion":"Av San Pablo Xalpa 520, San Martin Xochinahuac, Azcapotzalco, 02120 Ciudad de M\u00e9xico, CDMX","ciudad":"CDMC","pais":"M\u00e9xico","fecha_creacion":"2025-04-07 12:06:45","estatus":"1"},{"id":"21","nombre":"Bimbo Villahermosa","direccion":"Av. Cobre 105, Cd Industrial, 86010 Villahermosa, Tabasco","ciudad":"Villahermosa, Tabasco","pais":"M\u00e9xico","fecha_creacion":"2025-05-12 12:11:50","estatus":"1"},{"id":"22","nombre":"Totis Planta uno Botana","direccion":"Av. San Pablo Xalpa 520, San Mart\u00edn Xochinahuac, Azcapotzalco, 02120 Ciudad de M\u00e9xico, CDMX","ciudad":"CDMX","pais":"Mexico","fecha_creacion":"2025-05-28 09:41:53","estatus":"1"},{"id":"23","nombre":"BIMBO YUCAT\u00c1N","direccion":"CALLE 21, #426, INT 0, COL. CIUDAD INDUSTRIAL","ciudad":"M\u00c9RIDA","pais":"M\u00c9XICO","fecha_creacion":"2025-07-14 17:00:19","estatus":"1"},{"id":"24","nombre":"Bimbo Toluca","direccion":"Corredor Industrial, Mz 2, Lote E, Ex Rancho El Coecillo","ciudad":"Toluca","pais":"M\u00e9xico","fecha_creacion":"2025-07-28 13:39:14","estatus":"1"},{"id":"26","nombre":"Totis planta dos","direccion":"Eje oriente poniente no. 38, col. Ciudad industrial, CP 43800, Tizayuca, Hidalgo","ciudad":"Tizayuca","pais":"M\u00e9xico","fecha_creacion":"2025-10-27 16:30:54","estatus":"1"},{"id":"27","nombre":"Bimbo M\u00e9xico Santa Mar\u00eda ","direccion":"Mimosas 117, 118 Col. Santa Mar\u00eda Insurgentes Cuauht\u00e9moc CDMX ","ciudad":"CDMX","pais":"M\u00e9xico","fecha_creacion":"2025-11-02 10:48:40","estatus":"1"},{"id":"28","nombre":"HAZPAN-LONCHIBON","direccion":"EMILIANO ZAPATA 25, PQUE. IND. LERMA","ciudad":"TOLUCA","pais":"M\u00e9xico","fecha_creacion":"2025-11-27 11:43:59","estatus":"1"},{"id":"29","nombre":"Suandy Marinela Toluca","direccion":"Emiliano Zapata 25, Pque. Ind. Lerma","ciudad":"TOLUCA","pais":"M\u00e9xico","fecha_creacion":"2025-11-27 11:55:24","estatus":"1"},{"id":"30","nombre":"T\u00eda Rosa, Toluca ","direccion":"Benito Juarez Mz. 027","ciudad":"Sta. Ma. Totoltepec, Toluca","pais":"M\u00e9xico","fecha_creacion":"2025-11-27 11:56:59","estatus":"1"},{"id":"31","nombre":"Bimbo Norte","direccion":"Av. F\u00e9lix U. G\u00f3mez 4203, Coyoac\u00e1n, C.P. 64510","ciudad":"Monterrey N.L.","pais":"M\u00e9xico","fecha_creacion":"2025-11-28 15:45:37","estatus":"1"},{"id":"32","nombre":"PLANTA DE PRUEBA","direccion":"PRUEBAS","ciudad":"DCDS","pais":"MEXICO","fecha_creacion":"2025-12-07 18:59:44","estatus":"1"},{"id":"33","nombre":"BSL","direccion":"Eje 128 #135 manzana 3, zona industrial segunda secci\u00f3n ","ciudad":"San Luis Potos\u00ed","pais":"M\u00e9xico","fecha_creacion":"2025-12-08 21:23:56","estatus":"1"},{"id":"34","nombre":"Sanissimo Monterrey","direccion":"Manuel de la Pe\u00f1a y Pe\u00f1a #1020-5, Bella Vista","ciudad":"Monterrey N.L.","pais":"M\u00e9xico","fecha_creacion":"2025-12-08 21:28:12","estatus":"1"},{"id":"36","nombre":"Bimbo Yucat\u00e1n Prueba 2025","direccion":"Calle 21, Villas M\u00e9rida, C.P. 97288, M\u00e9rida Yucat\u00e1n","ciudad":"M\u00e9rida Yucat\u00e1n","pais":"Mexico","fecha_creacion":"2025-12-16 10:43:55","estatus":"1"},{"id":"37","nombre":"BIMBO YUCATAN","direccion":"CALLE 21 CD. INDUSTRIAL","ciudad":"MERIDA YUCATAN","pais":"MEXICO","fecha_creacion":"2025-12-16 17:13:12","estatus":"1"},{"id":"38","nombre":"Bimbo Pac\u00edfico","direccion":"Av. Luis Donaldo Colosio Murrieta, No. 18900","ciudad":"Mazatl\u00e1n","pais":"M\u00e9xico","fecha_creacion":"2025-12-17 11:28:47","estatus":"1"},{"id":"39","nombre":"Bimbo Golfo","direccion":"Km 441 Carretera M\u00e9xico - Veracruz V\u00eda Xalapa, Colonia Francisco Villa, Veracruz, Veracruz, C.P: 91960","ciudad":"Veracruz","pais":"M\u00e9xico","fecha_creacion":"2025-12-17 20:05:59","estatus":"1"},{"id":"40","nombre":"Bimbo Tijuana","direccion":"Av. de Todos los santos S\/N, Industrial Pac\u00edfico, 22643. Tijuana, Baja California.","ciudad":"Tijuana","pais":"M\u00e9xico","fecha_creacion":"2026-01-02 13:33:01","estatus":"1"},{"id":"41","nombre":"PLANTA PRUEBA N","direccion":"SERVIPRO MX","ciudad":"Ciudad de M\u00e9xico","pais":"M\u00e9xico","fecha_creacion":"2026-01-06 17:57:01","estatus":"1"}]
WARNING - 2026-02-17 09:36:36 --> [DEPRECATED] Passing lowercase HTTP method "get" is deprecated. Use uppercase HTTP method like "GET". in SYSTEMPATH/Router/RouteCollection.php on line 1026.
 1 SYSTEMPATH/Router/RouteCollection.php(1026): trigger_error('Passing lowercase HTTP method "get" is deprecated. Use uppercase HTTP method like "GET".', 16384)
 2 APPPATH/Config/Routes.php(135): CodeIgniter\Router\RouteCollection->match([...], 'locations/generarPDF', 'LocationsPdfController::generarPDF')
 3 SYSTEMPATH/Router/RouteCollection.php(339): require('/home/u976386866/domains/servipro.site/public_html/app/app/Config/Routes.php')
 4 SYSTEMPATH/CodeIgniter.php(821): CodeIgniter\Router\RouteCollection->loadRoutes()
 5 SYSTEMPATH/CodeIgniter.php(455): CodeIgniter\CodeIgniter->tryToRouteIt(null)
 6 SYSTEMPATH/CodeIgniter.php(354): CodeIgniter\CodeIgniter->handleRequest(null, Object(Config\Cache), false)
 7 SYSTEMPATH/Boot.php(334): CodeIgniter\CodeIgniter->run()
 8 SYSTEMPATH/Boot.php(67): CodeIgniter\Boot::runCodeIgniter(Object(CodeIgniter\CodeIgniter))
 9 FCPATH/index.php(56): CodeIgniter\Boot::bootWeb(Object(Config\Paths))
WARNING - 2026-02-17 09:36:36 --> [DEPRECATED] Passing lowercase HTTP method "post" is deprecated. Use uppercase HTTP method like "POST". in SYSTEMPATH/Router/RouteCollection.php on line 1026.
 1 SYSTEMPATH/Router/RouteCollection.php(1026): trigger_error('Passing lowercase HTTP method "post" is deprecated. Use uppercase HTTP method like "POST".', 16384)
 2 APPPATH/Config/Routes.php(135): CodeIgniter\Router\RouteCollection->match([...], 'locations/generarPDF', 'LocationsPdfController::generarPDF')
 3 SYSTEMPATH/Router/RouteCollection.php(339): require('/home/u976386866/domains/servipro.site/public_html/app/app/Config/Routes.php')
 4 SYSTEMPATH/CodeIgniter.php(821): CodeIgniter\Router\RouteCollection->loadRoutes()
 5 SYSTEMPATH/CodeIgniter.php(455): CodeIgniter\CodeIgniter->tryToRouteIt(null)
 6 SYSTEMPATH/CodeIgniter.php(354): CodeIgniter\CodeIgniter->handleRequest(null, Object(Config\Cache), false)
 7 SYSTEMPATH/Boot.php(334): CodeIgniter\CodeIgniter->run()
 8 SYSTEMPATH/Boot.php(67): CodeIgniter\Boot::runCodeIgniter(Object(CodeIgniter\CodeIgniter))
 9 FCPATH/index.php(56): CodeIgniter\Boot::bootWeb(Object(Config\Paths))
DEBUG - 2026-02-17 09:36:36 --> Session: Class initialized using 'CodeIgniter\Session\Handlers\FileHandler' driver.
WARNING - 2026-02-17 09:40:58 --> [DEPRECATED] Passing lowercase HTTP method "get" is deprecated. Use uppercase HTTP method like "GET". in SYSTEMPATH/Router/RouteCollection.php on line 1026.
 1 SYSTEMPATH/Router/RouteCollection.php(1026): trigger_error('Passing lowercase HTTP method "get" is deprecated. Use uppercase HTTP method like "GET".', 16384)
 2 APPPATH/Config/Routes.php(135): CodeIgniter\Router\RouteCollection->match([...], 'locations/generarPDF', 'LocationsPdfController::generarPDF')
 3 SYSTEMPATH/Router/RouteCollection.php(339): require('/home/u976386866/domains/servipro.site/public_html/app/app/Config/Routes.php')
 4 SYSTEMPATH/CodeIgniter.php(821): CodeIgniter\Router\RouteCollection->loadRoutes()
 5 SYSTEMPATH/CodeIgniter.php(455): CodeIgniter\CodeIgniter->tryToRouteIt(null)
 6 SYSTEMPATH/CodeIgniter.php(354): CodeIgniter\CodeIgniter->handleRequest(null, Object(Config\Cache), false)
 7 SYSTEMPATH/Boot.php(334): CodeIgniter\CodeIgniter->run()
 8 SYSTEMPATH/Boot.php(67): CodeIgniter\Boot::runCodeIgniter(Object(CodeIgniter\CodeIgniter))
 9 FCPATH/index.php(56): CodeIgniter\Boot::bootWeb(Object(Config\Paths))
WARNING - 2026-02-17 09:40:58 --> [DEPRECATED] Passing lowercase HTTP method "post" is deprecated. Use uppercase HTTP method like "POST". in SYSTEMPATH/Router/RouteCollection.php on line 1026.
 1 SYSTEMPATH/Router/RouteCollection.php(1026): trigger_error('Passing lowercase HTTP method "post" is deprecated. Use uppercase HTTP method like "POST".', 16384)
 2 APPPATH/Config/Routes.php(135): CodeIgniter\Router\RouteCollection->match([...], 'locations/generarPDF', 'LocationsPdfController::generarPDF')
 3 SYSTEMPATH/Router/RouteCollection.php(339): require('/home/u976386866/domains/servipro.site/public_html/app/app/Config/Routes.php')
 4 SYSTEMPATH/CodeIgniter.php(821): CodeIgniter\Router\RouteCollection->loadRoutes()
 5 SYSTEMPATH/CodeIgniter.php(455): CodeIgniter\CodeIgniter->tryToRouteIt(null)
 6 SYSTEMPATH/CodeIgniter.php(354): CodeIgniter\CodeIgniter->handleRequest(null, Object(Config\Cache), false)
 7 SYSTEMPATH/Boot.php(334): CodeIgniter\CodeIgniter->run()
 8 SYSTEMPATH/Boot.php(67): CodeIgniter\Boot::runCodeIgniter(Object(CodeIgniter\CodeIgniter))
 9 FCPATH/index.php(56): CodeIgniter\Boot::bootWeb(Object(Config\Paths))
DEBUG - 2026-02-17 09:40:58 --> Session: Class initialized using 'CodeIgniter\Session\Handlers\FileHandler' driver.
WARNING - 2026-02-17 09:40:59 --> [DEPRECATED] Passing lowercase HTTP method "get" is deprecated. Use uppercase HTTP method like "GET". in SYSTEMPATH/Router/RouteCollection.php on line 1026.
 1 SYSTEMPATH/Router/RouteCollection.php(1026): trigger_error('Passing lowercase HTTP method "get" is deprecated. Use uppercase HTTP method like "GET".', 16384)
 2 APPPATH/Config/Routes.php(135): CodeIgniter\Router\RouteCollection->match([...], 'locations/generarPDF', 'LocationsPdfController::generarPDF')
 3 SYSTEMPATH/Router/RouteCollection.php(339): require('/home/u976386866/domains/servipro.site/public_html/app/app/Config/Routes.php')
 4 SYSTEMPATH/CodeIgniter.php(821): CodeIgniter\Router\RouteCollection->loadRoutes()
 5 SYSTEMPATH/CodeIgniter.php(455): CodeIgniter\CodeIgniter->tryToRouteIt(null)
 6 SYSTEMPATH/CodeIgniter.php(354): CodeIgniter\CodeIgniter->handleRequest(null, Object(Config\Cache), false)
 7 SYSTEMPATH/Boot.php(334): CodeIgniter\CodeIgniter->run()
 8 SYSTEMPATH/Boot.php(67): CodeIgniter\Boot::runCodeIgniter(Object(CodeIgniter\CodeIgniter))
 9 FCPATH/index.php(56): CodeIgniter\Boot::bootWeb(Object(Config\Paths))
WARNING - 2026-02-17 09:40:59 --> [DEPRECATED] Passing lowercase HTTP method "post" is deprecated. Use uppercase HTTP method like "POST". in SYSTEMPATH/Router/RouteCollection.php on line 1026.
 1 SYSTEMPATH/Router/RouteCollection.php(1026): trigger_error('Passing lowercase HTTP method "post" is deprecated. Use uppercase HTTP method like "POST".', 16384)
 2 APPPATH/Config/Routes.php(135): CodeIgniter\Router\RouteCollection->match([...], 'locations/generarPDF', 'LocationsPdfController::generarPDF')
 3 SYSTEMPATH/Router/RouteCollection.php(339): require('/home/u976386866/domains/servipro.site/public_html/app/app/Config/Routes.php')
 4 SYSTEMPATH/CodeIgniter.php(821): CodeIgniter\Router\RouteCollection->loadRoutes()
 5 SYSTEMPATH/CodeIgniter.php(455): CodeIgniter\CodeIgniter->tryToRouteIt(null)
 6 SYSTEMPATH/CodeIgniter.php(354): CodeIgniter\CodeIgniter->handleRequest(null, Object(Config\Cache), false)
 7 SYSTEMPATH/Boot.php(334): CodeIgniter\CodeIgniter->run()
 8 SYSTEMPATH/Boot.php(67): CodeIgniter\Boot::runCodeIgniter(Object(CodeIgniter\CodeIgniter))
 9 FCPATH/index.php(56): CodeIgniter\Boot::bootWeb(Object(Config\Paths))
DEBUG - 2026-02-17 09:40:59 --> Session: Class initialized using 'CodeIgniter\Session\Handlers\FileHandler' driver.
WARNING - 2026-02-17 09:41:11 --> [DEPRECATED] Passing lowercase HTTP method "get" is deprecated. Use uppercase HTTP method like "GET". in SYSTEMPATH/Router/RouteCollection.php on line 1026.
 1 SYSTEMPATH/Router/RouteCollection.php(1026): trigger_error('Passing lowercase HTTP method "get" is deprecated. Use uppercase HTTP method like "GET".', 16384)
 2 APPPATH/Config/Routes.php(135): CodeIgniter\Router\RouteCollection->match([...], 'locations/generarPDF', 'LocationsPdfController::generarPDF')
 3 SYSTEMPATH/Router/RouteCollection.php(339): require('/home/u976386866/domains/servipro.site/public_html/app/app/Config/Routes.php')
 4 SYSTEMPATH/CodeIgniter.php(821): CodeIgniter\Router\RouteCollection->loadRoutes()
 5 SYSTEMPATH/CodeIgniter.php(455): CodeIgniter\CodeIgniter->tryToRouteIt(null)
 6 SYSTEMPATH/CodeIgniter.php(354): CodeIgniter\CodeIgniter->handleRequest(null, Object(Config\Cache), false)
 7 SYSTEMPATH/Boot.php(334): CodeIgniter\CodeIgniter->run()
 8 SYSTEMPATH/Boot.php(67): CodeIgniter\Boot::runCodeIgniter(Object(CodeIgniter\CodeIgniter))
 9 FCPATH/index.php(56): CodeIgniter\Boot::bootWeb(Object(Config\Paths))
WARNING - 2026-02-17 09:41:11 --> [DEPRECATED] Passing lowercase HTTP method "post" is deprecated. Use uppercase HTTP method like "POST". in SYSTEMPATH/Router/RouteCollection.php on line 1026.
 1 SYSTEMPATH/Router/RouteCollection.php(1026): trigger_error('Passing lowercase HTTP method "post" is deprecated. Use uppercase HTTP method like "POST".', 16384)
 2 APPPATH/Config/Routes.php(135): CodeIgniter\Router\RouteCollection->match([...], 'locations/generarPDF', 'LocationsPdfController::generarPDF')
 3 SYSTEMPATH/Router/RouteCollection.php(339): require('/home/u976386866/domains/servipro.site/public_html/app/app/Config/Routes.php')
 4 SYSTEMPATH/CodeIgniter.php(821): CodeIgniter\Router\RouteCollection->loadRoutes()
 5 SYSTEMPATH/CodeIgniter.php(455): CodeIgniter\CodeIgniter->tryToRouteIt(null)
 6 SYSTEMPATH/CodeIgniter.php(354): CodeIgniter\CodeIgniter->handleRequest(null, Object(Config\Cache), false)
 7 SYSTEMPATH/Boot.php(334): CodeIgniter\CodeIgniter->run()
 8 SYSTEMPATH/Boot.php(67): CodeIgniter\Boot::runCodeIgniter(Object(CodeIgniter\CodeIgniter))
 9 FCPATH/index.php(56): CodeIgniter\Boot::bootWeb(Object(Config\Paths))
DEBUG - 2026-02-17 09:41:11 --> Session: Class initialized using 'CodeIgniter\Session\Handlers\FileHandler' driver.
WARNING - 2026-02-17 09:46:39 --> [DEPRECATED] Passing lowercase HTTP method "get" is deprecated. Use uppercase HTTP method like "GET". in SYSTEMPATH/Router/RouteCollection.php on line 1026.
 1 SYSTEMPATH/Router/RouteCollection.php(1026): trigger_error('Passing lowercase HTTP method "get" is deprecated. Use uppercase HTTP method like "GET".', 16384)
 2 APPPATH/Config/Routes.php(135): CodeIgniter\Router\RouteCollection->match([...], 'locations/generarPDF', 'LocationsPdfController::generarPDF')
 3 SYSTEMPATH/Router/RouteCollection.php(339): require('/home/u976386866/domains/servipro.site/public_html/app/app/Config/Routes.php')
 4 SYSTEMPATH/CodeIgniter.php(821): CodeIgniter\Router\RouteCollection->loadRoutes()
 5 SYSTEMPATH/CodeIgniter.php(455): CodeIgniter\CodeIgniter->tryToRouteIt(null)
 6 SYSTEMPATH/CodeIgniter.php(354): CodeIgniter\CodeIgniter->handleRequest(null, Object(Config\Cache), false)
 7 SYSTEMPATH/Boot.php(334): CodeIgniter\CodeIgniter->run()
 8 SYSTEMPATH/Boot.php(67): CodeIgniter\Boot::runCodeIgniter(Object(CodeIgniter\CodeIgniter))
 9 FCPATH/index.php(56): CodeIgniter\Boot::bootWeb(Object(Config\Paths))
WARNING - 2026-02-17 09:46:39 --> [DEPRECATED] Passing lowercase HTTP method "post" is deprecated. Use uppercase HTTP method like "POST". in SYSTEMPATH/Router/RouteCollection.php on line 1026.
 1 SYSTEMPATH/Router/RouteCollection.php(1026): trigger_error('Passing lowercase HTTP method "post" is deprecated. Use uppercase HTTP method like "POST".', 16384)
 2 APPPATH/Config/Routes.php(135): CodeIgniter\Router\RouteCollection->match([...], 'locations/generarPDF', 'LocationsPdfController::generarPDF')
 3 SYSTEMPATH/Router/RouteCollection.php(339): require('/home/u976386866/domains/servipro.site/public_html/app/app/Config/Routes.php')
 4 SYSTEMPATH/CodeIgniter.php(821): CodeIgniter\Router\RouteCollection->loadRoutes()
 5 SYSTEMPATH/CodeIgniter.php(455): CodeIgniter\CodeIgniter->tryToRouteIt(null)
 6 SYSTEMPATH/CodeIgniter.php(354): CodeIgniter\CodeIgniter->handleRequest(null, Object(Config\Cache), false)
 7 SYSTEMPATH/Boot.php(334): CodeIgniter\CodeIgniter->run()
 8 SYSTEMPATH/Boot.php(67): CodeIgniter\Boot::runCodeIgniter(Object(CodeIgniter\CodeIgniter))
 9 FCPATH/index.php(56): CodeIgniter\Boot::bootWeb(Object(Config\Paths))
DEBUG - 2026-02-17 09:46:39 --> Session: Class initialized using 'CodeIgniter\Session\Handlers\FileHandler' driver.
WARNING - 2026-02-17 09:46:41 --> [DEPRECATED] Passing lowercase HTTP method "get" is deprecated. Use uppercase HTTP method like "GET". in SYSTEMPATH/Router/RouteCollection.php on line 1026.
 1 SYSTEMPATH/Router/RouteCollection.php(1026): trigger_error('Passing lowercase HTTP method "get" is deprecated. Use uppercase HTTP method like "GET".', 16384)
 2 APPPATH/Config/Routes.php(135): CodeIgniter\Router\RouteCollection->match([...], 'locations/generarPDF', 'LocationsPdfController::generarPDF')
 3 SYSTEMPATH/Router/RouteCollection.php(339): require('/home/u976386866/domains/servipro.site/public_html/app/app/Config/Routes.php')
 4 SYSTEMPATH/CodeIgniter.php(821): CodeIgniter\Router\RouteCollection->loadRoutes()
 5 SYSTEMPATH/CodeIgniter.php(455): CodeIgniter\CodeIgniter->tryToRouteIt(null)
 6 SYSTEMPATH/CodeIgniter.php(354): CodeIgniter\CodeIgniter->handleRequest(null, Object(Config\Cache), false)
 7 SYSTEMPATH/Boot.php(334): CodeIgniter\CodeIgniter->run()
 8 SYSTEMPATH/Boot.php(67): CodeIgniter\Boot::runCodeIgniter(Object(CodeIgniter\CodeIgniter))
 9 FCPATH/index.php(56): CodeIgniter\Boot::bootWeb(Object(Config\Paths))
WARNING - 2026-02-17 09:46:41 --> [DEPRECATED] Passing lowercase HTTP method "post" is deprecated. Use uppercase HTTP method like "POST". in SYSTEMPATH/Router/RouteCollection.php on line 1026.
 1 SYSTEMPATH/Router/RouteCollection.php(1026): trigger_error('Passing lowercase HTTP method "post" is deprecated. Use uppercase HTTP method like "POST".', 16384)
 2 APPPATH/Config/Routes.php(135): CodeIgniter\Router\RouteCollection->match([...], 'locations/generarPDF', 'LocationsPdfController::generarPDF')
 3 SYSTEMPATH/Router/RouteCollection.php(339): require('/home/u976386866/domains/servipro.site/public_html/app/app/Config/Routes.php')
 4 SYSTEMPATH/CodeIgniter.php(821): CodeIgniter\Router\RouteCollection->loadRoutes()
 5 SYSTEMPATH/CodeIgniter.php(455): CodeIgniter\CodeIgniter->tryToRouteIt(null)
 6 SYSTEMPATH/CodeIgniter.php(354): CodeIgniter\CodeIgniter->handleRequest(null, Object(Config\Cache), false)
 7 SYSTEMPATH/Boot.php(334): CodeIgniter\CodeIgniter->run()
 8 SYSTEMPATH/Boot.php(67): CodeIgniter\Boot::runCodeIgniter(Object(CodeIgniter\CodeIgniter))
 9 FCPATH/index.php(56): CodeIgniter\Boot::bootWeb(Object(Config\Paths))
DEBUG - 2026-02-17 09:46:41 --> Session: Class initialized using 'CodeIgniter\Session\Handlers\FileHandler' driver.
WARNING - 2026-02-17 09:55:08 --> [DEPRECATED] Passing lowercase HTTP method "get" is deprecated. Use uppercase HTTP method like "GET". in SYSTEMPATH/Router/RouteCollection.php on line 1026.
 1 SYSTEMPATH/Router/RouteCollection.php(1026): trigger_error('Passing lowercase HTTP method "get" is deprecated. Use uppercase HTTP method like "GET".', 16384)
 2 APPPATH/Config/Routes.php(135): CodeIgniter\Router\RouteCollection->match([...], 'locations/generarPDF', 'LocationsPdfController::generarPDF')
 3 SYSTEMPATH/Router/RouteCollection.php(339): require('/home/u976386866/domains/servipro.site/public_html/app/app/Config/Routes.php')
 4 SYSTEMPATH/CodeIgniter.php(821): CodeIgniter\Router\RouteCollection->loadRoutes()
 5 SYSTEMPATH/CodeIgniter.php(455): CodeIgniter\CodeIgniter->tryToRouteIt(null)
 6 SYSTEMPATH/CodeIgniter.php(354): CodeIgniter\CodeIgniter->handleRequest(null, Object(Config\Cache), false)
 7 SYSTEMPATH/Boot.php(334): CodeIgniter\CodeIgniter->run()
 8 SYSTEMPATH/Boot.php(67): CodeIgniter\Boot::runCodeIgniter(Object(CodeIgniter\CodeIgniter))
 9 FCPATH/index.php(56): CodeIgniter\Boot::bootWeb(Object(Config\Paths))
WARNING - 2026-02-17 09:55:08 --> [DEPRECATED] Passing lowercase HTTP method "get" is deprecated. Use uppercase HTTP method like "GET". in SYSTEMPATH/Router/RouteCollection.php on line 1026.
 1 SYSTEMPATH/Router/RouteCollection.php(1026): trigger_error('Passing lowercase HTTP method "get" is deprecated. Use uppercase HTTP method like "GET".', 16384)
 2 APPPATH/Config/Routes.php(135): CodeIgniter\Router\RouteCollection->match([...], 'locations/generarPDF', 'LocationsPdfController::generarPDF')
 3 SYSTEMPATH/Router/RouteCollection.php(339): require('/home/u976386866/domains/servipro.site/public_html/app/app/Config/Routes.php')
 4 SYSTEMPATH/CodeIgniter.php(821): CodeIgniter\Router\RouteCollection->loadRoutes()
 5 SYSTEMPATH/CodeIgniter.php(455): CodeIgniter\CodeIgniter->tryToRouteIt(null)
 6 SYSTEMPATH/CodeIgniter.php(354): CodeIgniter\CodeIgniter->handleRequest(null, Object(Config\Cache), false)
 7 SYSTEMPATH/Boot.php(334): CodeIgniter\CodeIgniter->run()
 8 SYSTEMPATH/Boot.php(67): CodeIgniter\Boot::runCodeIgniter(Object(CodeIgniter\CodeIgniter))
 9 FCPATH/index.php(56): CodeIgniter\Boot::bootWeb(Object(Config\Paths))
WARNING - 2026-02-17 09:55:08 --> [DEPRECATED] Passing lowercase HTTP method "get" is deprecated. Use uppercase HTTP method like "GET". in SYSTEMPATH/Router/RouteCollection.php on line 1026.
 1 SYSTEMPATH/Router/RouteCollection.php(1026): trigger_error('Passing lowercase HTTP method "get" is deprecated. Use uppercase HTTP method like "GET".', 16384)
 2 APPPATH/Config/Routes.php(135): CodeIgniter\Router\RouteCollection->match([...], 'locations/generarPDF', 'LocationsPdfController::generarPDF')
 3 SYSTEMPATH/Router/RouteCollection.php(339): require('/home/u976386866/domains/servipro.site/public_html/app/app/Config/Routes.php')
 4 SYSTEMPATH/CodeIgniter.php(821): CodeIgniter\Router\RouteCollection->loadRoutes()
 5 SYSTEMPATH/CodeIgniter.php(455): CodeIgniter\CodeIgniter->tryToRouteIt(null)
 6 SYSTEMPATH/CodeIgniter.php(354): CodeIgniter\CodeIgniter->handleRequest(null, Object(Config\Cache), false)
 7 SYSTEMPATH/Boot.php(334): CodeIgniter\CodeIgniter->run()
 8 SYSTEMPATH/Boot.php(67): CodeIgniter\Boot::runCodeIgniter(Object(CodeIgniter\CodeIgniter))
 9 FCPATH/index.php(56): CodeIgniter\Boot::bootWeb(Object(Config\Paths))
WARNING - 2026-02-17 09:55:08 --> [DEPRECATED] Passing lowercase HTTP method "get" is deprecated. Use uppercase HTTP method like "GET". in SYSTEMPATH/Router/RouteCollection.php on line 1026.
 1 SYSTEMPATH/Router/RouteCollection.php(1026): trigger_error('Passing lowercase HTTP method "get" is deprecated. Use uppercase HTTP method like "GET".', 16384)
 2 APPPATH/Config/Routes.php(135): CodeIgniter\Router\RouteCollection->match([...], 'locations/generarPDF', 'LocationsPdfController::generarPDF')
 3 SYSTEMPATH/Router/RouteCollection.php(339): require('/home/u976386866/domains/servipro.site/public_html/app/app/Config/Routes.php')
 4 SYSTEMPATH/CodeIgniter.php(821): CodeIgniter\Router\RouteCollection->loadRoutes()
 5 SYSTEMPATH/CodeIgniter.php(455): CodeIgniter\CodeIgniter->tryToRouteIt(null)
 6 SYSTEMPATH/CodeIgniter.php(354): CodeIgniter\CodeIgniter->handleRequest(null, Object(Config\Cache), false)
 7 SYSTEMPATH/Boot.php(334): CodeIgniter\CodeIgniter->run()
 8 SYSTEMPATH/Boot.php(67): CodeIgniter\Boot::runCodeIgniter(Object(CodeIgniter\CodeIgniter))
 9 FCPATH/index.php(56): CodeIgniter\Boot::bootWeb(Object(Config\Paths))
WARNING - 2026-02-17 09:55:08 --> [DEPRECATED] Passing lowercase HTTP method "get" is deprecated. Use uppercase HTTP method like "GET". in SYSTEMPATH/Router/RouteCollection.php on line 1026.
 1 SYSTEMPATH/Router/RouteCollection.php(1026): trigger_error('Passing lowercase HTTP method "get" is deprecated. Use uppercase HTTP method like "GET".', 16384)
 2 APPPATH/Config/Routes.php(135): CodeIgniter\Router\RouteCollection->match([...], 'locations/generarPDF', 'LocationsPdfController::generarPDF')
 3 SYSTEMPATH/Router/RouteCollection.php(339): require('/home/u976386866/domains/servipro.site/public_html/app/app/Config/Routes.php')
 4 SYSTEMPATH/CodeIgniter.php(821): CodeIgniter\Router\RouteCollection->loadRoutes()
 5 SYSTEMPATH/CodeIgniter.php(455): CodeIgniter\CodeIgniter->tryToRouteIt(null)
 6 SYSTEMPATH/CodeIgniter.php(354): CodeIgniter\CodeIgniter->handleRequest(null, Object(Config\Cache), false)
 7 SYSTEMPATH/Boot.php(334): CodeIgniter\CodeIgniter->run()
 8 SYSTEMPATH/Boot.php(67): CodeIgniter\Boot::runCodeIgniter(Object(CodeIgniter\CodeIgniter))
 9 FCPATH/index.php(56): CodeIgniter\Boot::bootWeb(Object(Config\Paths))
WARNING - 2026-02-17 09:55:08 --> [DEPRECATED] Passing lowercase HTTP method "get" is deprecated. Use uppercase HTTP method like "GET". in SYSTEMPATH/Router/RouteCollection.php on line 1026.
 1 SYSTEMPATH/Router/RouteCollection.php(1026): trigger_error('Passing lowercase HTTP method "get" is deprecated. Use uppercase HTTP method like "GET".', 16384)
 2 APPPATH/Config/Routes.php(135): CodeIgniter\Router\RouteCollection->match([...], 'locations/generarPDF', 'LocationsPdfController::generarPDF')
 3 SYSTEMPATH/Router/RouteCollection.php(339): require('/home/u976386866/domains/servipro.site/public_html/app/app/Config/Routes.php')
 4 SYSTEMPATH/CodeIgniter.php(821): CodeIgniter\Router\RouteCollection->loadRoutes()
 5 SYSTEMPATH/CodeIgniter.php(455): CodeIgniter\CodeIgniter->tryToRouteIt(null)
 6 SYSTEMPATH/CodeIgniter.php(354): CodeIgniter\CodeIgniter->handleRequest(null, Object(Config\Cache), false)
 7 SYSTEMPATH/Boot.php(334): CodeIgniter\CodeIgniter->run()
 8 SYSTEMPATH/Boot.php(67): CodeIgniter\Boot::runCodeIgniter(Object(CodeIgniter\CodeIgniter))
 9 FCPATH/index.php(56): CodeIgniter\Boot::bootWeb(Object(Config\Paths))
WARNING - 2026-02-17 09:55:08 --> [DEPRECATED] Passing lowercase HTTP method "get" is deprecated. Use uppercase HTTP method like "GET". in SYSTEMPATH/Router/RouteCollection.php on line 1026.
 1 SYSTEMPATH/Router/RouteCollection.php(1026): trigger_error('Passing lowercase HTTP method "get" is deprecated. Use uppercase HTTP method like "GET".', 16384)
 2 APPPATH/Config/Routes.php(135): CodeIgniter\Router\RouteCollection->match([...], 'locations/generarPDF', 'LocationsPdfController::generarPDF')
 3 SYSTEMPATH/Router/RouteCollection.php(339): require('/home/u976386866/domains/servipro.site/public_html/app/app/Config/Routes.php')
 4 SYSTEMPATH/CodeIgniter.php(821): CodeIgniter\Router\RouteCollection->loadRoutes()
 5 SYSTEMPATH/CodeIgniter.php(455): CodeIgniter\CodeIgniter->tryToRouteIt(null)
 6 SYSTEMPATH/CodeIgniter.php(354): CodeIgniter\CodeIgniter->handleRequest(null, Object(Config\Cache), false)
 7 SYSTEMPATH/Boot.php(334): CodeIgniter\CodeIgniter->run()
 8 SYSTEMPATH/Boot.php(67): CodeIgniter\Boot::runCodeIgniter(Object(CodeIgniter\CodeIgniter))
 9 FCPATH/index.php(56): CodeIgniter\Boot::bootWeb(Object(Config\Paths))
WARNING - 2026-02-17 09:55:08 --> [DEPRECATED] Passing lowercase HTTP method "get" is deprecated. Use uppercase HTTP method like "GET". in SYSTEMPATH/Router/RouteCollection.php on line 1026.
 1 SYSTEMPATH/Router/RouteCollection.php(1026): trigger_error('Passing lowercase HTTP method "get" is deprecated. Use uppercase HTTP method like "GET".', 16384)
 2 APPPATH/Config/Routes.php(135): CodeIgniter\Router\RouteCollection->match([...], 'locations/generarPDF', 'LocationsPdfController::generarPDF')
 3 SYSTEMPATH/Router/RouteCollection.php(339): require('/home/u976386866/domains/servipro.site/public_html/app/app/Config/Routes.php')
 4 SYSTEMPATH/CodeIgniter.php(821): CodeIgniter\Router\RouteCollection->loadRoutes()
 5 SYSTEMPATH/CodeIgniter.php(455): CodeIgniter\CodeIgniter->tryToRouteIt(null)
 6 SYSTEMPATH/CodeIgniter.php(354): CodeIgniter\CodeIgniter->handleRequest(null, Object(Config\Cache), false)
 7 SYSTEMPATH/Boot.php(334): CodeIgniter\CodeIgniter->run()
 8 SYSTEMPATH/Boot.php(67): CodeIgniter\Boot::runCodeIgniter(Object(CodeIgniter\CodeIgniter))
 9 FCPATH/index.php(56): CodeIgniter\Boot::bootWeb(Object(Config\Paths))
WARNING - 2026-02-17 09:55:08 --> [DEPRECATED] Passing lowercase HTTP method "get" is deprecated. Use uppercase HTTP method like "GET". in SYSTEMPATH/Router/RouteCollection.php on line 1026.
 1 SYSTEMPATH/Router/RouteCollection.php(1026): trigger_error('Passing lowercase HTTP method "get" is deprecated. Use uppercase HTTP method like "GET".', 16384)
 2 APPPATH/Config/Routes.php(135): CodeIgniter\Router\RouteCollection->match([...], 'locations/generarPDF', 'LocationsPdfController::generarPDF')
 3 SYSTEMPATH/Router/RouteCollection.php(339): require('/home/u976386866/domains/servipro.site/public_html/app/app/Config/Routes.php')
 4 SYSTEMPATH/CodeIgniter.php(821): CodeIgniter\Router\RouteCollection->loadRoutes()
 5 SYSTEMPATH/CodeIgniter.php(455): CodeIgniter\CodeIgniter->tryToRouteIt(null)
 6 SYSTEMPATH/CodeIgniter.php(354): CodeIgniter\CodeIgniter->handleRequest(null, Object(Config\Cache), false)
 7 SYSTEMPATH/Boot.php(334): CodeIgniter\CodeIgniter->run()
 8 SYSTEMPATH/Boot.php(67): CodeIgniter\Boot::runCodeIgniter(Object(CodeIgniter\CodeIgniter))
 9 FCPATH/index.php(56): CodeIgniter\Boot::bootWeb(Object(Config\Paths))
WARNING - 2026-02-17 09:55:08 --> [DEPRECATED] Passing lowercase HTTP method "post" is deprecated. Use uppercase HTTP method like "POST". in SYSTEMPATH/Router/RouteCollection.php on line 1026.
 1 SYSTEMPATH/Router/RouteCollection.php(1026): trigger_error('Passing lowercase HTTP method "post" is deprecated. Use uppercase HTTP method like "POST".', 16384)
 2 APPPATH/Config/Routes.php(135): CodeIgniter\Router\RouteCollection->match([...], 'locations/generarPDF', 'LocationsPdfController::generarPDF')
 3 SYSTEMPATH/Router/RouteCollection.php(339): require('/home/u976386866/domains/servipro.site/public_html/app/app/Config/Routes.php')
 4 SYSTEMPATH/CodeIgniter.php(821): CodeIgniter\Router\RouteCollection->loadRoutes()
 5 SYSTEMPATH/CodeIgniter.php(455): CodeIgniter\CodeIgniter->tryToRouteIt(null)
 6 SYSTEMPATH/CodeIgniter.php(354): CodeIgniter\CodeIgniter->handleRequest(null, Object(Config\Cache), false)
 7 SYSTEMPATH/Boot.php(334): CodeIgniter\CodeIgniter->run()
 8 SYSTEMPATH/Boot.php(67): CodeIgniter\Boot::runCodeIgniter(Object(CodeIgniter\CodeIgniter))
 9 FCPATH/index.php(56): CodeIgniter\Boot::bootWeb(Object(Config\Paths))
WARNING - 2026-02-17 09:55:08 --> [DEPRECATED] Passing lowercase HTTP method "post" is deprecated. Use uppercase HTTP method like "POST". in SYSTEMPATH/Router/RouteCollection.php on line 1026.
 1 SYSTEMPATH/Router/RouteCollection.php(1026): trigger_error('Passing lowercase HTTP method "post" is deprecated. Use uppercase HTTP method like "POST".', 16384)
 2 APPPATH/Config/Routes.php(135): CodeIgniter\Router\RouteCollection->match([...], 'locations/generarPDF', 'LocationsPdfController::generarPDF')
 3 SYSTEMPATH/Router/RouteCollection.php(339): require('/home/u976386866/domains/servipro.site/public_html/app/app/Config/Routes.php')
 4 SYSTEMPATH/CodeIgniter.php(821): CodeIgniter\Router\RouteCollection->loadRoutes()
 5 SYSTEMPATH/CodeIgniter.php(455): CodeIgniter\CodeIgniter->tryToRouteIt(null)
 6 SYSTEMPATH/CodeIgniter.php(354): CodeIgniter\CodeIgniter->handleRequest(null, Object(Config\Cache), false)
 7 SYSTEMPATH/Boot.php(334): CodeIgniter\CodeIgniter->run()
 8 SYSTEMPATH/Boot.php(67): CodeIgniter\Boot::runCodeIgniter(Object(CodeIgniter\CodeIgniter))
 9 FCPATH/index.php(56): CodeIgniter\Boot::bootWeb(Object(Config\Paths))
WARNING - 2026-02-17 09:55:08 --> [DEPRECATED] Passing lowercase HTTP method "get" is deprecated. Use uppercase HTTP method like "GET". in SYSTEMPATH/Router/RouteCollection.php on line 1026.
 1 SYSTEMPATH/Router/RouteCollection.php(1026): trigger_error('Passing lowercase HTTP method "get" is deprecated. Use uppercase HTTP method like "GET".', 16384)
 2 APPPATH/Config/Routes.php(135): CodeIgniter\Router\RouteCollection->match([...], 'locations/generarPDF', 'LocationsPdfController::generarPDF')
 3 SYSTEMPATH/Router/RouteCollection.php(339): require('/home/u976386866/domains/servipro.site/public_html/app/app/Config/Routes.php')
 4 SYSTEMPATH/CodeIgniter.php(821): CodeIgniter\Router\RouteCollection->loadRoutes()
 5 SYSTEMPATH/CodeIgniter.php(455): CodeIgniter\CodeIgniter->tryToRouteIt(null)
 6 SYSTEMPATH/CodeIgniter.php(354): CodeIgniter\CodeIgniter->handleRequest(null, Object(Config\Cache), false)
 7 SYSTEMPATH/Boot.php(334): CodeIgniter\CodeIgniter->run()
 8 SYSTEMPATH/Boot.php(67): CodeIgniter\Boot::runCodeIgniter(Object(CodeIgniter\CodeIgniter))
 9 FCPATH/index.php(56): CodeIgniter\Boot::bootWeb(Object(Config\Paths))
WARNING - 2026-02-17 09:55:08 --> [DEPRECATED] Passing lowercase HTTP method "post" is deprecated. Use uppercase HTTP method like "POST". in SYSTEMPATH/Router/RouteCollection.php on line 1026.
 1 SYSTEMPATH/Router/RouteCollection.php(1026): trigger_error('Passing lowercase HTTP method "post" is deprecated. Use uppercase HTTP method like "POST".', 16384)
 2 APPPATH/Config/Routes.php(135): CodeIgniter\Router\RouteCollection->match([...], 'locations/generarPDF', 'LocationsPdfController::generarPDF')
 3 SYSTEMPATH/Router/RouteCollection.php(339): require('/home/u976386866/domains/servipro.site/public_html/app/app/Config/Routes.php')
 4 SYSTEMPATH/CodeIgniter.php(821): CodeIgniter\Router\RouteCollection->loadRoutes()
 5 SYSTEMPATH/CodeIgniter.php(455): CodeIgniter\CodeIgniter->tryToRouteIt(null)
 6 SYSTEMPATH/CodeIgniter.php(354): CodeIgniter\CodeIgniter->handleRequest(null, Object(Config\Cache), false)
 7 SYSTEMPATH/Boot.php(334): CodeIgniter\CodeIgniter->run()
 8 SYSTEMPATH/Boot.php(67): CodeIgniter\Boot::runCodeIgniter(Object(CodeIgniter\CodeIgniter))
 9 FCPATH/index.php(56): CodeIgniter\Boot::bootWeb(Object(Config\Paths))
WARNING - 2026-02-17 09:55:08 --> [DEPRECATED] Passing lowercase HTTP method "post" is deprecated. Use uppercase HTTP method like "POST". in SYSTEMPATH/Router/RouteCollection.php on line 1026.
 1 SYSTEMPATH/Router/RouteCollection.php(1026): trigger_error('Passing lowercase HTTP method "post" is deprecated. Use uppercase HTTP method like "POST".', 16384)
 2 APPPATH/Config/Routes.php(135): CodeIgniter\Router\RouteCollection->match([...], 'locations/generarPDF', 'LocationsPdfController::generarPDF')
 3 SYSTEMPATH/Router/RouteCollection.php(339): require('/home/u976386866/domains/servipro.site/public_html/app/app/Config/Routes.php')
 4 SYSTEMPATH/CodeIgniter.php(821): CodeIgniter\Router\RouteCollection->loadRoutes()
 5 SYSTEMPATH/CodeIgniter.php(455): CodeIgniter\CodeIgniter->tryToRouteIt(null)
 6 SYSTEMPATH/CodeIgniter.php(354): CodeIgniter\CodeIgniter->handleRequest(null, Object(Config\Cache), false)
 7 SYSTEMPATH/Boot.php(334): CodeIgniter\CodeIgniter->run()
 8 SYSTEMPATH/Boot.php(67): CodeIgniter\Boot::runCodeIgniter(Object(CodeIgniter\CodeIgniter))
 9 FCPATH/index.php(56): CodeIgniter\Boot::bootWeb(Object(Config\Paths))
WARNING - 2026-02-17 09:55:08 --> [DEPRECATED] Passing lowercase HTTP method "post" is deprecated. Use uppercase HTTP method like "POST". in SYSTEMPATH/Router/RouteCollection.php on line 1026.
 1 SYSTEMPATH/Router/RouteCollection.php(1026): trigger_error('Passing lowercase HTTP method "post" is deprecated. Use uppercase HTTP method like "POST".', 16384)
 2 APPPATH/Config/Routes.php(135): CodeIgniter\Router\RouteCollection->match([...], 'locations/generarPDF', 'LocationsPdfController::generarPDF')
 3 SYSTEMPATH/Router/RouteCollection.php(339): require('/home/u976386866/domains/servipro.site/public_html/app/app/Config/Routes.php')
 4 SYSTEMPATH/CodeIgniter.php(821): CodeIgniter\Router\RouteCollection->loadRoutes()
 5 SYSTEMPATH/CodeIgniter.php(455): CodeIgniter\CodeIgniter->tryToRouteIt(null)
 6 SYSTEMPATH/CodeIgniter.php(354): CodeIgniter\CodeIgniter->handleRequest(null, Object(Config\Cache), false)
 7 SYSTEMPATH/Boot.php(334): CodeIgniter\CodeIgniter->run()
 8 SYSTEMPATH/Boot.php(67): CodeIgniter\Boot::runCodeIgniter(Object(CodeIgniter\CodeIgniter))
 9 FCPATH/index.php(56): CodeIgniter\Boot::bootWeb(Object(Config\Paths))
WARNING - 2026-02-17 09:55:08 --> [DEPRECATED] Passing lowercase HTTP method "post" is deprecated. Use uppercase HTTP method like "POST". in SYSTEMPATH/Router/RouteCollection.php on line 1026.
 1 SYSTEMPATH/Router/RouteCollection.php(1026): trigger_error('Passing lowercase HTTP method "post" is deprecated. Use uppercase HTTP method like "POST".', 16384)
 2 APPPATH/Config/Routes.php(135): CodeIgniter\Router\RouteCollection->match([...], 'locations/generarPDF', 'LocationsPdfController::generarPDF')
 3 SYSTEMPATH/Router/RouteCollection.php(339): require('/home/u976386866/domains/servipro.site/public_html/app/app/Config/Routes.php')
 4 SYSTEMPATH/CodeIgniter.php(821): CodeIgniter\Router\RouteCollection->loadRoutes()
 5 SYSTEMPATH/CodeIgniter.php(455): CodeIgniter\CodeIgniter->tryToRouteIt(null)
 6 SYSTEMPATH/CodeIgniter.php(354): CodeIgniter\CodeIgniter->handleRequest(null, Object(Config\Cache), false)
 7 SYSTEMPATH/Boot.php(334): CodeIgniter\CodeIgniter->run()
 8 SYSTEMPATH/Boot.php(67): CodeIgniter\Boot::runCodeIgniter(Object(CodeIgniter\CodeIgniter))
 9 FCPATH/index.php(56): CodeIgniter\Boot::bootWeb(Object(Config\Paths))
WARNING - 2026-02-17 09:55:08 --> [DEPRECATED] Passing lowercase HTTP method "get" is deprecated. Use uppercase HTTP method like "GET". in SYSTEMPATH/Router/RouteCollection.php on line 1026.
 1 SYSTEMPATH/Router/RouteCollection.php(1026): trigger_error('Passing lowercase HTTP method "get" is deprecated. Use uppercase HTTP method like "GET".', 16384)
 2 APPPATH/Config/Routes.php(135): CodeIgniter\Router\RouteCollection->match([...], 'locations/generarPDF', 'LocationsPdfController::generarPDF')
 3 SYSTEMPATH/Router/RouteCollection.php(339): require('/home/u976386866/domains/servipro.site/public_html/app/app/Config/Routes.php')
 4 SYSTEMPATH/CodeIgniter.php(821): CodeIgniter\Router\RouteCollection->loadRoutes()
 5 SYSTEMPATH/CodeIgniter.php(455): CodeIgniter\CodeIgniter->tryToRouteIt(null)
 6 SYSTEMPATH/CodeIgniter.php(354): CodeIgniter\CodeIgniter->handleRequest(null, Object(Config\Cache), false)
 7 SYSTEMPATH/Boot.php(334): CodeIgniter\CodeIgniter->run()
 8 SYSTEMPATH/Boot.php(67): CodeIgniter\Boot::runCodeIgniter(Object(CodeIgniter\CodeIgniter))
 9 FCPATH/index.php(56): CodeIgniter\Boot::bootWeb(Object(Config\Paths))
WARNING - 2026-02-17 09:55:08 --> [DEPRECATED] Passing lowercase HTTP method "get" is deprecated. Use uppercase HTTP method like "GET". in SYSTEMPATH/Router/RouteCollection.php on line 1026.
 1 SYSTEMPATH/Router/RouteCollection.php(1026): trigger_error('Passing lowercase HTTP method "get" is deprecated. Use uppercase HTTP method like "GET".', 16384)
 2 APPPATH/Config/Routes.php(135): CodeIgniter\Router\RouteCollection->match([...], 'locations/generarPDF', 'LocationsPdfController::generarPDF')
 3 SYSTEMPATH/Router/RouteCollection.php(339): require('/home/u976386866/domains/servipro.site/public_html/app/app/Config/Routes.php')
 4 SYSTEMPATH/CodeIgniter.php(821): CodeIgniter\Router\RouteCollection->loadRoutes()
 5 SYSTEMPATH/CodeIgniter.php(455): CodeIgniter\CodeIgniter->tryToRouteIt(null)
 6 SYSTEMPATH/CodeIgniter.php(354): CodeIgniter\CodeIgniter->handleRequest(null, Object(Config\Cache), false)
 7 SYSTEMPATH/Boot.php(334): CodeIgniter\CodeIgniter->run()
 8 SYSTEMPATH/Boot.php(67): CodeIgniter\Boot::runCodeIgniter(Object(CodeIgniter\CodeIgniter))
 9 FCPATH/index.php(56): CodeIgniter\Boot::bootWeb(Object(Config\Paths))
WARNING - 2026-02-17 09:55:08 --> [DEPRECATED] Passing lowercase HTTP method "get" is deprecated. Use uppercase HTTP method like "GET". in SYSTEMPATH/Router/RouteCollection.php on line 1026.
 1 SYSTEMPATH/Router/RouteCollection.php(1026): trigger_error('Passing lowercase HTTP method "get" is deprecated. Use uppercase HTTP method like "GET".', 16384)
 2 APPPATH/Config/Routes.php(135): CodeIgniter\Router\RouteCollection->match([...], 'locations/generarPDF', 'LocationsPdfController::generarPDF')
 3 SYSTEMPATH/Router/RouteCollection.php(339): require('/home/u976386866/domains/servipro.site/public_html/app/app/Config/Routes.php')
 4 SYSTEMPATH/CodeIgniter.php(821): CodeIgniter\Router\RouteCollection->loadRoutes()
 5 SYSTEMPATH/CodeIgniter.php(455): CodeIgniter\CodeIgniter->tryToRouteIt(null)
 6 SYSTEMPATH/CodeIgniter.php(354): CodeIgniter\CodeIgniter->handleRequest(null, Object(Config\Cache), false)
 7 SYSTEMPATH/Boot.php(334): CodeIgniter\CodeIgniter->run()
 8 SYSTEMPATH/Boot.php(67): CodeIgniter\Boot::runCodeIgniter(Object(CodeIgniter\CodeIgniter))
 9 FCPATH/index.php(56): CodeIgniter\Boot::bootWeb(Object(Config\Paths))
WARNING - 2026-02-17 09:55:08 --> [DEPRECATED] Passing lowercase HTTP method "get" is deprecated. Use uppercase HTTP method like "GET". in SYSTEMPATH/Router/RouteCollection.php on line 1026.
 1 SYSTEMPATH/Router/RouteCollection.php(1026): trigger_error('Passing lowercase HTTP method "get" is deprecated. Use uppercase HTTP method like "GET".', 16384)
 2 APPPATH/Config/Routes.php(135): CodeIgniter\Router\RouteCollection->match([...], 'locations/generarPDF', 'LocationsPdfController::generarPDF')
 3 SYSTEMPATH/Router/RouteCollection.php(339): require('/home/u976386866/domains/servipro.site/public_html/app/app/Config/Routes.php')
 4 SYSTEMPATH/CodeIgniter.php(821): CodeIgniter\Router\RouteCollection->loadRoutes()
 5 SYSTEMPATH/CodeIgniter.php(455): CodeIgniter\CodeIgniter->tryToRouteIt(null)
 6 SYSTEMPATH/CodeIgniter.php(354): CodeIgniter\CodeIgniter->handleRequest(null, Object(Config\Cache), false)
 7 SYSTEMPATH/Boot.php(334): CodeIgniter\CodeIgniter->run()
 8 SYSTEMPATH/Boot.php(67): CodeIgniter\Boot::runCodeIgniter(Object(CodeIgniter\CodeIgniter))
 9 FCPATH/index.php(56): CodeIgniter\Boot::bootWeb(Object(Config\Paths))
WARNING - 2026-02-17 09:55:08 --> [DEPRECATED] Passing lowercase HTTP method "post" is deprecated. Use uppercase HTTP method like "POST". in SYSTEMPATH/Router/RouteCollection.php on line 1026.
 1 SYSTEMPATH/Router/RouteCollection.php(1026): trigger_error('Passing lowercase HTTP method "post" is deprecated. Use uppercase HTTP method like "POST".', 16384)
 2 APPPATH/Config/Routes.php(135): CodeIgniter\Router\RouteCollection->match([...], 'locations/generarPDF', 'LocationsPdfController::generarPDF')
 3 SYSTEMPATH/Router/RouteCollection.php(339): require('/home/u976386866/domains/servipro.site/public_html/app/app/Config/Routes.php')
 4 SYSTEMPATH/CodeIgniter.php(821): CodeIgniter\Router\RouteCollection->loadRoutes()
 5 SYSTEMPATH/CodeIgniter.php(455): CodeIgniter\CodeIgniter->tryToRouteIt(null)
 6 SYSTEMPATH/CodeIgniter.php(354): CodeIgniter\CodeIgniter->handleRequest(null, Object(Config\Cache), false)
 7 SYSTEMPATH/Boot.php(334): CodeIgniter\CodeIgniter->run()
 8 SYSTEMPATH/Boot.php(67): CodeIgniter\Boot::runCodeIgniter(Object(CodeIgniter\CodeIgniter))
 9 FCPATH/index.php(56): CodeIgniter\Boot::bootWeb(Object(Config\Paths))
WARNING - 2026-02-17 09:55:08 --> [DEPRECATED] Passing lowercase HTTP method "post" is deprecated. Use uppercase HTTP method like "POST". in SYSTEMPATH/Router/RouteCollection.php on line 1026.
 1 SYSTEMPATH/Router/RouteCollection.php(1026): trigger_error('Passing lowercase HTTP method "post" is deprecated. Use uppercase HTTP method like "POST".', 16384)
 2 APPPATH/Config/Routes.php(135): CodeIgniter\Router\RouteCollection->match([...], 'locations/generarPDF', 'LocationsPdfController::generarPDF')
 3 SYSTEMPATH/Router/RouteCollection.php(339): require('/home/u976386866/domains/servipro.site/public_html/app/app/Config/Routes.php')
 4 SYSTEMPATH/CodeIgniter.php(821): CodeIgniter\Router\RouteCollection->loadRoutes()
 5 SYSTEMPATH/CodeIgniter.php(455): CodeIgniter\CodeIgniter->tryToRouteIt(null)
 6 SYSTEMPATH/CodeIgniter.php(354): CodeIgniter\CodeIgniter->handleRequest(null, Object(Config\Cache), false)
 7 SYSTEMPATH/Boot.php(334): CodeIgniter\CodeIgniter->run()
 8 SYSTEMPATH/Boot.php(67): CodeIgniter\Boot::runCodeIgniter(Object(CodeIgniter\CodeIgniter))
 9 FCPATH/index.php(56): CodeIgniter\Boot::bootWeb(Object(Config\Paths))
WARNING - 2026-02-17 09:55:08 --> [DEPRECATED] Passing lowercase HTTP method "get" is deprecated. Use uppercase HTTP method like "GET". in SYSTEMPATH/Router/RouteCollection.php on line 1026.
 1 SYSTEMPATH/Router/RouteCollection.php(1026): trigger_error('Passing lowercase HTTP method "get" is deprecated. Use uppercase HTTP method like "GET".', 16384)
 2 APPPATH/Config/Routes.php(135): CodeIgniter\Router\RouteCollection->match([...], 'locations/generarPDF', 'LocationsPdfController::generarPDF')
 3 SYSTEMPATH/Router/RouteCollection.php(339): require('/home/u976386866/domains/servipro.site/public_html/app/app/Config/Routes.php')
 4 SYSTEMPATH/CodeIgniter.php(821): CodeIgniter\Router\RouteCollection->loadRoutes()
 5 SYSTEMPATH/CodeIgniter.php(455): CodeIgniter\CodeIgniter->tryToRouteIt(null)
 6 SYSTEMPATH/CodeIgniter.php(354): CodeIgniter\CodeIgniter->handleRequest(null, Object(Config\Cache), false)
 7 SYSTEMPATH/Boot.php(334): CodeIgniter\CodeIgniter->run()
 8 SYSTEMPATH/Boot.php(67): CodeIgniter\Boot::runCodeIgniter(Object(CodeIgniter\CodeIgniter))
 9 FCPATH/index.php(56): CodeIgniter\Boot::bootWeb(Object(Config\Paths))
WARNING - 2026-02-17 09:55:08 --> [DEPRECATED] Passing lowercase HTTP method "post" is deprecated. Use uppercase HTTP method like "POST". in SYSTEMPATH/Router/RouteCollection.php on line 1026.
 1 SYSTEMPATH/Router/RouteCollection.php(1026): trigger_error('Passing lowercase HTTP method "post" is deprecated. Use uppercase HTTP method like "POST".', 16384)
 2 APPPATH/Config/Routes.php(135): CodeIgniter\Router\RouteCollection->match([...], 'locations/generarPDF', 'LocationsPdfController::generarPDF')
 3 SYSTEMPATH/Router/RouteCollection.php(339): require('/home/u976386866/domains/servipro.site/public_html/app/app/Config/Routes.php')
 4 SYSTEMPATH/CodeIgniter.php(821): CodeIgniter\Router\RouteCollection->loadRoutes()
 5 SYSTEMPATH/CodeIgniter.php(455): CodeIgniter\CodeIgniter->tryToRouteIt(null)
 6 SYSTEMPATH/CodeIgniter.php(354): CodeIgniter\CodeIgniter->handleRequest(null, Object(Config\Cache), false)
 7 SYSTEMPATH/Boot.php(334): CodeIgniter\CodeIgniter->run()
 8 SYSTEMPATH/Boot.php(67): CodeIgniter\Boot::runCodeIgniter(Object(CodeIgniter\CodeIgniter))
 9 FCPATH/index.php(56): CodeIgniter\Boot::bootWeb(Object(Config\Paths))
WARNING - 2026-02-17 09:55:08 --> [DEPRECATED] Passing lowercase HTTP method "post" is deprecated. Use uppercase HTTP method like "POST". in SYSTEMPATH/Router/RouteCollection.php on line 1026.
 1 SYSTEMPATH/Router/RouteCollection.php(1026): trigger_error('Passing lowercase HTTP method "post" is deprecated. Use uppercase HTTP method like "POST".', 16384)
 2 APPPATH/Config/Routes.php(135): CodeIgniter\Router\RouteCollection->match([...], 'locations/generarPDF', 'LocationsPdfController::generarPDF')
 3 SYSTEMPATH/Router/RouteCollection.php(339): require('/home/u976386866/domains/servipro.site/public_html/app/app/Config/Routes.php')
 4 SYSTEMPATH/CodeIgniter.php(821): CodeIgniter\Router\RouteCollection->loadRoutes()
 5 SYSTEMPATH/CodeIgniter.php(455): CodeIgniter\CodeIgniter->tryToRouteIt(null)
 6 SYSTEMPATH/CodeIgniter.php(354): CodeIgniter\CodeIgniter->handleRequest(null, Object(Config\Cache), false)
 7 SYSTEMPATH/Boot.php(334): CodeIgniter\CodeIgniter->run()
 8 SYSTEMPATH/Boot.php(67): CodeIgniter\Boot::runCodeIgniter(Object(CodeIgniter\CodeIgniter))
 9 FCPATH/index.php(56): CodeIgniter\Boot::bootWeb(Object(Config\Paths))
WARNING - 2026-02-17 09:55:08 --> [DEPRECATED] Passing lowercase HTTP method "get" is deprecated. Use uppercase HTTP method like "GET". in SYSTEMPATH/Router/RouteCollection.php on line 1026.
 1 SYSTEMPATH/Router/RouteCollection.php(1026): trigger_error('Passing lowercase HTTP method "get" is deprecated. Use uppercase HTTP method like "GET".', 16384)
 2 APPPATH/Config/Routes.php(135): CodeIgniter\Router\RouteCollection->match([...], 'locations/generarPDF', 'LocationsPdfController::generarPDF')
 3 SYSTEMPATH/Router/RouteCollection.php(339): require('/home/u976386866/domains/servipro.site/public_html/app/app/Config/Routes.php')
 4 SYSTEMPATH/CodeIgniter.php(821): CodeIgniter\Router\RouteCollection->loadRoutes()
 5 SYSTEMPATH/CodeIgniter.php(455): CodeIgniter\CodeIgniter->tryToRouteIt(null)
 6 SYSTEMPATH/CodeIgniter.php(354): CodeIgniter\CodeIgniter->handleRequest(null, Object(Config\Cache), false)
 7 SYSTEMPATH/Boot.php(334): CodeIgniter\CodeIgniter->run()
 8 SYSTEMPATH/Boot.php(67): CodeIgniter\Boot::runCodeIgniter(Object(CodeIgniter\CodeIgniter))
 9 FCPATH/index.php(56): CodeIgniter\Boot::bootWeb(Object(Config\Paths))
WARNING - 2026-02-17 09:55:08 --> [DEPRECATED] Passing lowercase HTTP method "get" is deprecated. Use uppercase HTTP method like "GET". in SYSTEMPATH/Router/RouteCollection.php on line 1026.
 1 SYSTEMPATH/Router/RouteCollection.php(1026): trigger_error('Passing lowercase HTTP method "get" is deprecated. Use uppercase HTTP method like "GET".', 16384)
 2 APPPATH/Config/Routes.php(135): CodeIgniter\Router\RouteCollection->match([...], 'locations/generarPDF', 'LocationsPdfController::generarPDF')
 3 SYSTEMPATH/Router/RouteCollection.php(339): require('/home/u976386866/domains/servipro.site/public_html/app/app/Config/Routes.php')
 4 SYSTEMPATH/CodeIgniter.php(821): CodeIgniter\Router\RouteCollection->loadRoutes()
 5 SYSTEMPATH/CodeIgniter.php(455): CodeIgniter\CodeIgniter->tryToRouteIt(null)
 6 SYSTEMPATH/CodeIgniter.php(354): CodeIgniter\CodeIgniter->handleRequest(null, Object(Config\Cache), false)
 7 SYSTEMPATH/Boot.php(334): CodeIgniter\CodeIgniter->run()
 8 SYSTEMPATH/Boot.php(67): CodeIgniter\Boot::runCodeIgniter(Object(CodeIgniter\CodeIgniter))
 9 FCPATH/index.php(56): CodeIgniter\Boot::bootWeb(Object(Config\Paths))
WARNING - 2026-02-17 09:55:08 --> [DEPRECATED] Passing lowercase HTTP method "post" is deprecated. Use uppercase HTTP method like "POST". in SYSTEMPATH/Router/RouteCollection.php on line 1026.
 1 SYSTEMPATH/Router/RouteCollection.php(1026): trigger_error('Passing lowercase HTTP method "post" is deprecated. Use uppercase HTTP method like "POST".', 16384)
 2 APPPATH/Config/Routes.php(135): CodeIgniter\Router\RouteCollection->match([...], 'locations/generarPDF', 'LocationsPdfController::generarPDF')
 3 SYSTEMPATH/Router/RouteCollection.php(339): require('/home/u976386866/domains/servipro.site/public_html/app/app/Config/Routes.php')
 4 SYSTEMPATH/CodeIgniter.php(821): CodeIgniter\Router\RouteCollection->loadRoutes()
 5 SYSTEMPATH/CodeIgniter.php(455): CodeIgniter\CodeIgniter->tryToRouteIt(null)
 6 SYSTEMPATH/CodeIgniter.php(354): CodeIgniter\CodeIgniter->handleRequest(null, Object(Config\Cache), false)
 7 SYSTEMPATH/Boot.php(334): CodeIgniter\CodeIgniter->run()
 8 SYSTEMPATH/Boot.php(67): CodeIgniter\Boot::runCodeIgniter(Object(CodeIgniter\CodeIgniter))
 9 FCPATH/index.php(56): CodeIgniter\Boot::bootWeb(Object(Config\Paths))
WARNING - 2026-02-17 09:55:08 --> [DEPRECATED] Passing lowercase HTTP method "get" is deprecated. Use uppercase HTTP method like "GET". in SYSTEMPATH/Router/RouteCollection.php on line 1026.
 1 SYSTEMPATH/Router/RouteCollection.php(1026): trigger_error('Passing lowercase HTTP method "get" is deprecated. Use uppercase HTTP method like "GET".', 16384)
 2 APPPATH/Config/Routes.php(135): CodeIgniter\Router\RouteCollection->match([...], 'locations/generarPDF', 'LocationsPdfController::generarPDF')
 3 SYSTEMPATH/Router/RouteCollection.php(339): require('/home/u976386866/domains/servipro.site/public_html/app/app/Config/Routes.php')
 4 SYSTEMPATH/CodeIgniter.php(821): CodeIgniter\Router\RouteCollection->loadRoutes()
 5 SYSTEMPATH/CodeIgniter.php(455): CodeIgniter\CodeIgniter->tryToRouteIt(null)
 6 SYSTEMPATH/CodeIgniter.php(354): CodeIgniter\CodeIgniter->handleRequest(null, Object(Config\Cache), false)
 7 SYSTEMPATH/Boot.php(334): CodeIgniter\CodeIgniter->run()
 8 SYSTEMPATH/Boot.php(67): CodeIgniter\Boot::runCodeIgniter(Object(CodeIgniter\CodeIgniter))
 9 FCPATH/index.php(56): CodeIgniter\Boot::bootWeb(Object(Config\Paths))
WARNING - 2026-02-17 09:55:08 --> [DEPRECATED] Passing lowercase HTTP method "post" is deprecated. Use uppercase HTTP method like "POST". in SYSTEMPATH/Router/RouteCollection.php on line 1026.
 1 SYSTEMPATH/Router/RouteCollection.php(1026): trigger_error('Passing lowercase HTTP method "post" is deprecated. Use uppercase HTTP method like "POST".', 16384)
 2 APPPATH/Config/Routes.php(135): CodeIgniter\Router\RouteCollection->match([...], 'locations/generarPDF', 'LocationsPdfController::generarPDF')
 3 SYSTEMPATH/Router/RouteCollection.php(339): require('/home/u976386866/domains/servipro.site/public_html/app/app/Config/Routes.php')
 4 SYSTEMPATH/CodeIgniter.php(821): CodeIgniter\Router\RouteCollection->loadRoutes()
 5 SYSTEMPATH/CodeIgniter.php(455): CodeIgniter\CodeIgniter->tryToRouteIt(null)
 6 SYSTEMPATH/CodeIgniter.php(354): CodeIgniter\CodeIgniter->handleRequest(null, Object(Config\Cache), false)
 7 SYSTEMPATH/Boot.php(334): CodeIgniter\CodeIgniter->run()
 8 SYSTEMPATH/Boot.php(67): CodeIgniter\Boot::runCodeIgniter(Object(CodeIgniter\CodeIgniter))
 9 FCPATH/index.php(56): CodeIgniter\Boot::bootWeb(Object(Config\Paths))
WARNING - 2026-02-17 09:55:08 --> [DEPRECATED] Passing lowercase HTTP method "post" is deprecated. Use uppercase HTTP method like "POST". in SYSTEMPATH/Router/RouteCollection.php on line 1026.
 1 SYSTEMPATH/Router/RouteCollection.php(1026): trigger_error('Passing lowercase HTTP method "post" is deprecated. Use uppercase HTTP method like "POST".', 16384)
 2 APPPATH/Config/Routes.php(135): CodeIgniter\Router\RouteCollection->match([...], 'locations/generarPDF', 'LocationsPdfController::generarPDF')
 3 SYSTEMPATH/Router/RouteCollection.php(339): require('/home/u976386866/domains/servipro.site/public_html/app/app/Config/Routes.php')
 4 SYSTEMPATH/CodeIgniter.php(821): CodeIgniter\Router\RouteCollection->loadRoutes()
 5 SYSTEMPATH/CodeIgniter.php(455): CodeIgniter\CodeIgniter->tryToRouteIt(null)
 6 SYSTEMPATH/CodeIgniter.php(354): CodeIgniter\CodeIgniter->handleRequest(null, Object(Config\Cache), false)
 7 SYSTEMPATH/Boot.php(334): CodeIgniter\CodeIgniter->run()
 8 SYSTEMPATH/Boot.php(67): CodeIgniter\Boot::runCodeIgniter(Object(CodeIgniter\CodeIgniter))
 9 FCPATH/index.php(56): CodeIgniter\Boot::bootWeb(Object(Config\Paths))
WARNING - 2026-02-17 09:55:08 --> [DEPRECATED] Passing lowercase HTTP method "post" is deprecated. Use uppercase HTTP method like "POST". in SYSTEMPATH/Router/RouteCollection.php on line 1026.
 1 SYSTEMPATH/Router/RouteCollection.php(1026): trigger_error('Passing lowercase HTTP method "post" is deprecated. Use uppercase HTTP method like "POST".', 16384)
 2 APPPATH/Config/Routes.php(135): CodeIgniter\Router\RouteCollection->match([...], 'locations/generarPDF', 'LocationsPdfController::generarPDF')
 3 SYSTEMPATH/Router/RouteCollection.php(339): require('/home/u976386866/domains/servipro.site/public_html/app/app/Config/Routes.php')
 4 SYSTEMPATH/CodeIgniter.php(821): CodeIgniter\Router\RouteCollection->loadRoutes()
 5 SYSTEMPATH/CodeIgniter.php(455): CodeIgniter\CodeIgniter->tryToRouteIt(null)
 6 SYSTEMPATH/CodeIgniter.php(354): CodeIgniter\CodeIgniter->handleRequest(null, Object(Config\Cache), false)
 7 SYSTEMPATH/Boot.php(334): CodeIgniter\CodeIgniter->run()
 8 SYSTEMPATH/Boot.php(67): CodeIgniter\Boot::runCodeIgniter(Object(CodeIgniter\CodeIgniter))
 9 FCPATH/index.php(56): CodeIgniter\Boot::bootWeb(Object(Config\Paths))
WARNING - 2026-02-17 09:55:08 --> [DEPRECATED] Passing lowercase HTTP method "get" is deprecated. Use uppercase HTTP method like "GET". in SYSTEMPATH/Router/RouteCollection.php on line 1026.
 1 SYSTEMPATH/Router/RouteCollection.php(1026): trigger_error('Passing lowercase HTTP method "get" is deprecated. Use uppercase HTTP method like "GET".', 16384)
 2 APPPATH/Config/Routes.php(135): CodeIgniter\Router\RouteCollection->match([...], 'locations/generarPDF', 'LocationsPdfController::generarPDF')
 3 SYSTEMPATH/Router/RouteCollection.php(339): require('/home/u976386866/domains/servipro.site/public_html/app/app/Config/Routes.php')
 4 SYSTEMPATH/CodeIgniter.php(821): CodeIgniter\Router\RouteCollection->loadRoutes()
 5 SYSTEMPATH/CodeIgniter.php(455): CodeIgniter\CodeIgniter->tryToRouteIt(null)
 6 SYSTEMPATH/CodeIgniter.php(354): CodeIgniter\CodeIgniter->handleRequest(null, Object(Config\Cache), false)
 7 SYSTEMPATH/Boot.php(334): CodeIgniter\CodeIgniter->run()
 8 SYSTEMPATH/Boot.php(67): CodeIgniter\Boot::runCodeIgniter(Object(CodeIgniter\CodeIgniter))
 9 FCPATH/index.php(56): CodeIgniter\Boot::bootWeb(Object(Config\Paths))
WARNING - 2026-02-17 09:55:08 --> [DEPRECATED] Passing lowercase HTTP method "post" is deprecated. Use uppercase HTTP method like "POST". in SYSTEMPATH/Router/RouteCollection.php on line 1026.
 1 SYSTEMPATH/Router/RouteCollection.php(1026): trigger_error('Passing lowercase HTTP method "post" is deprecated. Use uppercase HTTP method like "POST".', 16384)
 2 APPPATH/Config/Routes.php(135): CodeIgniter\Router\RouteCollection->match([...], 'locations/generarPDF', 'LocationsPdfController::generarPDF')
 3 SYSTEMPATH/Router/RouteCollection.php(339): require('/home/u976386866/domains/servipro.site/public_html/app/app/Config/Routes.php')
 4 SYSTEMPATH/CodeIgniter.php(821): CodeIgniter\Router\RouteCollection->loadRoutes()
 5 SYSTEMPATH/CodeIgniter.php(455): CodeIgniter\CodeIgniter->tryToRouteIt(null)
 6 SYSTEMPATH/CodeIgniter.php(354): CodeIgniter\CodeIgniter->handleRequest(null, Object(Config\Cache), false)
 7 SYSTEMPATH/Boot.php(334): CodeIgniter\CodeIgniter->run()
 8 SYSTEMPATH/Boot.php(67): CodeIgniter\Boot::runCodeIgniter(Object(CodeIgniter\CodeIgniter))
 9 FCPATH/index.php(56): CodeIgniter\Boot::bootWeb(Object(Config\Paths))
WARNING - 2026-02-17 09:55:08 --> [DEPRECATED] Passing lowercase HTTP method "post" is deprecated. Use uppercase HTTP method like "POST". in SYSTEMPATH/Router/RouteCollection.php on line 1026.
 1 SYSTEMPATH/Router/RouteCollection.php(1026): trigger_error('Passing lowercase HTTP method "post" is deprecated. Use uppercase HTTP method like "POST".', 16384)
 2 APPPATH/Config/Routes.php(135): CodeIgniter\Router\RouteCollection->match([...], 'locations/generarPDF', 'LocationsPdfController::generarPDF')
 3 SYSTEMPATH/Router/RouteCollection.php(339): require('/home/u976386866/domains/servipro.site/public_html/app/app/Config/Routes.php')
 4 SYSTEMPATH/CodeIgniter.php(821): CodeIgniter\Router\RouteCollection->loadRoutes()
 5 SYSTEMPATH/CodeIgniter.php(455): CodeIgniter\CodeIgniter->tryToRouteIt(null)
 6 SYSTEMPATH/CodeIgniter.php(354): CodeIgniter\CodeIgniter->handleRequest(null, Object(Config\Cache), false)
 7 SYSTEMPATH/Boot.php(334): CodeIgniter\CodeIgniter->run()
 8 SYSTEMPATH/Boot.php(67): CodeIgniter\Boot::runCodeIgniter(Object(CodeIgniter\CodeIgniter))
 9 FCPATH/index.php(56): CodeIgniter\Boot::bootWeb(Object(Config\Paths))
WARNING - 2026-02-17 09:55:08 --> [DEPRECATED] Passing lowercase HTTP method "post" is deprecated. Use uppercase HTTP method like "POST". in SYSTEMPATH/Router/RouteCollection.php on line 1026.
 1 SYSTEMPATH/Router/RouteCollection.php(1026): trigger_error('Passing lowercase HTTP method "post" is deprecated. Use uppercase HTTP method like "POST".', 16384)
 2 APPPATH/Config/Routes.php(135): CodeIgniter\Router\RouteCollection->match([...], 'locations/generarPDF', 'LocationsPdfController::generarPDF')
 3 SYSTEMPATH/Router/RouteCollection.php(339): require('/home/u976386866/domains/servipro.site/public_html/app/app/Config/Routes.php')
 4 SYSTEMPATH/CodeIgniter.php(821): CodeIgniter\Router\RouteCollection->loadRoutes()
 5 SYSTEMPATH/CodeIgniter.php(455): CodeIgniter\CodeIgniter->tryToRouteIt(null)
 6 SYSTEMPATH/CodeIgniter.php(354): CodeIgniter\CodeIgniter->handleRequest(null, Object(Config\Cache), false)
 7 SYSTEMPATH/Boot.php(334): CodeIgniter\CodeIgniter->run()
 8 SYSTEMPATH/Boot.php(67): CodeIgniter\Boot::runCodeIgniter(Object(CodeIgniter\CodeIgniter))
 9 FCPATH/index.php(56): CodeIgniter\Boot::bootWeb(Object(Config\Paths))
WARNING - 2026-02-17 09:55:08 --> [DEPRECATED] Passing lowercase HTTP method "post" is deprecated. Use uppercase HTTP method like "POST". in SYSTEMPATH/Router/RouteCollection.php on line 1026.
 1 SYSTEMPATH/Router/RouteCollection.php(1026): trigger_error('Passing lowercase HTTP method "post" is deprecated. Use uppercase HTTP method like "POST".', 16384)
 2 APPPATH/Config/Routes.php(135): CodeIgniter\Router\RouteCollection->match([...], 'locations/generarPDF', 'LocationsPdfController::generarPDF')
 3 SYSTEMPATH/Router/RouteCollection.php(339): require('/home/u976386866/domains/servipro.site/public_html/app/app/Config/Routes.php')
 4 SYSTEMPATH/CodeIgniter.php(821): CodeIgniter\Router\RouteCollection->loadRoutes()
 5 SYSTEMPATH/CodeIgniter.php(455): CodeIgniter\CodeIgniter->tryToRouteIt(null)
 6 SYSTEMPATH/CodeIgniter.php(354): CodeIgniter\CodeIgniter->handleRequest(null, Object(Config\Cache), false)
 7 SYSTEMPATH/Boot.php(334): CodeIgniter\CodeIgniter->run()
 8 SYSTEMPATH/Boot.php(67): CodeIgniter\Boot::runCodeIgniter(Object(CodeIgniter\CodeIgniter))
 9 FCPATH/index.php(56): CodeIgniter\Boot::bootWeb(Object(Config\Paths))
WARNING - 2026-02-17 09:55:08 --> [DEPRECATED] Passing lowercase HTTP method "get" is deprecated. Use uppercase HTTP method like "GET". in SYSTEMPATH/Router/RouteCollection.php on line 1026.
 1 SYSTEMPATH/Router/RouteCollection.php(1026): trigger_error('Passing lowercase HTTP method "get" is deprecated. Use uppercase HTTP method like "GET".', 16384)
 2 APPPATH/Config/Routes.php(135): CodeIgniter\Router\RouteCollection->match([...], 'locations/generarPDF', 'LocationsPdfController::generarPDF')
 3 SYSTEMPATH/Router/RouteCollection.php(339): require('/home/u976386866/domains/servipro.site/public_html/app/app/Config/Routes.php')
 4 SYSTEMPATH/CodeIgniter.php(821): CodeIgniter\Router\RouteCollection->loadRoutes()
 5 SYSTEMPATH/CodeIgniter.php(455): CodeIgniter\CodeIgniter->tryToRouteIt(null)
 6 SYSTEMPATH/CodeIgniter.php(354): CodeIgniter\CodeIgniter->handleRequest(null, Object(Config\Cache), false)
 7 SYSTEMPATH/Boot.php(334): CodeIgniter\CodeIgniter->run()
 8 SYSTEMPATH/Boot.php(67): CodeIgniter\Boot::runCodeIgniter(Object(CodeIgniter\CodeIgniter))
 9 FCPATH/index.php(56): CodeIgniter\Boot::bootWeb(Object(Config\Paths))
WARNING - 2026-02-17 09:55:08 --> [DEPRECATED] Passing lowercase HTTP method "get" is deprecated. Use uppercase HTTP method like "GET". in SYSTEMPATH/Router/RouteCollection.php on line 1026.
 1 SYSTEMPATH/Router/RouteCollection.php(1026): trigger_error('Passing lowercase HTTP method "get" is deprecated. Use uppercase HTTP method like "GET".', 16384)
 2 APPPATH/Config/Routes.php(135): CodeIgniter\Router\RouteCollection->match([...], 'locations/generarPDF', 'LocationsPdfController::generarPDF')
 3 SYSTEMPATH/Router/RouteCollection.php(339): require('/home/u976386866/domains/servipro.site/public_html/app/app/Config/Routes.php')
 4 SYSTEMPATH/CodeIgniter.php(821): CodeIgniter\Router\RouteCollection->loadRoutes()
 5 SYSTEMPATH/CodeIgniter.php(455): CodeIgniter\CodeIgniter->tryToRouteIt(null)
 6 SYSTEMPATH/CodeIgniter.php(354): CodeIgniter\CodeIgniter->handleRequest(null, Object(Config\Cache), false)
 7 SYSTEMPATH/Boot.php(334): CodeIgniter\CodeIgniter->run()
 8 SYSTEMPATH/Boot.php(67): CodeIgniter\Boot::runCodeIgniter(Object(CodeIgniter\CodeIgniter))
 9 FCPATH/index.php(56): CodeIgniter\Boot::bootWeb(Object(Config\Paths))
WARNING - 2026-02-17 09:55:08 --> [DEPRECATED] Passing lowercase HTTP method "get" is deprecated. Use uppercase HTTP method like "GET". in SYSTEMPATH/Router/RouteCollection.php on line 1026.
 1 SYSTEMPATH/Router/RouteCollection.php(1026): trigger_error('Passing lowercase HTTP method "get" is deprecated. Use uppercase HTTP method like "GET".', 16384)
 2 APPPATH/Config/Routes.php(135): CodeIgniter\Router\RouteCollection->match([...], 'locations/generarPDF', 'LocationsPdfController::generarPDF')
 3 SYSTEMPATH/Router/RouteCollection.php(339): require('/home/u976386866/domains/servipro.site/public_html/app/app/Config/Routes.php')
 4 SYSTEMPATH/CodeIgniter.php(821): CodeIgniter\Router\RouteCollection->loadRoutes()
 5 SYSTEMPATH/CodeIgniter.php(455): CodeIgniter\CodeIgniter->tryToRouteIt(null)
 6 SYSTEMPATH/CodeIgniter.php(354): CodeIgniter\CodeIgniter->handleRequest(null, Object(Config\Cache), false)
 7 SYSTEMPATH/Boot.php(334): CodeIgniter\CodeIgniter->run()
 8 SYSTEMPATH/Boot.php(67): CodeIgniter\Boot::runCodeIgniter(Object(CodeIgniter\CodeIgniter))
 9 FCPATH/index.php(56): CodeIgniter\Boot::bootWeb(Object(Config\Paths))
WARNING - 2026-02-17 09:55:08 --> [DEPRECATED] Passing lowercase HTTP method "get" is deprecated. Use uppercase HTTP method like "GET". in SYSTEMPATH/Router/RouteCollection.php on line 1026.
 1 SYSTEMPATH/Router/RouteCollection.php(1026): trigger_error('Passing lowercase HTTP method "get" is deprecated. Use uppercase HTTP method like "GET".', 16384)
 2 APPPATH/Config/Routes.php(135): CodeIgniter\Router\RouteCollection->match([...], 'locations/generarPDF', 'LocationsPdfController::generarPDF')
 3 SYSTEMPATH/Router/RouteCollection.php(339): require('/home/u976386866/domains/servipro.site/public_html/app/app/Config/Routes.php')
 4 SYSTEMPATH/CodeIgniter.php(821): CodeIgniter\Router\RouteCollection->loadRoutes()
 5 SYSTEMPATH/CodeIgniter.php(455): CodeIgniter\CodeIgniter->tryToRouteIt(null)
 6 SYSTEMPATH/CodeIgniter.php(354): CodeIgniter\CodeIgniter->handleRequest(null, Object(Config\Cache), false)
 7 SYSTEMPATH/Boot.php(334): CodeIgniter\CodeIgniter->run()
 8 SYSTEMPATH/Boot.php(67): CodeIgniter\Boot::runCodeIgniter(Object(CodeIgniter\CodeIgniter))
 9 FCPATH/index.php(56): CodeIgniter\Boot::bootWeb(Object(Config\Paths))
WARNING - 2026-02-17 09:55:08 --> [DEPRECATED] Passing lowercase HTTP method "post" is deprecated. Use uppercase HTTP method like "POST". in SYSTEMPATH/Router/RouteCollection.php on line 1026.
 1 SYSTEMPATH/Router/RouteCollection.php(1026): trigger_error('Passing lowercase HTTP method "post" is deprecated. Use uppercase HTTP method like "POST".', 16384)
 2 APPPATH/Config/Routes.php(135): CodeIgniter\Router\RouteCollection->match([...], 'locations/generarPDF', 'LocationsPdfController::generarPDF')
 3 SYSTEMPATH/Router/RouteCollection.php(339): require('/home/u976386866/domains/servipro.site/public_html/app/app/Config/Routes.php')
 4 SYSTEMPATH/CodeIgniter.php(821): CodeIgniter\Router\RouteCollection->loadRoutes()
 5 SYSTEMPATH/CodeIgniter.php(455): CodeIgniter\CodeIgniter->tryToRouteIt(null)
 6 SYSTEMPATH/CodeIgniter.php(354): CodeIgniter\CodeIgniter->handleRequest(null, Object(Config\Cache), false)
 7 SYSTEMPATH/Boot.php(334): CodeIgniter\CodeIgniter->run()
 8 SYSTEMPATH/Boot.php(67): CodeIgniter\Boot::runCodeIgniter(Object(CodeIgniter\CodeIgniter))
 9 FCPATH/index.php(56): CodeIgniter\Boot::bootWeb(Object(Config\Paths))
WARNING - 2026-02-17 09:55:08 --> [DEPRECATED] Passing lowercase HTTP method "get" is deprecated. Use uppercase HTTP method like "GET". in SYSTEMPATH/Router/RouteCollection.php on line 1026.
 1 SYSTEMPATH/Router/RouteCollection.php(1026): trigger_error('Passing lowercase HTTP method "get" is deprecated. Use uppercase HTTP method like "GET".', 16384)
 2 APPPATH/Config/Routes.php(135): CodeIgniter\Router\RouteCollection->match([...], 'locations/generarPDF', 'LocationsPdfController::generarPDF')
 3 SYSTEMPATH/Router/RouteCollection.php(339): require('/home/u976386866/domains/servipro.site/public_html/app/app/Config/Routes.php')
 4 SYSTEMPATH/CodeIgniter.php(821): CodeIgniter\Router\RouteCollection->loadRoutes()
 5 SYSTEMPATH/CodeIgniter.php(455): CodeIgniter\CodeIgniter->tryToRouteIt(null)
 6 SYSTEMPATH/CodeIgniter.php(354): CodeIgniter\CodeIgniter->handleRequest(null, Object(Config\Cache), false)
 7 SYSTEMPATH/Boot.php(334): CodeIgniter\CodeIgniter->run()
 8 SYSTEMPATH/Boot.php(67): CodeIgniter\Boot::runCodeIgniter(Object(CodeIgniter\CodeIgniter))
 9 FCPATH/index.php(56): CodeIgniter\Boot::bootWeb(Object(Config\Paths))
WARNING - 2026-02-17 09:55:08 --> [DEPRECATED] Passing lowercase HTTP method "post" is deprecated. Use uppercase HTTP method like "POST". in SYSTEMPATH/Router/RouteCollection.php on line 1026.
 1 SYSTEMPATH/Router/RouteCollection.php(1026): trigger_error('Passing lowercase HTTP method "post" is deprecated. Use uppercase HTTP method like "POST".', 16384)
 2 APPPATH/Config/Routes.php(135): CodeIgniter\Router\RouteCollection->match([...], 'locations/generarPDF', 'LocationsPdfController::generarPDF')
 3 SYSTEMPATH/Router/RouteCollection.php(339): require('/home/u976386866/domains/servipro.site/public_html/app/app/Config/Routes.php')
 4 SYSTEMPATH/CodeIgniter.php(821): CodeIgniter\Router\RouteCollection->loadRoutes()
 5 SYSTEMPATH/CodeIgniter.php(455): CodeIgniter\CodeIgniter->tryToRouteIt(null)
 6 SYSTEMPATH/CodeIgniter.php(354): CodeIgniter\CodeIgniter->handleRequest(null, Object(Config\Cache), false)
 7 SYSTEMPATH/Boot.php(334): CodeIgniter\CodeIgniter->run()
 8 SYSTEMPATH/Boot.php(67): CodeIgniter\Boot::runCodeIgniter(Object(CodeIgniter\CodeIgniter))
 9 FCPATH/index.php(56): CodeIgniter\Boot::bootWeb(Object(Config\Paths))
WARNING - 2026-02-17 09:55:08 --> [DEPRECATED] Passing lowercase HTTP method "get" is deprecated. Use uppercase HTTP method like "GET". in SYSTEMPATH/Router/RouteCollection.php on line 1026.
 1 SYSTEMPATH/Router/RouteCollection.php(1026): trigger_error('Passing lowercase HTTP method "get" is deprecated. Use uppercase HTTP method like "GET".', 16384)
 2 APPPATH/Config/Routes.php(135): CodeIgniter\Router\RouteCollection->match([...], 'locations/generarPDF', 'LocationsPdfController::generarPDF')
 3 SYSTEMPATH/Router/RouteCollection.php(339): require('/home/u976386866/domains/servipro.site/public_html/app/app/Config/Routes.php')
 4 SYSTEMPATH/CodeIgniter.php(821): CodeIgniter\Router\RouteCollection->loadRoutes()
 5 SYSTEMPATH/CodeIgniter.php(455): CodeIgniter\CodeIgniter->tryToRouteIt(null)
 6 SYSTEMPATH/CodeIgniter.php(354): CodeIgniter\CodeIgniter->handleRequest(null, Object(Config\Cache), false)
 7 SYSTEMPATH/Boot.php(334): CodeIgniter\CodeIgniter->run()
 8 SYSTEMPATH/Boot.php(67): CodeIgniter\Boot::runCodeIgniter(Object(CodeIgniter\CodeIgniter))
 9 FCPATH/index.php(56): CodeIgniter\Boot::bootWeb(Object(Config\Paths))
WARNING - 2026-02-17 09:55:08 --> [DEPRECATED] Passing lowercase HTTP method "post" is deprecated. Use uppercase HTTP method like "POST". in SYSTEMPATH/Router/RouteCollection.php on line 1026.
 1 SYSTEMPATH/Router/RouteCollection.php(1026): trigger_error('Passing lowercase HTTP method "post" is deprecated. Use uppercase HTTP method like "POST".', 16384)
 2 APPPATH/Config/Routes.php(135): CodeIgniter\Router\RouteCollection->match([...], 'locations/generarPDF', 'LocationsPdfController::generarPDF')
 3 SYSTEMPATH/Router/RouteCollection.php(339): require('/home/u976386866/domains/servipro.site/public_html/app/app/Config/Routes.php')
 4 SYSTEMPATH/CodeIgniter.php(821): CodeIgniter\Router\RouteCollection->loadRoutes()
 5 SYSTEMPATH/CodeIgniter.php(455): CodeIgniter\CodeIgniter->tryToRouteIt(null)
 6 SYSTEMPATH/CodeIgniter.php(354): CodeIgniter\CodeIgniter->handleRequest(null, Object(Config\Cache), false)
 7 SYSTEMPATH/Boot.php(334): CodeIgniter\CodeIgniter->run()
 8 SYSTEMPATH/Boot.php(67): CodeIgniter\Boot::runCodeIgniter(Object(CodeIgniter\CodeIgniter))
 9 FCPATH/index.php(56): CodeIgniter\Boot::bootWeb(Object(Config\Paths))
WARNING - 2026-02-17 09:55:08 --> [DEPRECATED] Passing lowercase HTTP method "post" is deprecated. Use uppercase HTTP method like "POST". in SYSTEMPATH/Router/RouteCollection.php on line 1026.
 1 SYSTEMPATH/Router/RouteCollection.php(1026): trigger_error('Passing lowercase HTTP method "post" is deprecated. Use uppercase HTTP method like "POST".', 16384)
 2 APPPATH/Config/Routes.php(135): CodeIgniter\Router\RouteCollection->match([...], 'locations/generarPDF', 'LocationsPdfController::generarPDF')
 3 SYSTEMPATH/Router/RouteCollection.php(339): require('/home/u976386866/domains/servipro.site/public_html/app/app/Config/Routes.php')
 4 SYSTEMPATH/CodeIgniter.php(821): CodeIgniter\Router\RouteCollection->loadRoutes()
 5 SYSTEMPATH/CodeIgniter.php(455): CodeIgniter\CodeIgniter->tryToRouteIt(null)
 6 SYSTEMPATH/CodeIgniter.php(354): CodeIgniter\CodeIgniter->handleRequest(null, Object(Config\Cache), false)
 7 SYSTEMPATH/Boot.php(334): CodeIgniter\CodeIgniter->run()
 8 SYSTEMPATH/Boot.php(67): CodeIgniter\Boot::runCodeIgniter(Object(CodeIgniter\CodeIgniter))
 9 FCPATH/index.php(56): CodeIgniter\Boot::bootWeb(Object(Config\Paths))
WARNING - 2026-02-17 09:55:08 --> [DEPRECATED] Passing lowercase HTTP method "post" is deprecated. Use uppercase HTTP method like "POST". in SYSTEMPATH/Router/RouteCollection.php on line 1026.
 1 SYSTEMPATH/Router/RouteCollection.php(1026): trigger_error('Passing lowercase HTTP method "post" is deprecated. Use uppercase HTTP method like "POST".', 16384)
 2 APPPATH/Config/Routes.php(135): CodeIgniter\Router\RouteCollection->match([...], 'locations/generarPDF', 'LocationsPdfController::generarPDF')
 3 SYSTEMPATH/Router/RouteCollection.php(339): require('/home/u976386866/domains/servipro.site/public_html/app/app/Config/Routes.php')
 4 SYSTEMPATH/CodeIgniter.php(821): CodeIgniter\Router\RouteCollection->loadRoutes()
 5 SYSTEMPATH/CodeIgniter.php(455): CodeIgniter\CodeIgniter->tryToRouteIt(null)
 6 SYSTEMPATH/CodeIgniter.php(354): CodeIgniter\CodeIgniter->handleRequest(null, Object(Config\Cache), false)
 7 SYSTEMPATH/Boot.php(334): CodeIgniter\CodeIgniter->run()
 8 SYSTEMPATH/Boot.php(67): CodeIgniter\Boot::runCodeIgniter(Object(CodeIgniter\CodeIgniter))
 9 FCPATH/index.php(56): CodeIgniter\Boot::bootWeb(Object(Config\Paths))
WARNING - 2026-02-17 09:55:08 --> [DEPRECATED] Passing lowercase HTTP method "post" is deprecated. Use uppercase HTTP method like "POST". in SYSTEMPATH/Router/RouteCollection.php on line 1026.
 1 SYSTEMPATH/Router/RouteCollection.php(1026): trigger_error('Passing lowercase HTTP method "post" is deprecated. Use uppercase HTTP method like "POST".', 16384)
 2 APPPATH/Config/Routes.php(135): CodeIgniter\Router\RouteCollection->match([...], 'locations/generarPDF', 'LocationsPdfController::generarPDF')
 3 SYSTEMPATH/Router/RouteCollection.php(339): require('/home/u976386866/domains/servipro.site/public_html/app/app/Config/Routes.php')
 4 SYSTEMPATH/CodeIgniter.php(821): CodeIgniter\Router\RouteCollection->loadRoutes()
 5 SYSTEMPATH/CodeIgniter.php(455): CodeIgniter\CodeIgniter->tryToRouteIt(null)
 6 SYSTEMPATH/CodeIgniter.php(354): CodeIgniter\CodeIgniter->handleRequest(null, Object(Config\Cache), false)
 7 SYSTEMPATH/Boot.php(334): CodeIgniter\CodeIgniter->run()
 8 SYSTEMPATH/Boot.php(67): CodeIgniter\Boot::runCodeIgniter(Object(CodeIgniter\CodeIgniter))
 9 FCPATH/index.php(56): CodeIgniter\Boot::bootWeb(Object(Config\Paths))
WARNING - 2026-02-17 09:55:08 --> [DEPRECATED] Passing lowercase HTTP method "get" is deprecated. Use uppercase HTTP method like "GET". in SYSTEMPATH/Router/RouteCollection.php on line 1026.
 1 SYSTEMPATH/Router/RouteCollection.php(1026): trigger_error('Passing lowercase HTTP method "get" is deprecated. Use uppercase HTTP method like "GET".', 16384)
 2 APPPATH/Config/Routes.php(135): CodeIgniter\Router\RouteCollection->match([...], 'locations/generarPDF', 'LocationsPdfController::generarPDF')
 3 SYSTEMPATH/Router/RouteCollection.php(339): require('/home/u976386866/domains/servipro.site/public_html/app/app/Config/Routes.php')
 4 SYSTEMPATH/CodeIgniter.php(821): CodeIgniter\Router\RouteCollection->loadRoutes()
 5 SYSTEMPATH/CodeIgniter.php(455): CodeIgniter\CodeIgniter->tryToRouteIt(null)
 6 SYSTEMPATH/CodeIgniter.php(354): CodeIgniter\CodeIgniter->handleRequest(null, Object(Config\Cache), false)
 7 SYSTEMPATH/Boot.php(334): CodeIgniter\CodeIgniter->run()
 8 SYSTEMPATH/Boot.php(67): CodeIgniter\Boot::runCodeIgniter(Object(CodeIgniter\CodeIgniter))
 9 FCPATH/index.php(56): CodeIgniter\Boot::bootWeb(Object(Config\Paths))
WARNING - 2026-02-17 09:55:08 --> [DEPRECATED] Passing lowercase HTTP method "post" is deprecated. Use uppercase HTTP method like "POST". in SYSTEMPATH/Router/RouteCollection.php on line 1026.
 1 SYSTEMPATH/Router/RouteCollection.php(1026): trigger_error('Passing lowercase HTTP method "post" is deprecated. Use uppercase HTTP method like "POST".', 16384)
 2 APPPATH/Config/Routes.php(135): CodeIgniter\Router\RouteCollection->match([...], 'locations/generarPDF', 'LocationsPdfController::generarPDF')
 3 SYSTEMPATH/Router/RouteCollection.php(339): require('/home/u976386866/domains/servipro.site/public_html/app/app/Config/Routes.php')
 4 SYSTEMPATH/CodeIgniter.php(821): CodeIgniter\Router\RouteCollection->loadRoutes()
 5 SYSTEMPATH/CodeIgniter.php(455): CodeIgniter\CodeIgniter->tryToRouteIt(null)
 6 SYSTEMPATH/CodeIgniter.php(354): CodeIgniter\CodeIgniter->handleRequest(null, Object(Config\Cache), false)
 7 SYSTEMPATH/Boot.php(334): CodeIgniter\CodeIgniter->run()
 8 SYSTEMPATH/Boot.php(67): CodeIgniter\Boot::runCodeIgniter(Object(CodeIgniter\CodeIgniter))
 9 FCPATH/index.php(56): CodeIgniter\Boot::bootWeb(Object(Config\Paths))
WARNING - 2026-02-17 09:55:08 --> [DEPRECATED] Passing lowercase HTTP method "post" is deprecated. Use uppercase HTTP method like "POST". in SYSTEMPATH/Router/RouteCollection.php on line 1026.
 1 SYSTEMPATH/Router/RouteCollection.php(1026): trigger_error('Passing lowercase HTTP method "post" is deprecated. Use uppercase HTTP method like "POST".', 16384)
 2 APPPATH/Config/Routes.php(135): CodeIgniter\Router\RouteCollection->match([...], 'locations/generarPDF', 'LocationsPdfController::generarPDF')
 3 SYSTEMPATH/Router/RouteCollection.php(339): require('/home/u976386866/domains/servipro.site/public_html/app/app/Config/Routes.php')
 4 SYSTEMPATH/CodeIgniter.php(821): CodeIgniter\Router\RouteCollection->loadRoutes()
 5 SYSTEMPATH/CodeIgniter.php(455): CodeIgniter\CodeIgniter->tryToRouteIt(null)
 6 SYSTEMPATH/CodeIgniter.php(354): CodeIgniter\CodeIgniter->handleRequest(null, Object(Config\Cache), false)
 7 SYSTEMPATH/Boot.php(334): CodeIgniter\CodeIgniter->run()
 8 SYSTEMPATH/Boot.php(67): CodeIgniter\Boot::runCodeIgniter(Object(CodeIgniter\CodeIgniter))
 9 FCPATH/index.php(56): CodeIgniter\Boot::bootWeb(Object(Config\Paths))
WARNING - 2026-02-17 09:55:08 --> [DEPRECATED] Passing lowercase HTTP method "get" is deprecated. Use uppercase HTTP method like "GET". in SYSTEMPATH/Router/RouteCollection.php on line 1026.
 1 SYSTEMPATH/Router/RouteCollection.php(1026): trigger_error('Passing lowercase HTTP method "get" is deprecated. Use uppercase HTTP method like "GET".', 16384)
 2 APPPATH/Config/Routes.php(135): CodeIgniter\Router\RouteCollection->match([...], 'locations/generarPDF', 'LocationsPdfController::generarPDF')
 3 SYSTEMPATH/Router/RouteCollection.php(339): require('/home/u976386866/domains/servipro.site/public_html/app/app/Config/Routes.php')
 4 SYSTEMPATH/CodeIgniter.php(821): CodeIgniter\Router\RouteCollection->loadRoutes()
 5 SYSTEMPATH/CodeIgniter.php(455): CodeIgniter\CodeIgniter->tryToRouteIt(null)
 6 SYSTEMPATH/CodeIgniter.php(354): CodeIgniter\CodeIgniter->handleRequest(null, Object(Config\Cache), false)
 7 SYSTEMPATH/Boot.php(334): CodeIgniter\CodeIgniter->run()
 8 SYSTEMPATH/Boot.php(67): CodeIgniter\Boot::runCodeIgniter(Object(CodeIgniter\CodeIgniter))
 9 FCPATH/index.php(56): CodeIgniter\Boot::bootWeb(Object(Config\Paths))
WARNING - 2026-02-17 09:55:08 --> [DEPRECATED] Passing lowercase HTTP method "get" is deprecated. Use uppercase HTTP method like "GET". in SYSTEMPATH/Router/RouteCollection.php on line 1026.
 1 SYSTEMPATH/Router/RouteCollection.php(1026): trigger_error('Passing lowercase HTTP method "get" is deprecated. Use uppercase HTTP method like "GET".', 16384)
 2 APPPATH/Config/Routes.php(135): CodeIgniter\Router\RouteCollection->match([...], 'locations/generarPDF', 'LocationsPdfController::generarPDF')
 3 SYSTEMPATH/Router/RouteCollection.php(339): require('/home/u976386866/domains/servipro.site/public_html/app/app/Config/Routes.php')
 4 SYSTEMPATH/CodeIgniter.php(821): CodeIgniter\Router\RouteCollection->loadRoutes()
 5 SYSTEMPATH/CodeIgniter.php(455): CodeIgniter\CodeIgniter->tryToRouteIt(null)
 6 SYSTEMPATH/CodeIgniter.php(354): CodeIgniter\CodeIgniter->handleRequest(null, Object(Config\Cache), false)
 7 SYSTEMPATH/Boot.php(334): CodeIgniter\CodeIgniter->run()
 8 SYSTEMPATH/Boot.php(67): CodeIgniter\Boot::runCodeIgniter(Object(CodeIgniter\CodeIgniter))
 9 FCPATH/index.php(56): CodeIgniter\Boot::bootWeb(Object(Config\Paths))
WARNING - 2026-02-17 09:55:08 --> [DEPRECATED] Passing lowercase HTTP method "get" is deprecated. Use uppercase HTTP method like "GET". in SYSTEMPATH/Router/RouteCollection.php on line 1026.
 1 SYSTEMPATH/Router/RouteCollection.php(1026): trigger_error('Passing lowercase HTTP method "get" is deprecated. Use uppercase HTTP method like "GET".', 16384)
 2 APPPATH/Config/Routes.php(135): CodeIgniter\Router\RouteCollection->match([...], 'locations/generarPDF', 'LocationsPdfController::generarPDF')
 3 SYSTEMPATH/Router/RouteCollection.php(339): require('/home/u976386866/domains/servipro.site/public_html/app/app/Config/Routes.php')
 4 SYSTEMPATH/CodeIgniter.php(821): CodeIgniter\Router\RouteCollection->loadRoutes()
 5 SYSTEMPATH/CodeIgniter.php(455): CodeIgniter\CodeIgniter->tryToRouteIt(null)
 6 SYSTEMPATH/CodeIgniter.php(354): CodeIgniter\CodeIgniter->handleRequest(null, Object(Config\Cache), false)
 7 SYSTEMPATH/Boot.php(334): CodeIgniter\CodeIgniter->run()
 8 SYSTEMPATH/Boot.php(67): CodeIgniter\Boot::runCodeIgniter(Object(CodeIgniter\CodeIgniter))
 9 FCPATH/index.php(56): CodeIgniter\Boot::bootWeb(Object(Config\Paths))
WARNING - 2026-02-17 09:55:08 --> [DEPRECATED] Passing lowercase HTTP method "get" is deprecated. Use uppercase HTTP method like "GET". in SYSTEMPATH/Router/RouteCollection.php on line 1026.
 1 SYSTEMPATH/Router/RouteCollection.php(1026): trigger_error('Passing lowercase HTTP method "get" is deprecated. Use uppercase HTTP method like "GET".', 16384)
 2 APPPATH/Config/Routes.php(135): CodeIgniter\Router\RouteCollection->match([...], 'locations/generarPDF', 'LocationsPdfController::generarPDF')
 3 SYSTEMPATH/Router/RouteCollection.php(339): require('/home/u976386866/domains/servipro.site/public_html/app/app/Config/Routes.php')
 4 SYSTEMPATH/CodeIgniter.php(821): CodeIgniter\Router\RouteCollection->loadRoutes()
 5 SYSTEMPATH/CodeIgniter.php(455): CodeIgniter\CodeIgniter->tryToRouteIt(null)
 6 SYSTEMPATH/CodeIgniter.php(354): CodeIgniter\CodeIgniter->handleRequest(null, Object(Config\Cache), false)
 7 SYSTEMPATH/Boot.php(334): CodeIgniter\CodeIgniter->run()
 8 SYSTEMPATH/Boot.php(67): CodeIgniter\Boot::runCodeIgniter(Object(CodeIgniter\CodeIgniter))
 9 FCPATH/index.php(56): CodeIgniter\Boot::bootWeb(Object(Config\Paths))
WARNING - 2026-02-17 09:55:08 --> [DEPRECATED] Passing lowercase HTTP method "post" is deprecated. Use uppercase HTTP method like "POST". in SYSTEMPATH/Router/RouteCollection.php on line 1026.
 1 SYSTEMPATH/Router/RouteCollection.php(1026): trigger_error('Passing lowercase HTTP method "post" is deprecated. Use uppercase HTTP method like "POST".', 16384)
 2 APPPATH/Config/Routes.php(135): CodeIgniter\Router\RouteCollection->match([...], 'locations/generarPDF', 'LocationsPdfController::generarPDF')
 3 SYSTEMPATH/Router/RouteCollection.php(339): require('/home/u976386866/domains/servipro.site/public_html/app/app/Config/Routes.php')
 4 SYSTEMPATH/CodeIgniter.php(821): CodeIgniter\Router\RouteCollection->loadRoutes()
 5 SYSTEMPATH/CodeIgniter.php(455): CodeIgniter\CodeIgniter->tryToRouteIt(null)
 6 SYSTEMPATH/CodeIgniter.php(354): CodeIgniter\CodeIgniter->handleRequest(null, Object(Config\Cache), false)
 7 SYSTEMPATH/Boot.php(334): CodeIgniter\CodeIgniter->run()
 8 SYSTEMPATH/Boot.php(67): CodeIgniter\Boot::runCodeIgniter(Object(CodeIgniter\CodeIgniter))
 9 FCPATH/index.php(56): CodeIgniter\Boot::bootWeb(Object(Config\Paths))
WARNING - 2026-02-17 09:55:08 --> [DEPRECATED] Passing lowercase HTTP method "get" is deprecated. Use uppercase HTTP method like "GET". in SYSTEMPATH/Router/RouteCollection.php on line 1026.
 1 SYSTEMPATH/Router/RouteCollection.php(1026): trigger_error('Passing lowercase HTTP method "get" is deprecated. Use uppercase HTTP method like "GET".', 16384)
 2 APPPATH/Config/Routes.php(135): CodeIgniter\Router\RouteCollection->match([...], 'locations/generarPDF', 'LocationsPdfController::generarPDF')
 3 SYSTEMPATH/Router/RouteCollection.php(339): require('/home/u976386866/domains/servipro.site/public_html/app/app/Config/Routes.php')
 4 SYSTEMPATH/CodeIgniter.php(821): CodeIgniter\Router\RouteCollection->loadRoutes()
 5 SYSTEMPATH/CodeIgniter.php(455): CodeIgniter\CodeIgniter->tryToRouteIt(null)
 6 SYSTEMPATH/CodeIgniter.php(354): CodeIgniter\CodeIgniter->handleRequest(null, Object(Config\Cache), false)
 7 SYSTEMPATH/Boot.php(334): CodeIgniter\CodeIgniter->run()
 8 SYSTEMPATH/Boot.php(67): CodeIgniter\Boot::runCodeIgniter(Object(CodeIgniter\CodeIgniter))
 9 FCPATH/index.php(56): CodeIgniter\Boot::bootWeb(Object(Config\Paths))
WARNING - 2026-02-17 09:55:08 --> [DEPRECATED] Passing lowercase HTTP method "post" is deprecated. Use uppercase HTTP method like "POST". in SYSTEMPATH/Router/RouteCollection.php on line 1026.
 1 SYSTEMPATH/Router/RouteCollection.php(1026): trigger_error('Passing lowercase HTTP method "post" is deprecated. Use uppercase HTTP method like "POST".', 16384)
 2 APPPATH/Config/Routes.php(135): CodeIgniter\Router\RouteCollection->match([...], 'locations/generarPDF', 'LocationsPdfController::generarPDF')
 3 SYSTEMPATH/Router/RouteCollection.php(339): require('/home/u976386866/domains/servipro.site/public_html/app/app/Config/Routes.php')
 4 SYSTEMPATH/CodeIgniter.php(821): CodeIgniter\Router\RouteCollection->loadRoutes()
 5 SYSTEMPATH/CodeIgniter.php(455): CodeIgniter\CodeIgniter->tryToRouteIt(null)
 6 SYSTEMPATH/CodeIgniter.php(354): CodeIgniter\CodeIgniter->handleRequest(null, Object(Config\Cache), false)
 7 SYSTEMPATH/Boot.php(334): CodeIgniter\CodeIgniter->run()
 8 SYSTEMPATH/Boot.php(67): CodeIgniter\Boot::runCodeIgniter(Object(CodeIgniter\CodeIgniter))
 9 FCPATH/index.php(56): CodeIgniter\Boot::bootWeb(Object(Config\Paths))
WARNING - 2026-02-17 09:55:08 --> [DEPRECATED] Passing lowercase HTTP method "post" is deprecated. Use uppercase HTTP method like "POST". in SYSTEMPATH/Router/RouteCollection.php on line 1026.
 1 SYSTEMPATH/Router/RouteCollection.php(1026): trigger_error('Passing lowercase HTTP method "post" is deprecated. Use uppercase HTTP method like "POST".', 16384)
 2 APPPATH/Config/Routes.php(135): CodeIgniter\Router\RouteCollection->match([...], 'locations/generarPDF', 'LocationsPdfController::generarPDF')
 3 SYSTEMPATH/Router/RouteCollection.php(339): require('/home/u976386866/domains/servipro.site/public_html/app/app/Config/Routes.php')
 4 SYSTEMPATH/CodeIgniter.php(821): CodeIgniter\Router\RouteCollection->loadRoutes()
 5 SYSTEMPATH/CodeIgniter.php(455): CodeIgniter\CodeIgniter->tryToRouteIt(null)
 6 SYSTEMPATH/CodeIgniter.php(354): CodeIgniter\CodeIgniter->handleRequest(null, Object(Config\Cache), false)
 7 SYSTEMPATH/Boot.php(334): CodeIgniter\CodeIgniter->run()
 8 SYSTEMPATH/Boot.php(67): CodeIgniter\Boot::runCodeIgniter(Object(CodeIgniter\CodeIgniter))
 9 FCPATH/index.php(56): CodeIgniter\Boot::bootWeb(Object(Config\Paths))
WARNING - 2026-02-17 09:55:08 --> [DEPRECATED] Passing lowercase HTTP method "post" is deprecated. Use uppercase HTTP method like "POST". in SYSTEMPATH/Router/RouteCollection.php on line 1026.
 1 SYSTEMPATH/Router/RouteCollection.php(1026): trigger_error('Passing lowercase HTTP method "post" is deprecated. Use uppercase HTTP method like "POST".', 16384)
 2 APPPATH/Config/Routes.php(135): CodeIgniter\Router\RouteCollection->match([...], 'locations/generarPDF', 'LocationsPdfController::generarPDF')
 3 SYSTEMPATH/Router/RouteCollection.php(339): require('/home/u976386866/domains/servipro.site/public_html/app/app/Config/Routes.php')
 4 SYSTEMPATH/CodeIgniter.php(821): CodeIgniter\Router\RouteCollection->loadRoutes()
 5 SYSTEMPATH/CodeIgniter.php(455): CodeIgniter\CodeIgniter->tryToRouteIt(null)
 6 SYSTEMPATH/CodeIgniter.php(354): CodeIgniter\CodeIgniter->handleRequest(null, Object(Config\Cache), false)
 7 SYSTEMPATH/Boot.php(334): CodeIgniter\CodeIgniter->run()
 8 SYSTEMPATH/Boot.php(67): CodeIgniter\Boot::runCodeIgniter(Object(CodeIgniter\CodeIgniter))
 9 FCPATH/index.php(56): CodeIgniter\Boot::bootWeb(Object(Config\Paths))
WARNING - 2026-02-17 09:55:08 --> [DEPRECATED] Passing lowercase HTTP method "post" is deprecated. Use uppercase HTTP method like "POST". in SYSTEMPATH/Router/RouteCollection.php on line 1026.
 1 SYSTEMPATH/Router/RouteCollection.php(1026): trigger_error('Passing lowercase HTTP method "post" is deprecated. Use uppercase HTTP method like "POST".', 16384)
 2 APPPATH/Config/Routes.php(135): CodeIgniter\Router\RouteCollection->match([...], 'locations/generarPDF', 'LocationsPdfController::generarPDF')
 3 SYSTEMPATH/Router/RouteCollection.php(339): require('/home/u976386866/domains/servipro.site/public_html/app/app/Config/Routes.php')
 4 SYSTEMPATH/CodeIgniter.php(821): CodeIgniter\Router\RouteCollection->loadRoutes()
 5 SYSTEMPATH/CodeIgniter.php(455): CodeIgniter\CodeIgniter->tryToRouteIt(null)
 6 SYSTEMPATH/CodeIgniter.php(354): CodeIgniter\CodeIgniter->handleRequest(null, Object(Config\Cache), false)
 7 SYSTEMPATH/Boot.php(334): CodeIgniter\CodeIgniter->run()
 8 SYSTEMPATH/Boot.php(67): CodeIgniter\Boot::runCodeIgniter(Object(CodeIgniter\CodeIgniter))
 9 FCPATH/index.php(56): CodeIgniter\Boot::bootWeb(Object(Config\Paths))
WARNING - 2026-02-17 09:55:08 --> [DEPRECATED] Passing lowercase HTTP method "get" is deprecated. Use uppercase HTTP method like "GET". in SYSTEMPATH/Router/RouteCollection.php on line 1026.
 1 SYSTEMPATH/Router/RouteCollection.php(1026): trigger_error('Passing lowercase HTTP method "get" is deprecated. Use uppercase HTTP method like "GET".', 16384)
 2 APPPATH/Config/Routes.php(135): CodeIgniter\Router\RouteCollection->match([...], 'locations/generarPDF', 'LocationsPdfController::generarPDF')
 3 SYSTEMPATH/Router/RouteCollection.php(339): require('/home/u976386866/domains/servipro.site/public_html/app/app/Config/Routes.php')
 4 SYSTEMPATH/CodeIgniter.php(821): CodeIgniter\Router\RouteCollection->loadRoutes()
 5 SYSTEMPATH/CodeIgniter.php(455): CodeIgniter\CodeIgniter->tryToRouteIt(null)
 6 SYSTEMPATH/CodeIgniter.php(354): CodeIgniter\CodeIgniter->handleRequest(null, Object(Config\Cache), false)
 7 SYSTEMPATH/Boot.php(334): CodeIgniter\CodeIgniter->run()
 8 SYSTEMPATH/Boot.php(67): CodeIgniter\Boot::runCodeIgniter(Object(CodeIgniter\CodeIgniter))
 9 FCPATH/index.php(56): CodeIgniter\Boot::bootWeb(Object(Config\Paths))
WARNING - 2026-02-17 09:55:08 --> [DEPRECATED] Passing lowercase HTTP method "get" is deprecated. Use uppercase HTTP method like "GET". in SYSTEMPATH/Router/RouteCollection.php on line 1026.
 1 SYSTEMPATH/Router/RouteCollection.php(1026): trigger_error('Passing lowercase HTTP method "get" is deprecated. Use uppercase HTTP method like "GET".', 16384)
 2 APPPATH/Config/Routes.php(135): CodeIgniter\Router\RouteCollection->match([...], 'locations/generarPDF', 'LocationsPdfController::generarPDF')
 3 SYSTEMPATH/Router/RouteCollection.php(339): require('/home/u976386866/domains/servipro.site/public_html/app/app/Config/Routes.php')
 4 SYSTEMPATH/CodeIgniter.php(821): CodeIgniter\Router\RouteCollection->loadRoutes()
 5 SYSTEMPATH/CodeIgniter.php(455): CodeIgniter\CodeIgniter->tryToRouteIt(null)
 6 SYSTEMPATH/CodeIgniter.php(354): CodeIgniter\CodeIgniter->handleRequest(null, Object(Config\Cache), false)
 7 SYSTEMPATH/Boot.php(334): CodeIgniter\CodeIgniter->run()
 8 SYSTEMPATH/Boot.php(67): CodeIgniter\Boot::runCodeIgniter(Object(CodeIgniter\CodeIgniter))
 9 FCPATH/index.php(56): CodeIgniter\Boot::bootWeb(Object(Config\Paths))
WARNING - 2026-02-17 09:55:08 --> [DEPRECATED] Passing lowercase HTTP method "post" is deprecated. Use uppercase HTTP method like "POST". in SYSTEMPATH/Router/RouteCollection.php on line 1026.
 1 SYSTEMPATH/Router/RouteCollection.php(1026): trigger_error('Passing lowercase HTTP method "post" is deprecated. Use uppercase HTTP method like "POST".', 16384)
 2 APPPATH/Config/Routes.php(135): CodeIgniter\Router\RouteCollection->match([...], 'locations/generarPDF', 'LocationsPdfController::generarPDF')
 3 SYSTEMPATH/Router/RouteCollection.php(339): require('/home/u976386866/domains/servipro.site/public_html/app/app/Config/Routes.php')
 4 SYSTEMPATH/CodeIgniter.php(821): CodeIgniter\Router\RouteCollection->loadRoutes()
 5 SYSTEMPATH/CodeIgniter.php(455): CodeIgniter\CodeIgniter->tryToRouteIt(null)
 6 SYSTEMPATH/CodeIgniter.php(354): CodeIgniter\CodeIgniter->handleRequest(null, Object(Config\Cache), false)
 7 SYSTEMPATH/Boot.php(334): CodeIgniter\CodeIgniter->run()
 8 SYSTEMPATH/Boot.php(67): CodeIgniter\Boot::runCodeIgniter(Object(CodeIgniter\CodeIgniter))
 9 FCPATH/index.php(56): CodeIgniter\Boot::bootWeb(Object(Config\Paths))
WARNING - 2026-02-17 09:55:08 --> [DEPRECATED] Passing lowercase HTTP method "post" is deprecated. Use uppercase HTTP method like "POST". in SYSTEMPATH/Router/RouteCollection.php on line 1026.
 1 SYSTEMPATH/Router/RouteCollection.php(1026): trigger_error('Passing lowercase HTTP method "post" is deprecated. Use uppercase HTTP method like "POST".', 16384)
 2 APPPATH/Config/Routes.php(135): CodeIgniter\Router\RouteCollection->match([...], 'locations/generarPDF', 'LocationsPdfController::generarPDF')
 3 SYSTEMPATH/Router/RouteCollection.php(339): require('/home/u976386866/domains/servipro.site/public_html/app/app/Config/Routes.php')
 4 SYSTEMPATH/CodeIgniter.php(821): CodeIgniter\Router\RouteCollection->loadRoutes()
 5 SYSTEMPATH/CodeIgniter.php(455): CodeIgniter\CodeIgniter->tryToRouteIt(null)
 6 SYSTEMPATH/CodeIgniter.php(354): CodeIgniter\CodeIgniter->handleRequest(null, Object(Config\Cache), false)
 7 SYSTEMPATH/Boot.php(334): CodeIgniter\CodeIgniter->run()
 8 SYSTEMPATH/Boot.php(67): CodeIgniter\Boot::runCodeIgniter(Object(CodeIgniter\CodeIgniter))
 9 FCPATH/index.php(56): CodeIgniter\Boot::bootWeb(Object(Config\Paths))
DEBUG - 2026-02-17 09:55:08 --> Session: Class initialized using 'CodeIgniter\Session\Handlers\FileHandler' driver.
INFO - 2026-02-17 09:55:08 --> trampa_id recibido: 1758
INFO - 2026-02-17 09:55:08 --> tipo_plaga recibido: mosca_forida
INFO - 2026-02-17 09:55:08 --> tipo_incidencia recibido: Captura
INFO - 2026-02-17 09:55:08 --> Datos de incidencia recibidos: {"id_trampa":"1758","tipo_plaga":"mosca_forida","tipo_insecto":"Volador","cantidad_organismos":"5","tipo_incidencia":"Captura","zona":null,"notas":"","inspector":"Juan Carlos L\u00f3pez "}
INFO - 2026-02-17 09:55:08 --> Búsqueda por id_trampa: No encontrada
INFO - 2026-02-17 09:55:08 --> Búsqueda por id: Encontrada
INFO - 2026-02-17 09:55:08 --> ID de trampa encontrado: 1758, ID de sede: 27, ID de plano: 108
INFO - 2026-02-17 09:55:08 --> Valores antes de guardar: tipo_insecto=Volador, tipo_incidencia=Captura
INFO - 2026-02-17 09:55:08 --> Datos a insertar: {"sede_id":"27","plano_id":"108","fecha":"2026-02-02 00:00:00","tipo_plaga":"mosca_forida","tipo_insecto":"Volador","cantidad_organismos":"5","tipo_incidencia":"Captura","notas":"","inspector":"Juan Carlos L\u00f3pez ","id_trampa":"1758"}
INFO - 2026-02-17 09:55:08 --> Incidencia guardada con ID: 5827
INFO - 2026-02-17 09:55:08 --> Incidencia guardada y verificada: {"id":"5827","id_trampa":"1758","sede_id":"27","fecha":"2026-02-02 00:00:00","tipo_plaga":"mosca_forida","tipo_insecto":"Volador","cantidad_organismos":"5","tipo_incidencia":"Captura","notas":"","inspector":"Juan Carlos L\u00f3pez ","plano_id":"108"}
DEBUG - 2026-02-17 09:55:08 --> Session: Class initialized using 'CodeIgniter\Session\Handlers\FileHandler' driver.
INFO - 2026-02-17 09:55:08 --> trampa_id recibido: 1761
INFO - 2026-02-17 09:55:08 --> tipo_plaga recibido: mosca_metalica
INFO - 2026-02-17 09:55:08 --> tipo_incidencia recibido: Captura
INFO - 2026-02-17 09:55:08 --> Datos de incidencia recibidos: {"id_trampa":"1761","tipo_plaga":"mosca_metalica","tipo_insecto":"Volador","cantidad_organismos":"3","tipo_incidencia":"Captura","zona":null,"notas":"","inspector":"Juan Carlos L\u00f3pez "}
INFO - 2026-02-17 09:55:08 --> Búsqueda por id_trampa: No encontrada
INFO - 2026-02-17 09:55:08 --> Búsqueda por id: Encontrada
INFO - 2026-02-17 09:55:08 --> ID de trampa encontrado: 1761, ID de sede: 27, ID de plano: 108
INFO - 2026-02-17 09:55:08 --> Valores antes de guardar: tipo_insecto=Volador, tipo_incidencia=Captura
INFO - 2026-02-17 09:55:08 --> Datos a insertar: {"sede_id":"27","plano_id":"108","fecha":"2026-02-02 00:00:00","tipo_plaga":"mosca_metalica","tipo_insecto":"Volador","cantidad_organismos":"3","tipo_incidencia":"Captura","notas":"","inspector":"Juan Carlos L\u00f3pez ","id_trampa":"1761"}
INFO - 2026-02-17 09:55:08 --> Incidencia guardada con ID: 5828
INFO - 2026-02-17 09:55:08 --> Incidencia guardada y verificada: {"id":"5828","id_trampa":"1761","sede_id":"27","fecha":"2026-02-02 00:00:00","tipo_plaga":"mosca_metalica","tipo_insecto":"Volador","cantidad_organismos":"3","tipo_incidencia":"Captura","notas":"","inspector":"Juan Carlos L\u00f3pez ","plano_id":"108"}
DEBUG - 2026-02-17 09:55:08 --> Session: Class initialized using 'CodeIgniter\Session\Handlers\FileHandler' driver.
INFO - 2026-02-17 09:55:08 --> trampa_id recibido: 1753
INFO - 2026-02-17 09:55:08 --> tipo_plaga recibido: mosca_domestica
INFO - 2026-02-17 09:55:08 --> tipo_incidencia recibido: Captura
INFO - 2026-02-17 09:55:08 --> Datos de incidencia recibidos: {"id_trampa":"1753","tipo_plaga":"mosca_domestica","tipo_insecto":"Volador","cantidad_organismos":"1","tipo_incidencia":"Captura","zona":null,"notas":"","inspector":"Juan Carlos L\u00f3pez "}
INFO - 2026-02-17 09:55:08 --> Búsqueda por id_trampa: No encontrada
INFO - 2026-02-17 09:55:08 --> Búsqueda por id: Encontrada
INFO - 2026-02-17 09:55:08 --> ID de trampa encontrado: 1753, ID de sede: 27, ID de plano: 108
INFO - 2026-02-17 09:55:08 --> Valores antes de guardar: tipo_insecto=Volador, tipo_incidencia=Captura
INFO - 2026-02-17 09:55:08 --> Datos a insertar: {"sede_id":"27","plano_id":"108","fecha":"2026-02-02 00:00:00","tipo_plaga":"mosca_domestica","tipo_insecto":"Volador","cantidad_organismos":"1","tipo_incidencia":"Captura","notas":"","inspector":"Juan Carlos L\u00f3pez ","id_trampa":"1753"}
INFO - 2026-02-17 09:55:08 --> Incidencia guardada con ID: 5829
INFO - 2026-02-17 09:55:08 --> Incidencia guardada y verificada: {"id":"5829","id_trampa":"1753","sede_id":"27","fecha":"2026-02-02 00:00:00","tipo_plaga":"mosca_domestica","tipo_insecto":"Volador","cantidad_organismos":"1","tipo_incidencia":"Captura","notas":"","inspector":"Juan Carlos L\u00f3pez ","plano_id":"108"}
DEBUG - 2026-02-17 09:55:08 --> Session: Class initialized using 'CodeIgniter\Session\Handlers\FileHandler' driver.
INFO - 2026-02-17 09:55:08 --> trampa_id recibido: 1760
INFO - 2026-02-17 09:55:08 --> tipo_plaga recibido: mosca_forida
INFO - 2026-02-17 09:55:08 --> tipo_incidencia recibido: Captura
INFO - 2026-02-17 09:55:08 --> Datos de incidencia recibidos: {"id_trampa":"1760","tipo_plaga":"mosca_forida","tipo_insecto":"Volador","cantidad_organismos":"8","tipo_incidencia":"Captura","zona":null,"notas":"","inspector":"Juan Carlos L\u00f3pez "}
INFO - 2026-02-17 09:55:08 --> Búsqueda por id_trampa: No encontrada
INFO - 2026-02-17 09:55:08 --> Búsqueda por id: Encontrada
INFO - 2026-02-17 09:55:08 --> ID de trampa encontrado: 1760, ID de sede: 27, ID de plano: 108
INFO - 2026-02-17 09:55:08 --> Valores antes de guardar: tipo_insecto=Volador, tipo_incidencia=Captura
INFO - 2026-02-17 09:55:08 --> Datos a insertar: {"sede_id":"27","plano_id":"108","fecha":"2026-02-02 00:00:00","tipo_plaga":"mosca_forida","tipo_insecto":"Volador","cantidad_organismos":"8","tipo_incidencia":"Captura","notas":"","inspector":"Juan Carlos L\u00f3pez ","id_trampa":"1760"}
INFO - 2026-02-17 09:55:08 --> Incidencia guardada con ID: 5830
INFO - 2026-02-17 09:55:08 --> Incidencia guardada y verificada: {"id":"5830","id_trampa":"1760","sede_id":"27","fecha":"2026-02-02 00:00:00","tipo_plaga":"mosca_forida","tipo_insecto":"Volador","cantidad_organismos":"8","tipo_incidencia":"Captura","notas":"","inspector":"Juan Carlos L\u00f3pez ","plano_id":"108"}
DEBUG - 2026-02-17 09:55:08 --> Session: Class initialized using 'CodeIgniter\Session\Handlers\FileHandler' driver.
INFO - 2026-02-17 09:55:08 --> trampa_id recibido: 1764
INFO - 2026-02-17 09:55:08 --> tipo_plaga recibido: mosca_forida
INFO - 2026-02-17 09:55:08 --> tipo_incidencia recibido: Captura
INFO - 2026-02-17 09:55:08 --> Datos de incidencia recibidos: {"id_trampa":"1764","tipo_plaga":"mosca_forida","tipo_insecto":"Volador","cantidad_organismos":"5","tipo_incidencia":"Captura","zona":null,"notas":"","inspector":"Juan Carlos L\u00f3pez "}
INFO - 2026-02-17 09:55:08 --> Búsqueda por id_trampa: No encontrada
INFO - 2026-02-17 09:55:08 --> Búsqueda por id: Encontrada
INFO - 2026-02-17 09:55:08 --> ID de trampa encontrado: 1764, ID de sede: 27, ID de plano: 108
INFO - 2026-02-17 09:55:08 --> Valores antes de guardar: tipo_insecto=Volador, tipo_incidencia=Captura
INFO - 2026-02-17 09:55:08 --> Datos a insertar: {"sede_id":"27","plano_id":"108","fecha":"2026-02-02 00:00:00","tipo_plaga":"mosca_forida","tipo_insecto":"Volador","cantidad_organismos":"5","tipo_incidencia":"Captura","notas":"","inspector":"Juan Carlos L\u00f3pez ","id_trampa":"1764"}
INFO - 2026-02-17 09:55:08 --> Incidencia guardada con ID: 5831
INFO - 2026-02-17 09:55:08 --> Incidencia guardada y verificada: {"id":"5831","id_trampa":"1764","sede_id":"27","fecha":"2026-02-02 00:00:00","tipo_plaga":"mosca_forida","tipo_insecto":"Volador","cantidad_organismos":"5","tipo_incidencia":"Captura","notas":"","inspector":"Juan Carlos L\u00f3pez ","plano_id":"108"}
DEBUG - 2026-02-17 09:55:08 --> Session: Class initialized using 'CodeIgniter\Session\Handlers\FileHandler' driver.
INFO - 2026-02-17 09:55:08 --> trampa_id recibido: 1751
INFO - 2026-02-17 09:55:08 --> tipo_plaga recibido: mosca_forida
INFO - 2026-02-17 09:55:08 --> tipo_incidencia recibido: Captura
INFO - 2026-02-17 09:55:08 --> Datos de incidencia recibidos: {"id_trampa":"1751","tipo_plaga":"mosca_forida","tipo_insecto":"Volador","cantidad_organismos":"7","tipo_incidencia":"Captura","zona":null,"notas":"","inspector":"Juan Carlos L\u00f3pez "}
INFO - 2026-02-17 09:55:08 --> Búsqueda por id_trampa: No encontrada
INFO - 2026-02-17 09:55:08 --> Búsqueda por id: Encontrada
INFO - 2026-02-17 09:55:08 --> ID de trampa encontrado: 1751, ID de sede: 27, ID de plano: 108
INFO - 2026-02-17 09:55:08 --> Valores antes de guardar: tipo_insecto=Volador, tipo_incidencia=Captura
INFO - 2026-02-17 09:55:08 --> Datos a insertar: {"sede_id":"27","plano_id":"108","fecha":"2026-02-02 00:00:00","tipo_plaga":"mosca_forida","tipo_insecto":"Volador","cantidad_organismos":"7","tipo_incidencia":"Captura","notas":"","inspector":"Juan Carlos L\u00f3pez ","id_trampa":"1751"}
INFO - 2026-02-17 09:55:08 --> Incidencia guardada con ID: 5832
INFO - 2026-02-17 09:55:08 --> Incidencia guardada y verificada: {"id":"5832","id_trampa":"1751","sede_id":"27","fecha":"2026-02-02 00:00:00","tipo_plaga":"mosca_forida","tipo_insecto":"Volador","cantidad_organismos":"7","tipo_incidencia":"Captura","notas":"","inspector":"Juan Carlos L\u00f3pez ","plano_id":"108"}
DEBUG - 2026-02-17 09:55:08 --> Session: Class initialized using 'CodeIgniter\Session\Handlers\FileHandler' driver.
INFO - 2026-02-17 09:55:08 --> trampa_id recibido: 1753
INFO - 2026-02-17 09:55:08 --> tipo_plaga recibido: mosca_forida
INFO - 2026-02-17 09:55:08 --> tipo_incidencia recibido: Captura
INFO - 2026-02-17 09:55:08 --> Datos de incidencia recibidos: {"id_trampa":"1753","tipo_plaga":"mosca_forida","tipo_insecto":"Volador","cantidad_organismos":"5","tipo_incidencia":"Captura","zona":null,"notas":"","inspector":"Juan Carlos L\u00f3pez "}
INFO - 2026-02-17 09:55:08 --> Búsqueda por id_trampa: No encontrada
INFO - 2026-02-17 09:55:08 --> Búsqueda por id: Encontrada
INFO - 2026-02-17 09:55:08 --> ID de trampa encontrado: 1753, ID de sede: 27, ID de plano: 108
INFO - 2026-02-17 09:55:08 --> Valores antes de guardar: tipo_insecto=Volador, tipo_incidencia=Captura
INFO - 2026-02-17 09:55:08 --> Datos a insertar: {"sede_id":"27","plano_id":"108","fecha":"2026-02-02 00:00:00","tipo_plaga":"mosca_forida","tipo_insecto":"Volador","cantidad_organismos":"5","tipo_incidencia":"Captura","notas":"","inspector":"Juan Carlos L\u00f3pez ","id_trampa":"1753"}
INFO - 2026-02-17 09:55:08 --> Incidencia guardada con ID: 5833
INFO - 2026-02-17 09:55:08 --> Incidencia guardada y verificada: {"id":"5833","id_trampa":"1753","sede_id":"27","fecha":"2026-02-02 00:00:00","tipo_plaga":"mosca_forida","tipo_insecto":"Volador","cantidad_organismos":"5","tipo_incidencia":"Captura","notas":"","inspector":"Juan Carlos L\u00f3pez ","plano_id":"108"}
DEBUG - 2026-02-17 09:55:08 --> Session: Class initialized using 'CodeIgniter\Session\Handlers\FileHandler' driver.
INFO - 2026-02-17 09:55:08 --> trampa_id recibido: 1751
INFO - 2026-02-17 09:55:08 --> tipo_plaga recibido: mosca_domestica
INFO - 2026-02-17 09:55:08 --> tipo_incidencia recibido: Captura
INFO - 2026-02-17 09:55:08 --> Datos de incidencia recibidos: {"id_trampa":"1751","tipo_plaga":"mosca_domestica","tipo_insecto":"Volador","cantidad_organismos":"1","tipo_incidencia":"Captura","zona":null,"notas":"","inspector":"Juan Carlos L\u00f3pez "}
INFO - 2026-02-17 09:55:08 --> Búsqueda por id_trampa: No encontrada
INFO - 2026-02-17 09:55:08 --> Búsqueda por id: Encontrada
INFO - 2026-02-17 09:55:08 --> ID de trampa encontrado: 1751, ID de sede: 27, ID de plano: 108
INFO - 2026-02-17 09:55:08 --> Valores antes de guardar: tipo_insecto=Volador, tipo_incidencia=Captura
INFO - 2026-02-17 09:55:08 --> Datos a insertar: {"sede_id":"27","plano_id":"108","fecha":"2026-02-02 00:00:00","tipo_plaga":"mosca_domestica","tipo_insecto":"Volador","cantidad_organismos":"1","tipo_incidencia":"Captura","notas":"","inspector":"Juan Carlos L\u00f3pez ","id_trampa":"1751"}
INFO - 2026-02-17 09:55:08 --> Incidencia guardada con ID: 5834
INFO - 2026-02-17 09:55:08 --> Incidencia guardada y verificada: {"id":"5834","id_trampa":"1751","sede_id":"27","fecha":"2026-02-02 00:00:00","tipo_plaga":"mosca_domestica","tipo_insecto":"Volador","cantidad_organismos":"1","tipo_incidencia":"Captura","notas":"","inspector":"Juan Carlos L\u00f3pez ","plano_id":"108"}
DEBUG - 2026-02-17 09:55:08 --> Session: Class initialized using 'CodeIgniter\Session\Handlers\FileHandler' driver.
INFO - 2026-02-17 09:55:08 --> trampa_id recibido: 1749
INFO - 2026-02-17 09:55:08 --> tipo_plaga recibido: mosca_domestica
INFO - 2026-02-17 09:55:08 --> tipo_incidencia recibido: Captura
INFO - 2026-02-17 09:55:08 --> Datos de incidencia recibidos: {"id_trampa":"1749","tipo_plaga":"mosca_domestica","tipo_insecto":"Volador","cantidad_organismos":"1","tipo_incidencia":"Captura","zona":null,"notas":"","inspector":"Juan Carlos L\u00f3pez "}
INFO - 2026-02-17 09:55:08 --> Búsqueda por id_trampa: No encontrada
INFO - 2026-02-17 09:55:08 --> Búsqueda por id: Encontrada
INFO - 2026-02-17 09:55:08 --> ID de trampa encontrado: 1749, ID de sede: 27, ID de plano: 108
INFO - 2026-02-17 09:55:08 --> Valores antes de guardar: tipo_insecto=Volador, tipo_incidencia=Captura
INFO - 2026-02-17 09:55:08 --> Datos a insertar: {"sede_id":"27","plano_id":"108","fecha":"2026-02-02 00:00:00","tipo_plaga":"mosca_domestica","tipo_insecto":"Volador","cantidad_organismos":"1","tipo_incidencia":"Captura","notas":"","inspector":"Juan Carlos L\u00f3pez ","id_trampa":"1749"}
INFO - 2026-02-17 09:55:08 --> Incidencia guardada con ID: 5835
INFO - 2026-02-17 09:55:08 --> Incidencia guardada y verificada: {"id":"5835","id_trampa":"1749","sede_id":"27","fecha":"2026-02-02 00:00:00","tipo_plaga":"mosca_domestica","tipo_insecto":"Volador","cantidad_organismos":"1","tipo_incidencia":"Captura","notas":"","inspector":"Juan Carlos L\u00f3pez ","plano_id":"108"}
DEBUG - 2026-02-17 09:55:08 --> Session: Class initialized using 'CodeIgniter\Session\Handlers\FileHandler' driver.
INFO - 2026-02-17 09:55:08 --> trampa_id recibido: 1756
INFO - 2026-02-17 09:55:08 --> tipo_plaga recibido: mosca_forida
INFO - 2026-02-17 09:55:08 --> tipo_incidencia recibido: Captura
INFO - 2026-02-17 09:55:08 --> Datos de incidencia recibidos: {"id_trampa":"1756","tipo_plaga":"mosca_forida","tipo_insecto":"Volador","cantidad_organismos":"8","tipo_incidencia":"Captura","zona":null,"notas":"","inspector":"Juan Carlos L\u00f3pez "}
INFO - 2026-02-17 09:55:08 --> Búsqueda por id_trampa: No encontrada
INFO - 2026-02-17 09:55:08 --> Búsqueda por id: Encontrada
INFO - 2026-02-17 09:55:08 --> ID de trampa encontrado: 1756, ID de sede: 27, ID de plano: 108
INFO - 2026-02-17 09:55:08 --> Valores antes de guardar: tipo_insecto=Volador, tipo_incidencia=Captura
INFO - 2026-02-17 09:55:08 --> Datos a insertar: {"sede_id":"27","plano_id":"108","fecha":"2026-02-02 00:00:00","tipo_plaga":"mosca_forida","tipo_insecto":"Volador","cantidad_organismos":"8","tipo_incidencia":"Captura","notas":"","inspector":"Juan Carlos L\u00f3pez ","id_trampa":"1756"}
INFO - 2026-02-17 09:55:08 --> Incidencia guardada con ID: 5836
INFO - 2026-02-17 09:55:08 --> Incidencia guardada y verificada: {"id":"5836","id_trampa":"1756","sede_id":"27","fecha":"2026-02-02 00:00:00","tipo_plaga":"mosca_forida","tipo_insecto":"Volador","cantidad_organismos":"8","tipo_incidencia":"Captura","notas":"","inspector":"Juan Carlos L\u00f3pez ","plano_id":"108"}
DEBUG - 2026-02-17 09:55:08 --> Session: Class initialized using 'CodeIgniter\Session\Handlers\FileHandler' driver.
INFO - 2026-02-17 09:55:08 --> trampa_id recibido: 1764
INFO - 2026-02-17 09:55:08 --> tipo_plaga recibido: mosca_domestica
INFO - 2026-02-17 09:55:08 --> tipo_incidencia recibido: Captura
INFO - 2026-02-17 09:55:08 --> Datos de incidencia recibidos: {"id_trampa":"1764","tipo_plaga":"mosca_domestica","tipo_insecto":"Volador","cantidad_organismos":"1","tipo_incidencia":"Captura","zona":null,"notas":"","inspector":"Juan Carlos L\u00f3pez "}
INFO - 2026-02-17 09:55:08 --> Búsqueda por id_trampa: No encontrada
INFO - 2026-02-17 09:55:08 --> Búsqueda por id: Encontrada
INFO - 2026-02-17 09:55:08 --> ID de trampa encontrado: 1764, ID de sede: 27, ID de plano: 108
INFO - 2026-02-17 09:55:08 --> Valores antes de guardar: tipo_insecto=Volador, tipo_incidencia=Captura
INFO - 2026-02-17 09:55:08 --> Datos a insertar: {"sede_id":"27","plano_id":"108","fecha":"2026-02-02 00:00:00","tipo_plaga":"mosca_domestica","tipo_insecto":"Volador","cantidad_organismos":"1","tipo_incidencia":"Captura","notas":"","inspector":"Juan Carlos L\u00f3pez ","id_trampa":"1764"}
INFO - 2026-02-17 09:55:08 --> Incidencia guardada con ID: 5837
INFO - 2026-02-17 09:55:08 --> Incidencia guardada y verificada: {"id":"5837","id_trampa":"1764","sede_id":"27","fecha":"2026-02-02 00:00:00","tipo_plaga":"mosca_domestica","tipo_insecto":"Volador","cantidad_organismos":"1","tipo_incidencia":"Captura","notas":"","inspector":"Juan Carlos L\u00f3pez ","plano_id":"108"}
DEBUG - 2026-02-17 09:55:08 --> Session: Class initialized using 'CodeIgniter\Session\Handlers\FileHandler' driver.
INFO - 2026-02-17 09:55:08 --> trampa_id recibido: 1749
INFO - 2026-02-17 09:55:08 --> tipo_plaga recibido: mosca_forida
INFO - 2026-02-17 09:55:08 --> tipo_incidencia recibido: Captura
INFO - 2026-02-17 09:55:08 --> Datos de incidencia recibidos: {"id_trampa":"1749","tipo_plaga":"mosca_forida","tipo_insecto":"Volador","cantidad_organismos":"5","tipo_incidencia":"Captura","zona":null,"notas":"","inspector":"Juan Carlos L\u00f3pez "}
INFO - 2026-02-17 09:55:08 --> Búsqueda por id_trampa: No encontrada
INFO - 2026-02-17 09:55:08 --> Búsqueda por id: Encontrada
INFO - 2026-02-17 09:55:08 --> ID de trampa encontrado: 1749, ID de sede: 27, ID de plano: 108
INFO - 2026-02-17 09:55:08 --> Valores antes de guardar: tipo_insecto=Volador, tipo_incidencia=Captura
INFO - 2026-02-17 09:55:08 --> Datos a insertar: {"sede_id":"27","plano_id":"108","fecha":"2026-02-02 00:00:00","tipo_plaga":"mosca_forida","tipo_insecto":"Volador","cantidad_organismos":"5","tipo_incidencia":"Captura","notas":"","inspector":"Juan Carlos L\u00f3pez ","id_trampa":"1749"}
INFO - 2026-02-17 09:55:08 --> Incidencia guardada con ID: 5838
INFO - 2026-02-17 09:55:09 --> Incidencia guardada y verificada: {"id":"5838","id_trampa":"1749","sede_id":"27","fecha":"2026-02-02 00:00:00","tipo_plaga":"mosca_forida","tipo_insecto":"Volador","cantidad_organismos":"5","tipo_incidencia":"Captura","notas":"","inspector":"Juan Carlos L\u00f3pez ","plano_id":"108"}
DEBUG - 2026-02-17 09:55:09 --> Session: Class initialized using 'CodeIgniter\Session\Handlers\FileHandler' driver.
INFO - 2026-02-17 09:55:09 --> trampa_id recibido: 1750
INFO - 2026-02-17 09:55:09 --> tipo_plaga recibido: mosca_domestica
INFO - 2026-02-17 09:55:09 --> tipo_incidencia recibido: Captura
INFO - 2026-02-17 09:55:09 --> Datos de incidencia recibidos: {"id_trampa":"1750","tipo_plaga":"mosca_domestica","tipo_insecto":"Volador","cantidad_organismos":"3","tipo_incidencia":"Captura","zona":null,"notas":"","inspector":"Juan Carlos L\u00f3pez "}
INFO - 2026-02-17 09:55:09 --> Búsqueda por id_trampa: No encontrada
INFO - 2026-02-17 09:55:09 --> Búsqueda por id: Encontrada
INFO - 2026-02-17 09:55:09 --> ID de trampa encontrado: 1750, ID de sede: 27, ID de plano: 108
INFO - 2026-02-17 09:55:09 --> Valores antes de guardar: tipo_insecto=Volador, tipo_incidencia=Captura
INFO - 2026-02-17 09:55:09 --> Datos a insertar: {"sede_id":"27","plano_id":"108","fecha":"2026-02-02 00:00:00","tipo_plaga":"mosca_domestica","tipo_insecto":"Volador","cantidad_organismos":"3","tipo_incidencia":"Captura","notas":"","inspector":"Juan Carlos L\u00f3pez ","id_trampa":"1750"}
INFO - 2026-02-17 09:55:09 --> Incidencia guardada con ID: 5839
INFO - 2026-02-17 09:55:09 --> Incidencia guardada y verificada: {"id":"5839","id_trampa":"1750","sede_id":"27","fecha":"2026-02-02 00:00:00","tipo_plaga":"mosca_domestica","tipo_insecto":"Volador","cantidad_organismos":"3","tipo_incidencia":"Captura","notas":"","inspector":"Juan Carlos L\u00f3pez ","plano_id":"108"}
DEBUG - 2026-02-17 09:55:09 --> Session: Class initialized using 'CodeIgniter\Session\Handlers\FileHandler' driver.
INFO - 2026-02-17 09:55:09 --> trampa_id recibido: 1761
INFO - 2026-02-17 09:55:09 --> tipo_plaga recibido: otras_palomillas
INFO - 2026-02-17 09:55:09 --> tipo_incidencia recibido: Captura
INFO - 2026-02-17 09:55:09 --> Datos de incidencia recibidos: {"id_trampa":"1761","tipo_plaga":"otras_palomillas","tipo_insecto":"Volador","cantidad_organismos":"1","tipo_incidencia":"Captura","zona":null,"notas":"","inspector":"Juan Carlos L\u00f3pez "}
INFO - 2026-02-17 09:55:09 --> Búsqueda por id_trampa: No encontrada
INFO - 2026-02-17 09:55:09 --> Búsqueda por id: Encontrada
INFO - 2026-02-17 09:55:09 --> ID de trampa encontrado: 1761, ID de sede: 27, ID de plano: 108
INFO - 2026-02-17 09:55:09 --> Valores antes de guardar: tipo_insecto=Volador, tipo_incidencia=Captura
INFO - 2026-02-17 09:55:09 --> Datos a insertar: {"sede_id":"27","plano_id":"108","fecha":"2026-02-02 00:00:00","tipo_plaga":"otras_palomillas","tipo_insecto":"Volador","cantidad_organismos":"1","tipo_incidencia":"Captura","notas":"","inspector":"Juan Carlos L\u00f3pez ","id_trampa":"1761"}
INFO - 2026-02-17 09:55:09 --> Incidencia guardada con ID: 5840
INFO - 2026-02-17 09:55:09 --> Incidencia guardada y verificada: {"id":"5840","id_trampa":"1761","sede_id":"27","fecha":"2026-02-02 00:00:00","tipo_plaga":"otras_palomillas","tipo_insecto":"Volador","cantidad_organismos":"1","tipo_incidencia":"Captura","notas":"","inspector":"Juan Carlos L\u00f3pez ","plano_id":"108"}
DEBUG - 2026-02-17 09:55:09 --> Session: Class initialized using 'CodeIgniter\Session\Handlers\FileHandler' driver.
INFO - 2026-02-17 09:55:09 --> trampa_id recibido: 1759
INFO - 2026-02-17 09:55:09 --> tipo_plaga recibido: mosca_forida
INFO - 2026-02-17 09:55:09 --> tipo_incidencia recibido: Captura
INFO - 2026-02-17 09:55:09 --> Datos de incidencia recibidos: {"id_trampa":"1759","tipo_plaga":"mosca_forida","tipo_insecto":"Volador","cantidad_organismos":"4","tipo_incidencia":"Captura","zona":null,"notas":"","inspector":"Juan Carlos L\u00f3pez "}
INFO - 2026-02-17 09:55:09 --> Búsqueda por id_trampa: No encontrada
INFO - 2026-02-17 09:55:09 --> Búsqueda por id: Encontrada
INFO - 2026-02-17 09:55:09 --> ID de trampa encontrado: 1759, ID de sede: 27, ID de plano: 108
INFO - 2026-02-17 09:55:09 --> Valores antes de guardar: tipo_insecto=Volador, tipo_incidencia=Captura
INFO - 2026-02-17 09:55:09 --> Datos a insertar: {"sede_id":"27","plano_id":"108","fecha":"2026-02-02 00:00:00","tipo_plaga":"mosca_forida","tipo_insecto":"Volador","cantidad_organismos":"4","tipo_incidencia":"Captura","notas":"","inspector":"Juan Carlos L\u00f3pez ","id_trampa":"1759"}
INFO - 2026-02-17 09:55:09 --> Incidencia guardada con ID: 5841
INFO - 2026-02-17 09:55:09 --> Incidencia guardada y verificada: {"id":"5841","id_trampa":"1759","sede_id":"27","fecha":"2026-02-02 00:00:00","tipo_plaga":"mosca_forida","tipo_insecto":"Volador","cantidad_organismos":"4","tipo_incidencia":"Captura","notas":"","inspector":"Juan Carlos L\u00f3pez ","plano_id":"108"}
DEBUG - 2026-02-17 09:55:09 --> Session: Class initialized using 'CodeIgniter\Session\Handlers\FileHandler' driver.
INFO - 2026-02-17 09:55:09 --> trampa_id recibido: 1762
INFO - 2026-02-17 09:55:09 --> tipo_plaga recibido: mosca_forida
INFO - 2026-02-17 09:55:09 --> tipo_incidencia recibido: Captura
INFO - 2026-02-17 09:55:09 --> Datos de incidencia recibidos: {"id_trampa":"1762","tipo_plaga":"mosca_forida","tipo_insecto":"Volador","cantidad_organismos":"5","tipo_incidencia":"Captura","zona":null,"notas":"","inspector":"Juan Carlos L\u00f3pez "}
INFO - 2026-02-17 09:55:09 --> Búsqueda por id_trampa: No encontrada
INFO - 2026-02-17 09:55:09 --> Búsqueda por id: Encontrada
INFO - 2026-02-17 09:55:09 --> ID de trampa encontrado: 1762, ID de sede: 27, ID de plano: 108
INFO - 2026-02-17 09:55:09 --> Valores antes de guardar: tipo_insecto=Volador, tipo_incidencia=Captura
INFO - 2026-02-17 09:55:09 --> Datos a insertar: {"sede_id":"27","plano_id":"108","fecha":"2026-02-02 00:00:00","tipo_plaga":"mosca_forida","tipo_insecto":"Volador","cantidad_organismos":"5","tipo_incidencia":"Captura","notas":"","inspector":"Juan Carlos L\u00f3pez ","id_trampa":"1762"}
INFO - 2026-02-17 09:55:09 --> Incidencia guardada con ID: 5842
INFO - 2026-02-17 09:55:09 --> Incidencia guardada y verificada: {"id":"5842","id_trampa":"1762","sede_id":"27","fecha":"2026-02-02 00:00:00","tipo_plaga":"mosca_forida","tipo_insecto":"Volador","cantidad_organismos":"5","tipo_incidencia":"Captura","notas":"","inspector":"Juan Carlos L\u00f3pez ","plano_id":"108"}
DEBUG - 2026-02-17 09:55:09 --> Session: Class initialized using 'CodeIgniter\Session\Handlers\FileHandler' driver.
INFO - 2026-02-17 09:55:09 --> trampa_id recibido: 1765
INFO - 2026-02-17 09:55:09 --> tipo_plaga recibido: mosca_forida
INFO - 2026-02-17 09:55:09 --> tipo_incidencia recibido: Captura
INFO - 2026-02-17 09:55:09 --> Datos de incidencia recibidos: {"id_trampa":"1765","tipo_plaga":"mosca_forida","tipo_insecto":"Volador","cantidad_organismos":"8","tipo_incidencia":"Captura","zona":null,"notas":"","inspector":"Juan Carlos L\u00f3pez "}
INFO - 2026-02-17 09:55:09 --> Búsqueda por id_trampa: No encontrada
INFO - 2026-02-17 09:55:09 --> Búsqueda por id: Encontrada
INFO - 2026-02-17 09:55:09 --> ID de trampa encontrado: 1765, ID de sede: 27, ID de plano: 108
INFO - 2026-02-17 09:55:09 --> Valores antes de guardar: tipo_insecto=Volador, tipo_incidencia=Captura
INFO - 2026-02-17 09:55:09 --> Datos a insertar: {"sede_id":"27","plano_id":"108","fecha":"2026-02-02 00:00:00","tipo_plaga":"mosca_forida","tipo_insecto":"Volador","cantidad_organismos":"8","tipo_incidencia":"Captura","notas":"","inspector":"Juan Carlos L\u00f3pez ","id_trampa":"1765"}
INFO - 2026-02-17 09:55:09 --> Incidencia guardada con ID: 5843
INFO - 2026-02-17 09:55:09 --> Incidencia guardada y verificada: {"id":"5843","id_trampa":"1765","sede_id":"27","fecha":"2026-02-02 00:00:00","tipo_plaga":"mosca_forida","tipo_insecto":"Volador","cantidad_organismos":"8","tipo_incidencia":"Captura","notas":"","inspector":"Juan Carlos L\u00f3pez ","plano_id":"108"}
DEBUG - 2026-02-17 09:55:09 --> Session: Class initialized using 'CodeIgniter\Session\Handlers\FileHandler' driver.
INFO - 2026-02-17 09:55:09 --> trampa_id recibido: 1765
INFO - 2026-02-17 09:55:09 --> tipo_plaga recibido: mosca_domestica
INFO - 2026-02-17 09:55:09 --> tipo_incidencia recibido: Captura
INFO - 2026-02-17 09:55:09 --> Datos de incidencia recibidos: {"id_trampa":"1765","tipo_plaga":"mosca_domestica","tipo_insecto":"Volador","cantidad_organismos":"4","tipo_incidencia":"Captura","zona":null,"notas":"","inspector":"Juan Carlos L\u00f3pez "}
INFO - 2026-02-17 09:55:09 --> Búsqueda por id_trampa: No encontrada
INFO - 2026-02-17 09:55:09 --> Búsqueda por id: Encontrada
INFO - 2026-02-17 09:55:09 --> ID de trampa encontrado: 1765, ID de sede: 27, ID de plano: 108
INFO - 2026-02-17 09:55:09 --> Valores antes de guardar: tipo_insecto=Volador, tipo_incidencia=Captura
INFO - 2026-02-17 09:55:09 --> Datos a insertar: {"sede_id":"27","plano_id":"108","fecha":"2026-02-02 00:00:00","tipo_plaga":"mosca_domestica","tipo_insecto":"Volador","cantidad_organismos":"4","tipo_incidencia":"Captura","notas":"","inspector":"Juan Carlos L\u00f3pez ","id_trampa":"1765"}
INFO - 2026-02-17 09:55:09 --> Incidencia guardada con ID: 5844
INFO - 2026-02-17 09:55:09 --> Incidencia guardada y verificada: {"id":"5844","id_trampa":"1765","sede_id":"27","fecha":"2026-02-02 00:00:00","tipo_plaga":"mosca_domestica","tipo_insecto":"Volador","cantidad_organismos":"4","tipo_incidencia":"Captura","notas":"","inspector":"Juan Carlos L\u00f3pez ","plano_id":"108"}
DEBUG - 2026-02-17 09:55:09 --> Session: Class initialized using 'CodeIgniter\Session\Handlers\FileHandler' driver.
INFO - 2026-02-17 09:55:09 --> trampa_id recibido: 1760
INFO - 2026-02-17 09:55:09 --> tipo_plaga recibido: mosca_metalica
INFO - 2026-02-17 09:55:09 --> tipo_incidencia recibido: Captura
INFO - 2026-02-17 09:55:09 --> Datos de incidencia recibidos: {"id_trampa":"1760","tipo_plaga":"mosca_metalica","tipo_insecto":"Volador","cantidad_organismos":"5","tipo_incidencia":"Captura","zona":null,"notas":"","inspector":"Juan Carlos L\u00f3pez "}
INFO - 2026-02-17 09:55:09 --> Búsqueda por id_trampa: No encontrada
INFO - 2026-02-17 09:55:09 --> Búsqueda por id: Encontrada
INFO - 2026-02-17 09:55:09 --> ID de trampa encontrado: 1760, ID de sede: 27, ID de plano: 108
INFO - 2026-02-17 09:55:09 --> Valores antes de guardar: tipo_insecto=Volador, tipo_incidencia=Captura
INFO - 2026-02-17 09:55:09 --> Datos a insertar: {"sede_id":"27","plano_id":"108","fecha":"2026-02-02 00:00:00","tipo_plaga":"mosca_metalica","tipo_insecto":"Volador","cantidad_organismos":"5","tipo_incidencia":"Captura","notas":"","inspector":"Juan Carlos L\u00f3pez ","id_trampa":"1760"}
INFO - 2026-02-17 09:55:09 --> Incidencia guardada con ID: 5845
INFO - 2026-02-17 09:55:09 --> Incidencia guardada y verificada: {"id":"5845","id_trampa":"1760","sede_id":"27","fecha":"2026-02-02 00:00:00","tipo_plaga":"mosca_metalica","tipo_insecto":"Volador","cantidad_organismos":"5","tipo_incidencia":"Captura","notas":"","inspector":"Juan Carlos L\u00f3pez ","plano_id":"108"}
DEBUG - 2026-02-17 09:55:09 --> Session: Class initialized using 'CodeIgniter\Session\Handlers\FileHandler' driver.
INFO - 2026-02-17 09:55:09 --> trampa_id recibido: 1758
INFO - 2026-02-17 09:55:09 --> tipo_plaga recibido: mosca_domestica
INFO - 2026-02-17 09:55:09 --> tipo_incidencia recibido: Captura
INFO - 2026-02-17 09:55:09 --> Datos de incidencia recibidos: {"id_trampa":"1758","tipo_plaga":"mosca_domestica","tipo_insecto":"Volador","cantidad_organismos":"8","tipo_incidencia":"Captura","zona":null,"notas":"","inspector":"Juan Carlos L\u00f3pez "}
INFO - 2026-02-17 09:55:09 --> Búsqueda por id_trampa: No encontrada
INFO - 2026-02-17 09:55:09 --> Búsqueda por id: Encontrada
INFO - 2026-02-17 09:55:09 --> ID de trampa encontrado: 1758, ID de sede: 27, ID de plano: 108
INFO - 2026-02-17 09:55:09 --> Valores antes de guardar: tipo_insecto=Volador, tipo_incidencia=Captura
INFO - 2026-02-17 09:55:09 --> Datos a insertar: {"sede_id":"27","plano_id":"108","fecha":"2026-02-02 00:00:00","tipo_plaga":"mosca_domestica","tipo_insecto":"Volador","cantidad_organismos":"8","tipo_incidencia":"Captura","notas":"","inspector":"Juan Carlos L\u00f3pez ","id_trampa":"1758"}
INFO - 2026-02-17 09:55:09 --> Incidencia guardada con ID: 5846
INFO - 2026-02-17 09:55:09 --> Incidencia guardada y verificada: {"id":"5846","id_trampa":"1758","sede_id":"27","fecha":"2026-02-02 00:00:00","tipo_plaga":"mosca_domestica","tipo_insecto":"Volador","cantidad_organismos":"8","tipo_incidencia":"Captura","notas":"","inspector":"Juan Carlos L\u00f3pez ","plano_id":"108"}
DEBUG - 2026-02-17 09:55:09 --> Session: Class initialized using 'CodeIgniter\Session\Handlers\FileHandler' driver.
INFO - 2026-02-17 09:55:09 --> trampa_id recibido: 1761
INFO - 2026-02-17 09:55:09 --> tipo_plaga recibido: mosca_domestica
INFO - 2026-02-17 09:55:09 --> tipo_incidencia recibido: Captura
INFO - 2026-02-17 09:55:09 --> Datos de incidencia recibidos: {"id_trampa":"1761","tipo_plaga":"mosca_domestica","tipo_insecto":"Volador","cantidad_organismos":"5","tipo_incidencia":"Captura","zona":null,"notas":"","inspector":"Juan Carlos L\u00f3pez "}
INFO - 2026-02-17 09:55:09 --> Búsqueda por id_trampa: No encontrada
INFO - 2026-02-17 09:55:09 --> Búsqueda por id: Encontrada
INFO - 2026-02-17 09:55:09 --> ID de trampa encontrado: 1761, ID de sede: 27, ID de plano: 108
INFO - 2026-02-17 09:55:09 --> Valores antes de guardar: tipo_insecto=Volador, tipo_incidencia=Captura
INFO - 2026-02-17 09:55:09 --> Datos a insertar: {"sede_id":"27","plano_id":"108","fecha":"2026-02-02 00:00:00","tipo_plaga":"mosca_domestica","tipo_insecto":"Volador","cantidad_organismos":"5","tipo_incidencia":"Captura","notas":"","inspector":"Juan Carlos L\u00f3pez ","id_trampa":"1761"}
INFO - 2026-02-17 09:55:09 --> Incidencia guardada con ID: 5847
INFO - 2026-02-17 09:55:09 --> Incidencia guardada y verificada: {"id":"5847","id_trampa":"1761","sede_id":"27","fecha":"2026-02-02 00:00:00","tipo_plaga":"mosca_domestica","tipo_insecto":"Volador","cantidad_organismos":"5","tipo_incidencia":"Captura","notas":"","inspector":"Juan Carlos L\u00f3pez ","plano_id":"108"}
DEBUG - 2026-02-17 09:55:09 --> Session: Class initialized using 'CodeIgniter\Session\Handlers\FileHandler' driver.
INFO - 2026-02-17 09:55:09 --> trampa_id recibido: 1752
INFO - 2026-02-17 09:55:09 --> tipo_plaga recibido: mosca_forida
INFO - 2026-02-17 09:55:09 --> tipo_incidencia recibido: Captura
INFO - 2026-02-17 09:55:09 --> Datos de incidencia recibidos: {"id_trampa":"1752","tipo_plaga":"mosca_forida","tipo_insecto":"Volador","cantidad_organismos":"8","tipo_incidencia":"Captura","zona":null,"notas":"","inspector":"Juan Carlos L\u00f3pez "}
INFO - 2026-02-17 09:55:09 --> Búsqueda por id_trampa: No encontrada
INFO - 2026-02-17 09:55:09 --> Búsqueda por id: Encontrada
INFO - 2026-02-17 09:55:09 --> ID de trampa encontrado: 1752, ID de sede: 27, ID de plano: 108
INFO - 2026-02-17 09:55:09 --> Valores antes de guardar: tipo_insecto=Volador, tipo_incidencia=Captura
INFO - 2026-02-17 09:55:09 --> Datos a insertar: {"sede_id":"27","plano_id":"108","fecha":"2026-02-02 00:00:00","tipo_plaga":"mosca_forida","tipo_insecto":"Volador","cantidad_organismos":"8","tipo_incidencia":"Captura","notas":"","inspector":"Juan Carlos L\u00f3pez ","id_trampa":"1752"}
INFO - 2026-02-17 09:55:09 --> Incidencia guardada con ID: 5848
INFO - 2026-02-17 09:55:09 --> Incidencia guardada y verificada: {"id":"5848","id_trampa":"1752","sede_id":"27","fecha":"2026-02-02 00:00:00","tipo_plaga":"mosca_forida","tipo_insecto":"Volador","cantidad_organismos":"8","tipo_incidencia":"Captura","notas":"","inspector":"Juan Carlos L\u00f3pez ","plano_id":"108"}
DEBUG - 2026-02-17 09:55:09 --> Session: Class initialized using 'CodeIgniter\Session\Handlers\FileHandler' driver.
INFO - 2026-02-17 09:55:09 --> trampa_id recibido: 1763
INFO - 2026-02-17 09:55:09 --> tipo_plaga recibido: mosca_domestica
INFO - 2026-02-17 09:55:09 --> tipo_incidencia recibido: Captura
INFO - 2026-02-17 09:55:09 --> Datos de incidencia recibidos: {"id_trampa":"1763","tipo_plaga":"mosca_domestica","tipo_insecto":"Volador","cantidad_organismos":"1","tipo_incidencia":"Captura","zona":null,"notas":"","inspector":"Juan Carlos L\u00f3pez "}
INFO - 2026-02-17 09:55:09 --> Búsqueda por id_trampa: No encontrada
INFO - 2026-02-17 09:55:09 --> Búsqueda por id: Encontrada
INFO - 2026-02-17 09:55:09 --> ID de trampa encontrado: 1763, ID de sede: 27, ID de plano: 108
INFO - 2026-02-17 09:55:09 --> Valores antes de guardar: tipo_insecto=Volador, tipo_incidencia=Captura
INFO - 2026-02-17 09:55:09 --> Datos a insertar: {"sede_id":"27","plano_id":"108","fecha":"2026-02-02 00:00:00","tipo_plaga":"mosca_domestica","tipo_insecto":"Volador","cantidad_organismos":"1","tipo_incidencia":"Captura","notas":"","inspector":"Juan Carlos L\u00f3pez ","id_trampa":"1763"}
INFO - 2026-02-17 09:55:09 --> Incidencia guardada con ID: 5849
INFO - 2026-02-17 09:55:09 --> Incidencia guardada y verificada: {"id":"5849","id_trampa":"1763","sede_id":"27","fecha":"2026-02-02 00:00:00","tipo_plaga":"mosca_domestica","tipo_insecto":"Volador","cantidad_organismos":"1","tipo_incidencia":"Captura","notas":"","inspector":"Juan Carlos L\u00f3pez ","plano_id":"108"}
DEBUG - 2026-02-17 09:55:09 --> Session: Class initialized using 'CodeIgniter\Session\Handlers\FileHandler' driver.
INFO - 2026-02-17 09:55:09 --> trampa_id recibido: 1750
INFO - 2026-02-17 09:55:09 --> tipo_plaga recibido: mosca_forida
INFO - 2026-02-17 09:55:09 --> tipo_incidencia recibido: Captura
INFO - 2026-02-17 09:55:09 --> Datos de incidencia recibidos: {"id_trampa":"1750","tipo_plaga":"mosca_forida","tipo_insecto":"Volador","cantidad_organismos":"2","tipo_incidencia":"Captura","zona":null,"notas":"","inspector":"Juan Carlos L\u00f3pez "}
INFO - 2026-02-17 09:55:09 --> Búsqueda por id_trampa: No encontrada
INFO - 2026-02-17 09:55:09 --> Búsqueda por id: Encontrada
INFO - 2026-02-17 09:55:09 --> ID de trampa encontrado: 1750, ID de sede: 27, ID de plano: 108
INFO - 2026-02-17 09:55:09 --> Valores antes de guardar: tipo_insecto=Volador, tipo_incidencia=Captura
INFO - 2026-02-17 09:55:09 --> Datos a insertar: {"sede_id":"27","plano_id":"108","fecha":"2026-02-02 00:00:00","tipo_plaga":"mosca_forida","tipo_insecto":"Volador","cantidad_organismos":"2","tipo_incidencia":"Captura","notas":"","inspector":"Juan Carlos L\u00f3pez ","id_trampa":"1750"}
INFO - 2026-02-17 09:55:09 --> Incidencia guardada con ID: 5850
INFO - 2026-02-17 09:55:09 --> Incidencia guardada y verificada: {"id":"5850","id_trampa":"1750","sede_id":"27","fecha":"2026-02-02 00:00:00","tipo_plaga":"mosca_forida","tipo_insecto":"Volador","cantidad_organismos":"2","tipo_incidencia":"Captura","notas":"","inspector":"Juan Carlos L\u00f3pez ","plano_id":"108"}
DEBUG - 2026-02-17 09:55:09 --> Session: Class initialized using 'CodeIgniter\Session\Handlers\FileHandler' driver.
INFO - 2026-02-17 09:55:09 --> trampa_id recibido: 1748
INFO - 2026-02-17 09:55:09 --> tipo_plaga recibido: mosca_forida
INFO - 2026-02-17 09:55:09 --> tipo_incidencia recibido: Captura
INFO - 2026-02-17 09:55:09 --> Datos de incidencia recibidos: {"id_trampa":"1748","tipo_plaga":"mosca_forida","tipo_insecto":"Volador","cantidad_organismos":"8","tipo_incidencia":"Captura","zona":null,"notas":"","inspector":"Juan Carlos L\u00f3pez "}
INFO - 2026-02-17 09:55:09 --> Búsqueda por id_trampa: No encontrada
INFO - 2026-02-17 09:55:09 --> Búsqueda por id: Encontrada
INFO - 2026-02-17 09:55:09 --> ID de trampa encontrado: 1748, ID de sede: 27, ID de plano: 108
INFO - 2026-02-17 09:55:09 --> Valores antes de guardar: tipo_insecto=Volador, tipo_incidencia=Captura
INFO - 2026-02-17 09:55:09 --> Datos a insertar: {"sede_id":"27","plano_id":"108","fecha":"2026-02-02 00:00:00","tipo_plaga":"mosca_forida","tipo_insecto":"Volador","cantidad_organismos":"8","tipo_incidencia":"Captura","notas":"","inspector":"Juan Carlos L\u00f3pez ","id_trampa":"1748"}
INFO - 2026-02-17 09:55:09 --> Incidencia guardada con ID: 5851
INFO - 2026-02-17 09:55:09 --> Incidencia guardada y verificada: {"id":"5851","id_trampa":"1748","sede_id":"27","fecha":"2026-02-02 00:00:00","tipo_plaga":"mosca_forida","tipo_insecto":"Volador","cantidad_organismos":"8","tipo_incidencia":"Captura","notas":"","inspector":"Juan Carlos L\u00f3pez ","plano_id":"108"}
DEBUG - 2026-02-17 09:55:09 --> Session: Class initialized using 'CodeIgniter\Session\Handlers\FileHandler' driver.
INFO - 2026-02-17 09:55:09 --> trampa_id recibido: 1767
INFO - 2026-02-17 09:55:09 --> tipo_plaga recibido: mosca_forida
INFO - 2026-02-17 09:55:09 --> tipo_incidencia recibido: Captura
INFO - 2026-02-17 09:55:09 --> Datos de incidencia recibidos: {"id_trampa":"1767","tipo_plaga":"mosca_forida","tipo_insecto":"Volador","cantidad_organismos":"8","tipo_incidencia":"Captura","zona":null,"notas":"","inspector":"Juan Carlos L\u00f3pez "}
INFO - 2026-02-17 09:55:09 --> Búsqueda por id_trampa: No encontrada
INFO - 2026-02-17 09:55:09 --> Búsqueda por id: Encontrada
INFO - 2026-02-17 09:55:09 --> ID de trampa encontrado: 1767, ID de sede: 27, ID de plano: 108
INFO - 2026-02-17 09:55:09 --> Valores antes de guardar: tipo_insecto=Volador, tipo_incidencia=Captura
INFO - 2026-02-17 09:55:09 --> Datos a insertar: {"sede_id":"27","plano_id":"108","fecha":"2026-02-02 00:00:00","tipo_plaga":"mosca_forida","tipo_insecto":"Volador","cantidad_organismos":"8","tipo_incidencia":"Captura","notas":"","inspector":"Juan Carlos L\u00f3pez ","id_trampa":"1767"}
INFO - 2026-02-17 09:55:09 --> Incidencia guardada con ID: 5852
INFO - 2026-02-17 09:55:09 --> Incidencia guardada y verificada: {"id":"5852","id_trampa":"1767","sede_id":"27","fecha":"2026-02-02 00:00:00","tipo_plaga":"mosca_forida","tipo_insecto":"Volador","cantidad_organismos":"8","tipo_incidencia":"Captura","notas":"","inspector":"Juan Carlos L\u00f3pez ","plano_id":"108"}
DEBUG - 2026-02-17 09:55:09 --> Session: Class initialized using 'CodeIgniter\Session\Handlers\FileHandler' driver.
INFO - 2026-02-17 09:55:09 --> trampa_id recibido: 1748
INFO - 2026-02-17 09:55:09 --> tipo_plaga recibido: mosca_domestica
INFO - 2026-02-17 09:55:09 --> tipo_incidencia recibido: Captura
INFO - 2026-02-17 09:55:09 --> Datos de incidencia recibidos: {"id_trampa":"1748","tipo_plaga":"mosca_domestica","tipo_insecto":"Volador","cantidad_organismos":"2","tipo_incidencia":"Captura","zona":null,"notas":"","inspector":"Juan Carlos L\u00f3pez "}
INFO - 2026-02-17 09:55:09 --> Búsqueda por id_trampa: No encontrada
INFO - 2026-02-17 09:55:09 --> Búsqueda por id: Encontrada
INFO - 2026-02-17 09:55:09 --> ID de trampa encontrado: 1748, ID de sede: 27, ID de plano: 108
INFO - 2026-02-17 09:55:09 --> Valores antes de guardar: tipo_insecto=Volador, tipo_incidencia=Captura
INFO - 2026-02-17 09:55:09 --> Datos a insertar: {"sede_id":"27","plano_id":"108","fecha":"2026-02-02 00:00:00","tipo_plaga":"mosca_domestica","tipo_insecto":"Volador","cantidad_organismos":"2","tipo_incidencia":"Captura","notas":"","inspector":"Juan Carlos L\u00f3pez ","id_trampa":"1748"}
INFO - 2026-02-17 09:55:09 --> Incidencia guardada con ID: 5853
INFO - 2026-02-17 09:55:09 --> Incidencia guardada y verificada: {"id":"5853","id_trampa":"1748","sede_id":"27","fecha":"2026-02-02 00:00:00","tipo_plaga":"mosca_domestica","tipo_insecto":"Volador","cantidad_organismos":"2","tipo_incidencia":"Captura","notas":"","inspector":"Juan Carlos L\u00f3pez ","plano_id":"108"}
DEBUG - 2026-02-17 09:55:09 --> Session: Class initialized using 'CodeIgniter\Session\Handlers\FileHandler' driver.
INFO - 2026-02-17 09:55:09 --> trampa_id recibido: 1763
INFO - 2026-02-17 09:55:09 --> tipo_plaga recibido: mosca_forida
INFO - 2026-02-17 09:55:09 --> tipo_incidencia recibido: Captura
INFO - 2026-02-17 09:55:09 --> Datos de incidencia recibidos: {"id_trampa":"1763","tipo_plaga":"mosca_forida","tipo_insecto":"Volador","cantidad_organismos":"7","tipo_incidencia":"Captura","zona":null,"notas":"","inspector":"Juan Carlos L\u00f3pez "}
INFO - 2026-02-17 09:55:09 --> Búsqueda por id_trampa: No encontrada
INFO - 2026-02-17 09:55:09 --> Búsqueda por id: Encontrada
INFO - 2026-02-17 09:55:09 --> ID de trampa encontrado: 1763, ID de sede: 27, ID de plano: 108
INFO - 2026-02-17 09:55:09 --> Valores antes de guardar: tipo_insecto=Volador, tipo_incidencia=Captura
INFO - 2026-02-17 09:55:09 --> Datos a insertar: {"sede_id":"27","plano_id":"108","fecha":"2026-02-02 00:00:00","tipo_plaga":"mosca_forida","tipo_insecto":"Volador","cantidad_organismos":"7","tipo_incidencia":"Captura","notas":"","inspector":"Juan Carlos L\u00f3pez ","id_trampa":"1763"}
INFO - 2026-02-17 09:55:09 --> Incidencia guardada con ID: 5854
INFO - 2026-02-17 09:55:09 --> Incidencia guardada y verificada: {"id":"5854","id_trampa":"1763","sede_id":"27","fecha":"2026-02-02 00:00:00","tipo_plaga":"mosca_forida","tipo_insecto":"Volador","cantidad_organismos":"7","tipo_incidencia":"Captura","notas":"","inspector":"Juan Carlos L\u00f3pez ","plano_id":"108"}
DEBUG - 2026-02-17 09:55:09 --> Session: Class initialized using 'CodeIgniter\Session\Handlers\FileHandler' driver.
INFO - 2026-02-17 09:55:09 --> trampa_id recibido: 1759
INFO - 2026-02-17 09:55:09 --> tipo_plaga recibido: mosca_domestica
INFO - 2026-02-17 09:55:09 --> tipo_incidencia recibido: Captura
INFO - 2026-02-17 09:55:09 --> Datos de incidencia recibidos: {"id_trampa":"1759","tipo_plaga":"mosca_domestica","tipo_insecto":"Volador","cantidad_organismos":"2","tipo_incidencia":"Captura","zona":null,"notas":"","inspector":"Juan Carlos L\u00f3pez "}
INFO - 2026-02-17 09:55:09 --> Búsqueda por id_trampa: No encontrada
INFO - 2026-02-17 09:55:09 --> Búsqueda por id: Encontrada
INFO - 2026-02-17 09:55:09 --> ID de trampa encontrado: 1759, ID de sede: 27, ID de plano: 108
INFO - 2026-02-17 09:55:09 --> Valores antes de guardar: tipo_insecto=Volador, tipo_incidencia=Captura
INFO - 2026-02-17 09:55:09 --> Datos a insertar: {"sede_id":"27","plano_id":"108","fecha":"2026-02-02 00:00:00","tipo_plaga":"mosca_domestica","tipo_insecto":"Volador","cantidad_organismos":"2","tipo_incidencia":"Captura","notas":"","inspector":"Juan Carlos L\u00f3pez ","id_trampa":"1759"}
INFO - 2026-02-17 09:55:09 --> Incidencia guardada con ID: 5855
INFO - 2026-02-17 09:55:09 --> Incidencia guardada y verificada: {"id":"5855","id_trampa":"1759","sede_id":"27","fecha":"2026-02-02 00:00:00","tipo_plaga":"mosca_domestica","tipo_insecto":"Volador","cantidad_organismos":"2","tipo_incidencia":"Captura","notas":"","inspector":"Juan Carlos L\u00f3pez ","plano_id":"108"}
DEBUG - 2026-02-17 09:55:09 --> Session: Class initialized using 'CodeIgniter\Session\Handlers\FileHandler' driver.
INFO - 2026-02-17 09:55:09 --> trampa_id recibido: 1762
INFO - 2026-02-17 09:55:09 --> tipo_plaga recibido: mosca_domestica
INFO - 2026-02-17 09:55:09 --> tipo_incidencia recibido: Captura
INFO - 2026-02-17 09:55:09 --> Datos de incidencia recibidos: {"id_trampa":"1762","tipo_plaga":"mosca_domestica","tipo_insecto":"Volador","cantidad_organismos":"1","tipo_incidencia":"Captura","zona":null,"notas":"","inspector":"Juan Carlos L\u00f3pez "}
INFO - 2026-02-17 09:55:09 --> Búsqueda por id_trampa: No encontrada
INFO - 2026-02-17 09:55:09 --> Búsqueda por id: Encontrada
INFO - 2026-02-17 09:55:09 --> ID de trampa encontrado: 1762, ID de sede: 27, ID de plano: 108
INFO - 2026-02-17 09:55:09 --> Valores antes de guardar: tipo_insecto=Volador, tipo_incidencia=Captura
INFO - 2026-02-17 09:55:09 --> Datos a insertar: {"sede_id":"27","plano_id":"108","fecha":"2026-02-02 00:00:00","tipo_plaga":"mosca_domestica","tipo_insecto":"Volador","cantidad_organismos":"1","tipo_incidencia":"Captura","notas":"","inspector":"Juan Carlos L\u00f3pez ","id_trampa":"1762"}
INFO - 2026-02-17 09:55:09 --> Incidencia guardada con ID: 5856
INFO - 2026-02-17 09:55:09 --> Incidencia guardada y verificada: {"id":"5856","id_trampa":"1762","sede_id":"27","fecha":"2026-02-02 00:00:00","tipo_plaga":"mosca_domestica","tipo_insecto":"Volador","cantidad_organismos":"1","tipo_incidencia":"Captura","notas":"","inspector":"Juan Carlos L\u00f3pez ","plano_id":"108"}
DEBUG - 2026-02-17 09:55:09 --> Session: Class initialized using 'CodeIgniter\Session\Handlers\FileHandler' driver.
INFO - 2026-02-17 09:55:09 --> trampa_id recibido: 1752
INFO - 2026-02-17 09:55:09 --> tipo_plaga recibido: mosca_domestica
INFO - 2026-02-17 09:55:09 --> tipo_incidencia recibido: Captura
INFO - 2026-02-17 09:55:09 --> Datos de incidencia recibidos: {"id_trampa":"1752","tipo_plaga":"mosca_domestica","tipo_insecto":"Volador","cantidad_organismos":"3","tipo_incidencia":"Captura","zona":null,"notas":"","inspector":"Juan Carlos L\u00f3pez "}
INFO - 2026-02-17 09:55:09 --> Búsqueda por id_trampa: No encontrada
INFO - 2026-02-17 09:55:09 --> Búsqueda por id: Encontrada
INFO - 2026-02-17 09:55:09 --> ID de trampa encontrado: 1752, ID de sede: 27, ID de plano: 108
INFO - 2026-02-17 09:55:09 --> Valores antes de guardar: tipo_insecto=Volador, tipo_incidencia=Captura
INFO - 2026-02-17 09:55:09 --> Datos a insertar: {"sede_id":"27","plano_id":"108","fecha":"2026-02-02 00:00:00","tipo_plaga":"mosca_domestica","tipo_insecto":"Volador","cantidad_organismos":"3","tipo_incidencia":"Captura","notas":"","inspector":"Juan Carlos L\u00f3pez ","id_trampa":"1752"}
INFO - 2026-02-17 09:55:09 --> Incidencia guardada con ID: 5857
INFO - 2026-02-17 09:55:09 --> Incidencia guardada y verificada: {"id":"5857","id_trampa":"1752","sede_id":"27","fecha":"2026-02-02 00:00:00","tipo_plaga":"mosca_domestica","tipo_insecto":"Volador","cantidad_organismos":"3","tipo_incidencia":"Captura","notas":"","inspector":"Juan Carlos L\u00f3pez ","plano_id":"108"}
DEBUG - 2026-02-17 09:55:09 --> Session: Class initialized using 'CodeIgniter\Session\Handlers\FileHandler' driver.
INFO - 2026-02-17 09:55:09 --> trampa_id recibido: 1761
INFO - 2026-02-17 09:55:09 --> tipo_plaga recibido: mosca_forida
INFO - 2026-02-17 09:55:09 --> tipo_incidencia recibido: Captura
INFO - 2026-02-17 09:55:09 --> Datos de incidencia recibidos: {"id_trampa":"1761","tipo_plaga":"mosca_forida","tipo_insecto":"Volador","cantidad_organismos":"8","tipo_incidencia":"Captura","zona":null,"notas":"","inspector":"Juan Carlos L\u00f3pez "}
INFO - 2026-02-17 09:55:09 --> Búsqueda por id_trampa: No encontrada
INFO - 2026-02-17 09:55:09 --> Búsqueda por id: Encontrada
INFO - 2026-02-17 09:55:09 --> ID de trampa encontrado: 1761, ID de sede: 27, ID de plano: 108
INFO - 2026-02-17 09:55:09 --> Valores antes de guardar: tipo_insecto=Volador, tipo_incidencia=Captura
INFO - 2026-02-17 09:55:09 --> Datos a insertar: {"sede_id":"27","plano_id":"108","fecha":"2026-02-02 00:00:00","tipo_plaga":"mosca_forida","tipo_insecto":"Volador","cantidad_organismos":"8","tipo_incidencia":"Captura","notas":"","inspector":"Juan Carlos L\u00f3pez ","id_trampa":"1761"}
INFO - 2026-02-17 09:55:09 --> Incidencia guardada con ID: 5858
INFO - 2026-02-17 09:55:09 --> Incidencia guardada y verificada: {"id":"5858","id_trampa":"1761","sede_id":"27","fecha":"2026-02-02 00:00:00","tipo_plaga":"mosca_forida","tipo_insecto":"Volador","cantidad_organismos":"8","tipo_incidencia":"Captura","notas":"","inspector":"Juan Carlos L\u00f3pez ","plano_id":"108"}
DEBUG - 2026-02-17 09:55:09 --> Session: Class initialized using 'CodeIgniter\Session\Handlers\FileHandler' driver.
INFO - 2026-02-17 09:55:09 --> trampa_id recibido: 1760
INFO - 2026-02-17 09:55:09 --> tipo_plaga recibido: mosca_domestica
INFO - 2026-02-17 09:55:09 --> tipo_incidencia recibido: Captura
INFO - 2026-02-17 09:55:09 --> Datos de incidencia recibidos: {"id_trampa":"1760","tipo_plaga":"mosca_domestica","tipo_insecto":"Volador","cantidad_organismos":"5","tipo_incidencia":"Captura","zona":null,"notas":"","inspector":"Juan Carlos L\u00f3pez "}
INFO - 2026-02-17 09:55:09 --> Búsqueda por id_trampa: No encontrada
INFO - 2026-02-17 09:55:09 --> Búsqueda por id: Encontrada
INFO - 2026-02-17 09:55:09 --> ID de trampa encontrado: 1760, ID de sede: 27, ID de plano: 108
INFO - 2026-02-17 09:55:09 --> Valores antes de guardar: tipo_insecto=Volador, tipo_incidencia=Captura
INFO - 2026-02-17 09:55:09 --> Datos a insertar: {"sede_id":"27","plano_id":"108","fecha":"2026-02-02 00:00:00","tipo_plaga":"mosca_domestica","tipo_insecto":"Volador","cantidad_organismos":"5","tipo_incidencia":"Captura","notas":"","inspector":"Juan Carlos L\u00f3pez ","id_trampa":"1760"}
INFO - 2026-02-17 09:55:09 --> Incidencia guardada con ID: 5859
INFO - 2026-02-17 09:55:09 --> Incidencia guardada y verificada: {"id":"5859","id_trampa":"1760","sede_id":"27","fecha":"2026-02-02 00:00:00","tipo_plaga":"mosca_domestica","tipo_insecto":"Volador","cantidad_organismos":"5","tipo_incidencia":"Captura","notas":"","inspector":"Juan Carlos L\u00f3pez ","plano_id":"108"}
WARNING - 2026-02-17 09:57:37 --> [DEPRECATED] Passing lowercase HTTP method "get" is deprecated. Use uppercase HTTP method like "GET". in SYSTEMPATH/Router/RouteCollection.php on line 1026.
 1 SYSTEMPATH/Router/RouteCollection.php(1026): trigger_error('Passing lowercase HTTP method "get" is deprecated. Use uppercase HTTP method like "GET".', 16384)
 2 APPPATH/Config/Routes.php(135): CodeIgniter\Router\RouteCollection->match([...], 'locations/generarPDF', 'LocationsPdfController::generarPDF')
 3 SYSTEMPATH/Router/RouteCollection.php(339): require('/home/u976386866/domains/servipro.site/public_html/app/app/Config/Routes.php')
 4 SYSTEMPATH/CodeIgniter.php(821): CodeIgniter\Router\RouteCollection->loadRoutes()
 5 SYSTEMPATH/CodeIgniter.php(455): CodeIgniter\CodeIgniter->tryToRouteIt(null)
 6 SYSTEMPATH/CodeIgniter.php(354): CodeIgniter\CodeIgniter->handleRequest(null, Object(Config\Cache), false)
 7 SYSTEMPATH/Boot.php(334): CodeIgniter\CodeIgniter->run()
 8 SYSTEMPATH/Boot.php(67): CodeIgniter\Boot::runCodeIgniter(Object(CodeIgniter\CodeIgniter))
 9 FCPATH/index.php(56): CodeIgniter\Boot::bootWeb(Object(Config\Paths))
WARNING - 2026-02-17 09:57:37 --> [DEPRECATED] Passing lowercase HTTP method "post" is deprecated. Use uppercase HTTP method like "POST". in SYSTEMPATH/Router/RouteCollection.php on line 1026.
 1 SYSTEMPATH/Router/RouteCollection.php(1026): trigger_error('Passing lowercase HTTP method "post" is deprecated. Use uppercase HTTP method like "POST".', 16384)
 2 APPPATH/Config/Routes.php(135): CodeIgniter\Router\RouteCollection->match([...], 'locations/generarPDF', 'LocationsPdfController::generarPDF')
 3 SYSTEMPATH/Router/RouteCollection.php(339): require('/home/u976386866/domains/servipro.site/public_html/app/app/Config/Routes.php')
 4 SYSTEMPATH/CodeIgniter.php(821): CodeIgniter\Router\RouteCollection->loadRoutes()
 5 SYSTEMPATH/CodeIgniter.php(455): CodeIgniter\CodeIgniter->tryToRouteIt(null)
 6 SYSTEMPATH/CodeIgniter.php(354): CodeIgniter\CodeIgniter->handleRequest(null, Object(Config\Cache), false)
 7 SYSTEMPATH/Boot.php(334): CodeIgniter\CodeIgniter->run()
 8 SYSTEMPATH/Boot.php(67): CodeIgniter\Boot::runCodeIgniter(Object(CodeIgniter\CodeIgniter))
 9 FCPATH/index.php(56): CodeIgniter\Boot::bootWeb(Object(Config\Paths))
DEBUG - 2026-02-17 09:57:37 --> Session: Class initialized using 'CodeIgniter\Session\Handlers\FileHandler' driver.
WARNING - 2026-02-17 09:57:37 --> [DEPRECATED] Passing lowercase HTTP method "get" is deprecated. Use uppercase HTTP method like "GET". in SYSTEMPATH/Router/RouteCollection.php on line 1026.
 1 SYSTEMPATH/Router/RouteCollection.php(1026): trigger_error('Passing lowercase HTTP method "get" is deprecated. Use uppercase HTTP method like "GET".', 16384)
 2 APPPATH/Config/Routes.php(135): CodeIgniter\Router\RouteCollection->match([...], 'locations/generarPDF', 'LocationsPdfController::generarPDF')
 3 SYSTEMPATH/Router/RouteCollection.php(339): require('/home/u976386866/domains/servipro.site/public_html/app/app/Config/Routes.php')
 4 SYSTEMPATH/CodeIgniter.php(821): CodeIgniter\Router\RouteCollection->loadRoutes()
 5 SYSTEMPATH/CodeIgniter.php(455): CodeIgniter\CodeIgniter->tryToRouteIt(null)
 6 SYSTEMPATH/CodeIgniter.php(354): CodeIgniter\CodeIgniter->handleRequest(null, Object(Config\Cache), false)
 7 SYSTEMPATH/Boot.php(334): CodeIgniter\CodeIgniter->run()
 8 SYSTEMPATH/Boot.php(67): CodeIgniter\Boot::runCodeIgniter(Object(CodeIgniter\CodeIgniter))
 9 FCPATH/index.php(56): CodeIgniter\Boot::bootWeb(Object(Config\Paths))
WARNING - 2026-02-17 09:57:37 --> [DEPRECATED] Passing lowercase HTTP method "post" is deprecated. Use uppercase HTTP method like "POST". in SYSTEMPATH/Router/RouteCollection.php on line 1026.
 1 SYSTEMPATH/Router/RouteCollection.php(1026): trigger_error('Passing lowercase HTTP method "post" is deprecated. Use uppercase HTTP method like "POST".', 16384)
 2 APPPATH/Config/Routes.php(135): CodeIgniter\Router\RouteCollection->match([...], 'locations/generarPDF', 'LocationsPdfController::generarPDF')
 3 SYSTEMPATH/Router/RouteCollection.php(339): require('/home/u976386866/domains/servipro.site/public_html/app/app/Config/Routes.php')
 4 SYSTEMPATH/CodeIgniter.php(821): CodeIgniter\Router\RouteCollection->loadRoutes()
 5 SYSTEMPATH/CodeIgniter.php(455): CodeIgniter\CodeIgniter->tryToRouteIt(null)
 6 SYSTEMPATH/CodeIgniter.php(354): CodeIgniter\CodeIgniter->handleRequest(null, Object(Config\Cache), false)
 7 SYSTEMPATH/Boot.php(334): CodeIgniter\CodeIgniter->run()
 8 SYSTEMPATH/Boot.php(67): CodeIgniter\Boot::runCodeIgniter(Object(CodeIgniter\CodeIgniter))
 9 FCPATH/index.php(56): CodeIgniter\Boot::bootWeb(Object(Config\Paths))
DEBUG - 2026-02-17 09:57:37 --> Session: Class initialized using 'CodeIgniter\Session\Handlers\FileHandler' driver.
WARNING - 2026-02-17 09:57:43 --> [DEPRECATED] Passing lowercase HTTP method "get" is deprecated. Use uppercase HTTP method like "GET". in SYSTEMPATH/Router/RouteCollection.php on line 1026.
 1 SYSTEMPATH/Router/RouteCollection.php(1026): trigger_error('Passing lowercase HTTP method "get" is deprecated. Use uppercase HTTP method like "GET".', 16384)
 2 APPPATH/Config/Routes.php(135): CodeIgniter\Router\RouteCollection->match([...], 'locations/generarPDF', 'LocationsPdfController::generarPDF')
 3 SYSTEMPATH/Router/RouteCollection.php(339): require('/home/u976386866/domains/servipro.site/public_html/app/app/Config/Routes.php')
 4 SYSTEMPATH/CodeIgniter.php(821): CodeIgniter\Router\RouteCollection->loadRoutes()
 5 SYSTEMPATH/CodeIgniter.php(455): CodeIgniter\CodeIgniter->tryToRouteIt(null)
 6 SYSTEMPATH/CodeIgniter.php(354): CodeIgniter\CodeIgniter->handleRequest(null, Object(Config\Cache), false)
 7 SYSTEMPATH/Boot.php(334): CodeIgniter\CodeIgniter->run()
 8 SYSTEMPATH/Boot.php(67): CodeIgniter\Boot::runCodeIgniter(Object(CodeIgniter\CodeIgniter))
 9 FCPATH/index.php(56): CodeIgniter\Boot::bootWeb(Object(Config\Paths))
WARNING - 2026-02-17 09:57:43 --> [DEPRECATED] Passing lowercase HTTP method "post" is deprecated. Use uppercase HTTP method like "POST". in SYSTEMPATH/Router/RouteCollection.php on line 1026.
 1 SYSTEMPATH/Router/RouteCollection.php(1026): trigger_error('Passing lowercase HTTP method "post" is deprecated. Use uppercase HTTP method like "POST".', 16384)
 2 APPPATH/Config/Routes.php(135): CodeIgniter\Router\RouteCollection->match([...], 'locations/generarPDF', 'LocationsPdfController::generarPDF')
 3 SYSTEMPATH/Router/RouteCollection.php(339): require('/home/u976386866/domains/servipro.site/public_html/app/app/Config/Routes.php')
 4 SYSTEMPATH/CodeIgniter.php(821): CodeIgniter\Router\RouteCollection->loadRoutes()
 5 SYSTEMPATH/CodeIgniter.php(455): CodeIgniter\CodeIgniter->tryToRouteIt(null)
 6 SYSTEMPATH/CodeIgniter.php(354): CodeIgniter\CodeIgniter->handleRequest(null, Object(Config\Cache), false)
 7 SYSTEMPATH/Boot.php(334): CodeIgniter\CodeIgniter->run()
 8 SYSTEMPATH/Boot.php(67): CodeIgniter\Boot::runCodeIgniter(Object(CodeIgniter\CodeIgniter))
 9 FCPATH/index.php(56): CodeIgniter\Boot::bootWeb(Object(Config\Paths))
DEBUG - 2026-02-17 09:57:43 --> Session: Class initialized using 'CodeIgniter\Session\Handlers\FileHandler' driver.
WARNING - 2026-02-17 09:57:44 --> [DEPRECATED] Passing lowercase HTTP method "get" is deprecated. Use uppercase HTTP method like "GET". in SYSTEMPATH/Router/RouteCollection.php on line 1026.
 1 SYSTEMPATH/Router/RouteCollection.php(1026): trigger_error('Passing lowercase HTTP method "get" is deprecated. Use uppercase HTTP method like "GET".', 16384)
 2 APPPATH/Config/Routes.php(135): CodeIgniter\Router\RouteCollection->match([...], 'locations/generarPDF', 'LocationsPdfController::generarPDF')
 3 SYSTEMPATH/Router/RouteCollection.php(339): require('/home/u976386866/domains/servipro.site/public_html/app/app/Config/Routes.php')
 4 SYSTEMPATH/CodeIgniter.php(821): CodeIgniter\Router\RouteCollection->loadRoutes()
 5 SYSTEMPATH/CodeIgniter.php(455): CodeIgniter\CodeIgniter->tryToRouteIt(null)
 6 SYSTEMPATH/CodeIgniter.php(354): CodeIgniter\CodeIgniter->handleRequest(null, Object(Config\Cache), false)
 7 SYSTEMPATH/Boot.php(334): CodeIgniter\CodeIgniter->run()
 8 SYSTEMPATH/Boot.php(67): CodeIgniter\Boot::runCodeIgniter(Object(CodeIgniter\CodeIgniter))
 9 FCPATH/index.php(56): CodeIgniter\Boot::bootWeb(Object(Config\Paths))
WARNING - 2026-02-17 09:57:44 --> [DEPRECATED] Passing lowercase HTTP method "post" is deprecated. Use uppercase HTTP method like "POST". in SYSTEMPATH/Router/RouteCollection.php on line 1026.
 1 SYSTEMPATH/Router/RouteCollection.php(1026): trigger_error('Passing lowercase HTTP method "post" is deprecated. Use uppercase HTTP method like "POST".', 16384)
 2 APPPATH/Config/Routes.php(135): CodeIgniter\Router\RouteCollection->match([...], 'locations/generarPDF', 'LocationsPdfController::generarPDF')
 3 SYSTEMPATH/Router/RouteCollection.php(339): require('/home/u976386866/domains/servipro.site/public_html/app/app/Config/Routes.php')
 4 SYSTEMPATH/CodeIgniter.php(821): CodeIgniter\Router\RouteCollection->loadRoutes()
 5 SYSTEMPATH/CodeIgniter.php(455): CodeIgniter\CodeIgniter->tryToRouteIt(null)
 6 SYSTEMPATH/CodeIgniter.php(354): CodeIgniter\CodeIgniter->handleRequest(null, Object(Config\Cache), false)
 7 SYSTEMPATH/Boot.php(334): CodeIgniter\CodeIgniter->run()
 8 SYSTEMPATH/Boot.php(67): CodeIgniter\Boot::runCodeIgniter(Object(CodeIgniter\CodeIgniter))
 9 FCPATH/index.php(56): CodeIgniter\Boot::bootWeb(Object(Config\Paths))
DEBUG - 2026-02-17 09:57:44 --> Session: Class initialized using 'CodeIgniter\Session\Handlers\FileHandler' driver.
WARNING - 2026-02-17 09:58:12 --> [DEPRECATED] Passing lowercase HTTP method "get" is deprecated. Use uppercase HTTP method like "GET". in SYSTEMPATH/Router/RouteCollection.php on line 1026.
 1 SYSTEMPATH/Router/RouteCollection.php(1026): trigger_error('Passing lowercase HTTP method "get" is deprecated. Use uppercase HTTP method like "GET".', 16384)
 2 APPPATH/Config/Routes.php(135): CodeIgniter\Router\RouteCollection->match([...], 'locations/generarPDF', 'LocationsPdfController::generarPDF')
 3 SYSTEMPATH/Router/RouteCollection.php(339): require('/home/u976386866/domains/servipro.site/public_html/app/app/Config/Routes.php')
 4 SYSTEMPATH/CodeIgniter.php(821): CodeIgniter\Router\RouteCollection->loadRoutes()
 5 SYSTEMPATH/CodeIgniter.php(455): CodeIgniter\CodeIgniter->tryToRouteIt(null)
 6 SYSTEMPATH/CodeIgniter.php(354): CodeIgniter\CodeIgniter->handleRequest(null, Object(Config\Cache), false)
 7 SYSTEMPATH/Boot.php(334): CodeIgniter\CodeIgniter->run()
 8 SYSTEMPATH/Boot.php(67): CodeIgniter\Boot::runCodeIgniter(Object(CodeIgniter\CodeIgniter))
 9 FCPATH/index.php(56): CodeIgniter\Boot::bootWeb(Object(Config\Paths))
WARNING - 2026-02-17 09:58:12 --> [DEPRECATED] Passing lowercase HTTP method "post" is deprecated. Use uppercase HTTP method like "POST". in SYSTEMPATH/Router/RouteCollection.php on line 1026.
 1 SYSTEMPATH/Router/RouteCollection.php(1026): trigger_error('Passing lowercase HTTP method "post" is deprecated. Use uppercase HTTP method like "POST".', 16384)
 2 APPPATH/Config/Routes.php(135): CodeIgniter\Router\RouteCollection->match([...], 'locations/generarPDF', 'LocationsPdfController::generarPDF')
 3 SYSTEMPATH/Router/RouteCollection.php(339): require('/home/u976386866/domains/servipro.site/public_html/app/app/Config/Routes.php')
 4 SYSTEMPATH/CodeIgniter.php(821): CodeIgniter\Router\RouteCollection->loadRoutes()
 5 SYSTEMPATH/CodeIgniter.php(455): CodeIgniter\CodeIgniter->tryToRouteIt(null)
 6 SYSTEMPATH/CodeIgniter.php(354): CodeIgniter\CodeIgniter->handleRequest(null, Object(Config\Cache), false)
 7 SYSTEMPATH/Boot.php(334): CodeIgniter\CodeIgniter->run()
 8 SYSTEMPATH/Boot.php(67): CodeIgniter\Boot::runCodeIgniter(Object(CodeIgniter\CodeIgniter))
 9 FCPATH/index.php(56): CodeIgniter\Boot::bootWeb(Object(Config\Paths))
DEBUG - 2026-02-17 09:58:12 --> Session: Class initialized using 'CodeIgniter\Session\Handlers\FileHandler' driver.
WARNING - 2026-02-17 09:58:13 --> [DEPRECATED] Passing lowercase HTTP method "get" is deprecated. Use uppercase HTTP method like "GET". in SYSTEMPATH/Router/RouteCollection.php on line 1026.
 1 SYSTEMPATH/Router/RouteCollection.php(1026): trigger_error('Passing lowercase HTTP method "get" is deprecated. Use uppercase HTTP method like "GET".', 16384)
 2 APPPATH/Config/Routes.php(135): CodeIgniter\Router\RouteCollection->match([...], 'locations/generarPDF', 'LocationsPdfController::generarPDF')
 3 SYSTEMPATH/Router/RouteCollection.php(339): require('/home/u976386866/domains/servipro.site/public_html/app/app/Config/Routes.php')
 4 SYSTEMPATH/CodeIgniter.php(821): CodeIgniter\Router\RouteCollection->loadRoutes()
 5 SYSTEMPATH/CodeIgniter.php(455): CodeIgniter\CodeIgniter->tryToRouteIt(null)
 6 SYSTEMPATH/CodeIgniter.php(354): CodeIgniter\CodeIgniter->handleRequest(null, Object(Config\Cache), false)
 7 SYSTEMPATH/Boot.php(334): CodeIgniter\CodeIgniter->run()
 8 SYSTEMPATH/Boot.php(67): CodeIgniter\Boot::runCodeIgniter(Object(CodeIgniter\CodeIgniter))
 9 FCPATH/index.php(56): CodeIgniter\Boot::bootWeb(Object(Config\Paths))
WARNING - 2026-02-17 09:58:13 --> [DEPRECATED] Passing lowercase HTTP method "post" is deprecated. Use uppercase HTTP method like "POST". in SYSTEMPATH/Router/RouteCollection.php on line 1026.
 1 SYSTEMPATH/Router/RouteCollection.php(1026): trigger_error('Passing lowercase HTTP method "post" is deprecated. Use uppercase HTTP method like "POST".', 16384)
 2 APPPATH/Config/Routes.php(135): CodeIgniter\Router\RouteCollection->match([...], 'locations/generarPDF', 'LocationsPdfController::generarPDF')
 3 SYSTEMPATH/Router/RouteCollection.php(339): require('/home/u976386866/domains/servipro.site/public_html/app/app/Config/Routes.php')
 4 SYSTEMPATH/CodeIgniter.php(821): CodeIgniter\Router\RouteCollection->loadRoutes()
 5 SYSTEMPATH/CodeIgniter.php(455): CodeIgniter\CodeIgniter->tryToRouteIt(null)
 6 SYSTEMPATH/CodeIgniter.php(354): CodeIgniter\CodeIgniter->handleRequest(null, Object(Config\Cache), false)
 7 SYSTEMPATH/Boot.php(334): CodeIgniter\CodeIgniter->run()
 8 SYSTEMPATH/Boot.php(67): CodeIgniter\Boot::runCodeIgniter(Object(CodeIgniter\CodeIgniter))
 9 FCPATH/index.php(56): CodeIgniter\Boot::bootWeb(Object(Config\Paths))
DEBUG - 2026-02-17 09:58:13 --> Session: Class initialized using 'CodeIgniter\Session\Handlers\FileHandler' driver.
WARNING - 2026-02-17 09:58:26 --> [DEPRECATED] Passing lowercase HTTP method "get" is deprecated. Use uppercase HTTP method like "GET". in SYSTEMPATH/Router/RouteCollection.php on line 1026.
 1 SYSTEMPATH/Router/RouteCollection.php(1026): trigger_error('Passing lowercase HTTP method "get" is deprecated. Use uppercase HTTP method like "GET".', 16384)
 2 APPPATH/Config/Routes.php(135): CodeIgniter\Router\RouteCollection->match([...], 'locations/generarPDF', 'LocationsPdfController::generarPDF')
 3 SYSTEMPATH/Router/RouteCollection.php(339): require('/home/u976386866/domains/servipro.site/public_html/app/app/Config/Routes.php')
 4 SYSTEMPATH/CodeIgniter.php(821): CodeIgniter\Router\RouteCollection->loadRoutes()
 5 SYSTEMPATH/CodeIgniter.php(455): CodeIgniter\CodeIgniter->tryToRouteIt(null)
 6 SYSTEMPATH/CodeIgniter.php(354): CodeIgniter\CodeIgniter->handleRequest(null, Object(Config\Cache), false)
 7 SYSTEMPATH/Boot.php(334): CodeIgniter\CodeIgniter->run()
 8 SYSTEMPATH/Boot.php(67): CodeIgniter\Boot::runCodeIgniter(Object(CodeIgniter\CodeIgniter))
 9 FCPATH/index.php(56): CodeIgniter\Boot::bootWeb(Object(Config\Paths))
WARNING - 2026-02-17 09:58:26 --> [DEPRECATED] Passing lowercase HTTP method "post" is deprecated. Use uppercase HTTP method like "POST". in SYSTEMPATH/Router/RouteCollection.php on line 1026.
 1 SYSTEMPATH/Router/RouteCollection.php(1026): trigger_error('Passing lowercase HTTP method "post" is deprecated. Use uppercase HTTP method like "POST".', 16384)
 2 APPPATH/Config/Routes.php(135): CodeIgniter\Router\RouteCollection->match([...], 'locations/generarPDF', 'LocationsPdfController::generarPDF')
 3 SYSTEMPATH/Router/RouteCollection.php(339): require('/home/u976386866/domains/servipro.site/public_html/app/app/Config/Routes.php')
 4 SYSTEMPATH/CodeIgniter.php(821): CodeIgniter\Router\RouteCollection->loadRoutes()
 5 SYSTEMPATH/CodeIgniter.php(455): CodeIgniter\CodeIgniter->tryToRouteIt(null)
 6 SYSTEMPATH/CodeIgniter.php(354): CodeIgniter\CodeIgniter->handleRequest(null, Object(Config\Cache), false)
 7 SYSTEMPATH/Boot.php(334): CodeIgniter\CodeIgniter->run()
 8 SYSTEMPATH/Boot.php(67): CodeIgniter\Boot::runCodeIgniter(Object(CodeIgniter\CodeIgniter))
 9 FCPATH/index.php(56): CodeIgniter\Boot::bootWeb(Object(Config\Paths))
DEBUG - 2026-02-17 09:58:26 --> Session: Class initialized using 'CodeIgniter\Session\Handlers\FileHandler' driver.
WARNING - 2026-02-17 09:58:42 --> [DEPRECATED] Passing lowercase HTTP method "get" is deprecated. Use uppercase HTTP method like "GET". in SYSTEMPATH/Router/RouteCollection.php on line 1026.
 1 SYSTEMPATH/Router/RouteCollection.php(1026): trigger_error('Passing lowercase HTTP method "get" is deprecated. Use uppercase HTTP method like "GET".', 16384)
 2 APPPATH/Config/Routes.php(135): CodeIgniter\Router\RouteCollection->match([...], 'locations/generarPDF', 'LocationsPdfController::generarPDF')
 3 SYSTEMPATH/Router/RouteCollection.php(339): require('/home/u976386866/domains/servipro.site/public_html/app/app/Config/Routes.php')
 4 SYSTEMPATH/CodeIgniter.php(821): CodeIgniter\Router\RouteCollection->loadRoutes()
 5 SYSTEMPATH/CodeIgniter.php(455): CodeIgniter\CodeIgniter->tryToRouteIt(null)
 6 SYSTEMPATH/CodeIgniter.php(354): CodeIgniter\CodeIgniter->handleRequest(null, Object(Config\Cache), false)
 7 SYSTEMPATH/Boot.php(334): CodeIgniter\CodeIgniter->run()
 8 SYSTEMPATH/Boot.php(67): CodeIgniter\Boot::runCodeIgniter(Object(CodeIgniter\CodeIgniter))
 9 FCPATH/index.php(56): CodeIgniter\Boot::bootWeb(Object(Config\Paths))
WARNING - 2026-02-17 09:58:42 --> [DEPRECATED] Passing lowercase HTTP method "post" is deprecated. Use uppercase HTTP method like "POST". in SYSTEMPATH/Router/RouteCollection.php on line 1026.
 1 SYSTEMPATH/Router/RouteCollection.php(1026): trigger_error('Passing lowercase HTTP method "post" is deprecated. Use uppercase HTTP method like "POST".', 16384)
 2 APPPATH/Config/Routes.php(135): CodeIgniter\Router\RouteCollection->match([...], 'locations/generarPDF', 'LocationsPdfController::generarPDF')
 3 SYSTEMPATH/Router/RouteCollection.php(339): require('/home/u976386866/domains/servipro.site/public_html/app/app/Config/Routes.php')
 4 SYSTEMPATH/CodeIgniter.php(821): CodeIgniter\Router\RouteCollection->loadRoutes()
 5 SYSTEMPATH/CodeIgniter.php(455): CodeIgniter\CodeIgniter->tryToRouteIt(null)
 6 SYSTEMPATH/CodeIgniter.php(354): CodeIgniter\CodeIgniter->handleRequest(null, Object(Config\Cache), false)
 7 SYSTEMPATH/Boot.php(334): CodeIgniter\CodeIgniter->run()
 8 SYSTEMPATH/Boot.php(67): CodeIgniter\Boot::runCodeIgniter(Object(CodeIgniter\CodeIgniter))
 9 FCPATH/index.php(56): CodeIgniter\Boot::bootWeb(Object(Config\Paths))
DEBUG - 2026-02-17 09:58:42 --> Session: Class initialized using 'CodeIgniter\Session\Handlers\FileHandler' driver.
WARNING - 2026-02-17 09:58:53 --> [DEPRECATED] Passing lowercase HTTP method "get" is deprecated. Use uppercase HTTP method like "GET". in SYSTEMPATH/Router/RouteCollection.php on line 1026.
 1 SYSTEMPATH/Router/RouteCollection.php(1026): trigger_error('Passing lowercase HTTP method "get" is deprecated. Use uppercase HTTP method like "GET".', 16384)
 2 APPPATH/Config/Routes.php(135): CodeIgniter\Router\RouteCollection->match([...], 'locations/generarPDF', 'LocationsPdfController::generarPDF')
 3 SYSTEMPATH/Router/RouteCollection.php(339): require('/home/u976386866/domains/servipro.site/public_html/app/app/Config/Routes.php')
 4 SYSTEMPATH/CodeIgniter.php(821): CodeIgniter\Router\RouteCollection->loadRoutes()
 5 SYSTEMPATH/CodeIgniter.php(455): CodeIgniter\CodeIgniter->tryToRouteIt(null)
 6 SYSTEMPATH/CodeIgniter.php(354): CodeIgniter\CodeIgniter->handleRequest(null, Object(Config\Cache), false)
 7 SYSTEMPATH/Boot.php(334): CodeIgniter\CodeIgniter->run()
 8 SYSTEMPATH/Boot.php(67): CodeIgniter\Boot::runCodeIgniter(Object(CodeIgniter\CodeIgniter))
 9 FCPATH/index.php(56): CodeIgniter\Boot::bootWeb(Object(Config\Paths))
WARNING - 2026-02-17 09:58:53 --> [DEPRECATED] Passing lowercase HTTP method "post" is deprecated. Use uppercase HTTP method like "POST". in SYSTEMPATH/Router/RouteCollection.php on line 1026.
 1 SYSTEMPATH/Router/RouteCollection.php(1026): trigger_error('Passing lowercase HTTP method "post" is deprecated. Use uppercase HTTP method like "POST".', 16384)
 2 APPPATH/Config/Routes.php(135): CodeIgniter\Router\RouteCollection->match([...], 'locations/generarPDF', 'LocationsPdfController::generarPDF')
 3 SYSTEMPATH/Router/RouteCollection.php(339): require('/home/u976386866/domains/servipro.site/public_html/app/app/Config/Routes.php')
 4 SYSTEMPATH/CodeIgniter.php(821): CodeIgniter\Router\RouteCollection->loadRoutes()
 5 SYSTEMPATH/CodeIgniter.php(455): CodeIgniter\CodeIgniter->tryToRouteIt(null)
 6 SYSTEMPATH/CodeIgniter.php(354): CodeIgniter\CodeIgniter->handleRequest(null, Object(Config\Cache), false)
 7 SYSTEMPATH/Boot.php(334): CodeIgniter\CodeIgniter->run()
 8 SYSTEMPATH/Boot.php(67): CodeIgniter\Boot::runCodeIgniter(Object(CodeIgniter\CodeIgniter))
 9 FCPATH/index.php(56): CodeIgniter\Boot::bootWeb(Object(Config\Paths))
DEBUG - 2026-02-17 09:58:53 --> Session: Class initialized using 'CodeIgniter\Session\Handlers\FileHandler' driver.
DEBUG - 2026-02-17 09:58:53 --> Iniciando carga de sedes
DEBUG - 2026-02-17 09:58:53 --> Sedes cargadas: [{"id":"18","nombre":"Bimbo Azcapotzalco","direccion":"Av San Pablo Xalpa 520, San Martin Xochinahuac, Azcapotzalco, 02120 Ciudad de M\u00e9xico, CDMX","ciudad":"CDMC","pais":"M\u00e9xico","fecha_creacion":"2025-04-07 12:06:45","estatus":"1"},{"id":"21","nombre":"Bimbo Villahermosa","direccion":"Av. Cobre 105, Cd Industrial, 86010 Villahermosa, Tabasco","ciudad":"Villahermosa, Tabasco","pais":"M\u00e9xico","fecha_creacion":"2025-05-12 12:11:50","estatus":"1"},{"id":"22","nombre":"Totis Planta uno Botana","direccion":"Av. San Pablo Xalpa 520, San Mart\u00edn Xochinahuac, Azcapotzalco, 02120 Ciudad de M\u00e9xico, CDMX","ciudad":"CDMX","pais":"Mexico","fecha_creacion":"2025-05-28 09:41:53","estatus":"1"},{"id":"23","nombre":"BIMBO YUCAT\u00c1N","direccion":"CALLE 21, #426, INT 0, COL. CIUDAD INDUSTRIAL","ciudad":"M\u00c9RIDA","pais":"M\u00c9XICO","fecha_creacion":"2025-07-14 17:00:19","estatus":"1"},{"id":"24","nombre":"Bimbo Toluca","direccion":"Corredor Industrial, Mz 2, Lote E, Ex Rancho El Coecillo","ciudad":"Toluca","pais":"M\u00e9xico","fecha_creacion":"2025-07-28 13:39:14","estatus":"1"},{"id":"26","nombre":"Totis planta dos","direccion":"Eje oriente poniente no. 38, col. Ciudad industrial, CP 43800, Tizayuca, Hidalgo","ciudad":"Tizayuca","pais":"M\u00e9xico","fecha_creacion":"2025-10-27 16:30:54","estatus":"1"},{"id":"27","nombre":"Bimbo M\u00e9xico Santa Mar\u00eda ","direccion":"Mimosas 117, 118 Col. Santa Mar\u00eda Insurgentes Cuauht\u00e9moc CDMX ","ciudad":"CDMX","pais":"M\u00e9xico","fecha_creacion":"2025-11-02 10:48:40","estatus":"1"},{"id":"28","nombre":"HAZPAN-LONCHIBON","direccion":"EMILIANO ZAPATA 25, PQUE. IND. LERMA","ciudad":"TOLUCA","pais":"M\u00e9xico","fecha_creacion":"2025-11-27 11:43:59","estatus":"1"},{"id":"29","nombre":"Suandy Marinela Toluca","direccion":"Emiliano Zapata 25, Pque. Ind. Lerma","ciudad":"TOLUCA","pais":"M\u00e9xico","fecha_creacion":"2025-11-27 11:55:24","estatus":"1"},{"id":"30","nombre":"T\u00eda Rosa, Toluca ","direccion":"Benito Juarez Mz. 027","ciudad":"Sta. Ma. Totoltepec, Toluca","pais":"M\u00e9xico","fecha_creacion":"2025-11-27 11:56:59","estatus":"1"},{"id":"31","nombre":"Bimbo Norte","direccion":"Av. F\u00e9lix U. G\u00f3mez 4203, Coyoac\u00e1n, C.P. 64510","ciudad":"Monterrey N.L.","pais":"M\u00e9xico","fecha_creacion":"2025-11-28 15:45:37","estatus":"1"},{"id":"32","nombre":"PLANTA DE PRUEBA","direccion":"PRUEBAS","ciudad":"DCDS","pais":"MEXICO","fecha_creacion":"2025-12-07 18:59:44","estatus":"1"},{"id":"33","nombre":"BSL","direccion":"Eje 128 #135 manzana 3, zona industrial segunda secci\u00f3n ","ciudad":"San Luis Potos\u00ed","pais":"M\u00e9xico","fecha_creacion":"2025-12-08 21:23:56","estatus":"1"},{"id":"34","nombre":"Sanissimo Monterrey","direccion":"Manuel de la Pe\u00f1a y Pe\u00f1a #1020-5, Bella Vista","ciudad":"Monterrey N.L.","pais":"M\u00e9xico","fecha_creacion":"2025-12-08 21:28:12","estatus":"1"},{"id":"36","nombre":"Bimbo Yucat\u00e1n Prueba 2025","direccion":"Calle 21, Villas M\u00e9rida, C.P. 97288, M\u00e9rida Yucat\u00e1n","ciudad":"M\u00e9rida Yucat\u00e1n","pais":"Mexico","fecha_creacion":"2025-12-16 10:43:55","estatus":"1"},{"id":"37","nombre":"BIMBO YUCATAN","direccion":"CALLE 21 CD. INDUSTRIAL","ciudad":"MERIDA YUCATAN","pais":"MEXICO","fecha_creacion":"2025-12-16 17:13:12","estatus":"1"},{"id":"38","nombre":"Bimbo Pac\u00edfico","direccion":"Av. Luis Donaldo Colosio Murrieta, No. 18900","ciudad":"Mazatl\u00e1n","pais":"M\u00e9xico","fecha_creacion":"2025-12-17 11:28:47","estatus":"1"},{"id":"39","nombre":"Bimbo Golfo","direccion":"Km 441 Carretera M\u00e9xico - Veracruz V\u00eda Xalapa, Colonia Francisco Villa, Veracruz, Veracruz, C.P: 91960","ciudad":"Veracruz","pais":"M\u00e9xico","fecha_creacion":"2025-12-17 20:05:59","estatus":"1"},{"id":"40","nombre":"Bimbo Tijuana","direccion":"Av. de Todos los santos S\/N, Industrial Pac\u00edfico, 22643. Tijuana, Baja California.","ciudad":"Tijuana","pais":"M\u00e9xico","fecha_creacion":"2026-01-02 13:33:01","estatus":"1"},{"id":"41","nombre":"PLANTA PRUEBA N","direccion":"SERVIPRO MX","ciudad":"Ciudad de M\u00e9xico","pais":"M\u00e9xico","fecha_creacion":"2026-01-06 17:57:01","estatus":"1"}]
WARNING - 2026-02-17 09:59:00 --> [DEPRECATED] Passing lowercase HTTP method "get" is deprecated. Use uppercase HTTP method like "GET". in SYSTEMPATH/Router/RouteCollection.php on line 1026.
 1 SYSTEMPATH/Router/RouteCollection.php(1026): trigger_error('Passing lowercase HTTP method "get" is deprecated. Use uppercase HTTP method like "GET".', 16384)
 2 APPPATH/Config/Routes.php(135): CodeIgniter\Router\RouteCollection->match([...], 'locations/generarPDF', 'LocationsPdfController::generarPDF')
 3 SYSTEMPATH/Router/RouteCollection.php(339): require('/home/u976386866/domains/servipro.site/public_html/app/app/Config/Routes.php')
 4 SYSTEMPATH/CodeIgniter.php(821): CodeIgniter\Router\RouteCollection->loadRoutes()
 5 SYSTEMPATH/CodeIgniter.php(455): CodeIgniter\CodeIgniter->tryToRouteIt(null)
 6 SYSTEMPATH/CodeIgniter.php(354): CodeIgniter\CodeIgniter->handleRequest(null, Object(Config\Cache), false)
 7 SYSTEMPATH/Boot.php(334): CodeIgniter\CodeIgniter->run()
 8 SYSTEMPATH/Boot.php(67): CodeIgniter\Boot::runCodeIgniter(Object(CodeIgniter\CodeIgniter))
 9 FCPATH/index.php(56): CodeIgniter\Boot::bootWeb(Object(Config\Paths))
WARNING - 2026-02-17 09:59:00 --> [DEPRECATED] Passing lowercase HTTP method "post" is deprecated. Use uppercase HTTP method like "POST". in SYSTEMPATH/Router/RouteCollection.php on line 1026.
 1 SYSTEMPATH/Router/RouteCollection.php(1026): trigger_error('Passing lowercase HTTP method "post" is deprecated. Use uppercase HTTP method like "POST".', 16384)
 2 APPPATH/Config/Routes.php(135): CodeIgniter\Router\RouteCollection->match([...], 'locations/generarPDF', 'LocationsPdfController::generarPDF')
 3 SYSTEMPATH/Router/RouteCollection.php(339): require('/home/u976386866/domains/servipro.site/public_html/app/app/Config/Routes.php')
 4 SYSTEMPATH/CodeIgniter.php(821): CodeIgniter\Router\RouteCollection->loadRoutes()
 5 SYSTEMPATH/CodeIgniter.php(455): CodeIgniter\CodeIgniter->tryToRouteIt(null)
 6 SYSTEMPATH/CodeIgniter.php(354): CodeIgniter\CodeIgniter->handleRequest(null, Object(Config\Cache), false)
 7 SYSTEMPATH/Boot.php(334): CodeIgniter\CodeIgniter->run()
 8 SYSTEMPATH/Boot.php(67): CodeIgniter\Boot::runCodeIgniter(Object(CodeIgniter\CodeIgniter))
 9 FCPATH/index.php(56): CodeIgniter\Boot::bootWeb(Object(Config\Paths))
DEBUG - 2026-02-17 09:59:00 --> Session: Class initialized using 'CodeIgniter\Session\Handlers\FileHandler' driver.
DEBUG - 2026-02-17 09:59:00 --> Iniciando carga de sedes
DEBUG - 2026-02-17 09:59:00 --> Sedes cargadas: [{"id":"18","nombre":"Bimbo Azcapotzalco","direccion":"Av San Pablo Xalpa 520, San Martin Xochinahuac, Azcapotzalco, 02120 Ciudad de M\u00e9xico, CDMX","ciudad":"CDMC","pais":"M\u00e9xico","fecha_creacion":"2025-04-07 12:06:45","estatus":"1"},{"id":"21","nombre":"Bimbo Villahermosa","direccion":"Av. Cobre 105, Cd Industrial, 86010 Villahermosa, Tabasco","ciudad":"Villahermosa, Tabasco","pais":"M\u00e9xico","fecha_creacion":"2025-05-12 12:11:50","estatus":"1"},{"id":"22","nombre":"Totis Planta uno Botana","direccion":"Av. San Pablo Xalpa 520, San Mart\u00edn Xochinahuac, Azcapotzalco, 02120 Ciudad de M\u00e9xico, CDMX","ciudad":"CDMX","pais":"Mexico","fecha_creacion":"2025-05-28 09:41:53","estatus":"1"},{"id":"23","nombre":"BIMBO YUCAT\u00c1N","direccion":"CALLE 21, #426, INT 0, COL. CIUDAD INDUSTRIAL","ciudad":"M\u00c9RIDA","pais":"M\u00c9XICO","fecha_creacion":"2025-07-14 17:00:19","estatus":"1"},{"id":"24","nombre":"Bimbo Toluca","direccion":"Corredor Industrial, Mz 2, Lote E, Ex Rancho El Coecillo","ciudad":"Toluca","pais":"M\u00e9xico","fecha_creacion":"2025-07-28 13:39:14","estatus":"1"},{"id":"26","nombre":"Totis planta dos","direccion":"Eje oriente poniente no. 38, col. Ciudad industrial, CP 43800, Tizayuca, Hidalgo","ciudad":"Tizayuca","pais":"M\u00e9xico","fecha_creacion":"2025-10-27 16:30:54","estatus":"1"},{"id":"27","nombre":"Bimbo M\u00e9xico Santa Mar\u00eda ","direccion":"Mimosas 117, 118 Col. Santa Mar\u00eda Insurgentes Cuauht\u00e9moc CDMX ","ciudad":"CDMX","pais":"M\u00e9xico","fecha_creacion":"2025-11-02 10:48:40","estatus":"1"},{"id":"28","nombre":"HAZPAN-LONCHIBON","direccion":"EMILIANO ZAPATA 25, PQUE. IND. LERMA","ciudad":"TOLUCA","pais":"M\u00e9xico","fecha_creacion":"2025-11-27 11:43:59","estatus":"1"},{"id":"29","nombre":"Suandy Marinela Toluca","direccion":"Emiliano Zapata 25, Pque. Ind. Lerma","ciudad":"TOLUCA","pais":"M\u00e9xico","fecha_creacion":"2025-11-27 11:55:24","estatus":"1"},{"id":"30","nombre":"T\u00eda Rosa, Toluca ","direccion":"Benito Juarez Mz. 027","ciudad":"Sta. Ma. Totoltepec, Toluca","pais":"M\u00e9xico","fecha_creacion":"2025-11-27 11:56:59","estatus":"1"},{"id":"31","nombre":"Bimbo Norte","direccion":"Av. F\u00e9lix U. G\u00f3mez 4203, Coyoac\u00e1n, C.P. 64510","ciudad":"Monterrey N.L.","pais":"M\u00e9xico","fecha_creacion":"2025-11-28 15:45:37","estatus":"1"},{"id":"32","nombre":"PLANTA DE PRUEBA","direccion":"PRUEBAS","ciudad":"DCDS","pais":"MEXICO","fecha_creacion":"2025-12-07 18:59:44","estatus":"1"},{"id":"33","nombre":"BSL","direccion":"Eje 128 #135 manzana 3, zona industrial segunda secci\u00f3n ","ciudad":"San Luis Potos\u00ed","pais":"M\u00e9xico","fecha_creacion":"2025-12-08 21:23:56","estatus":"1"},{"id":"34","nombre":"Sanissimo Monterrey","direccion":"Manuel de la Pe\u00f1a y Pe\u00f1a #1020-5, Bella Vista","ciudad":"Monterrey N.L.","pais":"M\u00e9xico","fecha_creacion":"2025-12-08 21:28:12","estatus":"1"},{"id":"36","nombre":"Bimbo Yucat\u00e1n Prueba 2025","direccion":"Calle 21, Villas M\u00e9rida, C.P. 97288, M\u00e9rida Yucat\u00e1n","ciudad":"M\u00e9rida Yucat\u00e1n","pais":"Mexico","fecha_creacion":"2025-12-16 10:43:55","estatus":"1"},{"id":"37","nombre":"BIMBO YUCATAN","direccion":"CALLE 21 CD. INDUSTRIAL","ciudad":"MERIDA YUCATAN","pais":"MEXICO","fecha_creacion":"2025-12-16 17:13:12","estatus":"1"},{"id":"38","nombre":"Bimbo Pac\u00edfico","direccion":"Av. Luis Donaldo Colosio Murrieta, No. 18900","ciudad":"Mazatl\u00e1n","pais":"M\u00e9xico","fecha_creacion":"2025-12-17 11:28:47","estatus":"1"},{"id":"39","nombre":"Bimbo Golfo","direccion":"Km 441 Carretera M\u00e9xico - Veracruz V\u00eda Xalapa, Colonia Francisco Villa, Veracruz, Veracruz, C.P: 91960","ciudad":"Veracruz","pais":"M\u00e9xico","fecha_creacion":"2025-12-17 20:05:59","estatus":"1"},{"id":"40","nombre":"Bimbo Tijuana","direccion":"Av. de Todos los santos S\/N, Industrial Pac\u00edfico, 22643. Tijuana, Baja California.","ciudad":"Tijuana","pais":"M\u00e9xico","fecha_creacion":"2026-01-02 13:33:01","estatus":"1"},{"id":"41","nombre":"PLANTA PRUEBA N","direccion":"SERVIPRO MX","ciudad":"Ciudad de M\u00e9xico","pais":"M\u00e9xico","fecha_creacion":"2026-01-06 17:57:01","estatus":"1"}]
WARNING - 2026-02-17 09:59:03 --> [DEPRECATED] Passing lowercase HTTP method "get" is deprecated. Use uppercase HTTP method like "GET". in SYSTEMPATH/Router/RouteCollection.php on line 1026.
 1 SYSTEMPATH/Router/RouteCollection.php(1026): trigger_error('Passing lowercase HTTP method "get" is deprecated. Use uppercase HTTP method like "GET".', 16384)
 2 APPPATH/Config/Routes.php(135): CodeIgniter\Router\RouteCollection->match([...], 'locations/generarPDF', 'LocationsPdfController::generarPDF')
 3 SYSTEMPATH/Router/RouteCollection.php(339): require('/home/u976386866/domains/servipro.site/public_html/app/app/Config/Routes.php')
 4 SYSTEMPATH/CodeIgniter.php(821): CodeIgniter\Router\RouteCollection->loadRoutes()
 5 SYSTEMPATH/CodeIgniter.php(455): CodeIgniter\CodeIgniter->tryToRouteIt(null)
 6 SYSTEMPATH/CodeIgniter.php(354): CodeIgniter\CodeIgniter->handleRequest(null, Object(Config\Cache), false)
 7 SYSTEMPATH/Boot.php(334): CodeIgniter\CodeIgniter->run()
 8 SYSTEMPATH/Boot.php(67): CodeIgniter\Boot::runCodeIgniter(Object(CodeIgniter\CodeIgniter))
 9 FCPATH/index.php(56): CodeIgniter\Boot::bootWeb(Object(Config\Paths))
WARNING - 2026-02-17 09:59:03 --> [DEPRECATED] Passing lowercase HTTP method "post" is deprecated. Use uppercase HTTP method like "POST". in SYSTEMPATH/Router/RouteCollection.php on line 1026.
 1 SYSTEMPATH/Router/RouteCollection.php(1026): trigger_error('Passing lowercase HTTP method "post" is deprecated. Use uppercase HTTP method like "POST".', 16384)
 2 APPPATH/Config/Routes.php(135): CodeIgniter\Router\RouteCollection->match([...], 'locations/generarPDF', 'LocationsPdfController::generarPDF')
 3 SYSTEMPATH/Router/RouteCollection.php(339): require('/home/u976386866/domains/servipro.site/public_html/app/app/Config/Routes.php')
 4 SYSTEMPATH/CodeIgniter.php(821): CodeIgniter\Router\RouteCollection->loadRoutes()
 5 SYSTEMPATH/CodeIgniter.php(455): CodeIgniter\CodeIgniter->tryToRouteIt(null)
 6 SYSTEMPATH/CodeIgniter.php(354): CodeIgniter\CodeIgniter->handleRequest(null, Object(Config\Cache), false)
 7 SYSTEMPATH/Boot.php(334): CodeIgniter\CodeIgniter->run()
 8 SYSTEMPATH/Boot.php(67): CodeIgniter\Boot::runCodeIgniter(Object(CodeIgniter\CodeIgniter))
 9 FCPATH/index.php(56): CodeIgniter\Boot::bootWeb(Object(Config\Paths))
DEBUG - 2026-02-17 09:59:03 --> Session: Class initialized using 'CodeIgniter\Session\Handlers\FileHandler' driver.
DEBUG - 2026-02-17 09:59:03 --> Iniciando carga de sedes
DEBUG - 2026-02-17 09:59:03 --> Sedes cargadas: [{"id":"18","nombre":"Bimbo Azcapotzalco","direccion":"Av San Pablo Xalpa 520, San Martin Xochinahuac, Azcapotzalco, 02120 Ciudad de M\u00e9xico, CDMX","ciudad":"CDMC","pais":"M\u00e9xico","fecha_creacion":"2025-04-07 12:06:45","estatus":"1"},{"id":"21","nombre":"Bimbo Villahermosa","direccion":"Av. Cobre 105, Cd Industrial, 86010 Villahermosa, Tabasco","ciudad":"Villahermosa, Tabasco","pais":"M\u00e9xico","fecha_creacion":"2025-05-12 12:11:50","estatus":"1"},{"id":"22","nombre":"Totis Planta uno Botana","direccion":"Av. San Pablo Xalpa 520, San Mart\u00edn Xochinahuac, Azcapotzalco, 02120 Ciudad de M\u00e9xico, CDMX","ciudad":"CDMX","pais":"Mexico","fecha_creacion":"2025-05-28 09:41:53","estatus":"1"},{"id":"23","nombre":"BIMBO YUCAT\u00c1N","direccion":"CALLE 21, #426, INT 0, COL. CIUDAD INDUSTRIAL","ciudad":"M\u00c9RIDA","pais":"M\u00c9XICO","fecha_creacion":"2025-07-14 17:00:19","estatus":"1"},{"id":"24","nombre":"Bimbo Toluca","direccion":"Corredor Industrial, Mz 2, Lote E, Ex Rancho El Coecillo","ciudad":"Toluca","pais":"M\u00e9xico","fecha_creacion":"2025-07-28 13:39:14","estatus":"1"},{"id":"26","nombre":"Totis planta dos","direccion":"Eje oriente poniente no. 38, col. Ciudad industrial, CP 43800, Tizayuca, Hidalgo","ciudad":"Tizayuca","pais":"M\u00e9xico","fecha_creacion":"2025-10-27 16:30:54","estatus":"1"},{"id":"27","nombre":"Bimbo M\u00e9xico Santa Mar\u00eda ","direccion":"Mimosas 117, 118 Col. Santa Mar\u00eda Insurgentes Cuauht\u00e9moc CDMX ","ciudad":"CDMX","pais":"M\u00e9xico","fecha_creacion":"2025-11-02 10:48:40","estatus":"1"},{"id":"28","nombre":"HAZPAN-LONCHIBON","direccion":"EMILIANO ZAPATA 25, PQUE. IND. LERMA","ciudad":"TOLUCA","pais":"M\u00e9xico","fecha_creacion":"2025-11-27 11:43:59","estatus":"1"},{"id":"29","nombre":"Suandy Marinela Toluca","direccion":"Emiliano Zapata 25, Pque. Ind. Lerma","ciudad":"TOLUCA","pais":"M\u00e9xico","fecha_creacion":"2025-11-27 11:55:24","estatus":"1"},{"id":"30","nombre":"T\u00eda Rosa, Toluca ","direccion":"Benito Juarez Mz. 027","ciudad":"Sta. Ma. Totoltepec, Toluca","pais":"M\u00e9xico","fecha_creacion":"2025-11-27 11:56:59","estatus":"1"},{"id":"31","nombre":"Bimbo Norte","direccion":"Av. F\u00e9lix U. G\u00f3mez 4203, Coyoac\u00e1n, C.P. 64510","ciudad":"Monterrey N.L.","pais":"M\u00e9xico","fecha_creacion":"2025-11-28 15:45:37","estatus":"1"},{"id":"32","nombre":"PLANTA DE PRUEBA","direccion":"PRUEBAS","ciudad":"DCDS","pais":"MEXICO","fecha_creacion":"2025-12-07 18:59:44","estatus":"1"},{"id":"33","nombre":"BSL","direccion":"Eje 128 #135 manzana 3, zona industrial segunda secci\u00f3n ","ciudad":"San Luis Potos\u00ed","pais":"M\u00e9xico","fecha_creacion":"2025-12-08 21:23:56","estatus":"1"},{"id":"34","nombre":"Sanissimo Monterrey","direccion":"Manuel de la Pe\u00f1a y Pe\u00f1a #1020-5, Bella Vista","ciudad":"Monterrey N.L.","pais":"M\u00e9xico","fecha_creacion":"2025-12-08 21:28:12","estatus":"1"},{"id":"36","nombre":"Bimbo Yucat\u00e1n Prueba 2025","direccion":"Calle 21, Villas M\u00e9rida, C.P. 97288, M\u00e9rida Yucat\u00e1n","ciudad":"M\u00e9rida Yucat\u00e1n","pais":"Mexico","fecha_creacion":"2025-12-16 10:43:55","estatus":"1"},{"id":"37","nombre":"BIMBO YUCATAN","direccion":"CALLE 21 CD. INDUSTRIAL","ciudad":"MERIDA YUCATAN","pais":"MEXICO","fecha_creacion":"2025-12-16 17:13:12","estatus":"1"},{"id":"38","nombre":"Bimbo Pac\u00edfico","direccion":"Av. Luis Donaldo Colosio Murrieta, No. 18900","ciudad":"Mazatl\u00e1n","pais":"M\u00e9xico","fecha_creacion":"2025-12-17 11:28:47","estatus":"1"},{"id":"39","nombre":"Bimbo Golfo","direccion":"Km 441 Carretera M\u00e9xico - Veracruz V\u00eda Xalapa, Colonia Francisco Villa, Veracruz, Veracruz, C.P: 91960","ciudad":"Veracruz","pais":"M\u00e9xico","fecha_creacion":"2025-12-17 20:05:59","estatus":"1"},{"id":"40","nombre":"Bimbo Tijuana","direccion":"Av. de Todos los santos S\/N, Industrial Pac\u00edfico, 22643. Tijuana, Baja California.","ciudad":"Tijuana","pais":"M\u00e9xico","fecha_creacion":"2026-01-02 13:33:01","estatus":"1"},{"id":"41","nombre":"PLANTA PRUEBA N","direccion":"SERVIPRO MX","ciudad":"Ciudad de M\u00e9xico","pais":"M\u00e9xico","fecha_creacion":"2026-01-06 17:57:01","estatus":"1"}]
WARNING - 2026-02-17 09:59:04 --> [DEPRECATED] Passing lowercase HTTP method "get" is deprecated. Use uppercase HTTP method like "GET". in SYSTEMPATH/Router/RouteCollection.php on line 1026.
 1 SYSTEMPATH/Router/RouteCollection.php(1026): trigger_error('Passing lowercase HTTP method "get" is deprecated. Use uppercase HTTP method like "GET".', 16384)
 2 APPPATH/Config/Routes.php(135): CodeIgniter\Router\RouteCollection->match([...], 'locations/generarPDF', 'LocationsPdfController::generarPDF')
 3 SYSTEMPATH/Router/RouteCollection.php(339): require('/home/u976386866/domains/servipro.site/public_html/app/app/Config/Routes.php')
 4 SYSTEMPATH/CodeIgniter.php(821): CodeIgniter\Router\RouteCollection->loadRoutes()
 5 SYSTEMPATH/CodeIgniter.php(455): CodeIgniter\CodeIgniter->tryToRouteIt(null)
 6 SYSTEMPATH/CodeIgniter.php(354): CodeIgniter\CodeIgniter->handleRequest(null, Object(Config\Cache), false)
 7 SYSTEMPATH/Boot.php(334): CodeIgniter\CodeIgniter->run()
 8 SYSTEMPATH/Boot.php(67): CodeIgniter\Boot::runCodeIgniter(Object(CodeIgniter\CodeIgniter))
 9 FCPATH/index.php(56): CodeIgniter\Boot::bootWeb(Object(Config\Paths))
WARNING - 2026-02-17 09:59:04 --> [DEPRECATED] Passing lowercase HTTP method "post" is deprecated. Use uppercase HTTP method like "POST". in SYSTEMPATH/Router/RouteCollection.php on line 1026.
 1 SYSTEMPATH/Router/RouteCollection.php(1026): trigger_error('Passing lowercase HTTP method "post" is deprecated. Use uppercase HTTP method like "POST".', 16384)
 2 APPPATH/Config/Routes.php(135): CodeIgniter\Router\RouteCollection->match([...], 'locations/generarPDF', 'LocationsPdfController::generarPDF')
 3 SYSTEMPATH/Router/RouteCollection.php(339): require('/home/u976386866/domains/servipro.site/public_html/app/app/Config/Routes.php')
 4 SYSTEMPATH/CodeIgniter.php(821): CodeIgniter\Router\RouteCollection->loadRoutes()
 5 SYSTEMPATH/CodeIgniter.php(455): CodeIgniter\CodeIgniter->tryToRouteIt(null)
 6 SYSTEMPATH/CodeIgniter.php(354): CodeIgniter\CodeIgniter->handleRequest(null, Object(Config\Cache), false)
 7 SYSTEMPATH/Boot.php(334): CodeIgniter\CodeIgniter->run()
 8 SYSTEMPATH/Boot.php(67): CodeIgniter\Boot::runCodeIgniter(Object(CodeIgniter\CodeIgniter))
 9 FCPATH/index.php(56): CodeIgniter\Boot::bootWeb(Object(Config\Paths))
DEBUG - 2026-02-17 09:59:04 --> Session: Class initialized using 'CodeIgniter\Session\Handlers\FileHandler' driver.
WARNING - 2026-02-17 09:59:14 --> [DEPRECATED] Passing lowercase HTTP method "get" is deprecated. Use uppercase HTTP method like "GET". in SYSTEMPATH/Router/RouteCollection.php on line 1026.
 1 SYSTEMPATH/Router/RouteCollection.php(1026): trigger_error('Passing lowercase HTTP method "get" is deprecated. Use uppercase HTTP method like "GET".', 16384)
 2 APPPATH/Config/Routes.php(135): CodeIgniter\Router\RouteCollection->match([...], 'locations/generarPDF', 'LocationsPdfController::generarPDF')
 3 SYSTEMPATH/Router/RouteCollection.php(339): require('/home/u976386866/domains/servipro.site/public_html/app/app/Config/Routes.php')
 4 SYSTEMPATH/CodeIgniter.php(821): CodeIgniter\Router\RouteCollection->loadRoutes()
 5 SYSTEMPATH/CodeIgniter.php(455): CodeIgniter\CodeIgniter->tryToRouteIt(null)
 6 SYSTEMPATH/CodeIgniter.php(354): CodeIgniter\CodeIgniter->handleRequest(null, Object(Config\Cache), false)
 7 SYSTEMPATH/Boot.php(334): CodeIgniter\CodeIgniter->run()
 8 SYSTEMPATH/Boot.php(67): CodeIgniter\Boot::runCodeIgniter(Object(CodeIgniter\CodeIgniter))
 9 FCPATH/index.php(56): CodeIgniter\Boot::bootWeb(Object(Config\Paths))
WARNING - 2026-02-17 09:59:14 --> [DEPRECATED] Passing lowercase HTTP method "post" is deprecated. Use uppercase HTTP method like "POST". in SYSTEMPATH/Router/RouteCollection.php on line 1026.
 1 SYSTEMPATH/Router/RouteCollection.php(1026): trigger_error('Passing lowercase HTTP method "post" is deprecated. Use uppercase HTTP method like "POST".', 16384)
 2 APPPATH/Config/Routes.php(135): CodeIgniter\Router\RouteCollection->match([...], 'locations/generarPDF', 'LocationsPdfController::generarPDF')
 3 SYSTEMPATH/Router/RouteCollection.php(339): require('/home/u976386866/domains/servipro.site/public_html/app/app/Config/Routes.php')
 4 SYSTEMPATH/CodeIgniter.php(821): CodeIgniter\Router\RouteCollection->loadRoutes()
 5 SYSTEMPATH/CodeIgniter.php(455): CodeIgniter\CodeIgniter->tryToRouteIt(null)
 6 SYSTEMPATH/CodeIgniter.php(354): CodeIgniter\CodeIgniter->handleRequest(null, Object(Config\Cache), false)
 7 SYSTEMPATH/Boot.php(334): CodeIgniter\CodeIgniter->run()
 8 SYSTEMPATH/Boot.php(67): CodeIgniter\Boot::runCodeIgniter(Object(CodeIgniter\CodeIgniter))
 9 FCPATH/index.php(56): CodeIgniter\Boot::bootWeb(Object(Config\Paths))
DEBUG - 2026-02-17 09:59:14 --> Session: Class initialized using 'CodeIgniter\Session\Handlers\FileHandler' driver.
WARNING - 2026-02-17 09:59:23 --> [DEPRECATED] Passing lowercase HTTP method "get" is deprecated. Use uppercase HTTP method like "GET". in SYSTEMPATH/Router/RouteCollection.php on line 1026.
 1 SYSTEMPATH/Router/RouteCollection.php(1026): trigger_error('Passing lowercase HTTP method "get" is deprecated. Use uppercase HTTP method like "GET".', 16384)
 2 APPPATH/Config/Routes.php(135): CodeIgniter\Router\RouteCollection->match([...], 'locations/generarPDF', 'LocationsPdfController::generarPDF')
 3 SYSTEMPATH/Router/RouteCollection.php(339): require('/home/u976386866/domains/servipro.site/public_html/app/app/Config/Routes.php')
 4 SYSTEMPATH/CodeIgniter.php(821): CodeIgniter\Router\RouteCollection->loadRoutes()
 5 SYSTEMPATH/CodeIgniter.php(455): CodeIgniter\CodeIgniter->tryToRouteIt(null)
 6 SYSTEMPATH/CodeIgniter.php(354): CodeIgniter\CodeIgniter->handleRequest(null, Object(Config\Cache), false)
 7 SYSTEMPATH/Boot.php(334): CodeIgniter\CodeIgniter->run()
 8 SYSTEMPATH/Boot.php(67): CodeIgniter\Boot::runCodeIgniter(Object(CodeIgniter\CodeIgniter))
 9 FCPATH/index.php(56): CodeIgniter\Boot::bootWeb(Object(Config\Paths))
WARNING - 2026-02-17 09:59:23 --> [DEPRECATED] Passing lowercase HTTP method "post" is deprecated. Use uppercase HTTP method like "POST". in SYSTEMPATH/Router/RouteCollection.php on line 1026.
 1 SYSTEMPATH/Router/RouteCollection.php(1026): trigger_error('Passing lowercase HTTP method "post" is deprecated. Use uppercase HTTP method like "POST".', 16384)
 2 APPPATH/Config/Routes.php(135): CodeIgniter\Router\RouteCollection->match([...], 'locations/generarPDF', 'LocationsPdfController::generarPDF')
 3 SYSTEMPATH/Router/RouteCollection.php(339): require('/home/u976386866/domains/servipro.site/public_html/app/app/Config/Routes.php')
 4 SYSTEMPATH/CodeIgniter.php(821): CodeIgniter\Router\RouteCollection->loadRoutes()
 5 SYSTEMPATH/CodeIgniter.php(455): CodeIgniter\CodeIgniter->tryToRouteIt(null)
 6 SYSTEMPATH/CodeIgniter.php(354): CodeIgniter\CodeIgniter->handleRequest(null, Object(Config\Cache), false)
 7 SYSTEMPATH/Boot.php(334): CodeIgniter\CodeIgniter->run()
 8 SYSTEMPATH/Boot.php(67): CodeIgniter\Boot::runCodeIgniter(Object(CodeIgniter\CodeIgniter))
 9 FCPATH/index.php(56): CodeIgniter\Boot::bootWeb(Object(Config\Paths))
DEBUG - 2026-02-17 09:59:23 --> Session: Class initialized using 'CodeIgniter\Session\Handlers\FileHandler' driver.
WARNING - 2026-02-17 09:59:29 --> [DEPRECATED] Passing lowercase HTTP method "get" is deprecated. Use uppercase HTTP method like "GET". in SYSTEMPATH/Router/RouteCollection.php on line 1026.
 1 SYSTEMPATH/Router/RouteCollection.php(1026): trigger_error('Passing lowercase HTTP method "get" is deprecated. Use uppercase HTTP method like "GET".', 16384)
 2 APPPATH/Config/Routes.php(135): CodeIgniter\Router\RouteCollection->match([...], 'locations/generarPDF', 'LocationsPdfController::generarPDF')
 3 SYSTEMPATH/Router/RouteCollection.php(339): require('/home/u976386866/domains/servipro.site/public_html/app/app/Config/Routes.php')
 4 SYSTEMPATH/CodeIgniter.php(821): CodeIgniter\Router\RouteCollection->loadRoutes()
 5 SYSTEMPATH/CodeIgniter.php(455): CodeIgniter\CodeIgniter->tryToRouteIt(null)
 6 SYSTEMPATH/CodeIgniter.php(354): CodeIgniter\CodeIgniter->handleRequest(null, Object(Config\Cache), false)
 7 SYSTEMPATH/Boot.php(334): CodeIgniter\CodeIgniter->run()
 8 SYSTEMPATH/Boot.php(67): CodeIgniter\Boot::runCodeIgniter(Object(CodeIgniter\CodeIgniter))
 9 FCPATH/index.php(56): CodeIgniter\Boot::bootWeb(Object(Config\Paths))
WARNING - 2026-02-17 09:59:29 --> [DEPRECATED] Passing lowercase HTTP method "post" is deprecated. Use uppercase HTTP method like "POST". in SYSTEMPATH/Router/RouteCollection.php on line 1026.
 1 SYSTEMPATH/Router/RouteCollection.php(1026): trigger_error('Passing lowercase HTTP method "post" is deprecated. Use uppercase HTTP method like "POST".', 16384)
 2 APPPATH/Config/Routes.php(135): CodeIgniter\Router\RouteCollection->match([...], 'locations/generarPDF', 'LocationsPdfController::generarPDF')
 3 SYSTEMPATH/Router/RouteCollection.php(339): require('/home/u976386866/domains/servipro.site/public_html/app/app/Config/Routes.php')
 4 SYSTEMPATH/CodeIgniter.php(821): CodeIgniter\Router\RouteCollection->loadRoutes()
 5 SYSTEMPATH/CodeIgniter.php(455): CodeIgniter\CodeIgniter->tryToRouteIt(null)
 6 SYSTEMPATH/CodeIgniter.php(354): CodeIgniter\CodeIgniter->handleRequest(null, Object(Config\Cache), false)
 7 SYSTEMPATH/Boot.php(334): CodeIgniter\CodeIgniter->run()
 8 SYSTEMPATH/Boot.php(67): CodeIgniter\Boot::runCodeIgniter(Object(CodeIgniter\CodeIgniter))
 9 FCPATH/index.php(56): CodeIgniter\Boot::bootWeb(Object(Config\Paths))
DEBUG - 2026-02-17 09:59:29 --> Session: Class initialized using 'CodeIgniter\Session\Handlers\FileHandler' driver.
DEBUG - 2026-02-17 09:59:29 --> Iniciando carga de sedes
DEBUG - 2026-02-17 09:59:29 --> Sedes cargadas: [{"id":"18","nombre":"Bimbo Azcapotzalco","direccion":"Av San Pablo Xalpa 520, San Martin Xochinahuac, Azcapotzalco, 02120 Ciudad de M\u00e9xico, CDMX","ciudad":"CDMC","pais":"M\u00e9xico","fecha_creacion":"2025-04-07 12:06:45","estatus":"1"},{"id":"21","nombre":"Bimbo Villahermosa","direccion":"Av. Cobre 105, Cd Industrial, 86010 Villahermosa, Tabasco","ciudad":"Villahermosa, Tabasco","pais":"M\u00e9xico","fecha_creacion":"2025-05-12 12:11:50","estatus":"1"},{"id":"22","nombre":"Totis Planta uno Botana","direccion":"Av. San Pablo Xalpa 520, San Mart\u00edn Xochinahuac, Azcapotzalco, 02120 Ciudad de M\u00e9xico, CDMX","ciudad":"CDMX","pais":"Mexico","fecha_creacion":"2025-05-28 09:41:53","estatus":"1"},{"id":"23","nombre":"BIMBO YUCAT\u00c1N","direccion":"CALLE 21, #426, INT 0, COL. CIUDAD INDUSTRIAL","ciudad":"M\u00c9RIDA","pais":"M\u00c9XICO","fecha_creacion":"2025-07-14 17:00:19","estatus":"1"},{"id":"24","nombre":"Bimbo Toluca","direccion":"Corredor Industrial, Mz 2, Lote E, Ex Rancho El Coecillo","ciudad":"Toluca","pais":"M\u00e9xico","fecha_creacion":"2025-07-28 13:39:14","estatus":"1"},{"id":"26","nombre":"Totis planta dos","direccion":"Eje oriente poniente no. 38, col. Ciudad industrial, CP 43800, Tizayuca, Hidalgo","ciudad":"Tizayuca","pais":"M\u00e9xico","fecha_creacion":"2025-10-27 16:30:54","estatus":"1"},{"id":"27","nombre":"Bimbo M\u00e9xico Santa Mar\u00eda ","direccion":"Mimosas 117, 118 Col. Santa Mar\u00eda Insurgentes Cuauht\u00e9moc CDMX ","ciudad":"CDMX","pais":"M\u00e9xico","fecha_creacion":"2025-11-02 10:48:40","estatus":"1"},{"id":"28","nombre":"HAZPAN-LONCHIBON","direccion":"EMILIANO ZAPATA 25, PQUE. IND. LERMA","ciudad":"TOLUCA","pais":"M\u00e9xico","fecha_creacion":"2025-11-27 11:43:59","estatus":"1"},{"id":"29","nombre":"Suandy Marinela Toluca","direccion":"Emiliano Zapata 25, Pque. Ind. Lerma","ciudad":"TOLUCA","pais":"M\u00e9xico","fecha_creacion":"2025-11-27 11:55:24","estatus":"1"},{"id":"30","nombre":"T\u00eda Rosa, Toluca ","direccion":"Benito Juarez Mz. 027","ciudad":"Sta. Ma. Totoltepec, Toluca","pais":"M\u00e9xico","fecha_creacion":"2025-11-27 11:56:59","estatus":"1"},{"id":"31","nombre":"Bimbo Norte","direccion":"Av. F\u00e9lix U. G\u00f3mez 4203, Coyoac\u00e1n, C.P. 64510","ciudad":"Monterrey N.L.","pais":"M\u00e9xico","fecha_creacion":"2025-11-28 15:45:37","estatus":"1"},{"id":"32","nombre":"PLANTA DE PRUEBA","direccion":"PRUEBAS","ciudad":"DCDS","pais":"MEXICO","fecha_creacion":"2025-12-07 18:59:44","estatus":"1"},{"id":"33","nombre":"BSL","direccion":"Eje 128 #135 manzana 3, zona industrial segunda secci\u00f3n ","ciudad":"San Luis Potos\u00ed","pais":"M\u00e9xico","fecha_creacion":"2025-12-08 21:23:56","estatus":"1"},{"id":"34","nombre":"Sanissimo Monterrey","direccion":"Manuel de la Pe\u00f1a y Pe\u00f1a #1020-5, Bella Vista","ciudad":"Monterrey N.L.","pais":"M\u00e9xico","fecha_creacion":"2025-12-08 21:28:12","estatus":"1"},{"id":"36","nombre":"Bimbo Yucat\u00e1n Prueba 2025","direccion":"Calle 21, Villas M\u00e9rida, C.P. 97288, M\u00e9rida Yucat\u00e1n","ciudad":"M\u00e9rida Yucat\u00e1n","pais":"Mexico","fecha_creacion":"2025-12-16 10:43:55","estatus":"1"},{"id":"37","nombre":"BIMBO YUCATAN","direccion":"CALLE 21 CD. INDUSTRIAL","ciudad":"MERIDA YUCATAN","pais":"MEXICO","fecha_creacion":"2025-12-16 17:13:12","estatus":"1"},{"id":"38","nombre":"Bimbo Pac\u00edfico","direccion":"Av. Luis Donaldo Colosio Murrieta, No. 18900","ciudad":"Mazatl\u00e1n","pais":"M\u00e9xico","fecha_creacion":"2025-12-17 11:28:47","estatus":"1"},{"id":"39","nombre":"Bimbo Golfo","direccion":"Km 441 Carretera M\u00e9xico - Veracruz V\u00eda Xalapa, Colonia Francisco Villa, Veracruz, Veracruz, C.P: 91960","ciudad":"Veracruz","pais":"M\u00e9xico","fecha_creacion":"2025-12-17 20:05:59","estatus":"1"},{"id":"40","nombre":"Bimbo Tijuana","direccion":"Av. de Todos los santos S\/N, Industrial Pac\u00edfico, 22643. Tijuana, Baja California.","ciudad":"Tijuana","pais":"M\u00e9xico","fecha_creacion":"2026-01-02 13:33:01","estatus":"1"},{"id":"41","nombre":"PLANTA PRUEBA N","direccion":"SERVIPRO MX","ciudad":"Ciudad de M\u00e9xico","pais":"M\u00e9xico","fecha_creacion":"2026-01-06 17:57:01","estatus":"1"}]
WARNING - 2026-02-17 09:59:30 --> [DEPRECATED] Passing lowercase HTTP method "get" is deprecated. Use uppercase HTTP method like "GET". in SYSTEMPATH/Router/RouteCollection.php on line 1026.
 1 SYSTEMPATH/Router/RouteCollection.php(1026): trigger_error('Passing lowercase HTTP method "get" is deprecated. Use uppercase HTTP method like "GET".', 16384)
 2 APPPATH/Config/Routes.php(135): CodeIgniter\Router\RouteCollection->match([...], 'locations/generarPDF', 'LocationsPdfController::generarPDF')
 3 SYSTEMPATH/Router/RouteCollection.php(339): require('/home/u976386866/domains/servipro.site/public_html/app/app/Config/Routes.php')
 4 SYSTEMPATH/CodeIgniter.php(821): CodeIgniter\Router\RouteCollection->loadRoutes()
 5 SYSTEMPATH/CodeIgniter.php(455): CodeIgniter\CodeIgniter->tryToRouteIt(null)
 6 SYSTEMPATH/CodeIgniter.php(354): CodeIgniter\CodeIgniter->handleRequest(null, Object(Config\Cache), false)
 7 SYSTEMPATH/Boot.php(334): CodeIgniter\CodeIgniter->run()
 8 SYSTEMPATH/Boot.php(67): CodeIgniter\Boot::runCodeIgniter(Object(CodeIgniter\CodeIgniter))
 9 FCPATH/index.php(56): CodeIgniter\Boot::bootWeb(Object(Config\Paths))
WARNING - 2026-02-17 09:59:30 --> [DEPRECATED] Passing lowercase HTTP method "post" is deprecated. Use uppercase HTTP method like "POST". in SYSTEMPATH/Router/RouteCollection.php on line 1026.
 1 SYSTEMPATH/Router/RouteCollection.php(1026): trigger_error('Passing lowercase HTTP method "post" is deprecated. Use uppercase HTTP method like "POST".', 16384)
 2 APPPATH/Config/Routes.php(135): CodeIgniter\Router\RouteCollection->match([...], 'locations/generarPDF', 'LocationsPdfController::generarPDF')
 3 SYSTEMPATH/Router/RouteCollection.php(339): require('/home/u976386866/domains/servipro.site/public_html/app/app/Config/Routes.php')
 4 SYSTEMPATH/CodeIgniter.php(821): CodeIgniter\Router\RouteCollection->loadRoutes()
 5 SYSTEMPATH/CodeIgniter.php(455): CodeIgniter\CodeIgniter->tryToRouteIt(null)
 6 SYSTEMPATH/CodeIgniter.php(354): CodeIgniter\CodeIgniter->handleRequest(null, Object(Config\Cache), false)
 7 SYSTEMPATH/Boot.php(334): CodeIgniter\CodeIgniter->run()
 8 SYSTEMPATH/Boot.php(67): CodeIgniter\Boot::runCodeIgniter(Object(CodeIgniter\CodeIgniter))
 9 FCPATH/index.php(56): CodeIgniter\Boot::bootWeb(Object(Config\Paths))
DEBUG - 2026-02-17 09:59:30 --> Session: Class initialized using 'CodeIgniter\Session\Handlers\FileHandler' driver.
WARNING - 2026-02-17 09:59:39 --> [DEPRECATED] Passing lowercase HTTP method "get" is deprecated. Use uppercase HTTP method like "GET". in SYSTEMPATH/Router/RouteCollection.php on line 1026.
 1 SYSTEMPATH/Router/RouteCollection.php(1026): trigger_error('Passing lowercase HTTP method "get" is deprecated. Use uppercase HTTP method like "GET".', 16384)
 2 APPPATH/Config/Routes.php(135): CodeIgniter\Router\RouteCollection->match([...], 'locations/generarPDF', 'LocationsPdfController::generarPDF')
 3 SYSTEMPATH/Router/RouteCollection.php(339): require('/home/u976386866/domains/servipro.site/public_html/app/app/Config/Routes.php')
 4 SYSTEMPATH/CodeIgniter.php(821): CodeIgniter\Router\RouteCollection->loadRoutes()
 5 SYSTEMPATH/CodeIgniter.php(455): CodeIgniter\CodeIgniter->tryToRouteIt(null)
 6 SYSTEMPATH/CodeIgniter.php(354): CodeIgniter\CodeIgniter->handleRequest(null, Object(Config\Cache), false)
 7 SYSTEMPATH/Boot.php(334): CodeIgniter\CodeIgniter->run()
 8 SYSTEMPATH/Boot.php(67): CodeIgniter\Boot::runCodeIgniter(Object(CodeIgniter\CodeIgniter))
 9 FCPATH/index.php(56): CodeIgniter\Boot::bootWeb(Object(Config\Paths))
WARNING - 2026-02-17 09:59:39 --> [DEPRECATED] Passing lowercase HTTP method "post" is deprecated. Use uppercase HTTP method like "POST". in SYSTEMPATH/Router/RouteCollection.php on line 1026.
 1 SYSTEMPATH/Router/RouteCollection.php(1026): trigger_error('Passing lowercase HTTP method "post" is deprecated. Use uppercase HTTP method like "POST".', 16384)
 2 APPPATH/Config/Routes.php(135): CodeIgniter\Router\RouteCollection->match([...], 'locations/generarPDF', 'LocationsPdfController::generarPDF')
 3 SYSTEMPATH/Router/RouteCollection.php(339): require('/home/u976386866/domains/servipro.site/public_html/app/app/Config/Routes.php')
 4 SYSTEMPATH/CodeIgniter.php(821): CodeIgniter\Router\RouteCollection->loadRoutes()
 5 SYSTEMPATH/CodeIgniter.php(455): CodeIgniter\CodeIgniter->tryToRouteIt(null)
 6 SYSTEMPATH/CodeIgniter.php(354): CodeIgniter\CodeIgniter->handleRequest(null, Object(Config\Cache), false)
 7 SYSTEMPATH/Boot.php(334): CodeIgniter\CodeIgniter->run()
 8 SYSTEMPATH/Boot.php(67): CodeIgniter\Boot::runCodeIgniter(Object(CodeIgniter\CodeIgniter))
 9 FCPATH/index.php(56): CodeIgniter\Boot::bootWeb(Object(Config\Paths))
DEBUG - 2026-02-17 09:59:39 --> Session: Class initialized using 'CodeIgniter\Session\Handlers\FileHandler' driver.
WARNING - 2026-02-17 10:00:19 --> [DEPRECATED] Passing lowercase HTTP method "get" is deprecated. Use uppercase HTTP method like "GET". in SYSTEMPATH/Router/RouteCollection.php on line 1026.
 1 SYSTEMPATH/Router/RouteCollection.php(1026): trigger_error('Passing lowercase HTTP method "get" is deprecated. Use uppercase HTTP method like "GET".', 16384)
 2 APPPATH/Config/Routes.php(135): CodeIgniter\Router\RouteCollection->match([...], 'locations/generarPDF', 'LocationsPdfController::generarPDF')
 3 SYSTEMPATH/Router/RouteCollection.php(339): require('/home/u976386866/domains/servipro.site/public_html/app/app/Config/Routes.php')
 4 SYSTEMPATH/CodeIgniter.php(821): CodeIgniter\Router\RouteCollection->loadRoutes()
 5 SYSTEMPATH/CodeIgniter.php(455): CodeIgniter\CodeIgniter->tryToRouteIt(null)
 6 SYSTEMPATH/CodeIgniter.php(354): CodeIgniter\CodeIgniter->handleRequest(null, Object(Config\Cache), false)
 7 SYSTEMPATH/Boot.php(334): CodeIgniter\CodeIgniter->run()
 8 SYSTEMPATH/Boot.php(67): CodeIgniter\Boot::runCodeIgniter(Object(CodeIgniter\CodeIgniter))
 9 FCPATH/index.php(56): CodeIgniter\Boot::bootWeb(Object(Config\Paths))
WARNING - 2026-02-17 10:00:19 --> [DEPRECATED] Passing lowercase HTTP method "post" is deprecated. Use uppercase HTTP method like "POST". in SYSTEMPATH/Router/RouteCollection.php on line 1026.
 1 SYSTEMPATH/Router/RouteCollection.php(1026): trigger_error('Passing lowercase HTTP method "post" is deprecated. Use uppercase HTTP method like "POST".', 16384)
 2 APPPATH/Config/Routes.php(135): CodeIgniter\Router\RouteCollection->match([...], 'locations/generarPDF', 'LocationsPdfController::generarPDF')
 3 SYSTEMPATH/Router/RouteCollection.php(339): require('/home/u976386866/domains/servipro.site/public_html/app/app/Config/Routes.php')
 4 SYSTEMPATH/CodeIgniter.php(821): CodeIgniter\Router\RouteCollection->loadRoutes()
 5 SYSTEMPATH/CodeIgniter.php(455): CodeIgniter\CodeIgniter->tryToRouteIt(null)
 6 SYSTEMPATH/CodeIgniter.php(354): CodeIgniter\CodeIgniter->handleRequest(null, Object(Config\Cache), false)
 7 SYSTEMPATH/Boot.php(334): CodeIgniter\CodeIgniter->run()
 8 SYSTEMPATH/Boot.php(67): CodeIgniter\Boot::runCodeIgniter(Object(CodeIgniter\CodeIgniter))
 9 FCPATH/index.php(56): CodeIgniter\Boot::bootWeb(Object(Config\Paths))
DEBUG - 2026-02-17 10:00:19 --> Session: Class initialized using 'CodeIgniter\Session\Handlers\FileHandler' driver.
WARNING - 2026-02-17 10:00:59 --> [DEPRECATED] Passing lowercase HTTP method "get" is deprecated. Use uppercase HTTP method like "GET". in SYSTEMPATH/Router/RouteCollection.php on line 1026.
 1 SYSTEMPATH/Router/RouteCollection.php(1026): trigger_error('Passing lowercase HTTP method "get" is deprecated. Use uppercase HTTP method like "GET".', 16384)
 2 APPPATH/Config/Routes.php(135): CodeIgniter\Router\RouteCollection->match([...], 'locations/generarPDF', 'LocationsPdfController::generarPDF')
 3 SYSTEMPATH/Router/RouteCollection.php(339): require('/home/u976386866/domains/servipro.site/public_html/app/app/Config/Routes.php')
 4 SYSTEMPATH/CodeIgniter.php(821): CodeIgniter\Router\RouteCollection->loadRoutes()
 5 SYSTEMPATH/CodeIgniter.php(455): CodeIgniter\CodeIgniter->tryToRouteIt(null)
 6 SYSTEMPATH/CodeIgniter.php(354): CodeIgniter\CodeIgniter->handleRequest(null, Object(Config\Cache), false)
 7 SYSTEMPATH/Boot.php(334): CodeIgniter\CodeIgniter->run()
 8 SYSTEMPATH/Boot.php(67): CodeIgniter\Boot::runCodeIgniter(Object(CodeIgniter\CodeIgniter))
 9 FCPATH/index.php(56): CodeIgniter\Boot::bootWeb(Object(Config\Paths))
WARNING - 2026-02-17 10:00:59 --> [DEPRECATED] Passing lowercase HTTP method "post" is deprecated. Use uppercase HTTP method like "POST". in SYSTEMPATH/Router/RouteCollection.php on line 1026.
 1 SYSTEMPATH/Router/RouteCollection.php(1026): trigger_error('Passing lowercase HTTP method "post" is deprecated. Use uppercase HTTP method like "POST".', 16384)
 2 APPPATH/Config/Routes.php(135): CodeIgniter\Router\RouteCollection->match([...], 'locations/generarPDF', 'LocationsPdfController::generarPDF')
 3 SYSTEMPATH/Router/RouteCollection.php(339): require('/home/u976386866/domains/servipro.site/public_html/app/app/Config/Routes.php')
 4 SYSTEMPATH/CodeIgniter.php(821): CodeIgniter\Router\RouteCollection->loadRoutes()
 5 SYSTEMPATH/CodeIgniter.php(455): CodeIgniter\CodeIgniter->tryToRouteIt(null)
 6 SYSTEMPATH/CodeIgniter.php(354): CodeIgniter\CodeIgniter->handleRequest(null, Object(Config\Cache), false)
 7 SYSTEMPATH/Boot.php(334): CodeIgniter\CodeIgniter->run()
 8 SYSTEMPATH/Boot.php(67): CodeIgniter\Boot::runCodeIgniter(Object(CodeIgniter\CodeIgniter))
 9 FCPATH/index.php(56): CodeIgniter\Boot::bootWeb(Object(Config\Paths))
DEBUG - 2026-02-17 10:00:59 --> Session: Class initialized using 'CodeIgniter\Session\Handlers\FileHandler' driver.
DEBUG - 2026-02-17 10:00:59 --> Iniciando carga de sedes
DEBUG - 2026-02-17 10:00:59 --> Sedes cargadas: [{"id":"18","nombre":"Bimbo Azcapotzalco","direccion":"Av San Pablo Xalpa 520, San Martin Xochinahuac, Azcapotzalco, 02120 Ciudad de M\u00e9xico, CDMX","ciudad":"CDMC","pais":"M\u00e9xico","fecha_creacion":"2025-04-07 12:06:45","estatus":"1"},{"id":"21","nombre":"Bimbo Villahermosa","direccion":"Av. Cobre 105, Cd Industrial, 86010 Villahermosa, Tabasco","ciudad":"Villahermosa, Tabasco","pais":"M\u00e9xico","fecha_creacion":"2025-05-12 12:11:50","estatus":"1"},{"id":"22","nombre":"Totis Planta uno Botana","direccion":"Av. San Pablo Xalpa 520, San Mart\u00edn Xochinahuac, Azcapotzalco, 02120 Ciudad de M\u00e9xico, CDMX","ciudad":"CDMX","pais":"Mexico","fecha_creacion":"2025-05-28 09:41:53","estatus":"1"},{"id":"23","nombre":"BIMBO YUCAT\u00c1N","direccion":"CALLE 21, #426, INT 0, COL. CIUDAD INDUSTRIAL","ciudad":"M\u00c9RIDA","pais":"M\u00c9XICO","fecha_creacion":"2025-07-14 17:00:19","estatus":"1"},{"id":"24","nombre":"Bimbo Toluca","direccion":"Corredor Industrial, Mz 2, Lote E, Ex Rancho El Coecillo","ciudad":"Toluca","pais":"M\u00e9xico","fecha_creacion":"2025-07-28 13:39:14","estatus":"1"},{"id":"26","nombre":"Totis planta dos","direccion":"Eje oriente poniente no. 38, col. Ciudad industrial, CP 43800, Tizayuca, Hidalgo","ciudad":"Tizayuca","pais":"M\u00e9xico","fecha_creacion":"2025-10-27 16:30:54","estatus":"1"},{"id":"27","nombre":"Bimbo M\u00e9xico Santa Mar\u00eda ","direccion":"Mimosas 117, 118 Col. Santa Mar\u00eda Insurgentes Cuauht\u00e9moc CDMX ","ciudad":"CDMX","pais":"M\u00e9xico","fecha_creacion":"2025-11-02 10:48:40","estatus":"1"},{"id":"28","nombre":"HAZPAN-LONCHIBON","direccion":"EMILIANO ZAPATA 25, PQUE. IND. LERMA","ciudad":"TOLUCA","pais":"M\u00e9xico","fecha_creacion":"2025-11-27 11:43:59","estatus":"1"},{"id":"29","nombre":"Suandy Marinela Toluca","direccion":"Emiliano Zapata 25, Pque. Ind. Lerma","ciudad":"TOLUCA","pais":"M\u00e9xico","fecha_creacion":"2025-11-27 11:55:24","estatus":"1"},{"id":"30","nombre":"T\u00eda Rosa, Toluca ","direccion":"Benito Juarez Mz. 027","ciudad":"Sta. Ma. Totoltepec, Toluca","pais":"M\u00e9xico","fecha_creacion":"2025-11-27 11:56:59","estatus":"1"},{"id":"31","nombre":"Bimbo Norte","direccion":"Av. F\u00e9lix U. G\u00f3mez 4203, Coyoac\u00e1n, C.P. 64510","ciudad":"Monterrey N.L.","pais":"M\u00e9xico","fecha_creacion":"2025-11-28 15:45:37","estatus":"1"},{"id":"32","nombre":"PLANTA DE PRUEBA","direccion":"PRUEBAS","ciudad":"DCDS","pais":"MEXICO","fecha_creacion":"2025-12-07 18:59:44","estatus":"1"},{"id":"33","nombre":"BSL","direccion":"Eje 128 #135 manzana 3, zona industrial segunda secci\u00f3n ","ciudad":"San Luis Potos\u00ed","pais":"M\u00e9xico","fecha_creacion":"2025-12-08 21:23:56","estatus":"1"},{"id":"34","nombre":"Sanissimo Monterrey","direccion":"Manuel de la Pe\u00f1a y Pe\u00f1a #1020-5, Bella Vista","ciudad":"Monterrey N.L.","pais":"M\u00e9xico","fecha_creacion":"2025-12-08 21:28:12","estatus":"1"},{"id":"36","nombre":"Bimbo Yucat\u00e1n Prueba 2025","direccion":"Calle 21, Villas M\u00e9rida, C.P. 97288, M\u00e9rida Yucat\u00e1n","ciudad":"M\u00e9rida Yucat\u00e1n","pais":"Mexico","fecha_creacion":"2025-12-16 10:43:55","estatus":"1"},{"id":"37","nombre":"BIMBO YUCATAN","direccion":"CALLE 21 CD. INDUSTRIAL","ciudad":"MERIDA YUCATAN","pais":"MEXICO","fecha_creacion":"2025-12-16 17:13:12","estatus":"1"},{"id":"38","nombre":"Bimbo Pac\u00edfico","direccion":"Av. Luis Donaldo Colosio Murrieta, No. 18900","ciudad":"Mazatl\u00e1n","pais":"M\u00e9xico","fecha_creacion":"2025-12-17 11:28:47","estatus":"1"},{"id":"39","nombre":"Bimbo Golfo","direccion":"Km 441 Carretera M\u00e9xico - Veracruz V\u00eda Xalapa, Colonia Francisco Villa, Veracruz, Veracruz, C.P: 91960","ciudad":"Veracruz","pais":"M\u00e9xico","fecha_creacion":"2025-12-17 20:05:59","estatus":"1"},{"id":"40","nombre":"Bimbo Tijuana","direccion":"Av. de Todos los santos S\/N, Industrial Pac\u00edfico, 22643. Tijuana, Baja California.","ciudad":"Tijuana","pais":"M\u00e9xico","fecha_creacion":"2026-01-02 13:33:01","estatus":"1"},{"id":"41","nombre":"PLANTA PRUEBA N","direccion":"SERVIPRO MX","ciudad":"Ciudad de M\u00e9xico","pais":"M\u00e9xico","fecha_creacion":"2026-01-06 17:57:01","estatus":"1"}]
WARNING - 2026-02-17 10:01:20 --> [DEPRECATED] Passing lowercase HTTP method "get" is deprecated. Use uppercase HTTP method like "GET". in SYSTEMPATH/Router/RouteCollection.php on line 1026.
 1 SYSTEMPATH/Router/RouteCollection.php(1026): trigger_error('Passing lowercase HTTP method "get" is deprecated. Use uppercase HTTP method like "GET".', 16384)
 2 APPPATH/Config/Routes.php(135): CodeIgniter\Router\RouteCollection->match([...], 'locations/generarPDF', 'LocationsPdfController::generarPDF')
 3 SYSTEMPATH/Router/RouteCollection.php(339): require('/home/u976386866/domains/servipro.site/public_html/app/app/Config/Routes.php')
 4 SYSTEMPATH/CodeIgniter.php(821): CodeIgniter\Router\RouteCollection->loadRoutes()
 5 SYSTEMPATH/CodeIgniter.php(455): CodeIgniter\CodeIgniter->tryToRouteIt(null)
 6 SYSTEMPATH/CodeIgniter.php(354): CodeIgniter\CodeIgniter->handleRequest(null, Object(Config\Cache), false)
 7 SYSTEMPATH/Boot.php(334): CodeIgniter\CodeIgniter->run()
 8 SYSTEMPATH/Boot.php(67): CodeIgniter\Boot::runCodeIgniter(Object(CodeIgniter\CodeIgniter))
 9 FCPATH/index.php(56): CodeIgniter\Boot::bootWeb(Object(Config\Paths))
WARNING - 2026-02-17 10:01:20 --> [DEPRECATED] Passing lowercase HTTP method "post" is deprecated. Use uppercase HTTP method like "POST". in SYSTEMPATH/Router/RouteCollection.php on line 1026.
 1 SYSTEMPATH/Router/RouteCollection.php(1026): trigger_error('Passing lowercase HTTP method "post" is deprecated. Use uppercase HTTP method like "POST".', 16384)
 2 APPPATH/Config/Routes.php(135): CodeIgniter\Router\RouteCollection->match([...], 'locations/generarPDF', 'LocationsPdfController::generarPDF')
 3 SYSTEMPATH/Router/RouteCollection.php(339): require('/home/u976386866/domains/servipro.site/public_html/app/app/Config/Routes.php')
 4 SYSTEMPATH/CodeIgniter.php(821): CodeIgniter\Router\RouteCollection->loadRoutes()
 5 SYSTEMPATH/CodeIgniter.php(455): CodeIgniter\CodeIgniter->tryToRouteIt(null)
 6 SYSTEMPATH/CodeIgniter.php(354): CodeIgniter\CodeIgniter->handleRequest(null, Object(Config\Cache), false)
 7 SYSTEMPATH/Boot.php(334): CodeIgniter\CodeIgniter->run()
 8 SYSTEMPATH/Boot.php(67): CodeIgniter\Boot::runCodeIgniter(Object(CodeIgniter\CodeIgniter))
 9 FCPATH/index.php(56): CodeIgniter\Boot::bootWeb(Object(Config\Paths))
DEBUG - 2026-02-17 10:01:20 --> Session: Class initialized using 'CodeIgniter\Session\Handlers\FileHandler' driver.
WARNING - 2026-02-17 10:04:27 --> [DEPRECATED] Passing lowercase HTTP method "get" is deprecated. Use uppercase HTTP method like "GET". in SYSTEMPATH/Router/RouteCollection.php on line 1026.
 1 SYSTEMPATH/Router/RouteCollection.php(1026): trigger_error('Passing lowercase HTTP method "get" is deprecated. Use uppercase HTTP method like "GET".', 16384)
 2 APPPATH/Config/Routes.php(135): CodeIgniter\Router\RouteCollection->match([...], 'locations/generarPDF', 'LocationsPdfController::generarPDF')
 3 SYSTEMPATH/Router/RouteCollection.php(339): require('/home/u976386866/domains/servipro.site/public_html/app/app/Config/Routes.php')
 4 SYSTEMPATH/CodeIgniter.php(821): CodeIgniter\Router\RouteCollection->loadRoutes()
 5 SYSTEMPATH/CodeIgniter.php(455): CodeIgniter\CodeIgniter->tryToRouteIt(null)
 6 SYSTEMPATH/CodeIgniter.php(354): CodeIgniter\CodeIgniter->handleRequest(null, Object(Config\Cache), false)
 7 SYSTEMPATH/Boot.php(334): CodeIgniter\CodeIgniter->run()
 8 SYSTEMPATH/Boot.php(67): CodeIgniter\Boot::runCodeIgniter(Object(CodeIgniter\CodeIgniter))
 9 FCPATH/index.php(56): CodeIgniter\Boot::bootWeb(Object(Config\Paths))
WARNING - 2026-02-17 10:04:27 --> [DEPRECATED] Passing lowercase HTTP method "post" is deprecated. Use uppercase HTTP method like "POST". in SYSTEMPATH/Router/RouteCollection.php on line 1026.
 1 SYSTEMPATH/Router/RouteCollection.php(1026): trigger_error('Passing lowercase HTTP method "post" is deprecated. Use uppercase HTTP method like "POST".', 16384)
 2 APPPATH/Config/Routes.php(135): CodeIgniter\Router\RouteCollection->match([...], 'locations/generarPDF', 'LocationsPdfController::generarPDF')
 3 SYSTEMPATH/Router/RouteCollection.php(339): require('/home/u976386866/domains/servipro.site/public_html/app/app/Config/Routes.php')
 4 SYSTEMPATH/CodeIgniter.php(821): CodeIgniter\Router\RouteCollection->loadRoutes()
 5 SYSTEMPATH/CodeIgniter.php(455): CodeIgniter\CodeIgniter->tryToRouteIt(null)
 6 SYSTEMPATH/CodeIgniter.php(354): CodeIgniter\CodeIgniter->handleRequest(null, Object(Config\Cache), false)
 7 SYSTEMPATH/Boot.php(334): CodeIgniter\CodeIgniter->run()
 8 SYSTEMPATH/Boot.php(67): CodeIgniter\Boot::runCodeIgniter(Object(CodeIgniter\CodeIgniter))
 9 FCPATH/index.php(56): CodeIgniter\Boot::bootWeb(Object(Config\Paths))
DEBUG - 2026-02-17 10:04:27 --> Session: Class initialized using 'CodeIgniter\Session\Handlers\FileHandler' driver.
DEBUG - 2026-02-17 10:04:27 --> Iniciando carga de sedes
DEBUG - 2026-02-17 10:04:27 --> Sedes cargadas: [{"id":"18","nombre":"Bimbo Azcapotzalco","direccion":"Av San Pablo Xalpa 520, San Martin Xochinahuac, Azcapotzalco, 02120 Ciudad de M\u00e9xico, CDMX","ciudad":"CDMC","pais":"M\u00e9xico","fecha_creacion":"2025-04-07 12:06:45","estatus":"1"},{"id":"21","nombre":"Bimbo Villahermosa","direccion":"Av. Cobre 105, Cd Industrial, 86010 Villahermosa, Tabasco","ciudad":"Villahermosa, Tabasco","pais":"M\u00e9xico","fecha_creacion":"2025-05-12 12:11:50","estatus":"1"},{"id":"22","nombre":"Totis Planta uno Botana","direccion":"Av. San Pablo Xalpa 520, San Mart\u00edn Xochinahuac, Azcapotzalco, 02120 Ciudad de M\u00e9xico, CDMX","ciudad":"CDMX","pais":"Mexico","fecha_creacion":"2025-05-28 09:41:53","estatus":"1"},{"id":"23","nombre":"BIMBO YUCAT\u00c1N","direccion":"CALLE 21, #426, INT 0, COL. CIUDAD INDUSTRIAL","ciudad":"M\u00c9RIDA","pais":"M\u00c9XICO","fecha_creacion":"2025-07-14 17:00:19","estatus":"1"},{"id":"24","nombre":"Bimbo Toluca","direccion":"Corredor Industrial, Mz 2, Lote E, Ex Rancho El Coecillo","ciudad":"Toluca","pais":"M\u00e9xico","fecha_creacion":"2025-07-28 13:39:14","estatus":"1"},{"id":"26","nombre":"Totis planta dos","direccion":"Eje oriente poniente no. 38, col. Ciudad industrial, CP 43800, Tizayuca, Hidalgo","ciudad":"Tizayuca","pais":"M\u00e9xico","fecha_creacion":"2025-10-27 16:30:54","estatus":"1"},{"id":"27","nombre":"Bimbo M\u00e9xico Santa Mar\u00eda ","direccion":"Mimosas 117, 118 Col. Santa Mar\u00eda Insurgentes Cuauht\u00e9moc CDMX ","ciudad":"CDMX","pais":"M\u00e9xico","fecha_creacion":"2025-11-02 10:48:40","estatus":"1"},{"id":"28","nombre":"HAZPAN-LONCHIBON","direccion":"EMILIANO ZAPATA 25, PQUE. IND. LERMA","ciudad":"TOLUCA","pais":"M\u00e9xico","fecha_creacion":"2025-11-27 11:43:59","estatus":"1"},{"id":"29","nombre":"Suandy Marinela Toluca","direccion":"Emiliano Zapata 25, Pque. Ind. Lerma","ciudad":"TOLUCA","pais":"M\u00e9xico","fecha_creacion":"2025-11-27 11:55:24","estatus":"1"},{"id":"30","nombre":"T\u00eda Rosa, Toluca ","direccion":"Benito Juarez Mz. 027","ciudad":"Sta. Ma. Totoltepec, Toluca","pais":"M\u00e9xico","fecha_creacion":"2025-11-27 11:56:59","estatus":"1"},{"id":"31","nombre":"Bimbo Norte","direccion":"Av. F\u00e9lix U. G\u00f3mez 4203, Coyoac\u00e1n, C.P. 64510","ciudad":"Monterrey N.L.","pais":"M\u00e9xico","fecha_creacion":"2025-11-28 15:45:37","estatus":"1"},{"id":"32","nombre":"PLANTA DE PRUEBA","direccion":"PRUEBAS","ciudad":"DCDS","pais":"MEXICO","fecha_creacion":"2025-12-07 18:59:44","estatus":"1"},{"id":"33","nombre":"BSL","direccion":"Eje 128 #135 manzana 3, zona industrial segunda secci\u00f3n ","ciudad":"San Luis Potos\u00ed","pais":"M\u00e9xico","fecha_creacion":"2025-12-08 21:23:56","estatus":"1"},{"id":"34","nombre":"Sanissimo Monterrey","direccion":"Manuel de la Pe\u00f1a y Pe\u00f1a #1020-5, Bella Vista","ciudad":"Monterrey N.L.","pais":"M\u00e9xico","fecha_creacion":"2025-12-08 21:28:12","estatus":"1"},{"id":"36","nombre":"Bimbo Yucat\u00e1n Prueba 2025","direccion":"Calle 21, Villas M\u00e9rida, C.P. 97288, M\u00e9rida Yucat\u00e1n","ciudad":"M\u00e9rida Yucat\u00e1n","pais":"Mexico","fecha_creacion":"2025-12-16 10:43:55","estatus":"1"},{"id":"37","nombre":"BIMBO YUCATAN","direccion":"CALLE 21 CD. INDUSTRIAL","ciudad":"MERIDA YUCATAN","pais":"MEXICO","fecha_creacion":"2025-12-16 17:13:12","estatus":"1"},{"id":"38","nombre":"Bimbo Pac\u00edfico","direccion":"Av. Luis Donaldo Colosio Murrieta, No. 18900","ciudad":"Mazatl\u00e1n","pais":"M\u00e9xico","fecha_creacion":"2025-12-17 11:28:47","estatus":"1"},{"id":"39","nombre":"Bimbo Golfo","direccion":"Km 441 Carretera M\u00e9xico - Veracruz V\u00eda Xalapa, Colonia Francisco Villa, Veracruz, Veracruz, C.P: 91960","ciudad":"Veracruz","pais":"M\u00e9xico","fecha_creacion":"2025-12-17 20:05:59","estatus":"1"},{"id":"40","nombre":"Bimbo Tijuana","direccion":"Av. de Todos los santos S\/N, Industrial Pac\u00edfico, 22643. Tijuana, Baja California.","ciudad":"Tijuana","pais":"M\u00e9xico","fecha_creacion":"2026-01-02 13:33:01","estatus":"1"},{"id":"41","nombre":"PLANTA PRUEBA N","direccion":"SERVIPRO MX","ciudad":"Ciudad de M\u00e9xico","pais":"M\u00e9xico","fecha_creacion":"2026-01-06 17:57:01","estatus":"1"}]
WARNING - 2026-02-17 10:04:44 --> [DEPRECATED] Passing lowercase HTTP method "get" is deprecated. Use uppercase HTTP method like "GET". in SYSTEMPATH/Router/RouteCollection.php on line 1026.
 1 SYSTEMPATH/Router/RouteCollection.php(1026): trigger_error('Passing lowercase HTTP method "get" is deprecated. Use uppercase HTTP method like "GET".', 16384)
 2 APPPATH/Config/Routes.php(135): CodeIgniter\Router\RouteCollection->match([...], 'locations/generarPDF', 'LocationsPdfController::generarPDF')
 3 SYSTEMPATH/Router/RouteCollection.php(339): require('/home/u976386866/domains/servipro.site/public_html/app/app/Config/Routes.php')
 4 SYSTEMPATH/CodeIgniter.php(821): CodeIgniter\Router\RouteCollection->loadRoutes()
 5 SYSTEMPATH/CodeIgniter.php(455): CodeIgniter\CodeIgniter->tryToRouteIt(null)
 6 SYSTEMPATH/CodeIgniter.php(354): CodeIgniter\CodeIgniter->handleRequest(null, Object(Config\Cache), false)
 7 SYSTEMPATH/Boot.php(334): CodeIgniter\CodeIgniter->run()
 8 SYSTEMPATH/Boot.php(67): CodeIgniter\Boot::runCodeIgniter(Object(CodeIgniter\CodeIgniter))
 9 FCPATH/index.php(56): CodeIgniter\Boot::bootWeb(Object(Config\Paths))
WARNING - 2026-02-17 10:04:44 --> [DEPRECATED] Passing lowercase HTTP method "post" is deprecated. Use uppercase HTTP method like "POST". in SYSTEMPATH/Router/RouteCollection.php on line 1026.
 1 SYSTEMPATH/Router/RouteCollection.php(1026): trigger_error('Passing lowercase HTTP method "post" is deprecated. Use uppercase HTTP method like "POST".', 16384)
 2 APPPATH/Config/Routes.php(135): CodeIgniter\Router\RouteCollection->match([...], 'locations/generarPDF', 'LocationsPdfController::generarPDF')
 3 SYSTEMPATH/Router/RouteCollection.php(339): require('/home/u976386866/domains/servipro.site/public_html/app/app/Config/Routes.php')
 4 SYSTEMPATH/CodeIgniter.php(821): CodeIgniter\Router\RouteCollection->loadRoutes()
 5 SYSTEMPATH/CodeIgniter.php(455): CodeIgniter\CodeIgniter->tryToRouteIt(null)
 6 SYSTEMPATH/CodeIgniter.php(354): CodeIgniter\CodeIgniter->handleRequest(null, Object(Config\Cache), false)
 7 SYSTEMPATH/Boot.php(334): CodeIgniter\CodeIgniter->run()
 8 SYSTEMPATH/Boot.php(67): CodeIgniter\Boot::runCodeIgniter(Object(CodeIgniter\CodeIgniter))
 9 FCPATH/index.php(56): CodeIgniter\Boot::bootWeb(Object(Config\Paths))
DEBUG - 2026-02-17 10:04:44 --> Session: Class initialized using 'CodeIgniter\Session\Handlers\FileHandler' driver.
WARNING - 2026-02-17 10:04:55 --> [DEPRECATED] Passing lowercase HTTP method "get" is deprecated. Use uppercase HTTP method like "GET". in SYSTEMPATH/Router/RouteCollection.php on line 1026.
 1 SYSTEMPATH/Router/RouteCollection.php(1026): trigger_error('Passing lowercase HTTP method "get" is deprecated. Use uppercase HTTP method like "GET".', 16384)
 2 APPPATH/Config/Routes.php(135): CodeIgniter\Router\RouteCollection->match([...], 'locations/generarPDF', 'LocationsPdfController::generarPDF')
 3 SYSTEMPATH/Router/RouteCollection.php(339): require('/home/u976386866/domains/servipro.site/public_html/app/app/Config/Routes.php')
 4 SYSTEMPATH/CodeIgniter.php(821): CodeIgniter\Router\RouteCollection->loadRoutes()
 5 SYSTEMPATH/CodeIgniter.php(455): CodeIgniter\CodeIgniter->tryToRouteIt(null)
 6 SYSTEMPATH/CodeIgniter.php(354): CodeIgniter\CodeIgniter->handleRequest(null, Object(Config\Cache), false)
 7 SYSTEMPATH/Boot.php(334): CodeIgniter\CodeIgniter->run()
 8 SYSTEMPATH/Boot.php(67): CodeIgniter\Boot::runCodeIgniter(Object(CodeIgniter\CodeIgniter))
 9 FCPATH/index.php(56): CodeIgniter\Boot::bootWeb(Object(Config\Paths))
WARNING - 2026-02-17 10:04:55 --> [DEPRECATED] Passing lowercase HTTP method "post" is deprecated. Use uppercase HTTP method like "POST". in SYSTEMPATH/Router/RouteCollection.php on line 1026.
 1 SYSTEMPATH/Router/RouteCollection.php(1026): trigger_error('Passing lowercase HTTP method "post" is deprecated. Use uppercase HTTP method like "POST".', 16384)
 2 APPPATH/Config/Routes.php(135): CodeIgniter\Router\RouteCollection->match([...], 'locations/generarPDF', 'LocationsPdfController::generarPDF')
 3 SYSTEMPATH/Router/RouteCollection.php(339): require('/home/u976386866/domains/servipro.site/public_html/app/app/Config/Routes.php')
 4 SYSTEMPATH/CodeIgniter.php(821): CodeIgniter\Router\RouteCollection->loadRoutes()
 5 SYSTEMPATH/CodeIgniter.php(455): CodeIgniter\CodeIgniter->tryToRouteIt(null)
 6 SYSTEMPATH/CodeIgniter.php(354): CodeIgniter\CodeIgniter->handleRequest(null, Object(Config\Cache), false)
 7 SYSTEMPATH/Boot.php(334): CodeIgniter\CodeIgniter->run()
 8 SYSTEMPATH/Boot.php(67): CodeIgniter\Boot::runCodeIgniter(Object(CodeIgniter\CodeIgniter))
 9 FCPATH/index.php(56): CodeIgniter\Boot::bootWeb(Object(Config\Paths))
DEBUG - 2026-02-17 10:04:55 --> Session: Class initialized using 'CodeIgniter\Session\Handlers\FileHandler' driver.
DEBUG - 2026-02-17 10:04:55 --> Iniciando carga de sedes
DEBUG - 2026-02-17 10:04:55 --> Sedes cargadas: [{"id":"18","nombre":"Bimbo Azcapotzalco","direccion":"Av San Pablo Xalpa 520, San Martin Xochinahuac, Azcapotzalco, 02120 Ciudad de M\u00e9xico, CDMX","ciudad":"CDMC","pais":"M\u00e9xico","fecha_creacion":"2025-04-07 12:06:45","estatus":"1"},{"id":"21","nombre":"Bimbo Villahermosa","direccion":"Av. Cobre 105, Cd Industrial, 86010 Villahermosa, Tabasco","ciudad":"Villahermosa, Tabasco","pais":"M\u00e9xico","fecha_creacion":"2025-05-12 12:11:50","estatus":"1"},{"id":"22","nombre":"Totis Planta uno Botana","direccion":"Av. San Pablo Xalpa 520, San Mart\u00edn Xochinahuac, Azcapotzalco, 02120 Ciudad de M\u00e9xico, CDMX","ciudad":"CDMX","pais":"Mexico","fecha_creacion":"2025-05-28 09:41:53","estatus":"1"},{"id":"23","nombre":"BIMBO YUCAT\u00c1N","direccion":"CALLE 21, #426, INT 0, COL. CIUDAD INDUSTRIAL","ciudad":"M\u00c9RIDA","pais":"M\u00c9XICO","fecha_creacion":"2025-07-14 17:00:19","estatus":"1"},{"id":"24","nombre":"Bimbo Toluca","direccion":"Corredor Industrial, Mz 2, Lote E, Ex Rancho El Coecillo","ciudad":"Toluca","pais":"M\u00e9xico","fecha_creacion":"2025-07-28 13:39:14","estatus":"1"},{"id":"26","nombre":"Totis planta dos","direccion":"Eje oriente poniente no. 38, col. Ciudad industrial, CP 43800, Tizayuca, Hidalgo","ciudad":"Tizayuca","pais":"M\u00e9xico","fecha_creacion":"2025-10-27 16:30:54","estatus":"1"},{"id":"27","nombre":"Bimbo M\u00e9xico Santa Mar\u00eda ","direccion":"Mimosas 117, 118 Col. Santa Mar\u00eda Insurgentes Cuauht\u00e9moc CDMX ","ciudad":"CDMX","pais":"M\u00e9xico","fecha_creacion":"2025-11-02 10:48:40","estatus":"1"},{"id":"28","nombre":"HAZPAN-LONCHIBON","direccion":"EMILIANO ZAPATA 25, PQUE. IND. LERMA","ciudad":"TOLUCA","pais":"M\u00e9xico","fecha_creacion":"2025-11-27 11:43:59","estatus":"1"},{"id":"29","nombre":"Suandy Marinela Toluca","direccion":"Emiliano Zapata 25, Pque. Ind. Lerma","ciudad":"TOLUCA","pais":"M\u00e9xico","fecha_creacion":"2025-11-27 11:55:24","estatus":"1"},{"id":"30","nombre":"T\u00eda Rosa, Toluca ","direccion":"Benito Juarez Mz. 027","ciudad":"Sta. Ma. Totoltepec, Toluca","pais":"M\u00e9xico","fecha_creacion":"2025-11-27 11:56:59","estatus":"1"},{"id":"31","nombre":"Bimbo Norte","direccion":"Av. F\u00e9lix U. G\u00f3mez 4203, Coyoac\u00e1n, C.P. 64510","ciudad":"Monterrey N.L.","pais":"M\u00e9xico","fecha_creacion":"2025-11-28 15:45:37","estatus":"1"},{"id":"32","nombre":"PLANTA DE PRUEBA","direccion":"PRUEBAS","ciudad":"DCDS","pais":"MEXICO","fecha_creacion":"2025-12-07 18:59:44","estatus":"1"},{"id":"33","nombre":"BSL","direccion":"Eje 128 #135 manzana 3, zona industrial segunda secci\u00f3n ","ciudad":"San Luis Potos\u00ed","pais":"M\u00e9xico","fecha_creacion":"2025-12-08 21:23:56","estatus":"1"},{"id":"34","nombre":"Sanissimo Monterrey","direccion":"Manuel de la Pe\u00f1a y Pe\u00f1a #1020-5, Bella Vista","ciudad":"Monterrey N.L.","pais":"M\u00e9xico","fecha_creacion":"2025-12-08 21:28:12","estatus":"1"},{"id":"36","nombre":"Bimbo Yucat\u00e1n Prueba 2025","direccion":"Calle 21, Villas M\u00e9rida, C.P. 97288, M\u00e9rida Yucat\u00e1n","ciudad":"M\u00e9rida Yucat\u00e1n","pais":"Mexico","fecha_creacion":"2025-12-16 10:43:55","estatus":"1"},{"id":"37","nombre":"BIMBO YUCATAN","direccion":"CALLE 21 CD. INDUSTRIAL","ciudad":"MERIDA YUCATAN","pais":"MEXICO","fecha_creacion":"2025-12-16 17:13:12","estatus":"1"},{"id":"38","nombre":"Bimbo Pac\u00edfico","direccion":"Av. Luis Donaldo Colosio Murrieta, No. 18900","ciudad":"Mazatl\u00e1n","pais":"M\u00e9xico","fecha_creacion":"2025-12-17 11:28:47","estatus":"1"},{"id":"39","nombre":"Bimbo Golfo","direccion":"Km 441 Carretera M\u00e9xico - Veracruz V\u00eda Xalapa, Colonia Francisco Villa, Veracruz, Veracruz, C.P: 91960","ciudad":"Veracruz","pais":"M\u00e9xico","fecha_creacion":"2025-12-17 20:05:59","estatus":"1"},{"id":"40","nombre":"Bimbo Tijuana","direccion":"Av. de Todos los santos S\/N, Industrial Pac\u00edfico, 22643. Tijuana, Baja California.","ciudad":"Tijuana","pais":"M\u00e9xico","fecha_creacion":"2026-01-02 13:33:01","estatus":"1"},{"id":"41","nombre":"PLANTA PRUEBA N","direccion":"SERVIPRO MX","ciudad":"Ciudad de M\u00e9xico","pais":"M\u00e9xico","fecha_creacion":"2026-01-06 17:57:01","estatus":"1"}]
WARNING - 2026-02-17 10:05:09 --> [DEPRECATED] Passing lowercase HTTP method "get" is deprecated. Use uppercase HTTP method like "GET". in SYSTEMPATH/Router/RouteCollection.php on line 1026.
 1 SYSTEMPATH/Router/RouteCollection.php(1026): trigger_error('Passing lowercase HTTP method "get" is deprecated. Use uppercase HTTP method like "GET".', 16384)
 2 APPPATH/Config/Routes.php(135): CodeIgniter\Router\RouteCollection->match([...], 'locations/generarPDF', 'LocationsPdfController::generarPDF')
 3 SYSTEMPATH/Router/RouteCollection.php(339): require('/home/u976386866/domains/servipro.site/public_html/app/app/Config/Routes.php')
 4 SYSTEMPATH/CodeIgniter.php(821): CodeIgniter\Router\RouteCollection->loadRoutes()
 5 SYSTEMPATH/CodeIgniter.php(455): CodeIgniter\CodeIgniter->tryToRouteIt(null)
 6 SYSTEMPATH/CodeIgniter.php(354): CodeIgniter\CodeIgniter->handleRequest(null, Object(Config\Cache), false)
 7 SYSTEMPATH/Boot.php(334): CodeIgniter\CodeIgniter->run()
 8 SYSTEMPATH/Boot.php(67): CodeIgniter\Boot::runCodeIgniter(Object(CodeIgniter\CodeIgniter))
 9 FCPATH/index.php(56): CodeIgniter\Boot::bootWeb(Object(Config\Paths))
WARNING - 2026-02-17 10:05:09 --> [DEPRECATED] Passing lowercase HTTP method "post" is deprecated. Use uppercase HTTP method like "POST". in SYSTEMPATH/Router/RouteCollection.php on line 1026.
 1 SYSTEMPATH/Router/RouteCollection.php(1026): trigger_error('Passing lowercase HTTP method "post" is deprecated. Use uppercase HTTP method like "POST".', 16384)
 2 APPPATH/Config/Routes.php(135): CodeIgniter\Router\RouteCollection->match([...], 'locations/generarPDF', 'LocationsPdfController::generarPDF')
 3 SYSTEMPATH/Router/RouteCollection.php(339): require('/home/u976386866/domains/servipro.site/public_html/app/app/Config/Routes.php')
 4 SYSTEMPATH/CodeIgniter.php(821): CodeIgniter\Router\RouteCollection->loadRoutes()
 5 SYSTEMPATH/CodeIgniter.php(455): CodeIgniter\CodeIgniter->tryToRouteIt(null)
 6 SYSTEMPATH/CodeIgniter.php(354): CodeIgniter\CodeIgniter->handleRequest(null, Object(Config\Cache), false)
 7 SYSTEMPATH/Boot.php(334): CodeIgniter\CodeIgniter->run()
 8 SYSTEMPATH/Boot.php(67): CodeIgniter\Boot::runCodeIgniter(Object(CodeIgniter\CodeIgniter))
 9 FCPATH/index.php(56): CodeIgniter\Boot::bootWeb(Object(Config\Paths))
DEBUG - 2026-02-17 10:05:09 --> Session: Class initialized using 'CodeIgniter\Session\Handlers\FileHandler' driver.
WARNING - 2026-02-17 10:05:33 --> [DEPRECATED] Passing lowercase HTTP method "get" is deprecated. Use uppercase HTTP method like "GET". in SYSTEMPATH/Router/RouteCollection.php on line 1026.
 1 SYSTEMPATH/Router/RouteCollection.php(1026): trigger_error('Passing lowercase HTTP method "get" is deprecated. Use uppercase HTTP method like "GET".', 16384)
 2 APPPATH/Config/Routes.php(135): CodeIgniter\Router\RouteCollection->match([...], 'locations/generarPDF', 'LocationsPdfController::generarPDF')
 3 SYSTEMPATH/Router/RouteCollection.php(339): require('/home/u976386866/domains/servipro.site/public_html/app/app/Config/Routes.php')
 4 SYSTEMPATH/CodeIgniter.php(821): CodeIgniter\Router\RouteCollection->loadRoutes()
 5 SYSTEMPATH/CodeIgniter.php(455): CodeIgniter\CodeIgniter->tryToRouteIt(null)
 6 SYSTEMPATH/CodeIgniter.php(354): CodeIgniter\CodeIgniter->handleRequest(null, Object(Config\Cache), false)
 7 SYSTEMPATH/Boot.php(334): CodeIgniter\CodeIgniter->run()
 8 SYSTEMPATH/Boot.php(67): CodeIgniter\Boot::runCodeIgniter(Object(CodeIgniter\CodeIgniter))
 9 FCPATH/index.php(56): CodeIgniter\Boot::bootWeb(Object(Config\Paths))
WARNING - 2026-02-17 10:05:33 --> [DEPRECATED] Passing lowercase HTTP method "post" is deprecated. Use uppercase HTTP method like "POST". in SYSTEMPATH/Router/RouteCollection.php on line 1026.
 1 SYSTEMPATH/Router/RouteCollection.php(1026): trigger_error('Passing lowercase HTTP method "post" is deprecated. Use uppercase HTTP method like "POST".', 16384)
 2 APPPATH/Config/Routes.php(135): CodeIgniter\Router\RouteCollection->match([...], 'locations/generarPDF', 'LocationsPdfController::generarPDF')
 3 SYSTEMPATH/Router/RouteCollection.php(339): require('/home/u976386866/domains/servipro.site/public_html/app/app/Config/Routes.php')
 4 SYSTEMPATH/CodeIgniter.php(821): CodeIgniter\Router\RouteCollection->loadRoutes()
 5 SYSTEMPATH/CodeIgniter.php(455): CodeIgniter\CodeIgniter->tryToRouteIt(null)
 6 SYSTEMPATH/CodeIgniter.php(354): CodeIgniter\CodeIgniter->handleRequest(null, Object(Config\Cache), false)
 7 SYSTEMPATH/Boot.php(334): CodeIgniter\CodeIgniter->run()
 8 SYSTEMPATH/Boot.php(67): CodeIgniter\Boot::runCodeIgniter(Object(CodeIgniter\CodeIgniter))
 9 FCPATH/index.php(56): CodeIgniter\Boot::bootWeb(Object(Config\Paths))
DEBUG - 2026-02-17 10:05:33 --> Session: Class initialized using 'CodeIgniter\Session\Handlers\FileHandler' driver.
DEBUG - 2026-02-17 10:05:33 --> Iniciando carga de sedes
DEBUG - 2026-02-17 10:05:33 --> Sedes cargadas: [{"id":"18","nombre":"Bimbo Azcapotzalco","direccion":"Av San Pablo Xalpa 520, San Martin Xochinahuac, Azcapotzalco, 02120 Ciudad de M\u00e9xico, CDMX","ciudad":"CDMC","pais":"M\u00e9xico","fecha_creacion":"2025-04-07 12:06:45","estatus":"1"},{"id":"21","nombre":"Bimbo Villahermosa","direccion":"Av. Cobre 105, Cd Industrial, 86010 Villahermosa, Tabasco","ciudad":"Villahermosa, Tabasco","pais":"M\u00e9xico","fecha_creacion":"2025-05-12 12:11:50","estatus":"1"},{"id":"22","nombre":"Totis Planta uno Botana","direccion":"Av. San Pablo Xalpa 520, San Mart\u00edn Xochinahuac, Azcapotzalco, 02120 Ciudad de M\u00e9xico, CDMX","ciudad":"CDMX","pais":"Mexico","fecha_creacion":"2025-05-28 09:41:53","estatus":"1"},{"id":"23","nombre":"BIMBO YUCAT\u00c1N","direccion":"CALLE 21, #426, INT 0, COL. CIUDAD INDUSTRIAL","ciudad":"M\u00c9RIDA","pais":"M\u00c9XICO","fecha_creacion":"2025-07-14 17:00:19","estatus":"1"},{"id":"24","nombre":"Bimbo Toluca","direccion":"Corredor Industrial, Mz 2, Lote E, Ex Rancho El Coecillo","ciudad":"Toluca","pais":"M\u00e9xico","fecha_creacion":"2025-07-28 13:39:14","estatus":"1"},{"id":"26","nombre":"Totis planta dos","direccion":"Eje oriente poniente no. 38, col. Ciudad industrial, CP 43800, Tizayuca, Hidalgo","ciudad":"Tizayuca","pais":"M\u00e9xico","fecha_creacion":"2025-10-27 16:30:54","estatus":"1"},{"id":"27","nombre":"Bimbo M\u00e9xico Santa Mar\u00eda ","direccion":"Mimosas 117, 118 Col. Santa Mar\u00eda Insurgentes Cuauht\u00e9moc CDMX ","ciudad":"CDMX","pais":"M\u00e9xico","fecha_creacion":"2025-11-02 10:48:40","estatus":"1"},{"id":"28","nombre":"HAZPAN-LONCHIBON","direccion":"EMILIANO ZAPATA 25, PQUE. IND. LERMA","ciudad":"TOLUCA","pais":"M\u00e9xico","fecha_creacion":"2025-11-27 11:43:59","estatus":"1"},{"id":"29","nombre":"Suandy Marinela Toluca","direccion":"Emiliano Zapata 25, Pque. Ind. Lerma","ciudad":"TOLUCA","pais":"M\u00e9xico","fecha_creacion":"2025-11-27 11:55:24","estatus":"1"},{"id":"30","nombre":"T\u00eda Rosa, Toluca ","direccion":"Benito Juarez Mz. 027","ciudad":"Sta. Ma. Totoltepec, Toluca","pais":"M\u00e9xico","fecha_creacion":"2025-11-27 11:56:59","estatus":"1"},{"id":"31","nombre":"Bimbo Norte","direccion":"Av. F\u00e9lix U. G\u00f3mez 4203, Coyoac\u00e1n, C.P. 64510","ciudad":"Monterrey N.L.","pais":"M\u00e9xico","fecha_creacion":"2025-11-28 15:45:37","estatus":"1"},{"id":"32","nombre":"PLANTA DE PRUEBA","direccion":"PRUEBAS","ciudad":"DCDS","pais":"MEXICO","fecha_creacion":"2025-12-07 18:59:44","estatus":"1"},{"id":"33","nombre":"BSL","direccion":"Eje 128 #135 manzana 3, zona industrial segunda secci\u00f3n ","ciudad":"San Luis Potos\u00ed","pais":"M\u00e9xico","fecha_creacion":"2025-12-08 21:23:56","estatus":"1"},{"id":"34","nombre":"Sanissimo Monterrey","direccion":"Manuel de la Pe\u00f1a y Pe\u00f1a #1020-5, Bella Vista","ciudad":"Monterrey N.L.","pais":"M\u00e9xico","fecha_creacion":"2025-12-08 21:28:12","estatus":"1"},{"id":"36","nombre":"Bimbo Yucat\u00e1n Prueba 2025","direccion":"Calle 21, Villas M\u00e9rida, C.P. 97288, M\u00e9rida Yucat\u00e1n","ciudad":"M\u00e9rida Yucat\u00e1n","pais":"Mexico","fecha_creacion":"2025-12-16 10:43:55","estatus":"1"},{"id":"37","nombre":"BIMBO YUCATAN","direccion":"CALLE 21 CD. INDUSTRIAL","ciudad":"MERIDA YUCATAN","pais":"MEXICO","fecha_creacion":"2025-12-16 17:13:12","estatus":"1"},{"id":"38","nombre":"Bimbo Pac\u00edfico","direccion":"Av. Luis Donaldo Colosio Murrieta, No. 18900","ciudad":"Mazatl\u00e1n","pais":"M\u00e9xico","fecha_creacion":"2025-12-17 11:28:47","estatus":"1"},{"id":"39","nombre":"Bimbo Golfo","direccion":"Km 441 Carretera M\u00e9xico - Veracruz V\u00eda Xalapa, Colonia Francisco Villa, Veracruz, Veracruz, C.P: 91960","ciudad":"Veracruz","pais":"M\u00e9xico","fecha_creacion":"2025-12-17 20:05:59","estatus":"1"},{"id":"40","nombre":"Bimbo Tijuana","direccion":"Av. de Todos los santos S\/N, Industrial Pac\u00edfico, 22643. Tijuana, Baja California.","ciudad":"Tijuana","pais":"M\u00e9xico","fecha_creacion":"2026-01-02 13:33:01","estatus":"1"},{"id":"41","nombre":"PLANTA PRUEBA N","direccion":"SERVIPRO MX","ciudad":"Ciudad de M\u00e9xico","pais":"M\u00e9xico","fecha_creacion":"2026-01-06 17:57:01","estatus":"1"}]
WARNING - 2026-02-17 10:09:02 --> [DEPRECATED] Passing lowercase HTTP method "get" is deprecated. Use uppercase HTTP method like "GET". in SYSTEMPATH/Router/RouteCollection.php on line 1026.
 1 SYSTEMPATH/Router/RouteCollection.php(1026): trigger_error('Passing lowercase HTTP method "get" is deprecated. Use uppercase HTTP method like "GET".', 16384)
 2 APPPATH/Config/Routes.php(135): CodeIgniter\Router\RouteCollection->match([...], 'locations/generarPDF', 'LocationsPdfController::generarPDF')
 3 SYSTEMPATH/Router/RouteCollection.php(339): require('/home/u976386866/domains/servipro.site/public_html/app/app/Config/Routes.php')
 4 SYSTEMPATH/CodeIgniter.php(821): CodeIgniter\Router\RouteCollection->loadRoutes()
 5 SYSTEMPATH/CodeIgniter.php(455): CodeIgniter\CodeIgniter->tryToRouteIt(null)
 6 SYSTEMPATH/CodeIgniter.php(354): CodeIgniter\CodeIgniter->handleRequest(null, Object(Config\Cache), false)
 7 SYSTEMPATH/Boot.php(334): CodeIgniter\CodeIgniter->run()
 8 SYSTEMPATH/Boot.php(67): CodeIgniter\Boot::runCodeIgniter(Object(CodeIgniter\CodeIgniter))
 9 FCPATH/index.php(56): CodeIgniter\Boot::bootWeb(Object(Config\Paths))
WARNING - 2026-02-17 10:09:02 --> [DEPRECATED] Passing lowercase HTTP method "post" is deprecated. Use uppercase HTTP method like "POST". in SYSTEMPATH/Router/RouteCollection.php on line 1026.
 1 SYSTEMPATH/Router/RouteCollection.php(1026): trigger_error('Passing lowercase HTTP method "post" is deprecated. Use uppercase HTTP method like "POST".', 16384)
 2 APPPATH/Config/Routes.php(135): CodeIgniter\Router\RouteCollection->match([...], 'locations/generarPDF', 'LocationsPdfController::generarPDF')
 3 SYSTEMPATH/Router/RouteCollection.php(339): require('/home/u976386866/domains/servipro.site/public_html/app/app/Config/Routes.php')
 4 SYSTEMPATH/CodeIgniter.php(821): CodeIgniter\Router\RouteCollection->loadRoutes()
 5 SYSTEMPATH/CodeIgniter.php(455): CodeIgniter\CodeIgniter->tryToRouteIt(null)
 6 SYSTEMPATH/CodeIgniter.php(354): CodeIgniter\CodeIgniter->handleRequest(null, Object(Config\Cache), false)
 7 SYSTEMPATH/Boot.php(334): CodeIgniter\CodeIgniter->run()
 8 SYSTEMPATH/Boot.php(67): CodeIgniter\Boot::runCodeIgniter(Object(CodeIgniter\CodeIgniter))
 9 FCPATH/index.php(56): CodeIgniter\Boot::bootWeb(Object(Config\Paths))
DEBUG - 2026-02-17 10:09:02 --> Session: Class initialized using 'CodeIgniter\Session\Handlers\FileHandler' driver.
WARNING - 2026-02-17 10:09:03 --> [DEPRECATED] Passing lowercase HTTP method "get" is deprecated. Use uppercase HTTP method like "GET". in SYSTEMPATH/Router/RouteCollection.php on line 1026.
 1 SYSTEMPATH/Router/RouteCollection.php(1026): trigger_error('Passing lowercase HTTP method "get" is deprecated. Use uppercase HTTP method like "GET".', 16384)
 2 APPPATH/Config/Routes.php(135): CodeIgniter\Router\RouteCollection->match([...], 'locations/generarPDF', 'LocationsPdfController::generarPDF')
 3 SYSTEMPATH/Router/RouteCollection.php(339): require('/home/u976386866/domains/servipro.site/public_html/app/app/Config/Routes.php')
 4 SYSTEMPATH/CodeIgniter.php(821): CodeIgniter\Router\RouteCollection->loadRoutes()
 5 SYSTEMPATH/CodeIgniter.php(455): CodeIgniter\CodeIgniter->tryToRouteIt(null)
 6 SYSTEMPATH/CodeIgniter.php(354): CodeIgniter\CodeIgniter->handleRequest(null, Object(Config\Cache), false)
 7 SYSTEMPATH/Boot.php(334): CodeIgniter\CodeIgniter->run()
 8 SYSTEMPATH/Boot.php(67): CodeIgniter\Boot::runCodeIgniter(Object(CodeIgniter\CodeIgniter))
 9 FCPATH/index.php(56): CodeIgniter\Boot::bootWeb(Object(Config\Paths))
WARNING - 2026-02-17 10:09:03 --> [DEPRECATED] Passing lowercase HTTP method "post" is deprecated. Use uppercase HTTP method like "POST". in SYSTEMPATH/Router/RouteCollection.php on line 1026.
 1 SYSTEMPATH/Router/RouteCollection.php(1026): trigger_error('Passing lowercase HTTP method "post" is deprecated. Use uppercase HTTP method like "POST".', 16384)
 2 APPPATH/Config/Routes.php(135): CodeIgniter\Router\RouteCollection->match([...], 'locations/generarPDF', 'LocationsPdfController::generarPDF')
 3 SYSTEMPATH/Router/RouteCollection.php(339): require('/home/u976386866/domains/servipro.site/public_html/app/app/Config/Routes.php')
 4 SYSTEMPATH/CodeIgniter.php(821): CodeIgniter\Router\RouteCollection->loadRoutes()
 5 SYSTEMPATH/CodeIgniter.php(455): CodeIgniter\CodeIgniter->tryToRouteIt(null)
 6 SYSTEMPATH/CodeIgniter.php(354): CodeIgniter\CodeIgniter->handleRequest(null, Object(Config\Cache), false)
 7 SYSTEMPATH/Boot.php(334): CodeIgniter\CodeIgniter->run()
 8 SYSTEMPATH/Boot.php(67): CodeIgniter\Boot::runCodeIgniter(Object(CodeIgniter\CodeIgniter))
 9 FCPATH/index.php(56): CodeIgniter\Boot::bootWeb(Object(Config\Paths))
DEBUG - 2026-02-17 10:09:03 --> Session: Class initialized using 'CodeIgniter\Session\Handlers\FileHandler' driver.
WARNING - 2026-02-17 10:09:06 --> [DEPRECATED] Passing lowercase HTTP method "get" is deprecated. Use uppercase HTTP method like "GET". in SYSTEMPATH/Router/RouteCollection.php on line 1026.
 1 SYSTEMPATH/Router/RouteCollection.php(1026): trigger_error('Passing lowercase HTTP method "get" is deprecated. Use uppercase HTTP method like "GET".', 16384)
 2 APPPATH/Config/Routes.php(135): CodeIgniter\Router\RouteCollection->match([...], 'locations/generarPDF', 'LocationsPdfController::generarPDF')
 3 SYSTEMPATH/Router/RouteCollection.php(339): require('/home/u976386866/domains/servipro.site/public_html/app/app/Config/Routes.php')
 4 SYSTEMPATH/CodeIgniter.php(821): CodeIgniter\Router\RouteCollection->loadRoutes()
 5 SYSTEMPATH/CodeIgniter.php(455): CodeIgniter\CodeIgniter->tryToRouteIt(null)
 6 SYSTEMPATH/CodeIgniter.php(354): CodeIgniter\CodeIgniter->handleRequest(null, Object(Config\Cache), false)
 7 SYSTEMPATH/Boot.php(334): CodeIgniter\CodeIgniter->run()
 8 SYSTEMPATH/Boot.php(67): CodeIgniter\Boot::runCodeIgniter(Object(CodeIgniter\CodeIgniter))
 9 FCPATH/index.php(56): CodeIgniter\Boot::bootWeb(Object(Config\Paths))
WARNING - 2026-02-17 10:09:06 --> [DEPRECATED] Passing lowercase HTTP method "post" is deprecated. Use uppercase HTTP method like "POST". in SYSTEMPATH/Router/RouteCollection.php on line 1026.
 1 SYSTEMPATH/Router/RouteCollection.php(1026): trigger_error('Passing lowercase HTTP method "post" is deprecated. Use uppercase HTTP method like "POST".', 16384)
 2 APPPATH/Config/Routes.php(135): CodeIgniter\Router\RouteCollection->match([...], 'locations/generarPDF', 'LocationsPdfController::generarPDF')
 3 SYSTEMPATH/Router/RouteCollection.php(339): require('/home/u976386866/domains/servipro.site/public_html/app/app/Config/Routes.php')
 4 SYSTEMPATH/CodeIgniter.php(821): CodeIgniter\Router\RouteCollection->loadRoutes()
 5 SYSTEMPATH/CodeIgniter.php(455): CodeIgniter\CodeIgniter->tryToRouteIt(null)
 6 SYSTEMPATH/CodeIgniter.php(354): CodeIgniter\CodeIgniter->handleRequest(null, Object(Config\Cache), false)
 7 SYSTEMPATH/Boot.php(334): CodeIgniter\CodeIgniter->run()
 8 SYSTEMPATH/Boot.php(67): CodeIgniter\Boot::runCodeIgniter(Object(CodeIgniter\CodeIgniter))
 9 FCPATH/index.php(56): CodeIgniter\Boot::bootWeb(Object(Config\Paths))
DEBUG - 2026-02-17 10:09:06 --> Session: Class initialized using 'CodeIgniter\Session\Handlers\FileHandler' driver.
DEBUG - 2026-02-17 10:09:06 --> Iniciando carga de sedes
DEBUG - 2026-02-17 10:09:06 --> Sedes cargadas: [{"id":"18","nombre":"Bimbo Azcapotzalco","direccion":"Av San Pablo Xalpa 520, San Martin Xochinahuac, Azcapotzalco, 02120 Ciudad de M\u00e9xico, CDMX","ciudad":"CDMC","pais":"M\u00e9xico","fecha_creacion":"2025-04-07 12:06:45","estatus":"1"},{"id":"21","nombre":"Bimbo Villahermosa","direccion":"Av. Cobre 105, Cd Industrial, 86010 Villahermosa, Tabasco","ciudad":"Villahermosa, Tabasco","pais":"M\u00e9xico","fecha_creacion":"2025-05-12 12:11:50","estatus":"1"},{"id":"22","nombre":"Totis Planta uno Botana","direccion":"Av. San Pablo Xalpa 520, San Mart\u00edn Xochinahuac, Azcapotzalco, 02120 Ciudad de M\u00e9xico, CDMX","ciudad":"CDMX","pais":"Mexico","fecha_creacion":"2025-05-28 09:41:53","estatus":"1"},{"id":"23","nombre":"BIMBO YUCAT\u00c1N","direccion":"CALLE 21, #426, INT 0, COL. CIUDAD INDUSTRIAL","ciudad":"M\u00c9RIDA","pais":"M\u00c9XICO","fecha_creacion":"2025-07-14 17:00:19","estatus":"1"},{"id":"24","nombre":"Bimbo Toluca","direccion":"Corredor Industrial, Mz 2, Lote E, Ex Rancho El Coecillo","ciudad":"Toluca","pais":"M\u00e9xico","fecha_creacion":"2025-07-28 13:39:14","estatus":"1"},{"id":"26","nombre":"Totis planta dos","direccion":"Eje oriente poniente no. 38, col. Ciudad industrial, CP 43800, Tizayuca, Hidalgo","ciudad":"Tizayuca","pais":"M\u00e9xico","fecha_creacion":"2025-10-27 16:30:54","estatus":"1"},{"id":"27","nombre":"Bimbo M\u00e9xico Santa Mar\u00eda ","direccion":"Mimosas 117, 118 Col. Santa Mar\u00eda Insurgentes Cuauht\u00e9moc CDMX ","ciudad":"CDMX","pais":"M\u00e9xico","fecha_creacion":"2025-11-02 10:48:40","estatus":"1"},{"id":"28","nombre":"HAZPAN-LONCHIBON","direccion":"EMILIANO ZAPATA 25, PQUE. IND. LERMA","ciudad":"TOLUCA","pais":"M\u00e9xico","fecha_creacion":"2025-11-27 11:43:59","estatus":"1"},{"id":"29","nombre":"Suandy Marinela Toluca","direccion":"Emiliano Zapata 25, Pque. Ind. Lerma","ciudad":"TOLUCA","pais":"M\u00e9xico","fecha_creacion":"2025-11-27 11:55:24","estatus":"1"},{"id":"30","nombre":"T\u00eda Rosa, Toluca ","direccion":"Benito Juarez Mz. 027","ciudad":"Sta. Ma. Totoltepec, Toluca","pais":"M\u00e9xico","fecha_creacion":"2025-11-27 11:56:59","estatus":"1"},{"id":"31","nombre":"Bimbo Norte","direccion":"Av. F\u00e9lix U. G\u00f3mez 4203, Coyoac\u00e1n, C.P. 64510","ciudad":"Monterrey N.L.","pais":"M\u00e9xico","fecha_creacion":"2025-11-28 15:45:37","estatus":"1"},{"id":"32","nombre":"PLANTA DE PRUEBA","direccion":"PRUEBAS","ciudad":"DCDS","pais":"MEXICO","fecha_creacion":"2025-12-07 18:59:44","estatus":"1"},{"id":"33","nombre":"BSL","direccion":"Eje 128 #135 manzana 3, zona industrial segunda secci\u00f3n ","ciudad":"San Luis Potos\u00ed","pais":"M\u00e9xico","fecha_creacion":"2025-12-08 21:23:56","estatus":"1"},{"id":"34","nombre":"Sanissimo Monterrey","direccion":"Manuel de la Pe\u00f1a y Pe\u00f1a #1020-5, Bella Vista","ciudad":"Monterrey N.L.","pais":"M\u00e9xico","fecha_creacion":"2025-12-08 21:28:12","estatus":"1"},{"id":"36","nombre":"Bimbo Yucat\u00e1n Prueba 2025","direccion":"Calle 21, Villas M\u00e9rida, C.P. 97288, M\u00e9rida Yucat\u00e1n","ciudad":"M\u00e9rida Yucat\u00e1n","pais":"Mexico","fecha_creacion":"2025-12-16 10:43:55","estatus":"1"},{"id":"37","nombre":"BIMBO YUCATAN","direccion":"CALLE 21 CD. INDUSTRIAL","ciudad":"MERIDA YUCATAN","pais":"MEXICO","fecha_creacion":"2025-12-16 17:13:12","estatus":"1"},{"id":"38","nombre":"Bimbo Pac\u00edfico","direccion":"Av. Luis Donaldo Colosio Murrieta, No. 18900","ciudad":"Mazatl\u00e1n","pais":"M\u00e9xico","fecha_creacion":"2025-12-17 11:28:47","estatus":"1"},{"id":"39","nombre":"Bimbo Golfo","direccion":"Km 441 Carretera M\u00e9xico - Veracruz V\u00eda Xalapa, Colonia Francisco Villa, Veracruz, Veracruz, C.P: 91960","ciudad":"Veracruz","pais":"M\u00e9xico","fecha_creacion":"2025-12-17 20:05:59","estatus":"1"},{"id":"40","nombre":"Bimbo Tijuana","direccion":"Av. de Todos los santos S\/N, Industrial Pac\u00edfico, 22643. Tijuana, Baja California.","ciudad":"Tijuana","pais":"M\u00e9xico","fecha_creacion":"2026-01-02 13:33:01","estatus":"1"},{"id":"41","nombre":"PLANTA PRUEBA N","direccion":"SERVIPRO MX","ciudad":"Ciudad de M\u00e9xico","pais":"M\u00e9xico","fecha_creacion":"2026-01-06 17:57:01","estatus":"1"}]
WARNING - 2026-02-17 10:09:32 --> [DEPRECATED] Passing lowercase HTTP method "get" is deprecated. Use uppercase HTTP method like "GET". in SYSTEMPATH/Router/RouteCollection.php on line 1026.
 1 SYSTEMPATH/Router/RouteCollection.php(1026): trigger_error('Passing lowercase HTTP method "get" is deprecated. Use uppercase HTTP method like "GET".', 16384)
 2 APPPATH/Config/Routes.php(135): CodeIgniter\Router\RouteCollection->match([...], 'locations/generarPDF', 'LocationsPdfController::generarPDF')
 3 SYSTEMPATH/Router/RouteCollection.php(339): require('/home/u976386866/domains/servipro.site/public_html/app/app/Config/Routes.php')
 4 SYSTEMPATH/CodeIgniter.php(821): CodeIgniter\Router\RouteCollection->loadRoutes()
 5 SYSTEMPATH/CodeIgniter.php(455): CodeIgniter\CodeIgniter->tryToRouteIt(null)
 6 SYSTEMPATH/CodeIgniter.php(354): CodeIgniter\CodeIgniter->handleRequest(null, Object(Config\Cache), false)
 7 SYSTEMPATH/Boot.php(334): CodeIgniter\CodeIgniter->run()
 8 SYSTEMPATH/Boot.php(67): CodeIgniter\Boot::runCodeIgniter(Object(CodeIgniter\CodeIgniter))
 9 FCPATH/index.php(56): CodeIgniter\Boot::bootWeb(Object(Config\Paths))
WARNING - 2026-02-17 10:09:32 --> [DEPRECATED] Passing lowercase HTTP method "post" is deprecated. Use uppercase HTTP method like "POST". in SYSTEMPATH/Router/RouteCollection.php on line 1026.
 1 SYSTEMPATH/Router/RouteCollection.php(1026): trigger_error('Passing lowercase HTTP method "post" is deprecated. Use uppercase HTTP method like "POST".', 16384)
 2 APPPATH/Config/Routes.php(135): CodeIgniter\Router\RouteCollection->match([...], 'locations/generarPDF', 'LocationsPdfController::generarPDF')
 3 SYSTEMPATH/Router/RouteCollection.php(339): require('/home/u976386866/domains/servipro.site/public_html/app/app/Config/Routes.php')
 4 SYSTEMPATH/CodeIgniter.php(821): CodeIgniter\Router\RouteCollection->loadRoutes()
 5 SYSTEMPATH/CodeIgniter.php(455): CodeIgniter\CodeIgniter->tryToRouteIt(null)
 6 SYSTEMPATH/CodeIgniter.php(354): CodeIgniter\CodeIgniter->handleRequest(null, Object(Config\Cache), false)
 7 SYSTEMPATH/Boot.php(334): CodeIgniter\CodeIgniter->run()
 8 SYSTEMPATH/Boot.php(67): CodeIgniter\Boot::runCodeIgniter(Object(CodeIgniter\CodeIgniter))
 9 FCPATH/index.php(56): CodeIgniter\Boot::bootWeb(Object(Config\Paths))
DEBUG - 2026-02-17 10:09:32 --> Session: Class initialized using 'CodeIgniter\Session\Handlers\FileHandler' driver.
DEBUG - 2026-02-17 10:09:32 --> Iniciando carga de sedes
DEBUG - 2026-02-17 10:09:32 --> Sedes cargadas: [{"id":"18","nombre":"Bimbo Azcapotzalco","direccion":"Av San Pablo Xalpa 520, San Martin Xochinahuac, Azcapotzalco, 02120 Ciudad de M\u00e9xico, CDMX","ciudad":"CDMC","pais":"M\u00e9xico","fecha_creacion":"2025-04-07 12:06:45","estatus":"1"},{"id":"21","nombre":"Bimbo Villahermosa","direccion":"Av. Cobre 105, Cd Industrial, 86010 Villahermosa, Tabasco","ciudad":"Villahermosa, Tabasco","pais":"M\u00e9xico","fecha_creacion":"2025-05-12 12:11:50","estatus":"1"},{"id":"22","nombre":"Totis Planta uno Botana","direccion":"Av. San Pablo Xalpa 520, San Mart\u00edn Xochinahuac, Azcapotzalco, 02120 Ciudad de M\u00e9xico, CDMX","ciudad":"CDMX","pais":"Mexico","fecha_creacion":"2025-05-28 09:41:53","estatus":"1"},{"id":"23","nombre":"BIMBO YUCAT\u00c1N","direccion":"CALLE 21, #426, INT 0, COL. CIUDAD INDUSTRIAL","ciudad":"M\u00c9RIDA","pais":"M\u00c9XICO","fecha_creacion":"2025-07-14 17:00:19","estatus":"1"},{"id":"24","nombre":"Bimbo Toluca","direccion":"Corredor Industrial, Mz 2, Lote E, Ex Rancho El Coecillo","ciudad":"Toluca","pais":"M\u00e9xico","fecha_creacion":"2025-07-28 13:39:14","estatus":"1"},{"id":"26","nombre":"Totis planta dos","direccion":"Eje oriente poniente no. 38, col. Ciudad industrial, CP 43800, Tizayuca, Hidalgo","ciudad":"Tizayuca","pais":"M\u00e9xico","fecha_creacion":"2025-10-27 16:30:54","estatus":"1"},{"id":"27","nombre":"Bimbo M\u00e9xico Santa Mar\u00eda ","direccion":"Mimosas 117, 118 Col. Santa Mar\u00eda Insurgentes Cuauht\u00e9moc CDMX ","ciudad":"CDMX","pais":"M\u00e9xico","fecha_creacion":"2025-11-02 10:48:40","estatus":"1"},{"id":"28","nombre":"HAZPAN-LONCHIBON","direccion":"EMILIANO ZAPATA 25, PQUE. IND. LERMA","ciudad":"TOLUCA","pais":"M\u00e9xico","fecha_creacion":"2025-11-27 11:43:59","estatus":"1"},{"id":"29","nombre":"Suandy Marinela Toluca","direccion":"Emiliano Zapata 25, Pque. Ind. Lerma","ciudad":"TOLUCA","pais":"M\u00e9xico","fecha_creacion":"2025-11-27 11:55:24","estatus":"1"},{"id":"30","nombre":"T\u00eda Rosa, Toluca ","direccion":"Benito Juarez Mz. 027","ciudad":"Sta. Ma. Totoltepec, Toluca","pais":"M\u00e9xico","fecha_creacion":"2025-11-27 11:56:59","estatus":"1"},{"id":"31","nombre":"Bimbo Norte","direccion":"Av. F\u00e9lix U. G\u00f3mez 4203, Coyoac\u00e1n, C.P. 64510","ciudad":"Monterrey N.L.","pais":"M\u00e9xico","fecha_creacion":"2025-11-28 15:45:37","estatus":"1"},{"id":"32","nombre":"PLANTA DE PRUEBA","direccion":"PRUEBAS","ciudad":"DCDS","pais":"MEXICO","fecha_creacion":"2025-12-07 18:59:44","estatus":"1"},{"id":"33","nombre":"BSL","direccion":"Eje 128 #135 manzana 3, zona industrial segunda secci\u00f3n ","ciudad":"San Luis Potos\u00ed","pais":"M\u00e9xico","fecha_creacion":"2025-12-08 21:23:56","estatus":"1"},{"id":"34","nombre":"Sanissimo Monterrey","direccion":"Manuel de la Pe\u00f1a y Pe\u00f1a #1020-5, Bella Vista","ciudad":"Monterrey N.L.","pais":"M\u00e9xico","fecha_creacion":"2025-12-08 21:28:12","estatus":"1"},{"id":"36","nombre":"Bimbo Yucat\u00e1n Prueba 2025","direccion":"Calle 21, Villas M\u00e9rida, C.P. 97288, M\u00e9rida Yucat\u00e1n","ciudad":"M\u00e9rida Yucat\u00e1n","pais":"Mexico","fecha_creacion":"2025-12-16 10:43:55","estatus":"1"},{"id":"37","nombre":"BIMBO YUCATAN","direccion":"CALLE 21 CD. INDUSTRIAL","ciudad":"MERIDA YUCATAN","pais":"MEXICO","fecha_creacion":"2025-12-16 17:13:12","estatus":"1"},{"id":"38","nombre":"Bimbo Pac\u00edfico","direccion":"Av. Luis Donaldo Colosio Murrieta, No. 18900","ciudad":"Mazatl\u00e1n","pais":"M\u00e9xico","fecha_creacion":"2025-12-17 11:28:47","estatus":"1"},{"id":"39","nombre":"Bimbo Golfo","direccion":"Km 441 Carretera M\u00e9xico - Veracruz V\u00eda Xalapa, Colonia Francisco Villa, Veracruz, Veracruz, C.P: 91960","ciudad":"Veracruz","pais":"M\u00e9xico","fecha_creacion":"2025-12-17 20:05:59","estatus":"1"},{"id":"40","nombre":"Bimbo Tijuana","direccion":"Av. de Todos los santos S\/N, Industrial Pac\u00edfico, 22643. Tijuana, Baja California.","ciudad":"Tijuana","pais":"M\u00e9xico","fecha_creacion":"2026-01-02 13:33:01","estatus":"1"},{"id":"41","nombre":"PLANTA PRUEBA N","direccion":"SERVIPRO MX","ciudad":"Ciudad de M\u00e9xico","pais":"M\u00e9xico","fecha_creacion":"2026-01-06 17:57:01","estatus":"1"}]
WARNING - 2026-02-17 10:09:33 --> [DEPRECATED] Passing lowercase HTTP method "get" is deprecated. Use uppercase HTTP method like "GET". in SYSTEMPATH/Router/RouteCollection.php on line 1026.
 1 SYSTEMPATH/Router/RouteCollection.php(1026): trigger_error('Passing lowercase HTTP method "get" is deprecated. Use uppercase HTTP method like "GET".', 16384)
 2 APPPATH/Config/Routes.php(135): CodeIgniter\Router\RouteCollection->match([...], 'locations/generarPDF', 'LocationsPdfController::generarPDF')
 3 SYSTEMPATH/Router/RouteCollection.php(339): require('/home/u976386866/domains/servipro.site/public_html/app/app/Config/Routes.php')
 4 SYSTEMPATH/CodeIgniter.php(821): CodeIgniter\Router\RouteCollection->loadRoutes()
 5 SYSTEMPATH/CodeIgniter.php(455): CodeIgniter\CodeIgniter->tryToRouteIt(null)
 6 SYSTEMPATH/CodeIgniter.php(354): CodeIgniter\CodeIgniter->handleRequest(null, Object(Config\Cache), false)
 7 SYSTEMPATH/Boot.php(334): CodeIgniter\CodeIgniter->run()
 8 SYSTEMPATH/Boot.php(67): CodeIgniter\Boot::runCodeIgniter(Object(CodeIgniter\CodeIgniter))
 9 FCPATH/index.php(56): CodeIgniter\Boot::bootWeb(Object(Config\Paths))
WARNING - 2026-02-17 10:09:33 --> [DEPRECATED] Passing lowercase HTTP method "post" is deprecated. Use uppercase HTTP method like "POST". in SYSTEMPATH/Router/RouteCollection.php on line 1026.
 1 SYSTEMPATH/Router/RouteCollection.php(1026): trigger_error('Passing lowercase HTTP method "post" is deprecated. Use uppercase HTTP method like "POST".', 16384)
 2 APPPATH/Config/Routes.php(135): CodeIgniter\Router\RouteCollection->match([...], 'locations/generarPDF', 'LocationsPdfController::generarPDF')
 3 SYSTEMPATH/Router/RouteCollection.php(339): require('/home/u976386866/domains/servipro.site/public_html/app/app/Config/Routes.php')
 4 SYSTEMPATH/CodeIgniter.php(821): CodeIgniter\Router\RouteCollection->loadRoutes()
 5 SYSTEMPATH/CodeIgniter.php(455): CodeIgniter\CodeIgniter->tryToRouteIt(null)
 6 SYSTEMPATH/CodeIgniter.php(354): CodeIgniter\CodeIgniter->handleRequest(null, Object(Config\Cache), false)
 7 SYSTEMPATH/Boot.php(334): CodeIgniter\CodeIgniter->run()
 8 SYSTEMPATH/Boot.php(67): CodeIgniter\Boot::runCodeIgniter(Object(CodeIgniter\CodeIgniter))
 9 FCPATH/index.php(56): CodeIgniter\Boot::bootWeb(Object(Config\Paths))
DEBUG - 2026-02-17 10:09:33 --> Session: Class initialized using 'CodeIgniter\Session\Handlers\FileHandler' driver.
WARNING - 2026-02-17 10:13:47 --> [DEPRECATED] Passing lowercase HTTP method "get" is deprecated. Use uppercase HTTP method like "GET". in SYSTEMPATH/Router/RouteCollection.php on line 1026.
 1 SYSTEMPATH/Router/RouteCollection.php(1026): trigger_error('Passing lowercase HTTP method "get" is deprecated. Use uppercase HTTP method like "GET".', 16384)
 2 APPPATH/Config/Routes.php(135): CodeIgniter\Router\RouteCollection->match([...], 'locations/generarPDF', 'LocationsPdfController::generarPDF')
 3 SYSTEMPATH/Router/RouteCollection.php(339): require('/home/u976386866/domains/servipro.site/public_html/app/app/Config/Routes.php')
 4 SYSTEMPATH/CodeIgniter.php(821): CodeIgniter\Router\RouteCollection->loadRoutes()
 5 SYSTEMPATH/CodeIgniter.php(455): CodeIgniter\CodeIgniter->tryToRouteIt(null)
 6 SYSTEMPATH/CodeIgniter.php(354): CodeIgniter\CodeIgniter->handleRequest(null, Object(Config\Cache), false)
 7 SYSTEMPATH/Boot.php(334): CodeIgniter\CodeIgniter->run()
 8 SYSTEMPATH/Boot.php(67): CodeIgniter\Boot::runCodeIgniter(Object(CodeIgniter\CodeIgniter))
 9 FCPATH/index.php(56): CodeIgniter\Boot::bootWeb(Object(Config\Paths))
WARNING - 2026-02-17 10:13:47 --> [DEPRECATED] Passing lowercase HTTP method "post" is deprecated. Use uppercase HTTP method like "POST". in SYSTEMPATH/Router/RouteCollection.php on line 1026.
 1 SYSTEMPATH/Router/RouteCollection.php(1026): trigger_error('Passing lowercase HTTP method "post" is deprecated. Use uppercase HTTP method like "POST".', 16384)
 2 APPPATH/Config/Routes.php(135): CodeIgniter\Router\RouteCollection->match([...], 'locations/generarPDF', 'LocationsPdfController::generarPDF')
 3 SYSTEMPATH/Router/RouteCollection.php(339): require('/home/u976386866/domains/servipro.site/public_html/app/app/Config/Routes.php')
 4 SYSTEMPATH/CodeIgniter.php(821): CodeIgniter\Router\RouteCollection->loadRoutes()
 5 SYSTEMPATH/CodeIgniter.php(455): CodeIgniter\CodeIgniter->tryToRouteIt(null)
 6 SYSTEMPATH/CodeIgniter.php(354): CodeIgniter\CodeIgniter->handleRequest(null, Object(Config\Cache), false)
 7 SYSTEMPATH/Boot.php(334): CodeIgniter\CodeIgniter->run()
 8 SYSTEMPATH/Boot.php(67): CodeIgniter\Boot::runCodeIgniter(Object(CodeIgniter\CodeIgniter))
 9 FCPATH/index.php(56): CodeIgniter\Boot::bootWeb(Object(Config\Paths))
DEBUG - 2026-02-17 10:13:47 --> Session: Class initialized using 'CodeIgniter\Session\Handlers\FileHandler' driver.
WARNING - 2026-02-17 10:14:07 --> [DEPRECATED] Passing lowercase HTTP method "get" is deprecated. Use uppercase HTTP method like "GET". in SYSTEMPATH/Router/RouteCollection.php on line 1026.
 1 SYSTEMPATH/Router/RouteCollection.php(1026): trigger_error('Passing lowercase HTTP method "get" is deprecated. Use uppercase HTTP method like "GET".', 16384)
 2 APPPATH/Config/Routes.php(135): CodeIgniter\Router\RouteCollection->match([...], 'locations/generarPDF', 'LocationsPdfController::generarPDF')
 3 SYSTEMPATH/Router/RouteCollection.php(339): require('/home/u976386866/domains/servipro.site/public_html/app/app/Config/Routes.php')
 4 SYSTEMPATH/CodeIgniter.php(821): CodeIgniter\Router\RouteCollection->loadRoutes()
 5 SYSTEMPATH/CodeIgniter.php(455): CodeIgniter\CodeIgniter->tryToRouteIt(null)
 6 SYSTEMPATH/CodeIgniter.php(354): CodeIgniter\CodeIgniter->handleRequest(null, Object(Config\Cache), false)
 7 SYSTEMPATH/Boot.php(334): CodeIgniter\CodeIgniter->run()
 8 SYSTEMPATH/Boot.php(67): CodeIgniter\Boot::runCodeIgniter(Object(CodeIgniter\CodeIgniter))
 9 FCPATH/index.php(56): CodeIgniter\Boot::bootWeb(Object(Config\Paths))
WARNING - 2026-02-17 10:14:07 --> [DEPRECATED] Passing lowercase HTTP method "post" is deprecated. Use uppercase HTTP method like "POST". in SYSTEMPATH/Router/RouteCollection.php on line 1026.
 1 SYSTEMPATH/Router/RouteCollection.php(1026): trigger_error('Passing lowercase HTTP method "post" is deprecated. Use uppercase HTTP method like "POST".', 16384)
 2 APPPATH/Config/Routes.php(135): CodeIgniter\Router\RouteCollection->match([...], 'locations/generarPDF', 'LocationsPdfController::generarPDF')
 3 SYSTEMPATH/Router/RouteCollection.php(339): require('/home/u976386866/domains/servipro.site/public_html/app/app/Config/Routes.php')
 4 SYSTEMPATH/CodeIgniter.php(821): CodeIgniter\Router\RouteCollection->loadRoutes()
 5 SYSTEMPATH/CodeIgniter.php(455): CodeIgniter\CodeIgniter->tryToRouteIt(null)
 6 SYSTEMPATH/CodeIgniter.php(354): CodeIgniter\CodeIgniter->handleRequest(null, Object(Config\Cache), false)
 7 SYSTEMPATH/Boot.php(334): CodeIgniter\CodeIgniter->run()
 8 SYSTEMPATH/Boot.php(67): CodeIgniter\Boot::runCodeIgniter(Object(CodeIgniter\CodeIgniter))
 9 FCPATH/index.php(56): CodeIgniter\Boot::bootWeb(Object(Config\Paths))
DEBUG - 2026-02-17 10:14:07 --> Session: Class initialized using 'CodeIgniter\Session\Handlers\FileHandler' driver.
DEBUG - 2026-02-17 10:14:07 --> Iniciando carga de sedes
DEBUG - 2026-02-17 10:14:07 --> Sedes cargadas: [{"id":"18","nombre":"Bimbo Azcapotzalco","direccion":"Av San Pablo Xalpa 520, San Martin Xochinahuac, Azcapotzalco, 02120 Ciudad de M\u00e9xico, CDMX","ciudad":"CDMC","pais":"M\u00e9xico","fecha_creacion":"2025-04-07 12:06:45","estatus":"1"},{"id":"21","nombre":"Bimbo Villahermosa","direccion":"Av. Cobre 105, Cd Industrial, 86010 Villahermosa, Tabasco","ciudad":"Villahermosa, Tabasco","pais":"M\u00e9xico","fecha_creacion":"2025-05-12 12:11:50","estatus":"1"},{"id":"22","nombre":"Totis Planta uno Botana","direccion":"Av. San Pablo Xalpa 520, San Mart\u00edn Xochinahuac, Azcapotzalco, 02120 Ciudad de M\u00e9xico, CDMX","ciudad":"CDMX","pais":"Mexico","fecha_creacion":"2025-05-28 09:41:53","estatus":"1"},{"id":"23","nombre":"BIMBO YUCAT\u00c1N","direccion":"CALLE 21, #426, INT 0, COL. CIUDAD INDUSTRIAL","ciudad":"M\u00c9RIDA","pais":"M\u00c9XICO","fecha_creacion":"2025-07-14 17:00:19","estatus":"1"},{"id":"24","nombre":"Bimbo Toluca","direccion":"Corredor Industrial, Mz 2, Lote E, Ex Rancho El Coecillo","ciudad":"Toluca","pais":"M\u00e9xico","fecha_creacion":"2025-07-28 13:39:14","estatus":"1"},{"id":"26","nombre":"Totis planta dos","direccion":"Eje oriente poniente no. 38, col. Ciudad industrial, CP 43800, Tizayuca, Hidalgo","ciudad":"Tizayuca","pais":"M\u00e9xico","fecha_creacion":"2025-10-27 16:30:54","estatus":"1"},{"id":"27","nombre":"Bimbo M\u00e9xico Santa Mar\u00eda ","direccion":"Mimosas 117, 118 Col. Santa Mar\u00eda Insurgentes Cuauht\u00e9moc CDMX ","ciudad":"CDMX","pais":"M\u00e9xico","fecha_creacion":"2025-11-02 10:48:40","estatus":"1"},{"id":"28","nombre":"HAZPAN-LONCHIBON","direccion":"EMILIANO ZAPATA 25, PQUE. IND. LERMA","ciudad":"TOLUCA","pais":"M\u00e9xico","fecha_creacion":"2025-11-27 11:43:59","estatus":"1"},{"id":"29","nombre":"Suandy Marinela Toluca","direccion":"Emiliano Zapata 25, Pque. Ind. Lerma","ciudad":"TOLUCA","pais":"M\u00e9xico","fecha_creacion":"2025-11-27 11:55:24","estatus":"1"},{"id":"30","nombre":"T\u00eda Rosa, Toluca ","direccion":"Benito Juarez Mz. 027","ciudad":"Sta. Ma. Totoltepec, Toluca","pais":"M\u00e9xico","fecha_creacion":"2025-11-27 11:56:59","estatus":"1"},{"id":"31","nombre":"Bimbo Norte","direccion":"Av. F\u00e9lix U. G\u00f3mez 4203, Coyoac\u00e1n, C.P. 64510","ciudad":"Monterrey N.L.","pais":"M\u00e9xico","fecha_creacion":"2025-11-28 15:45:37","estatus":"1"},{"id":"32","nombre":"PLANTA DE PRUEBA","direccion":"PRUEBAS","ciudad":"DCDS","pais":"MEXICO","fecha_creacion":"2025-12-07 18:59:44","estatus":"1"},{"id":"33","nombre":"BSL","direccion":"Eje 128 #135 manzana 3, zona industrial segunda secci\u00f3n ","ciudad":"San Luis Potos\u00ed","pais":"M\u00e9xico","fecha_creacion":"2025-12-08 21:23:56","estatus":"1"},{"id":"34","nombre":"Sanissimo Monterrey","direccion":"Manuel de la Pe\u00f1a y Pe\u00f1a #1020-5, Bella Vista","ciudad":"Monterrey N.L.","pais":"M\u00e9xico","fecha_creacion":"2025-12-08 21:28:12","estatus":"1"},{"id":"36","nombre":"Bimbo Yucat\u00e1n Prueba 2025","direccion":"Calle 21, Villas M\u00e9rida, C.P. 97288, M\u00e9rida Yucat\u00e1n","ciudad":"M\u00e9rida Yucat\u00e1n","pais":"Mexico","fecha_creacion":"2025-12-16 10:43:55","estatus":"1"},{"id":"37","nombre":"BIMBO YUCATAN","direccion":"CALLE 21 CD. INDUSTRIAL","ciudad":"MERIDA YUCATAN","pais":"MEXICO","fecha_creacion":"2025-12-16 17:13:12","estatus":"1"},{"id":"38","nombre":"Bimbo Pac\u00edfico","direccion":"Av. Luis Donaldo Colosio Murrieta, No. 18900","ciudad":"Mazatl\u00e1n","pais":"M\u00e9xico","fecha_creacion":"2025-12-17 11:28:47","estatus":"1"},{"id":"39","nombre":"Bimbo Golfo","direccion":"Km 441 Carretera M\u00e9xico - Veracruz V\u00eda Xalapa, Colonia Francisco Villa, Veracruz, Veracruz, C.P: 91960","ciudad":"Veracruz","pais":"M\u00e9xico","fecha_creacion":"2025-12-17 20:05:59","estatus":"1"},{"id":"40","nombre":"Bimbo Tijuana","direccion":"Av. de Todos los santos S\/N, Industrial Pac\u00edfico, 22643. Tijuana, Baja California.","ciudad":"Tijuana","pais":"M\u00e9xico","fecha_creacion":"2026-01-02 13:33:01","estatus":"1"},{"id":"41","nombre":"PLANTA PRUEBA N","direccion":"SERVIPRO MX","ciudad":"Ciudad de M\u00e9xico","pais":"M\u00e9xico","fecha_creacion":"2026-01-06 17:57:01","estatus":"1"}]
WARNING - 2026-02-17 10:14:14 --> [DEPRECATED] Passing lowercase HTTP method "get" is deprecated. Use uppercase HTTP method like "GET". in SYSTEMPATH/Router/RouteCollection.php on line 1026.
 1 SYSTEMPATH/Router/RouteCollection.php(1026): trigger_error('Passing lowercase HTTP method "get" is deprecated. Use uppercase HTTP method like "GET".', 16384)
 2 APPPATH/Config/Routes.php(135): CodeIgniter\Router\RouteCollection->match([...], 'locations/generarPDF', 'LocationsPdfController::generarPDF')
 3 SYSTEMPATH/Router/RouteCollection.php(339): require('/home/u976386866/domains/servipro.site/public_html/app/app/Config/Routes.php')
 4 SYSTEMPATH/CodeIgniter.php(821): CodeIgniter\Router\RouteCollection->loadRoutes()
 5 SYSTEMPATH/CodeIgniter.php(455): CodeIgniter\CodeIgniter->tryToRouteIt(null)
 6 SYSTEMPATH/CodeIgniter.php(354): CodeIgniter\CodeIgniter->handleRequest(null, Object(Config\Cache), false)
 7 SYSTEMPATH/Boot.php(334): CodeIgniter\CodeIgniter->run()
 8 SYSTEMPATH/Boot.php(67): CodeIgniter\Boot::runCodeIgniter(Object(CodeIgniter\CodeIgniter))
 9 FCPATH/index.php(56): CodeIgniter\Boot::bootWeb(Object(Config\Paths))
WARNING - 2026-02-17 10:14:14 --> [DEPRECATED] Passing lowercase HTTP method "post" is deprecated. Use uppercase HTTP method like "POST". in SYSTEMPATH/Router/RouteCollection.php on line 1026.
 1 SYSTEMPATH/Router/RouteCollection.php(1026): trigger_error('Passing lowercase HTTP method "post" is deprecated. Use uppercase HTTP method like "POST".', 16384)
 2 APPPATH/Config/Routes.php(135): CodeIgniter\Router\RouteCollection->match([...], 'locations/generarPDF', 'LocationsPdfController::generarPDF')
 3 SYSTEMPATH/Router/RouteCollection.php(339): require('/home/u976386866/domains/servipro.site/public_html/app/app/Config/Routes.php')
 4 SYSTEMPATH/CodeIgniter.php(821): CodeIgniter\Router\RouteCollection->loadRoutes()
 5 SYSTEMPATH/CodeIgniter.php(455): CodeIgniter\CodeIgniter->tryToRouteIt(null)
 6 SYSTEMPATH/CodeIgniter.php(354): CodeIgniter\CodeIgniter->handleRequest(null, Object(Config\Cache), false)
 7 SYSTEMPATH/Boot.php(334): CodeIgniter\CodeIgniter->run()
 8 SYSTEMPATH/Boot.php(67): CodeIgniter\Boot::runCodeIgniter(Object(CodeIgniter\CodeIgniter))
 9 FCPATH/index.php(56): CodeIgniter\Boot::bootWeb(Object(Config\Paths))
DEBUG - 2026-02-17 10:14:14 --> Session: Class initialized using 'CodeIgniter\Session\Handlers\FileHandler' driver.
DEBUG - 2026-02-17 10:14:14 --> Iniciando carga de sedes
DEBUG - 2026-02-17 10:14:14 --> Sedes cargadas: [{"id":"18","nombre":"Bimbo Azcapotzalco","direccion":"Av San Pablo Xalpa 520, San Martin Xochinahuac, Azcapotzalco, 02120 Ciudad de M\u00e9xico, CDMX","ciudad":"CDMC","pais":"M\u00e9xico","fecha_creacion":"2025-04-07 12:06:45","estatus":"1"},{"id":"21","nombre":"Bimbo Villahermosa","direccion":"Av. Cobre 105, Cd Industrial, 86010 Villahermosa, Tabasco","ciudad":"Villahermosa, Tabasco","pais":"M\u00e9xico","fecha_creacion":"2025-05-12 12:11:50","estatus":"1"},{"id":"22","nombre":"Totis Planta uno Botana","direccion":"Av. San Pablo Xalpa 520, San Mart\u00edn Xochinahuac, Azcapotzalco, 02120 Ciudad de M\u00e9xico, CDMX","ciudad":"CDMX","pais":"Mexico","fecha_creacion":"2025-05-28 09:41:53","estatus":"1"},{"id":"23","nombre":"BIMBO YUCAT\u00c1N","direccion":"CALLE 21, #426, INT 0, COL. CIUDAD INDUSTRIAL","ciudad":"M\u00c9RIDA","pais":"M\u00c9XICO","fecha_creacion":"2025-07-14 17:00:19","estatus":"1"},{"id":"24","nombre":"Bimbo Toluca","direccion":"Corredor Industrial, Mz 2, Lote E, Ex Rancho El Coecillo","ciudad":"Toluca","pais":"M\u00e9xico","fecha_creacion":"2025-07-28 13:39:14","estatus":"1"},{"id":"26","nombre":"Totis planta dos","direccion":"Eje oriente poniente no. 38, col. Ciudad industrial, CP 43800, Tizayuca, Hidalgo","ciudad":"Tizayuca","pais":"M\u00e9xico","fecha_creacion":"2025-10-27 16:30:54","estatus":"1"},{"id":"27","nombre":"Bimbo M\u00e9xico Santa Mar\u00eda ","direccion":"Mimosas 117, 118 Col. Santa Mar\u00eda Insurgentes Cuauht\u00e9moc CDMX ","ciudad":"CDMX","pais":"M\u00e9xico","fecha_creacion":"2025-11-02 10:48:40","estatus":"1"},{"id":"28","nombre":"HAZPAN-LONCHIBON","direccion":"EMILIANO ZAPATA 25, PQUE. IND. LERMA","ciudad":"TOLUCA","pais":"M\u00e9xico","fecha_creacion":"2025-11-27 11:43:59","estatus":"1"},{"id":"29","nombre":"Suandy Marinela Toluca","direccion":"Emiliano Zapata 25, Pque. Ind. Lerma","ciudad":"TOLUCA","pais":"M\u00e9xico","fecha_creacion":"2025-11-27 11:55:24","estatus":"1"},{"id":"30","nombre":"T\u00eda Rosa, Toluca ","direccion":"Benito Juarez Mz. 027","ciudad":"Sta. Ma. Totoltepec, Toluca","pais":"M\u00e9xico","fecha_creacion":"2025-11-27 11:56:59","estatus":"1"},{"id":"31","nombre":"Bimbo Norte","direccion":"Av. F\u00e9lix U. G\u00f3mez 4203, Coyoac\u00e1n, C.P. 64510","ciudad":"Monterrey N.L.","pais":"M\u00e9xico","fecha_creacion":"2025-11-28 15:45:37","estatus":"1"},{"id":"32","nombre":"PLANTA DE PRUEBA","direccion":"PRUEBAS","ciudad":"DCDS","pais":"MEXICO","fecha_creacion":"2025-12-07 18:59:44","estatus":"1"},{"id":"33","nombre":"BSL","direccion":"Eje 128 #135 manzana 3, zona industrial segunda secci\u00f3n ","ciudad":"San Luis Potos\u00ed","pais":"M\u00e9xico","fecha_creacion":"2025-12-08 21:23:56","estatus":"1"},{"id":"34","nombre":"Sanissimo Monterrey","direccion":"Manuel de la Pe\u00f1a y Pe\u00f1a #1020-5, Bella Vista","ciudad":"Monterrey N.L.","pais":"M\u00e9xico","fecha_creacion":"2025-12-08 21:28:12","estatus":"1"},{"id":"36","nombre":"Bimbo Yucat\u00e1n Prueba 2025","direccion":"Calle 21, Villas M\u00e9rida, C.P. 97288, M\u00e9rida Yucat\u00e1n","ciudad":"M\u00e9rida Yucat\u00e1n","pais":"Mexico","fecha_creacion":"2025-12-16 10:43:55","estatus":"1"},{"id":"37","nombre":"BIMBO YUCATAN","direccion":"CALLE 21 CD. INDUSTRIAL","ciudad":"MERIDA YUCATAN","pais":"MEXICO","fecha_creacion":"2025-12-16 17:13:12","estatus":"1"},{"id":"38","nombre":"Bimbo Pac\u00edfico","direccion":"Av. Luis Donaldo Colosio Murrieta, No. 18900","ciudad":"Mazatl\u00e1n","pais":"M\u00e9xico","fecha_creacion":"2025-12-17 11:28:47","estatus":"1"},{"id":"39","nombre":"Bimbo Golfo","direccion":"Km 441 Carretera M\u00e9xico - Veracruz V\u00eda Xalapa, Colonia Francisco Villa, Veracruz, Veracruz, C.P: 91960","ciudad":"Veracruz","pais":"M\u00e9xico","fecha_creacion":"2025-12-17 20:05:59","estatus":"1"},{"id":"40","nombre":"Bimbo Tijuana","direccion":"Av. de Todos los santos S\/N, Industrial Pac\u00edfico, 22643. Tijuana, Baja California.","ciudad":"Tijuana","pais":"M\u00e9xico","fecha_creacion":"2026-01-02 13:33:01","estatus":"1"},{"id":"41","nombre":"PLANTA PRUEBA N","direccion":"SERVIPRO MX","ciudad":"Ciudad de M\u00e9xico","pais":"M\u00e9xico","fecha_creacion":"2026-01-06 17:57:01","estatus":"1"}]
WARNING - 2026-02-17 10:14:15 --> [DEPRECATED] Passing lowercase HTTP method "get" is deprecated. Use uppercase HTTP method like "GET". in SYSTEMPATH/Router/RouteCollection.php on line 1026.
 1 SYSTEMPATH/Router/RouteCollection.php(1026): trigger_error('Passing lowercase HTTP method "get" is deprecated. Use uppercase HTTP method like "GET".', 16384)
 2 APPPATH/Config/Routes.php(135): CodeIgniter\Router\RouteCollection->match([...], 'locations/generarPDF', 'LocationsPdfController::generarPDF')
 3 SYSTEMPATH/Router/RouteCollection.php(339): require('/home/u976386866/domains/servipro.site/public_html/app/app/Config/Routes.php')
 4 SYSTEMPATH/CodeIgniter.php(821): CodeIgniter\Router\RouteCollection->loadRoutes()
 5 SYSTEMPATH/CodeIgniter.php(455): CodeIgniter\CodeIgniter->tryToRouteIt(null)
 6 SYSTEMPATH/CodeIgniter.php(354): CodeIgniter\CodeIgniter->handleRequest(null, Object(Config\Cache), false)
 7 SYSTEMPATH/Boot.php(334): CodeIgniter\CodeIgniter->run()
 8 SYSTEMPATH/Boot.php(67): CodeIgniter\Boot::runCodeIgniter(Object(CodeIgniter\CodeIgniter))
 9 FCPATH/index.php(56): CodeIgniter\Boot::bootWeb(Object(Config\Paths))
WARNING - 2026-02-17 10:14:15 --> [DEPRECATED] Passing lowercase HTTP method "post" is deprecated. Use uppercase HTTP method like "POST". in SYSTEMPATH/Router/RouteCollection.php on line 1026.
 1 SYSTEMPATH/Router/RouteCollection.php(1026): trigger_error('Passing lowercase HTTP method "post" is deprecated. Use uppercase HTTP method like "POST".', 16384)
 2 APPPATH/Config/Routes.php(135): CodeIgniter\Router\RouteCollection->match([...], 'locations/generarPDF', 'LocationsPdfController::generarPDF')
 3 SYSTEMPATH/Router/RouteCollection.php(339): require('/home/u976386866/domains/servipro.site/public_html/app/app/Config/Routes.php')
 4 SYSTEMPATH/CodeIgniter.php(821): CodeIgniter\Router\RouteCollection->loadRoutes()
 5 SYSTEMPATH/CodeIgniter.php(455): CodeIgniter\CodeIgniter->tryToRouteIt(null)
 6 SYSTEMPATH/CodeIgniter.php(354): CodeIgniter\CodeIgniter->handleRequest(null, Object(Config\Cache), false)
 7 SYSTEMPATH/Boot.php(334): CodeIgniter\CodeIgniter->run()
 8 SYSTEMPATH/Boot.php(67): CodeIgniter\Boot::runCodeIgniter(Object(CodeIgniter\CodeIgniter))
 9 FCPATH/index.php(56): CodeIgniter\Boot::bootWeb(Object(Config\Paths))
DEBUG - 2026-02-17 10:14:15 --> Session: Class initialized using 'CodeIgniter\Session\Handlers\FileHandler' driver.
WARNING - 2026-02-17 10:22:30 --> [DEPRECATED] Passing lowercase HTTP method "get" is deprecated. Use uppercase HTTP method like "GET". in SYSTEMPATH/Router/RouteCollection.php on line 1026.
 1 SYSTEMPATH/Router/RouteCollection.php(1026): trigger_error('Passing lowercase HTTP method "get" is deprecated. Use uppercase HTTP method like "GET".', 16384)
 2 APPPATH/Config/Routes.php(135): CodeIgniter\Router\RouteCollection->match([...], 'locations/generarPDF', 'LocationsPdfController::generarPDF')
 3 SYSTEMPATH/Router/RouteCollection.php(339): require('/home/u976386866/domains/servipro.site/public_html/app/app/Config/Routes.php')
 4 SYSTEMPATH/CodeIgniter.php(821): CodeIgniter\Router\RouteCollection->loadRoutes()
 5 SYSTEMPATH/CodeIgniter.php(455): CodeIgniter\CodeIgniter->tryToRouteIt(null)
 6 SYSTEMPATH/CodeIgniter.php(354): CodeIgniter\CodeIgniter->handleRequest(null, Object(Config\Cache), false)
 7 SYSTEMPATH/Boot.php(334): CodeIgniter\CodeIgniter->run()
 8 SYSTEMPATH/Boot.php(67): CodeIgniter\Boot::runCodeIgniter(Object(CodeIgniter\CodeIgniter))
 9 FCPATH/index.php(56): CodeIgniter\Boot::bootWeb(Object(Config\Paths))
WARNING - 2026-02-17 10:22:30 --> [DEPRECATED] Passing lowercase HTTP method "post" is deprecated. Use uppercase HTTP method like "POST". in SYSTEMPATH/Router/RouteCollection.php on line 1026.
 1 SYSTEMPATH/Router/RouteCollection.php(1026): trigger_error('Passing lowercase HTTP method "post" is deprecated. Use uppercase HTTP method like "POST".', 16384)
 2 APPPATH/Config/Routes.php(135): CodeIgniter\Router\RouteCollection->match([...], 'locations/generarPDF', 'LocationsPdfController::generarPDF')
 3 SYSTEMPATH/Router/RouteCollection.php(339): require('/home/u976386866/domains/servipro.site/public_html/app/app/Config/Routes.php')
 4 SYSTEMPATH/CodeIgniter.php(821): CodeIgniter\Router\RouteCollection->loadRoutes()
 5 SYSTEMPATH/CodeIgniter.php(455): CodeIgniter\CodeIgniter->tryToRouteIt(null)
 6 SYSTEMPATH/CodeIgniter.php(354): CodeIgniter\CodeIgniter->handleRequest(null, Object(Config\Cache), false)
 7 SYSTEMPATH/Boot.php(334): CodeIgniter\CodeIgniter->run()
 8 SYSTEMPATH/Boot.php(67): CodeIgniter\Boot::runCodeIgniter(Object(CodeIgniter\CodeIgniter))
 9 FCPATH/index.php(56): CodeIgniter\Boot::bootWeb(Object(Config\Paths))
DEBUG - 2026-02-17 10:22:30 --> Session: Class initialized using 'CodeIgniter\Session\Handlers\FileHandler' driver.
WARNING - 2026-02-17 10:22:31 --> [DEPRECATED] Passing lowercase HTTP method "get" is deprecated. Use uppercase HTTP method like "GET". in SYSTEMPATH/Router/RouteCollection.php on line 1026.
 1 SYSTEMPATH/Router/RouteCollection.php(1026): trigger_error('Passing lowercase HTTP method "get" is deprecated. Use uppercase HTTP method like "GET".', 16384)
 2 APPPATH/Config/Routes.php(135): CodeIgniter\Router\RouteCollection->match([...], 'locations/generarPDF', 'LocationsPdfController::generarPDF')
 3 SYSTEMPATH/Router/RouteCollection.php(339): require('/home/u976386866/domains/servipro.site/public_html/app/app/Config/Routes.php')
 4 SYSTEMPATH/CodeIgniter.php(821): CodeIgniter\Router\RouteCollection->loadRoutes()
 5 SYSTEMPATH/CodeIgniter.php(455): CodeIgniter\CodeIgniter->tryToRouteIt(null)
 6 SYSTEMPATH/CodeIgniter.php(354): CodeIgniter\CodeIgniter->handleRequest(null, Object(Config\Cache), false)
 7 SYSTEMPATH/Boot.php(334): CodeIgniter\CodeIgniter->run()
 8 SYSTEMPATH/Boot.php(67): CodeIgniter\Boot::runCodeIgniter(Object(CodeIgniter\CodeIgniter))
 9 FCPATH/index.php(56): CodeIgniter\Boot::bootWeb(Object(Config\Paths))
WARNING - 2026-02-17 10:22:31 --> [DEPRECATED] Passing lowercase HTTP method "post" is deprecated. Use uppercase HTTP method like "POST". in SYSTEMPATH/Router/RouteCollection.php on line 1026.
 1 SYSTEMPATH/Router/RouteCollection.php(1026): trigger_error('Passing lowercase HTTP method "post" is deprecated. Use uppercase HTTP method like "POST".', 16384)
 2 APPPATH/Config/Routes.php(135): CodeIgniter\Router\RouteCollection->match([...], 'locations/generarPDF', 'LocationsPdfController::generarPDF')
 3 SYSTEMPATH/Router/RouteCollection.php(339): require('/home/u976386866/domains/servipro.site/public_html/app/app/Config/Routes.php')
 4 SYSTEMPATH/CodeIgniter.php(821): CodeIgniter\Router\RouteCollection->loadRoutes()
 5 SYSTEMPATH/CodeIgniter.php(455): CodeIgniter\CodeIgniter->tryToRouteIt(null)
 6 SYSTEMPATH/CodeIgniter.php(354): CodeIgniter\CodeIgniter->handleRequest(null, Object(Config\Cache), false)
 7 SYSTEMPATH/Boot.php(334): CodeIgniter\CodeIgniter->run()
 8 SYSTEMPATH/Boot.php(67): CodeIgniter\Boot::runCodeIgniter(Object(CodeIgniter\CodeIgniter))
 9 FCPATH/index.php(56): CodeIgniter\Boot::bootWeb(Object(Config\Paths))
DEBUG - 2026-02-17 10:22:31 --> Session: Class initialized using 'CodeIgniter\Session\Handlers\FileHandler' driver.
WARNING - 2026-02-17 10:22:34 --> [DEPRECATED] Passing lowercase HTTP method "get" is deprecated. Use uppercase HTTP method like "GET". in SYSTEMPATH/Router/RouteCollection.php on line 1026.
 1 SYSTEMPATH/Router/RouteCollection.php(1026): trigger_error('Passing lowercase HTTP method "get" is deprecated. Use uppercase HTTP method like "GET".', 16384)
 2 APPPATH/Config/Routes.php(135): CodeIgniter\Router\RouteCollection->match([...], 'locations/generarPDF', 'LocationsPdfController::generarPDF')
 3 SYSTEMPATH/Router/RouteCollection.php(339): require('/home/u976386866/domains/servipro.site/public_html/app/app/Config/Routes.php')
 4 SYSTEMPATH/CodeIgniter.php(821): CodeIgniter\Router\RouteCollection->loadRoutes()
 5 SYSTEMPATH/CodeIgniter.php(455): CodeIgniter\CodeIgniter->tryToRouteIt(null)
 6 SYSTEMPATH/CodeIgniter.php(354): CodeIgniter\CodeIgniter->handleRequest(null, Object(Config\Cache), false)
 7 SYSTEMPATH/Boot.php(334): CodeIgniter\CodeIgniter->run()
 8 SYSTEMPATH/Boot.php(67): CodeIgniter\Boot::runCodeIgniter(Object(CodeIgniter\CodeIgniter))
 9 FCPATH/index.php(56): CodeIgniter\Boot::bootWeb(Object(Config\Paths))
WARNING - 2026-02-17 10:22:34 --> [DEPRECATED] Passing lowercase HTTP method "post" is deprecated. Use uppercase HTTP method like "POST". in SYSTEMPATH/Router/RouteCollection.php on line 1026.
 1 SYSTEMPATH/Router/RouteCollection.php(1026): trigger_error('Passing lowercase HTTP method "post" is deprecated. Use uppercase HTTP method like "POST".', 16384)
 2 APPPATH/Config/Routes.php(135): CodeIgniter\Router\RouteCollection->match([...], 'locations/generarPDF', 'LocationsPdfController::generarPDF')
 3 SYSTEMPATH/Router/RouteCollection.php(339): require('/home/u976386866/domains/servipro.site/public_html/app/app/Config/Routes.php')
 4 SYSTEMPATH/CodeIgniter.php(821): CodeIgniter\Router\RouteCollection->loadRoutes()
 5 SYSTEMPATH/CodeIgniter.php(455): CodeIgniter\CodeIgniter->tryToRouteIt(null)
 6 SYSTEMPATH/CodeIgniter.php(354): CodeIgniter\CodeIgniter->handleRequest(null, Object(Config\Cache), false)
 7 SYSTEMPATH/Boot.php(334): CodeIgniter\CodeIgniter->run()
 8 SYSTEMPATH/Boot.php(67): CodeIgniter\Boot::runCodeIgniter(Object(CodeIgniter\CodeIgniter))
 9 FCPATH/index.php(56): CodeIgniter\Boot::bootWeb(Object(Config\Paths))
DEBUG - 2026-02-17 10:22:34 --> Session: Class initialized using 'CodeIgniter\Session\Handlers\FileHandler' driver.
WARNING - 2026-02-17 10:22:36 --> [DEPRECATED] Passing lowercase HTTP method "get" is deprecated. Use uppercase HTTP method like "GET". in SYSTEMPATH/Router/RouteCollection.php on line 1026.
 1 SYSTEMPATH/Router/RouteCollection.php(1026): trigger_error('Passing lowercase HTTP method "get" is deprecated. Use uppercase HTTP method like "GET".', 16384)
 2 APPPATH/Config/Routes.php(135): CodeIgniter\Router\RouteCollection->match([...], 'locations/generarPDF', 'LocationsPdfController::generarPDF')
 3 SYSTEMPATH/Router/RouteCollection.php(339): require('/home/u976386866/domains/servipro.site/public_html/app/app/Config/Routes.php')
 4 SYSTEMPATH/CodeIgniter.php(821): CodeIgniter\Router\RouteCollection->loadRoutes()
 5 SYSTEMPATH/CodeIgniter.php(455): CodeIgniter\CodeIgniter->tryToRouteIt(null)
 6 SYSTEMPATH/CodeIgniter.php(354): CodeIgniter\CodeIgniter->handleRequest(null, Object(Config\Cache), false)
 7 SYSTEMPATH/Boot.php(334): CodeIgniter\CodeIgniter->run()
 8 SYSTEMPATH/Boot.php(67): CodeIgniter\Boot::runCodeIgniter(Object(CodeIgniter\CodeIgniter))
 9 FCPATH/index.php(56): CodeIgniter\Boot::bootWeb(Object(Config\Paths))
WARNING - 2026-02-17 10:22:36 --> [DEPRECATED] Passing lowercase HTTP method "post" is deprecated. Use uppercase HTTP method like "POST". in SYSTEMPATH/Router/RouteCollection.php on line 1026.
 1 SYSTEMPATH/Router/RouteCollection.php(1026): trigger_error('Passing lowercase HTTP method "post" is deprecated. Use uppercase HTTP method like "POST".', 16384)
 2 APPPATH/Config/Routes.php(135): CodeIgniter\Router\RouteCollection->match([...], 'locations/generarPDF', 'LocationsPdfController::generarPDF')
 3 SYSTEMPATH/Router/RouteCollection.php(339): require('/home/u976386866/domains/servipro.site/public_html/app/app/Config/Routes.php')
 4 SYSTEMPATH/CodeIgniter.php(821): CodeIgniter\Router\RouteCollection->loadRoutes()
 5 SYSTEMPATH/CodeIgniter.php(455): CodeIgniter\CodeIgniter->tryToRouteIt(null)
 6 SYSTEMPATH/CodeIgniter.php(354): CodeIgniter\CodeIgniter->handleRequest(null, Object(Config\Cache), false)
 7 SYSTEMPATH/Boot.php(334): CodeIgniter\CodeIgniter->run()
 8 SYSTEMPATH/Boot.php(67): CodeIgniter\Boot::runCodeIgniter(Object(CodeIgniter\CodeIgniter))
 9 FCPATH/index.php(56): CodeIgniter\Boot::bootWeb(Object(Config\Paths))
DEBUG - 2026-02-17 10:22:36 --> Session: Class initialized using 'CodeIgniter\Session\Handlers\FileHandler' driver.
WARNING - 2026-02-17 10:22:41 --> [DEPRECATED] Passing lowercase HTTP method "get" is deprecated. Use uppercase HTTP method like "GET". in SYSTEMPATH/Router/RouteCollection.php on line 1026.
 1 SYSTEMPATH/Router/RouteCollection.php(1026): trigger_error('Passing lowercase HTTP method "get" is deprecated. Use uppercase HTTP method like "GET".', 16384)
 2 APPPATH/Config/Routes.php(135): CodeIgniter\Router\RouteCollection->match([...], 'locations/generarPDF', 'LocationsPdfController::generarPDF')
 3 SYSTEMPATH/Router/RouteCollection.php(339): require('/home/u976386866/domains/servipro.site/public_html/app/app/Config/Routes.php')
 4 SYSTEMPATH/CodeIgniter.php(821): CodeIgniter\Router\RouteCollection->loadRoutes()
 5 SYSTEMPATH/CodeIgniter.php(455): CodeIgniter\CodeIgniter->tryToRouteIt(null)
 6 SYSTEMPATH/CodeIgniter.php(354): CodeIgniter\CodeIgniter->handleRequest(null, Object(Config\Cache), false)
 7 SYSTEMPATH/Boot.php(334): CodeIgniter\CodeIgniter->run()
 8 SYSTEMPATH/Boot.php(67): CodeIgniter\Boot::runCodeIgniter(Object(CodeIgniter\CodeIgniter))
 9 FCPATH/index.php(56): CodeIgniter\Boot::bootWeb(Object(Config\Paths))
WARNING - 2026-02-17 10:22:41 --> [DEPRECATED] Passing lowercase HTTP method "post" is deprecated. Use uppercase HTTP method like "POST". in SYSTEMPATH/Router/RouteCollection.php on line 1026.
 1 SYSTEMPATH/Router/RouteCollection.php(1026): trigger_error('Passing lowercase HTTP method "post" is deprecated. Use uppercase HTTP method like "POST".', 16384)
 2 APPPATH/Config/Routes.php(135): CodeIgniter\Router\RouteCollection->match([...], 'locations/generarPDF', 'LocationsPdfController::generarPDF')
 3 SYSTEMPATH/Router/RouteCollection.php(339): require('/home/u976386866/domains/servipro.site/public_html/app/app/Config/Routes.php')
 4 SYSTEMPATH/CodeIgniter.php(821): CodeIgniter\Router\RouteCollection->loadRoutes()
 5 SYSTEMPATH/CodeIgniter.php(455): CodeIgniter\CodeIgniter->tryToRouteIt(null)
 6 SYSTEMPATH/CodeIgniter.php(354): CodeIgniter\CodeIgniter->handleRequest(null, Object(Config\Cache), false)
 7 SYSTEMPATH/Boot.php(334): CodeIgniter\CodeIgniter->run()
 8 SYSTEMPATH/Boot.php(67): CodeIgniter\Boot::runCodeIgniter(Object(CodeIgniter\CodeIgniter))
 9 FCPATH/index.php(56): CodeIgniter\Boot::bootWeb(Object(Config\Paths))
DEBUG - 2026-02-17 10:22:41 --> Session: Class initialized using 'CodeIgniter\Session\Handlers\FileHandler' driver.
WARNING - 2026-02-17 10:23:28 --> [DEPRECATED] Passing lowercase HTTP method "get" is deprecated. Use uppercase HTTP method like "GET". in SYSTEMPATH/Router/RouteCollection.php on line 1026.
 1 SYSTEMPATH/Router/RouteCollection.php(1026): trigger_error('Passing lowercase HTTP method "get" is deprecated. Use uppercase HTTP method like "GET".', 16384)
 2 APPPATH/Config/Routes.php(135): CodeIgniter\Router\RouteCollection->match([...], 'locations/generarPDF', 'LocationsPdfController::generarPDF')
 3 SYSTEMPATH/Router/RouteCollection.php(339): require('/home/u976386866/domains/servipro.site/public_html/app/app/Config/Routes.php')
 4 SYSTEMPATH/CodeIgniter.php(821): CodeIgniter\Router\RouteCollection->loadRoutes()
 5 SYSTEMPATH/CodeIgniter.php(455): CodeIgniter\CodeIgniter->tryToRouteIt(null)
 6 SYSTEMPATH/CodeIgniter.php(354): CodeIgniter\CodeIgniter->handleRequest(null, Object(Config\Cache), false)
 7 SYSTEMPATH/Boot.php(334): CodeIgniter\CodeIgniter->run()
 8 SYSTEMPATH/Boot.php(67): CodeIgniter\Boot::runCodeIgniter(Object(CodeIgniter\CodeIgniter))
 9 FCPATH/index.php(56): CodeIgniter\Boot::bootWeb(Object(Config\Paths))
WARNING - 2026-02-17 10:23:28 --> [DEPRECATED] Passing lowercase HTTP method "post" is deprecated. Use uppercase HTTP method like "POST". in SYSTEMPATH/Router/RouteCollection.php on line 1026.
 1 SYSTEMPATH/Router/RouteCollection.php(1026): trigger_error('Passing lowercase HTTP method "post" is deprecated. Use uppercase HTTP method like "POST".', 16384)
 2 APPPATH/Config/Routes.php(135): CodeIgniter\Router\RouteCollection->match([...], 'locations/generarPDF', 'LocationsPdfController::generarPDF')
 3 SYSTEMPATH/Router/RouteCollection.php(339): require('/home/u976386866/domains/servipro.site/public_html/app/app/Config/Routes.php')
 4 SYSTEMPATH/CodeIgniter.php(821): CodeIgniter\Router\RouteCollection->loadRoutes()
 5 SYSTEMPATH/CodeIgniter.php(455): CodeIgniter\CodeIgniter->tryToRouteIt(null)
 6 SYSTEMPATH/CodeIgniter.php(354): CodeIgniter\CodeIgniter->handleRequest(null, Object(Config\Cache), false)
 7 SYSTEMPATH/Boot.php(334): CodeIgniter\CodeIgniter->run()
 8 SYSTEMPATH/Boot.php(67): CodeIgniter\Boot::runCodeIgniter(Object(CodeIgniter\CodeIgniter))
 9 FCPATH/index.php(56): CodeIgniter\Boot::bootWeb(Object(Config\Paths))
WARNING - 2026-02-17 10:23:28 --> [DEPRECATED] Passing lowercase HTTP method "get" is deprecated. Use uppercase HTTP method like "GET". in SYSTEMPATH/Router/RouteCollection.php on line 1026.
 1 SYSTEMPATH/Router/RouteCollection.php(1026): trigger_error('Passing lowercase HTTP method "get" is deprecated. Use uppercase HTTP method like "GET".', 16384)
 2 APPPATH/Config/Routes.php(135): CodeIgniter\Router\RouteCollection->match([...], 'locations/generarPDF', 'LocationsPdfController::generarPDF')
 3 SYSTEMPATH/Router/RouteCollection.php(339): require('/home/u976386866/domains/servipro.site/public_html/app/app/Config/Routes.php')
 4 SYSTEMPATH/CodeIgniter.php(821): CodeIgniter\Router\RouteCollection->loadRoutes()
 5 SYSTEMPATH/CodeIgniter.php(455): CodeIgniter\CodeIgniter->tryToRouteIt(null)
 6 SYSTEMPATH/CodeIgniter.php(354): CodeIgniter\CodeIgniter->handleRequest(null, Object(Config\Cache), false)
 7 SYSTEMPATH/Boot.php(334): CodeIgniter\CodeIgniter->run()
 8 SYSTEMPATH/Boot.php(67): CodeIgniter\Boot::runCodeIgniter(Object(CodeIgniter\CodeIgniter))
 9 FCPATH/index.php(56): CodeIgniter\Boot::bootWeb(Object(Config\Paths))
WARNING - 2026-02-17 10:23:28 --> [DEPRECATED] Passing lowercase HTTP method "post" is deprecated. Use uppercase HTTP method like "POST". in SYSTEMPATH/Router/RouteCollection.php on line 1026.
 1 SYSTEMPATH/Router/RouteCollection.php(1026): trigger_error('Passing lowercase HTTP method "post" is deprecated. Use uppercase HTTP method like "POST".', 16384)
 2 APPPATH/Config/Routes.php(135): CodeIgniter\Router\RouteCollection->match([...], 'locations/generarPDF', 'LocationsPdfController::generarPDF')
 3 SYSTEMPATH/Router/RouteCollection.php(339): require('/home/u976386866/domains/servipro.site/public_html/app/app/Config/Routes.php')
 4 SYSTEMPATH/CodeIgniter.php(821): CodeIgniter\Router\RouteCollection->loadRoutes()
 5 SYSTEMPATH/CodeIgniter.php(455): CodeIgniter\CodeIgniter->tryToRouteIt(null)
 6 SYSTEMPATH/CodeIgniter.php(354): CodeIgniter\CodeIgniter->handleRequest(null, Object(Config\Cache), false)
 7 SYSTEMPATH/Boot.php(334): CodeIgniter\CodeIgniter->run()
 8 SYSTEMPATH/Boot.php(67): CodeIgniter\Boot::runCodeIgniter(Object(CodeIgniter\CodeIgniter))
 9 FCPATH/index.php(56): CodeIgniter\Boot::bootWeb(Object(Config\Paths))
WARNING - 2026-02-17 10:23:30 --> [DEPRECATED] Passing lowercase HTTP method "get" is deprecated. Use uppercase HTTP method like "GET". in SYSTEMPATH/Router/RouteCollection.php on line 1026.
 1 SYSTEMPATH/Router/RouteCollection.php(1026): trigger_error('Passing lowercase HTTP method "get" is deprecated. Use uppercase HTTP method like "GET".', 16384)
 2 APPPATH/Config/Routes.php(135): CodeIgniter\Router\RouteCollection->match([...], 'locations/generarPDF', 'LocationsPdfController::generarPDF')
 3 SYSTEMPATH/Router/RouteCollection.php(339): require('/home/u976386866/domains/servipro.site/public_html/app/app/Config/Routes.php')
 4 SYSTEMPATH/CodeIgniter.php(821): CodeIgniter\Router\RouteCollection->loadRoutes()
 5 SYSTEMPATH/CodeIgniter.php(455): CodeIgniter\CodeIgniter->tryToRouteIt(null)
 6 SYSTEMPATH/CodeIgniter.php(354): CodeIgniter\CodeIgniter->handleRequest(null, Object(Config\Cache), false)
 7 SYSTEMPATH/Boot.php(334): CodeIgniter\CodeIgniter->run()
 8 SYSTEMPATH/Boot.php(67): CodeIgniter\Boot::runCodeIgniter(Object(CodeIgniter\CodeIgniter))
 9 FCPATH/index.php(56): CodeIgniter\Boot::bootWeb(Object(Config\Paths))
WARNING - 2026-02-17 10:23:30 --> [DEPRECATED] Passing lowercase HTTP method "post" is deprecated. Use uppercase HTTP method like "POST". in SYSTEMPATH/Router/RouteCollection.php on line 1026.
 1 SYSTEMPATH/Router/RouteCollection.php(1026): trigger_error('Passing lowercase HTTP method "post" is deprecated. Use uppercase HTTP method like "POST".', 16384)
 2 APPPATH/Config/Routes.php(135): CodeIgniter\Router\RouteCollection->match([...], 'locations/generarPDF', 'LocationsPdfController::generarPDF')
 3 SYSTEMPATH/Router/RouteCollection.php(339): require('/home/u976386866/domains/servipro.site/public_html/app/app/Config/Routes.php')
 4 SYSTEMPATH/CodeIgniter.php(821): CodeIgniter\Router\RouteCollection->loadRoutes()
 5 SYSTEMPATH/CodeIgniter.php(455): CodeIgniter\CodeIgniter->tryToRouteIt(null)
 6 SYSTEMPATH/CodeIgniter.php(354): CodeIgniter\CodeIgniter->handleRequest(null, Object(Config\Cache), false)
 7 SYSTEMPATH/Boot.php(334): CodeIgniter\CodeIgniter->run()
 8 SYSTEMPATH/Boot.php(67): CodeIgniter\Boot::runCodeIgniter(Object(CodeIgniter\CodeIgniter))
 9 FCPATH/index.php(56): CodeIgniter\Boot::bootWeb(Object(Config\Paths))
DEBUG - 2026-02-17 10:23:30 --> Session: Class initialized using 'CodeIgniter\Session\Handlers\FileHandler' driver.
WARNING - 2026-02-17 10:31:16 --> [DEPRECATED] Passing lowercase HTTP method "get" is deprecated. Use uppercase HTTP method like "GET". in SYSTEMPATH/Router/RouteCollection.php on line 1026.
 1 SYSTEMPATH/Router/RouteCollection.php(1026): trigger_error('Passing lowercase HTTP method "get" is deprecated. Use uppercase HTTP method like "GET".', 16384)
 2 APPPATH/Config/Routes.php(135): CodeIgniter\Router\RouteCollection->match([...], 'locations/generarPDF', 'LocationsPdfController::generarPDF')
 3 SYSTEMPATH/Router/RouteCollection.php(339): require('/home/u976386866/domains/servipro.site/public_html/app/app/Config/Routes.php')
 4 SYSTEMPATH/CodeIgniter.php(821): CodeIgniter\Router\RouteCollection->loadRoutes()
 5 SYSTEMPATH/CodeIgniter.php(455): CodeIgniter\CodeIgniter->tryToRouteIt(null)
 6 SYSTEMPATH/CodeIgniter.php(354): CodeIgniter\CodeIgniter->handleRequest(null, Object(Config\Cache), false)
 7 SYSTEMPATH/Boot.php(334): CodeIgniter\CodeIgniter->run()
 8 SYSTEMPATH/Boot.php(67): CodeIgniter\Boot::runCodeIgniter(Object(CodeIgniter\CodeIgniter))
 9 FCPATH/index.php(56): CodeIgniter\Boot::bootWeb(Object(Config\Paths))
WARNING - 2026-02-17 10:31:16 --> [DEPRECATED] Passing lowercase HTTP method "get" is deprecated. Use uppercase HTTP method like "GET". in SYSTEMPATH/Router/RouteCollection.php on line 1026.
 1 SYSTEMPATH/Router/RouteCollection.php(1026): trigger_error('Passing lowercase HTTP method "get" is deprecated. Use uppercase HTTP method like "GET".', 16384)
 2 APPPATH/Config/Routes.php(135): CodeIgniter\Router\RouteCollection->match([...], 'locations/generarPDF', 'LocationsPdfController::generarPDF')
 3 SYSTEMPATH/Router/RouteCollection.php(339): require('/home/u976386866/domains/servipro.site/public_html/app/app/Config/Routes.php')
 4 SYSTEMPATH/CodeIgniter.php(821): CodeIgniter\Router\RouteCollection->loadRoutes()
 5 SYSTEMPATH/CodeIgniter.php(455): CodeIgniter\CodeIgniter->tryToRouteIt(null)
 6 SYSTEMPATH/CodeIgniter.php(354): CodeIgniter\CodeIgniter->handleRequest(null, Object(Config\Cache), false)
 7 SYSTEMPATH/Boot.php(334): CodeIgniter\CodeIgniter->run()
 8 SYSTEMPATH/Boot.php(67): CodeIgniter\Boot::runCodeIgniter(Object(CodeIgniter\CodeIgniter))
 9 FCPATH/index.php(56): CodeIgniter\Boot::bootWeb(Object(Config\Paths))
WARNING - 2026-02-17 10:31:16 --> [DEPRECATED] Passing lowercase HTTP method "post" is deprecated. Use uppercase HTTP method like "POST". in SYSTEMPATH/Router/RouteCollection.php on line 1026.
 1 SYSTEMPATH/Router/RouteCollection.php(1026): trigger_error('Passing lowercase HTTP method "post" is deprecated. Use uppercase HTTP method like "POST".', 16384)
 2 APPPATH/Config/Routes.php(135): CodeIgniter\Router\RouteCollection->match([...], 'locations/generarPDF', 'LocationsPdfController::generarPDF')
 3 SYSTEMPATH/Router/RouteCollection.php(339): require('/home/u976386866/domains/servipro.site/public_html/app/app/Config/Routes.php')
 4 SYSTEMPATH/CodeIgniter.php(821): CodeIgniter\Router\RouteCollection->loadRoutes()
 5 SYSTEMPATH/CodeIgniter.php(455): CodeIgniter\CodeIgniter->tryToRouteIt(null)
 6 SYSTEMPATH/CodeIgniter.php(354): CodeIgniter\CodeIgniter->handleRequest(null, Object(Config\Cache), false)
 7 SYSTEMPATH/Boot.php(334): CodeIgniter\CodeIgniter->run()
 8 SYSTEMPATH/Boot.php(67): CodeIgniter\Boot::runCodeIgniter(Object(CodeIgniter\CodeIgniter))
 9 FCPATH/index.php(56): CodeIgniter\Boot::bootWeb(Object(Config\Paths))
WARNING - 2026-02-17 10:31:16 --> [DEPRECATED] Passing lowercase HTTP method "get" is deprecated. Use uppercase HTTP method like "GET". in SYSTEMPATH/Router/RouteCollection.php on line 1026.
 1 SYSTEMPATH/Router/RouteCollection.php(1026): trigger_error('Passing lowercase HTTP method "get" is deprecated. Use uppercase HTTP method like "GET".', 16384)
 2 APPPATH/Config/Routes.php(135): CodeIgniter\Router\RouteCollection->match([...], 'locations/generarPDF', 'LocationsPdfController::generarPDF')
 3 SYSTEMPATH/Router/RouteCollection.php(339): require('/home/u976386866/domains/servipro.site/public_html/app/app/Config/Routes.php')
 4 SYSTEMPATH/CodeIgniter.php(821): CodeIgniter\Router\RouteCollection->loadRoutes()
 5 SYSTEMPATH/CodeIgniter.php(455): CodeIgniter\CodeIgniter->tryToRouteIt(null)
 6 SYSTEMPATH/CodeIgniter.php(354): CodeIgniter\CodeIgniter->handleRequest(null, Object(Config\Cache), false)
 7 SYSTEMPATH/Boot.php(334): CodeIgniter\CodeIgniter->run()
 8 SYSTEMPATH/Boot.php(67): CodeIgniter\Boot::runCodeIgniter(Object(CodeIgniter\CodeIgniter))
 9 FCPATH/index.php(56): CodeIgniter\Boot::bootWeb(Object(Config\Paths))
WARNING - 2026-02-17 10:31:16 --> [DEPRECATED] Passing lowercase HTTP method "get" is deprecated. Use uppercase HTTP method like "GET". in SYSTEMPATH/Router/RouteCollection.php on line 1026.
 1 SYSTEMPATH/Router/RouteCollection.php(1026): trigger_error('Passing lowercase HTTP method "get" is deprecated. Use uppercase HTTP method like "GET".', 16384)
 2 APPPATH/Config/Routes.php(135): CodeIgniter\Router\RouteCollection->match([...], 'locations/generarPDF', 'LocationsPdfController::generarPDF')
 3 SYSTEMPATH/Router/RouteCollection.php(339): require('/home/u976386866/domains/servipro.site/public_html/app/app/Config/Routes.php')
 4 SYSTEMPATH/CodeIgniter.php(821): CodeIgniter\Router\RouteCollection->loadRoutes()
 5 SYSTEMPATH/CodeIgniter.php(455): CodeIgniter\CodeIgniter->tryToRouteIt(null)
 6 SYSTEMPATH/CodeIgniter.php(354): CodeIgniter\CodeIgniter->handleRequest(null, Object(Config\Cache), false)
 7 SYSTEMPATH/Boot.php(334): CodeIgniter\CodeIgniter->run()
 8 SYSTEMPATH/Boot.php(67): CodeIgniter\Boot::runCodeIgniter(Object(CodeIgniter\CodeIgniter))
 9 FCPATH/index.php(56): CodeIgniter\Boot::bootWeb(Object(Config\Paths))
WARNING - 2026-02-17 10:31:16 --> [DEPRECATED] Passing lowercase HTTP method "post" is deprecated. Use uppercase HTTP method like "POST". in SYSTEMPATH/Router/RouteCollection.php on line 1026.
 1 SYSTEMPATH/Router/RouteCollection.php(1026): trigger_error('Passing lowercase HTTP method "post" is deprecated. Use uppercase HTTP method like "POST".', 16384)
 2 APPPATH/Config/Routes.php(135): CodeIgniter\Router\RouteCollection->match([...], 'locations/generarPDF', 'LocationsPdfController::generarPDF')
 3 SYSTEMPATH/Router/RouteCollection.php(339): require('/home/u976386866/domains/servipro.site/public_html/app/app/Config/Routes.php')
 4 SYSTEMPATH/CodeIgniter.php(821): CodeIgniter\Router\RouteCollection->loadRoutes()
 5 SYSTEMPATH/CodeIgniter.php(455): CodeIgniter\CodeIgniter->tryToRouteIt(null)
 6 SYSTEMPATH/CodeIgniter.php(354): CodeIgniter\CodeIgniter->handleRequest(null, Object(Config\Cache), false)
 7 SYSTEMPATH/Boot.php(334): CodeIgniter\CodeIgniter->run()
 8 SYSTEMPATH/Boot.php(67): CodeIgniter\Boot::runCodeIgniter(Object(CodeIgniter\CodeIgniter))
 9 FCPATH/index.php(56): CodeIgniter\Boot::bootWeb(Object(Config\Paths))
WARNING - 2026-02-17 10:31:16 --> [DEPRECATED] Passing lowercase HTTP method "post" is deprecated. Use uppercase HTTP method like "POST". in SYSTEMPATH/Router/RouteCollection.php on line 1026.
 1 SYSTEMPATH/Router/RouteCollection.php(1026): trigger_error('Passing lowercase HTTP method "post" is deprecated. Use uppercase HTTP method like "POST".', 16384)
 2 APPPATH/Config/Routes.php(135): CodeIgniter\Router\RouteCollection->match([...], 'locations/generarPDF', 'LocationsPdfController::generarPDF')
 3 SYSTEMPATH/Router/RouteCollection.php(339): require('/home/u976386866/domains/servipro.site/public_html/app/app/Config/Routes.php')
 4 SYSTEMPATH/CodeIgniter.php(821): CodeIgniter\Router\RouteCollection->loadRoutes()
 5 SYSTEMPATH/CodeIgniter.php(455): CodeIgniter\CodeIgniter->tryToRouteIt(null)
 6 SYSTEMPATH/CodeIgniter.php(354): CodeIgniter\CodeIgniter->handleRequest(null, Object(Config\Cache), false)
 7 SYSTEMPATH/Boot.php(334): CodeIgniter\CodeIgniter->run()
 8 SYSTEMPATH/Boot.php(67): CodeIgniter\Boot::runCodeIgniter(Object(CodeIgniter\CodeIgniter))
 9 FCPATH/index.php(56): CodeIgniter\Boot::bootWeb(Object(Config\Paths))
WARNING - 2026-02-17 10:31:16 --> [DEPRECATED] Passing lowercase HTTP method "get" is deprecated. Use uppercase HTTP method like "GET". in SYSTEMPATH/Router/RouteCollection.php on line 1026.
 1 SYSTEMPATH/Router/RouteCollection.php(1026): trigger_error('Passing lowercase HTTP method "get" is deprecated. Use uppercase HTTP method like "GET".', 16384)
 2 APPPATH/Config/Routes.php(135): CodeIgniter\Router\RouteCollection->match([...], 'locations/generarPDF', 'LocationsPdfController::generarPDF')
 3 SYSTEMPATH/Router/RouteCollection.php(339): require('/home/u976386866/domains/servipro.site/public_html/app/app/Config/Routes.php')
 4 SYSTEMPATH/CodeIgniter.php(821): CodeIgniter\Router\RouteCollection->loadRoutes()
 5 SYSTEMPATH/CodeIgniter.php(455): CodeIgniter\CodeIgniter->tryToRouteIt(null)
 6 SYSTEMPATH/CodeIgniter.php(354): CodeIgniter\CodeIgniter->handleRequest(null, Object(Config\Cache), false)
 7 SYSTEMPATH/Boot.php(334): CodeIgniter\CodeIgniter->run()
 8 SYSTEMPATH/Boot.php(67): CodeIgniter\Boot::runCodeIgniter(Object(CodeIgniter\CodeIgniter))
 9 FCPATH/index.php(56): CodeIgniter\Boot::bootWeb(Object(Config\Paths))
WARNING - 2026-02-17 10:31:16 --> [DEPRECATED] Passing lowercase HTTP method "get" is deprecated. Use uppercase HTTP method like "GET". in SYSTEMPATH/Router/RouteCollection.php on line 1026.
 1 SYSTEMPATH/Router/RouteCollection.php(1026): trigger_error('Passing lowercase HTTP method "get" is deprecated. Use uppercase HTTP method like "GET".', 16384)
 2 APPPATH/Config/Routes.php(135): CodeIgniter\Router\RouteCollection->match([...], 'locations/generarPDF', 'LocationsPdfController::generarPDF')
 3 SYSTEMPATH/Router/RouteCollection.php(339): require('/home/u976386866/domains/servipro.site/public_html/app/app/Config/Routes.php')
 4 SYSTEMPATH/CodeIgniter.php(821): CodeIgniter\Router\RouteCollection->loadRoutes()
 5 SYSTEMPATH/CodeIgniter.php(455): CodeIgniter\CodeIgniter->tryToRouteIt(null)
 6 SYSTEMPATH/CodeIgniter.php(354): CodeIgniter\CodeIgniter->handleRequest(null, Object(Config\Cache), false)
 7 SYSTEMPATH/Boot.php(334): CodeIgniter\CodeIgniter->run()
 8 SYSTEMPATH/Boot.php(67): CodeIgniter\Boot::runCodeIgniter(Object(CodeIgniter\CodeIgniter))
 9 FCPATH/index.php(56): CodeIgniter\Boot::bootWeb(Object(Config\Paths))
WARNING - 2026-02-17 10:31:16 --> [DEPRECATED] Passing lowercase HTTP method "post" is deprecated. Use uppercase HTTP method like "POST". in SYSTEMPATH/Router/RouteCollection.php on line 1026.
 1 SYSTEMPATH/Router/RouteCollection.php(1026): trigger_error('Passing lowercase HTTP method "post" is deprecated. Use uppercase HTTP method like "POST".', 16384)
 2 APPPATH/Config/Routes.php(135): CodeIgniter\Router\RouteCollection->match([...], 'locations/generarPDF', 'LocationsPdfController::generarPDF')
 3 SYSTEMPATH/Router/RouteCollection.php(339): require('/home/u976386866/domains/servipro.site/public_html/app/app/Config/Routes.php')
 4 SYSTEMPATH/CodeIgniter.php(821): CodeIgniter\Router\RouteCollection->loadRoutes()
 5 SYSTEMPATH/CodeIgniter.php(455): CodeIgniter\CodeIgniter->tryToRouteIt(null)
 6 SYSTEMPATH/CodeIgniter.php(354): CodeIgniter\CodeIgniter->handleRequest(null, Object(Config\Cache), false)
 7 SYSTEMPATH/Boot.php(334): CodeIgniter\CodeIgniter->run()
 8 SYSTEMPATH/Boot.php(67): CodeIgniter\Boot::runCodeIgniter(Object(CodeIgniter\CodeIgniter))
 9 FCPATH/index.php(56): CodeIgniter\Boot::bootWeb(Object(Config\Paths))
WARNING - 2026-02-17 10:31:16 --> [DEPRECATED] Passing lowercase HTTP method "post" is deprecated. Use uppercase HTTP method like "POST". in SYSTEMPATH/Router/RouteCollection.php on line 1026.
 1 SYSTEMPATH/Router/RouteCollection.php(1026): trigger_error('Passing lowercase HTTP method "post" is deprecated. Use uppercase HTTP method like "POST".', 16384)
 2 APPPATH/Config/Routes.php(135): CodeIgniter\Router\RouteCollection->match([...], 'locations/generarPDF', 'LocationsPdfController::generarPDF')
 3 SYSTEMPATH/Router/RouteCollection.php(339): require('/home/u976386866/domains/servipro.site/public_html/app/app/Config/Routes.php')
 4 SYSTEMPATH/CodeIgniter.php(821): CodeIgniter\Router\RouteCollection->loadRoutes()
 5 SYSTEMPATH/CodeIgniter.php(455): CodeIgniter\CodeIgniter->tryToRouteIt(null)
 6 SYSTEMPATH/CodeIgniter.php(354): CodeIgniter\CodeIgniter->handleRequest(null, Object(Config\Cache), false)
 7 SYSTEMPATH/Boot.php(334): CodeIgniter\CodeIgniter->run()
 8 SYSTEMPATH/Boot.php(67): CodeIgniter\Boot::runCodeIgniter(Object(CodeIgniter\CodeIgniter))
 9 FCPATH/index.php(56): CodeIgniter\Boot::bootWeb(Object(Config\Paths))
WARNING - 2026-02-17 10:31:16 --> [DEPRECATED] Passing lowercase HTTP method "get" is deprecated. Use uppercase HTTP method like "GET". in SYSTEMPATH/Router/RouteCollection.php on line 1026.
 1 SYSTEMPATH/Router/RouteCollection.php(1026): trigger_error('Passing lowercase HTTP method "get" is deprecated. Use uppercase HTTP method like "GET".', 16384)
 2 APPPATH/Config/Routes.php(135): CodeIgniter\Router\RouteCollection->match([...], 'locations/generarPDF', 'LocationsPdfController::generarPDF')
 3 SYSTEMPATH/Router/RouteCollection.php(339): require('/home/u976386866/domains/servipro.site/public_html/app/app/Config/Routes.php')
 4 SYSTEMPATH/CodeIgniter.php(821): CodeIgniter\Router\RouteCollection->loadRoutes()
 5 SYSTEMPATH/CodeIgniter.php(455): CodeIgniter\CodeIgniter->tryToRouteIt(null)
 6 SYSTEMPATH/CodeIgniter.php(354): CodeIgniter\CodeIgniter->handleRequest(null, Object(Config\Cache), false)
 7 SYSTEMPATH/Boot.php(334): CodeIgniter\CodeIgniter->run()
 8 SYSTEMPATH/Boot.php(67): CodeIgniter\Boot::runCodeIgniter(Object(CodeIgniter\CodeIgniter))
 9 FCPATH/index.php(56): CodeIgniter\Boot::bootWeb(Object(Config\Paths))
WARNING - 2026-02-17 10:31:16 --> [DEPRECATED] Passing lowercase HTTP method "get" is deprecated. Use uppercase HTTP method like "GET". in SYSTEMPATH/Router/RouteCollection.php on line 1026.
 1 SYSTEMPATH/Router/RouteCollection.php(1026): trigger_error('Passing lowercase HTTP method "get" is deprecated. Use uppercase HTTP method like "GET".', 16384)
 2 APPPATH/Config/Routes.php(135): CodeIgniter\Router\RouteCollection->match([...], 'locations/generarPDF', 'LocationsPdfController::generarPDF')
 3 SYSTEMPATH/Router/RouteCollection.php(339): require('/home/u976386866/domains/servipro.site/public_html/app/app/Config/Routes.php')
 4 SYSTEMPATH/CodeIgniter.php(821): CodeIgniter\Router\RouteCollection->loadRoutes()
 5 SYSTEMPATH/CodeIgniter.php(455): CodeIgniter\CodeIgniter->tryToRouteIt(null)
 6 SYSTEMPATH/CodeIgniter.php(354): CodeIgniter\CodeIgniter->handleRequest(null, Object(Config\Cache), false)
 7 SYSTEMPATH/Boot.php(334): CodeIgniter\CodeIgniter->run()
 8 SYSTEMPATH/Boot.php(67): CodeIgniter\Boot::runCodeIgniter(Object(CodeIgniter\CodeIgniter))
 9 FCPATH/index.php(56): CodeIgniter\Boot::bootWeb(Object(Config\Paths))
WARNING - 2026-02-17 10:31:16 --> [DEPRECATED] Passing lowercase HTTP method "get" is deprecated. Use uppercase HTTP method like "GET". in SYSTEMPATH/Router/RouteCollection.php on line 1026.
 1 SYSTEMPATH/Router/RouteCollection.php(1026): trigger_error('Passing lowercase HTTP method "get" is deprecated. Use uppercase HTTP method like "GET".', 16384)
 2 APPPATH/Config/Routes.php(135): CodeIgniter\Router\RouteCollection->match([...], 'locations/generarPDF', 'LocationsPdfController::generarPDF')
 3 SYSTEMPATH/Router/RouteCollection.php(339): require('/home/u976386866/domains/servipro.site/public_html/app/app/Config/Routes.php')
 4 SYSTEMPATH/CodeIgniter.php(821): CodeIgniter\Router\RouteCollection->loadRoutes()
 5 SYSTEMPATH/CodeIgniter.php(455): CodeIgniter\CodeIgniter->tryToRouteIt(null)
 6 SYSTEMPATH/CodeIgniter.php(354): CodeIgniter\CodeIgniter->handleRequest(null, Object(Config\Cache), false)
 7 SYSTEMPATH/Boot.php(334): CodeIgniter\CodeIgniter->run()
 8 SYSTEMPATH/Boot.php(67): CodeIgniter\Boot::runCodeIgniter(Object(CodeIgniter\CodeIgniter))
 9 FCPATH/index.php(56): CodeIgniter\Boot::bootWeb(Object(Config\Paths))
WARNING - 2026-02-17 10:31:16 --> [DEPRECATED] Passing lowercase HTTP method "get" is deprecated. Use uppercase HTTP method like "GET". in SYSTEMPATH/Router/RouteCollection.php on line 1026.
 1 SYSTEMPATH/Router/RouteCollection.php(1026): trigger_error('Passing lowercase HTTP method "get" is deprecated. Use uppercase HTTP method like "GET".', 16384)
 2 APPPATH/Config/Routes.php(135): CodeIgniter\Router\RouteCollection->match([...], 'locations/generarPDF', 'LocationsPdfController::generarPDF')
 3 SYSTEMPATH/Router/RouteCollection.php(339): require('/home/u976386866/domains/servipro.site/public_html/app/app/Config/Routes.php')
 4 SYSTEMPATH/CodeIgniter.php(821): CodeIgniter\Router\RouteCollection->loadRoutes()
 5 SYSTEMPATH/CodeIgniter.php(455): CodeIgniter\CodeIgniter->tryToRouteIt(null)
 6 SYSTEMPATH/CodeIgniter.php(354): CodeIgniter\CodeIgniter->handleRequest(null, Object(Config\Cache), false)
 7 SYSTEMPATH/Boot.php(334): CodeIgniter\CodeIgniter->run()
 8 SYSTEMPATH/Boot.php(67): CodeIgniter\Boot::runCodeIgniter(Object(CodeIgniter\CodeIgniter))
 9 FCPATH/index.php(56): CodeIgniter\Boot::bootWeb(Object(Config\Paths))
WARNING - 2026-02-17 10:31:16 --> [DEPRECATED] Passing lowercase HTTP method "post" is deprecated. Use uppercase HTTP method like "POST". in SYSTEMPATH/Router/RouteCollection.php on line 1026.
 1 SYSTEMPATH/Router/RouteCollection.php(1026): trigger_error('Passing lowercase HTTP method "post" is deprecated. Use uppercase HTTP method like "POST".', 16384)
 2 APPPATH/Config/Routes.php(135): CodeIgniter\Router\RouteCollection->match([...], 'locations/generarPDF', 'LocationsPdfController::generarPDF')
 3 SYSTEMPATH/Router/RouteCollection.php(339): require('/home/u976386866/domains/servipro.site/public_html/app/app/Config/Routes.php')
 4 SYSTEMPATH/CodeIgniter.php(821): CodeIgniter\Router\RouteCollection->loadRoutes()
 5 SYSTEMPATH/CodeIgniter.php(455): CodeIgniter\CodeIgniter->tryToRouteIt(null)
 6 SYSTEMPATH/CodeIgniter.php(354): CodeIgniter\CodeIgniter->handleRequest(null, Object(Config\Cache), false)
 7 SYSTEMPATH/Boot.php(334): CodeIgniter\CodeIgniter->run()
 8 SYSTEMPATH/Boot.php(67): CodeIgniter\Boot::runCodeIgniter(Object(CodeIgniter\CodeIgniter))
 9 FCPATH/index.php(56): CodeIgniter\Boot::bootWeb(Object(Config\Paths))
WARNING - 2026-02-17 10:31:16 --> [DEPRECATED] Passing lowercase HTTP method "get" is deprecated. Use uppercase HTTP method like "GET". in SYSTEMPATH/Router/RouteCollection.php on line 1026.
 1 SYSTEMPATH/Router/RouteCollection.php(1026): trigger_error('Passing lowercase HTTP method "get" is deprecated. Use uppercase HTTP method like "GET".', 16384)
 2 APPPATH/Config/Routes.php(135): CodeIgniter\Router\RouteCollection->match([...], 'locations/generarPDF', 'LocationsPdfController::generarPDF')
 3 SYSTEMPATH/Router/RouteCollection.php(339): require('/home/u976386866/domains/servipro.site/public_html/app/app/Config/Routes.php')
 4 SYSTEMPATH/CodeIgniter.php(821): CodeIgniter\Router\RouteCollection->loadRoutes()
 5 SYSTEMPATH/CodeIgniter.php(455): CodeIgniter\CodeIgniter->tryToRouteIt(null)
 6 SYSTEMPATH/CodeIgniter.php(354): CodeIgniter\CodeIgniter->handleRequest(null, Object(Config\Cache), false)
 7 SYSTEMPATH/Boot.php(334): CodeIgniter\CodeIgniter->run()
 8 SYSTEMPATH/Boot.php(67): CodeIgniter\Boot::runCodeIgniter(Object(CodeIgniter\CodeIgniter))
 9 FCPATH/index.php(56): CodeIgniter\Boot::bootWeb(Object(Config\Paths))
WARNING - 2026-02-17 10:31:16 --> [DEPRECATED] Passing lowercase HTTP method "post" is deprecated. Use uppercase HTTP method like "POST". in SYSTEMPATH/Router/RouteCollection.php on line 1026.
 1 SYSTEMPATH/Router/RouteCollection.php(1026): trigger_error('Passing lowercase HTTP method "post" is deprecated. Use uppercase HTTP method like "POST".', 16384)
 2 APPPATH/Config/Routes.php(135): CodeIgniter\Router\RouteCollection->match([...], 'locations/generarPDF', 'LocationsPdfController::generarPDF')
 3 SYSTEMPATH/Router/RouteCollection.php(339): require('/home/u976386866/domains/servipro.site/public_html/app/app/Config/Routes.php')
 4 SYSTEMPATH/CodeIgniter.php(821): CodeIgniter\Router\RouteCollection->loadRoutes()
 5 SYSTEMPATH/CodeIgniter.php(455): CodeIgniter\CodeIgniter->tryToRouteIt(null)
 6 SYSTEMPATH/CodeIgniter.php(354): CodeIgniter\CodeIgniter->handleRequest(null, Object(Config\Cache), false)
 7 SYSTEMPATH/Boot.php(334): CodeIgniter\CodeIgniter->run()
 8 SYSTEMPATH/Boot.php(67): CodeIgniter\Boot::runCodeIgniter(Object(CodeIgniter\CodeIgniter))
 9 FCPATH/index.php(56): CodeIgniter\Boot::bootWeb(Object(Config\Paths))
WARNING - 2026-02-17 10:31:16 --> [DEPRECATED] Passing lowercase HTTP method "post" is deprecated. Use uppercase HTTP method like "POST". in SYSTEMPATH/Router/RouteCollection.php on line 1026.
 1 SYSTEMPATH/Router/RouteCollection.php(1026): trigger_error('Passing lowercase HTTP method "post" is deprecated. Use uppercase HTTP method like "POST".', 16384)
 2 APPPATH/Config/Routes.php(135): CodeIgniter\Router\RouteCollection->match([...], 'locations/generarPDF', 'LocationsPdfController::generarPDF')
 3 SYSTEMPATH/Router/RouteCollection.php(339): require('/home/u976386866/domains/servipro.site/public_html/app/app/Config/Routes.php')
 4 SYSTEMPATH/CodeIgniter.php(821): CodeIgniter\Router\RouteCollection->loadRoutes()
 5 SYSTEMPATH/CodeIgniter.php(455): CodeIgniter\CodeIgniter->tryToRouteIt(null)
 6 SYSTEMPATH/CodeIgniter.php(354): CodeIgniter\CodeIgniter->handleRequest(null, Object(Config\Cache), false)
 7 SYSTEMPATH/Boot.php(334): CodeIgniter\CodeIgniter->run()
 8 SYSTEMPATH/Boot.php(67): CodeIgniter\Boot::runCodeIgniter(Object(CodeIgniter\CodeIgniter))
 9 FCPATH/index.php(56): CodeIgniter\Boot::bootWeb(Object(Config\Paths))
WARNING - 2026-02-17 10:31:16 --> [DEPRECATED] Passing lowercase HTTP method "post" is deprecated. Use uppercase HTTP method like "POST". in SYSTEMPATH/Router/RouteCollection.php on line 1026.
 1 SYSTEMPATH/Router/RouteCollection.php(1026): trigger_error('Passing lowercase HTTP method "post" is deprecated. Use uppercase HTTP method like "POST".', 16384)
 2 APPPATH/Config/Routes.php(135): CodeIgniter\Router\RouteCollection->match([...], 'locations/generarPDF', 'LocationsPdfController::generarPDF')
 3 SYSTEMPATH/Router/RouteCollection.php(339): require('/home/u976386866/domains/servipro.site/public_html/app/app/Config/Routes.php')
 4 SYSTEMPATH/CodeIgniter.php(821): CodeIgniter\Router\RouteCollection->loadRoutes()
 5 SYSTEMPATH/CodeIgniter.php(455): CodeIgniter\CodeIgniter->tryToRouteIt(null)
 6 SYSTEMPATH/CodeIgniter.php(354): CodeIgniter\CodeIgniter->handleRequest(null, Object(Config\Cache), false)
 7 SYSTEMPATH/Boot.php(334): CodeIgniter\CodeIgniter->run()
 8 SYSTEMPATH/Boot.php(67): CodeIgniter\Boot::runCodeIgniter(Object(CodeIgniter\CodeIgniter))
 9 FCPATH/index.php(56): CodeIgniter\Boot::bootWeb(Object(Config\Paths))
WARNING - 2026-02-17 10:31:16 --> [DEPRECATED] Passing lowercase HTTP method "post" is deprecated. Use uppercase HTTP method like "POST". in SYSTEMPATH/Router/RouteCollection.php on line 1026.
 1 SYSTEMPATH/Router/RouteCollection.php(1026): trigger_error('Passing lowercase HTTP method "post" is deprecated. Use uppercase HTTP method like "POST".', 16384)
 2 APPPATH/Config/Routes.php(135): CodeIgniter\Router\RouteCollection->match([...], 'locations/generarPDF', 'LocationsPdfController::generarPDF')
 3 SYSTEMPATH/Router/RouteCollection.php(339): require('/home/u976386866/domains/servipro.site/public_html/app/app/Config/Routes.php')
 4 SYSTEMPATH/CodeIgniter.php(821): CodeIgniter\Router\RouteCollection->loadRoutes()
 5 SYSTEMPATH/CodeIgniter.php(455): CodeIgniter\CodeIgniter->tryToRouteIt(null)
 6 SYSTEMPATH/CodeIgniter.php(354): CodeIgniter\CodeIgniter->handleRequest(null, Object(Config\Cache), false)
 7 SYSTEMPATH/Boot.php(334): CodeIgniter\CodeIgniter->run()
 8 SYSTEMPATH/Boot.php(67): CodeIgniter\Boot::runCodeIgniter(Object(CodeIgniter\CodeIgniter))
 9 FCPATH/index.php(56): CodeIgniter\Boot::bootWeb(Object(Config\Paths))
WARNING - 2026-02-17 10:31:16 --> [DEPRECATED] Passing lowercase HTTP method "get" is deprecated. Use uppercase HTTP method like "GET". in SYSTEMPATH/Router/RouteCollection.php on line 1026.
 1 SYSTEMPATH/Router/RouteCollection.php(1026): trigger_error('Passing lowercase HTTP method "get" is deprecated. Use uppercase HTTP method like "GET".', 16384)
 2 APPPATH/Config/Routes.php(135): CodeIgniter\Router\RouteCollection->match([...], 'locations/generarPDF', 'LocationsPdfController::generarPDF')
 3 SYSTEMPATH/Router/RouteCollection.php(339): require('/home/u976386866/domains/servipro.site/public_html/app/app/Config/Routes.php')
 4 SYSTEMPATH/CodeIgniter.php(821): CodeIgniter\Router\RouteCollection->loadRoutes()
 5 SYSTEMPATH/CodeIgniter.php(455): CodeIgniter\CodeIgniter->tryToRouteIt(null)
 6 SYSTEMPATH/CodeIgniter.php(354): CodeIgniter\CodeIgniter->handleRequest(null, Object(Config\Cache), false)
 7 SYSTEMPATH/Boot.php(334): CodeIgniter\CodeIgniter->run()
 8 SYSTEMPATH/Boot.php(67): CodeIgniter\Boot::runCodeIgniter(Object(CodeIgniter\CodeIgniter))
 9 FCPATH/index.php(56): CodeIgniter\Boot::bootWeb(Object(Config\Paths))
WARNING - 2026-02-17 10:31:16 --> [DEPRECATED] Passing lowercase HTTP method "post" is deprecated. Use uppercase HTTP method like "POST". in SYSTEMPATH/Router/RouteCollection.php on line 1026.
 1 SYSTEMPATH/Router/RouteCollection.php(1026): trigger_error('Passing lowercase HTTP method "post" is deprecated. Use uppercase HTTP method like "POST".', 16384)
 2 APPPATH/Config/Routes.php(135): CodeIgniter\Router\RouteCollection->match([...], 'locations/generarPDF', 'LocationsPdfController::generarPDF')
 3 SYSTEMPATH/Router/RouteCollection.php(339): require('/home/u976386866/domains/servipro.site/public_html/app/app/Config/Routes.php')
 4 SYSTEMPATH/CodeIgniter.php(821): CodeIgniter\Router\RouteCollection->loadRoutes()
 5 SYSTEMPATH/CodeIgniter.php(455): CodeIgniter\CodeIgniter->tryToRouteIt(null)
 6 SYSTEMPATH/CodeIgniter.php(354): CodeIgniter\CodeIgniter->handleRequest(null, Object(Config\Cache), false)
 7 SYSTEMPATH/Boot.php(334): CodeIgniter\CodeIgniter->run()
 8 SYSTEMPATH/Boot.php(67): CodeIgniter\Boot::runCodeIgniter(Object(CodeIgniter\CodeIgniter))
 9 FCPATH/index.php(56): CodeIgniter\Boot::bootWeb(Object(Config\Paths))
WARNING - 2026-02-17 10:31:16 --> [DEPRECATED] Passing lowercase HTTP method "get" is deprecated. Use uppercase HTTP method like "GET". in SYSTEMPATH/Router/RouteCollection.php on line 1026.
 1 SYSTEMPATH/Router/RouteCollection.php(1026): trigger_error('Passing lowercase HTTP method "get" is deprecated. Use uppercase HTTP method like "GET".', 16384)
 2 APPPATH/Config/Routes.php(135): CodeIgniter\Router\RouteCollection->match([...], 'locations/generarPDF', 'LocationsPdfController::generarPDF')
 3 SYSTEMPATH/Router/RouteCollection.php(339): require('/home/u976386866/domains/servipro.site/public_html/app/app/Config/Routes.php')
 4 SYSTEMPATH/CodeIgniter.php(821): CodeIgniter\Router\RouteCollection->loadRoutes()
 5 SYSTEMPATH/CodeIgniter.php(455): CodeIgniter\CodeIgniter->tryToRouteIt(null)
 6 SYSTEMPATH/CodeIgniter.php(354): CodeIgniter\CodeIgniter->handleRequest(null, Object(Config\Cache), false)
 7 SYSTEMPATH/Boot.php(334): CodeIgniter\CodeIgniter->run()
 8 SYSTEMPATH/Boot.php(67): CodeIgniter\Boot::runCodeIgniter(Object(CodeIgniter\CodeIgniter))
 9 FCPATH/index.php(56): CodeIgniter\Boot::bootWeb(Object(Config\Paths))
WARNING - 2026-02-17 10:31:16 --> [DEPRECATED] Passing lowercase HTTP method "get" is deprecated. Use uppercase HTTP method like "GET". in SYSTEMPATH/Router/RouteCollection.php on line 1026.
 1 SYSTEMPATH/Router/RouteCollection.php(1026): trigger_error('Passing lowercase HTTP method "get" is deprecated. Use uppercase HTTP method like "GET".', 16384)
 2 APPPATH/Config/Routes.php(135): CodeIgniter\Router\RouteCollection->match([...], 'locations/generarPDF', 'LocationsPdfController::generarPDF')
 3 SYSTEMPATH/Router/RouteCollection.php(339): require('/home/u976386866/domains/servipro.site/public_html/app/app/Config/Routes.php')
 4 SYSTEMPATH/CodeIgniter.php(821): CodeIgniter\Router\RouteCollection->loadRoutes()
 5 SYSTEMPATH/CodeIgniter.php(455): CodeIgniter\CodeIgniter->tryToRouteIt(null)
 6 SYSTEMPATH/CodeIgniter.php(354): CodeIgniter\CodeIgniter->handleRequest(null, Object(Config\Cache), false)
 7 SYSTEMPATH/Boot.php(334): CodeIgniter\CodeIgniter->run()
 8 SYSTEMPATH/Boot.php(67): CodeIgniter\Boot::runCodeIgniter(Object(CodeIgniter\CodeIgniter))
 9 FCPATH/index.php(56): CodeIgniter\Boot::bootWeb(Object(Config\Paths))
WARNING - 2026-02-17 10:31:16 --> [DEPRECATED] Passing lowercase HTTP method "get" is deprecated. Use uppercase HTTP method like "GET". in SYSTEMPATH/Router/RouteCollection.php on line 1026.
 1 SYSTEMPATH/Router/RouteCollection.php(1026): trigger_error('Passing lowercase HTTP method "get" is deprecated. Use uppercase HTTP method like "GET".', 16384)
 2 APPPATH/Config/Routes.php(135): CodeIgniter\Router\RouteCollection->match([...], 'locations/generarPDF', 'LocationsPdfController::generarPDF')
 3 SYSTEMPATH/Router/RouteCollection.php(339): require('/home/u976386866/domains/servipro.site/public_html/app/app/Config/Routes.php')
 4 SYSTEMPATH/CodeIgniter.php(821): CodeIgniter\Router\RouteCollection->loadRoutes()
 5 SYSTEMPATH/CodeIgniter.php(455): CodeIgniter\CodeIgniter->tryToRouteIt(null)
 6 SYSTEMPATH/CodeIgniter.php(354): CodeIgniter\CodeIgniter->handleRequest(null, Object(Config\Cache), false)
 7 SYSTEMPATH/Boot.php(334): CodeIgniter\CodeIgniter->run()
 8 SYSTEMPATH/Boot.php(67): CodeIgniter\Boot::runCodeIgniter(Object(CodeIgniter\CodeIgniter))
 9 FCPATH/index.php(56): CodeIgniter\Boot::bootWeb(Object(Config\Paths))
WARNING - 2026-02-17 10:31:16 --> [DEPRECATED] Passing lowercase HTTP method "get" is deprecated. Use uppercase HTTP method like "GET". in SYSTEMPATH/Router/RouteCollection.php on line 1026.
 1 SYSTEMPATH/Router/RouteCollection.php(1026): trigger_error('Passing lowercase HTTP method "get" is deprecated. Use uppercase HTTP method like "GET".', 16384)
 2 APPPATH/Config/Routes.php(135): CodeIgniter\Router\RouteCollection->match([...], 'locations/generarPDF', 'LocationsPdfController::generarPDF')
 3 SYSTEMPATH/Router/RouteCollection.php(339): require('/home/u976386866/domains/servipro.site/public_html/app/app/Config/Routes.php')
 4 SYSTEMPATH/CodeIgniter.php(821): CodeIgniter\Router\RouteCollection->loadRoutes()
 5 SYSTEMPATH/CodeIgniter.php(455): CodeIgniter\CodeIgniter->tryToRouteIt(null)
 6 SYSTEMPATH/CodeIgniter.php(354): CodeIgniter\CodeIgniter->handleRequest(null, Object(Config\Cache), false)
 7 SYSTEMPATH/Boot.php(334): CodeIgniter\CodeIgniter->run()
 8 SYSTEMPATH/Boot.php(67): CodeIgniter\Boot::runCodeIgniter(Object(CodeIgniter\CodeIgniter))
 9 FCPATH/index.php(56): CodeIgniter\Boot::bootWeb(Object(Config\Paths))
WARNING - 2026-02-17 10:31:16 --> [DEPRECATED] Passing lowercase HTTP method "post" is deprecated. Use uppercase HTTP method like "POST". in SYSTEMPATH/Router/RouteCollection.php on line 1026.
 1 SYSTEMPATH/Router/RouteCollection.php(1026): trigger_error('Passing lowercase HTTP method "post" is deprecated. Use uppercase HTTP method like "POST".', 16384)
 2 APPPATH/Config/Routes.php(135): CodeIgniter\Router\RouteCollection->match([...], 'locations/generarPDF', 'LocationsPdfController::generarPDF')
 3 SYSTEMPATH/Router/RouteCollection.php(339): require('/home/u976386866/domains/servipro.site/public_html/app/app/Config/Routes.php')
 4 SYSTEMPATH/CodeIgniter.php(821): CodeIgniter\Router\RouteCollection->loadRoutes()
 5 SYSTEMPATH/CodeIgniter.php(455): CodeIgniter\CodeIgniter->tryToRouteIt(null)
 6 SYSTEMPATH/CodeIgniter.php(354): CodeIgniter\CodeIgniter->handleRequest(null, Object(Config\Cache), false)
 7 SYSTEMPATH/Boot.php(334): CodeIgniter\CodeIgniter->run()
 8 SYSTEMPATH/Boot.php(67): CodeIgniter\Boot::runCodeIgniter(Object(CodeIgniter\CodeIgniter))
 9 FCPATH/index.php(56): CodeIgniter\Boot::bootWeb(Object(Config\Paths))
WARNING - 2026-02-17 10:31:16 --> [DEPRECATED] Passing lowercase HTTP method "post" is deprecated. Use uppercase HTTP method like "POST". in SYSTEMPATH/Router/RouteCollection.php on line 1026.
 1 SYSTEMPATH/Router/RouteCollection.php(1026): trigger_error('Passing lowercase HTTP method "post" is deprecated. Use uppercase HTTP method like "POST".', 16384)
 2 APPPATH/Config/Routes.php(135): CodeIgniter\Router\RouteCollection->match([...], 'locations/generarPDF', 'LocationsPdfController::generarPDF')
 3 SYSTEMPATH/Router/RouteCollection.php(339): require('/home/u976386866/domains/servipro.site/public_html/app/app/Config/Routes.php')
 4 SYSTEMPATH/CodeIgniter.php(821): CodeIgniter\Router\RouteCollection->loadRoutes()
 5 SYSTEMPATH/CodeIgniter.php(455): CodeIgniter\CodeIgniter->tryToRouteIt(null)
 6 SYSTEMPATH/CodeIgniter.php(354): CodeIgniter\CodeIgniter->handleRequest(null, Object(Config\Cache), false)
 7 SYSTEMPATH/Boot.php(334): CodeIgniter\CodeIgniter->run()
 8 SYSTEMPATH/Boot.php(67): CodeIgniter\Boot::runCodeIgniter(Object(CodeIgniter\CodeIgniter))
 9 FCPATH/index.php(56): CodeIgniter\Boot::bootWeb(Object(Config\Paths))
WARNING - 2026-02-17 10:31:16 --> [DEPRECATED] Passing lowercase HTTP method "get" is deprecated. Use uppercase HTTP method like "GET". in SYSTEMPATH/Router/RouteCollection.php on line 1026.
 1 SYSTEMPATH/Router/RouteCollection.php(1026): trigger_error('Passing lowercase HTTP method "get" is deprecated. Use uppercase HTTP method like "GET".', 16384)
 2 APPPATH/Config/Routes.php(135): CodeIgniter\Router\RouteCollection->match([...], 'locations/generarPDF', 'LocationsPdfController::generarPDF')
 3 SYSTEMPATH/Router/RouteCollection.php(339): require('/home/u976386866/domains/servipro.site/public_html/app/app/Config/Routes.php')
 4 SYSTEMPATH/CodeIgniter.php(821): CodeIgniter\Router\RouteCollection->loadRoutes()
 5 SYSTEMPATH/CodeIgniter.php(455): CodeIgniter\CodeIgniter->tryToRouteIt(null)
 6 SYSTEMPATH/CodeIgniter.php(354): CodeIgniter\CodeIgniter->handleRequest(null, Object(Config\Cache), false)
 7 SYSTEMPATH/Boot.php(334): CodeIgniter\CodeIgniter->run()
 8 SYSTEMPATH/Boot.php(67): CodeIgniter\Boot::runCodeIgniter(Object(CodeIgniter\CodeIgniter))
 9 FCPATH/index.php(56): CodeIgniter\Boot::bootWeb(Object(Config\Paths))
WARNING - 2026-02-17 10:31:16 --> [DEPRECATED] Passing lowercase HTTP method "post" is deprecated. Use uppercase HTTP method like "POST". in SYSTEMPATH/Router/RouteCollection.php on line 1026.
 1 SYSTEMPATH/Router/RouteCollection.php(1026): trigger_error('Passing lowercase HTTP method "post" is deprecated. Use uppercase HTTP method like "POST".', 16384)
 2 APPPATH/Config/Routes.php(135): CodeIgniter\Router\RouteCollection->match([...], 'locations/generarPDF', 'LocationsPdfController::generarPDF')
 3 SYSTEMPATH/Router/RouteCollection.php(339): require('/home/u976386866/domains/servipro.site/public_html/app/app/Config/Routes.php')
 4 SYSTEMPATH/CodeIgniter.php(821): CodeIgniter\Router\RouteCollection->loadRoutes()
 5 SYSTEMPATH/CodeIgniter.php(455): CodeIgniter\CodeIgniter->tryToRouteIt(null)
 6 SYSTEMPATH/CodeIgniter.php(354): CodeIgniter\CodeIgniter->handleRequest(null, Object(Config\Cache), false)
 7 SYSTEMPATH/Boot.php(334): CodeIgniter\CodeIgniter->run()
 8 SYSTEMPATH/Boot.php(67): CodeIgniter\Boot::runCodeIgniter(Object(CodeIgniter\CodeIgniter))
 9 FCPATH/index.php(56): CodeIgniter\Boot::bootWeb(Object(Config\Paths))
WARNING - 2026-02-17 10:31:16 --> [DEPRECATED] Passing lowercase HTTP method "post" is deprecated. Use uppercase HTTP method like "POST". in SYSTEMPATH/Router/RouteCollection.php on line 1026.
 1 SYSTEMPATH/Router/RouteCollection.php(1026): trigger_error('Passing lowercase HTTP method "post" is deprecated. Use uppercase HTTP method like "POST".', 16384)
 2 APPPATH/Config/Routes.php(135): CodeIgniter\Router\RouteCollection->match([...], 'locations/generarPDF', 'LocationsPdfController::generarPDF')
 3 SYSTEMPATH/Router/RouteCollection.php(339): require('/home/u976386866/domains/servipro.site/public_html/app/app/Config/Routes.php')
 4 SYSTEMPATH/CodeIgniter.php(821): CodeIgniter\Router\RouteCollection->loadRoutes()
 5 SYSTEMPATH/CodeIgniter.php(455): CodeIgniter\CodeIgniter->tryToRouteIt(null)
 6 SYSTEMPATH/CodeIgniter.php(354): CodeIgniter\CodeIgniter->handleRequest(null, Object(Config\Cache), false)
 7 SYSTEMPATH/Boot.php(334): CodeIgniter\CodeIgniter->run()
 8 SYSTEMPATH/Boot.php(67): CodeIgniter\Boot::runCodeIgniter(Object(CodeIgniter\CodeIgniter))
 9 FCPATH/index.php(56): CodeIgniter\Boot::bootWeb(Object(Config\Paths))
WARNING - 2026-02-17 10:31:16 --> [DEPRECATED] Passing lowercase HTTP method "get" is deprecated. Use uppercase HTTP method like "GET". in SYSTEMPATH/Router/RouteCollection.php on line 1026.
 1 SYSTEMPATH/Router/RouteCollection.php(1026): trigger_error('Passing lowercase HTTP method "get" is deprecated. Use uppercase HTTP method like "GET".', 16384)
 2 APPPATH/Config/Routes.php(135): CodeIgniter\Router\RouteCollection->match([...], 'locations/generarPDF', 'LocationsPdfController::generarPDF')
 3 SYSTEMPATH/Router/RouteCollection.php(339): require('/home/u976386866/domains/servipro.site/public_html/app/app/Config/Routes.php')
 4 SYSTEMPATH/CodeIgniter.php(821): CodeIgniter\Router\RouteCollection->loadRoutes()
 5 SYSTEMPATH/CodeIgniter.php(455): CodeIgniter\CodeIgniter->tryToRouteIt(null)
 6 SYSTEMPATH/CodeIgniter.php(354): CodeIgniter\CodeIgniter->handleRequest(null, Object(Config\Cache), false)
 7 SYSTEMPATH/Boot.php(334): CodeIgniter\CodeIgniter->run()
 8 SYSTEMPATH/Boot.php(67): CodeIgniter\Boot::runCodeIgniter(Object(CodeIgniter\CodeIgniter))
 9 FCPATH/index.php(56): CodeIgniter\Boot::bootWeb(Object(Config\Paths))
WARNING - 2026-02-17 10:31:16 --> [DEPRECATED] Passing lowercase HTTP method "post" is deprecated. Use uppercase HTTP method like "POST". in SYSTEMPATH/Router/RouteCollection.php on line 1026.
 1 SYSTEMPATH/Router/RouteCollection.php(1026): trigger_error('Passing lowercase HTTP method "post" is deprecated. Use uppercase HTTP method like "POST".', 16384)
 2 APPPATH/Config/Routes.php(135): CodeIgniter\Router\RouteCollection->match([...], 'locations/generarPDF', 'LocationsPdfController::generarPDF')
 3 SYSTEMPATH/Router/RouteCollection.php(339): require('/home/u976386866/domains/servipro.site/public_html/app/app/Config/Routes.php')
 4 SYSTEMPATH/CodeIgniter.php(821): CodeIgniter\Router\RouteCollection->loadRoutes()
 5 SYSTEMPATH/CodeIgniter.php(455): CodeIgniter\CodeIgniter->tryToRouteIt(null)
 6 SYSTEMPATH/CodeIgniter.php(354): CodeIgniter\CodeIgniter->handleRequest(null, Object(Config\Cache), false)
 7 SYSTEMPATH/Boot.php(334): CodeIgniter\CodeIgniter->run()
 8 SYSTEMPATH/Boot.php(67): CodeIgniter\Boot::runCodeIgniter(Object(CodeIgniter\CodeIgniter))
 9 FCPATH/index.php(56): CodeIgniter\Boot::bootWeb(Object(Config\Paths))
WARNING - 2026-02-17 10:31:16 --> [DEPRECATED] Passing lowercase HTTP method "get" is deprecated. Use uppercase HTTP method like "GET". in SYSTEMPATH/Router/RouteCollection.php on line 1026.
 1 SYSTEMPATH/Router/RouteCollection.php(1026): trigger_error('Passing lowercase HTTP method "get" is deprecated. Use uppercase HTTP method like "GET".', 16384)
 2 APPPATH/Config/Routes.php(135): CodeIgniter\Router\RouteCollection->match([...], 'locations/generarPDF', 'LocationsPdfController::generarPDF')
 3 SYSTEMPATH/Router/RouteCollection.php(339): require('/home/u976386866/domains/servipro.site/public_html/app/app/Config/Routes.php')
 4 SYSTEMPATH/CodeIgniter.php(821): CodeIgniter\Router\RouteCollection->loadRoutes()
 5 SYSTEMPATH/CodeIgniter.php(455): CodeIgniter\CodeIgniter->tryToRouteIt(null)
 6 SYSTEMPATH/CodeIgniter.php(354): CodeIgniter\CodeIgniter->handleRequest(null, Object(Config\Cache), false)
 7 SYSTEMPATH/Boot.php(334): CodeIgniter\CodeIgniter->run()
 8 SYSTEMPATH/Boot.php(67): CodeIgniter\Boot::runCodeIgniter(Object(CodeIgniter\CodeIgniter))
 9 FCPATH/index.php(56): CodeIgniter\Boot::bootWeb(Object(Config\Paths))
WARNING - 2026-02-17 10:31:16 --> [DEPRECATED] Passing lowercase HTTP method "post" is deprecated. Use uppercase HTTP method like "POST". in SYSTEMPATH/Router/RouteCollection.php on line 1026.
 1 SYSTEMPATH/Router/RouteCollection.php(1026): trigger_error('Passing lowercase HTTP method "post" is deprecated. Use uppercase HTTP method like "POST".', 16384)
 2 APPPATH/Config/Routes.php(135): CodeIgniter\Router\RouteCollection->match([...], 'locations/generarPDF', 'LocationsPdfController::generarPDF')
 3 SYSTEMPATH/Router/RouteCollection.php(339): require('/home/u976386866/domains/servipro.site/public_html/app/app/Config/Routes.php')
 4 SYSTEMPATH/CodeIgniter.php(821): CodeIgniter\Router\RouteCollection->loadRoutes()
 5 SYSTEMPATH/CodeIgniter.php(455): CodeIgniter\CodeIgniter->tryToRouteIt(null)
 6 SYSTEMPATH/CodeIgniter.php(354): CodeIgniter\CodeIgniter->handleRequest(null, Object(Config\Cache), false)
 7 SYSTEMPATH/Boot.php(334): CodeIgniter\CodeIgniter->run()
 8 SYSTEMPATH/Boot.php(67): CodeIgniter\Boot::runCodeIgniter(Object(CodeIgniter\CodeIgniter))
 9 FCPATH/index.php(56): CodeIgniter\Boot::bootWeb(Object(Config\Paths))
WARNING - 2026-02-17 10:31:16 --> [DEPRECATED] Passing lowercase HTTP method "get" is deprecated. Use uppercase HTTP method like "GET". in SYSTEMPATH/Router/RouteCollection.php on line 1026.
 1 SYSTEMPATH/Router/RouteCollection.php(1026): trigger_error('Passing lowercase HTTP method "get" is deprecated. Use uppercase HTTP method like "GET".', 16384)
 2 APPPATH/Config/Routes.php(135): CodeIgniter\Router\RouteCollection->match([...], 'locations/generarPDF', 'LocationsPdfController::generarPDF')
 3 SYSTEMPATH/Router/RouteCollection.php(339): require('/home/u976386866/domains/servipro.site/public_html/app/app/Config/Routes.php')
 4 SYSTEMPATH/CodeIgniter.php(821): CodeIgniter\Router\RouteCollection->loadRoutes()
 5 SYSTEMPATH/CodeIgniter.php(455): CodeIgniter\CodeIgniter->tryToRouteIt(null)
 6 SYSTEMPATH/CodeIgniter.php(354): CodeIgniter\CodeIgniter->handleRequest(null, Object(Config\Cache), false)
 7 SYSTEMPATH/Boot.php(334): CodeIgniter\CodeIgniter->run()
 8 SYSTEMPATH/Boot.php(67): CodeIgniter\Boot::runCodeIgniter(Object(CodeIgniter\CodeIgniter))
 9 FCPATH/index.php(56): CodeIgniter\Boot::bootWeb(Object(Config\Paths))
WARNING - 2026-02-17 10:31:16 --> [DEPRECATED] Passing lowercase HTTP method "post" is deprecated. Use uppercase HTTP method like "POST". in SYSTEMPATH/Router/RouteCollection.php on line 1026.
 1 SYSTEMPATH/Router/RouteCollection.php(1026): trigger_error('Passing lowercase HTTP method "post" is deprecated. Use uppercase HTTP method like "POST".', 16384)
 2 APPPATH/Config/Routes.php(135): CodeIgniter\Router\RouteCollection->match([...], 'locations/generarPDF', 'LocationsPdfController::generarPDF')
 3 SYSTEMPATH/Router/RouteCollection.php(339): require('/home/u976386866/domains/servipro.site/public_html/app/app/Config/Routes.php')
 4 SYSTEMPATH/CodeIgniter.php(821): CodeIgniter\Router\RouteCollection->loadRoutes()
 5 SYSTEMPATH/CodeIgniter.php(455): CodeIgniter\CodeIgniter->tryToRouteIt(null)
 6 SYSTEMPATH/CodeIgniter.php(354): CodeIgniter\CodeIgniter->handleRequest(null, Object(Config\Cache), false)
 7 SYSTEMPATH/Boot.php(334): CodeIgniter\CodeIgniter->run()
 8 SYSTEMPATH/Boot.php(67): CodeIgniter\Boot::runCodeIgniter(Object(CodeIgniter\CodeIgniter))
 9 FCPATH/index.php(56): CodeIgniter\Boot::bootWeb(Object(Config\Paths))
WARNING - 2026-02-17 10:31:16 --> [DEPRECATED] Passing lowercase HTTP method "get" is deprecated. Use uppercase HTTP method like "GET". in SYSTEMPATH/Router/RouteCollection.php on line 1026.
 1 SYSTEMPATH/Router/RouteCollection.php(1026): trigger_error('Passing lowercase HTTP method "get" is deprecated. Use uppercase HTTP method like "GET".', 16384)
 2 APPPATH/Config/Routes.php(135): CodeIgniter\Router\RouteCollection->match([...], 'locations/generarPDF', 'LocationsPdfController::generarPDF')
 3 SYSTEMPATH/Router/RouteCollection.php(339): require('/home/u976386866/domains/servipro.site/public_html/app/app/Config/Routes.php')
 4 SYSTEMPATH/CodeIgniter.php(821): CodeIgniter\Router\RouteCollection->loadRoutes()
 5 SYSTEMPATH/CodeIgniter.php(455): CodeIgniter\CodeIgniter->tryToRouteIt(null)
 6 SYSTEMPATH/CodeIgniter.php(354): CodeIgniter\CodeIgniter->handleRequest(null, Object(Config\Cache), false)
 7 SYSTEMPATH/Boot.php(334): CodeIgniter\CodeIgniter->run()
 8 SYSTEMPATH/Boot.php(67): CodeIgniter\Boot::runCodeIgniter(Object(CodeIgniter\CodeIgniter))
 9 FCPATH/index.php(56): CodeIgniter\Boot::bootWeb(Object(Config\Paths))
WARNING - 2026-02-17 10:31:16 --> [DEPRECATED] Passing lowercase HTTP method "post" is deprecated. Use uppercase HTTP method like "POST". in SYSTEMPATH/Router/RouteCollection.php on line 1026.
 1 SYSTEMPATH/Router/RouteCollection.php(1026): trigger_error('Passing lowercase HTTP method "post" is deprecated. Use uppercase HTTP method like "POST".', 16384)
 2 APPPATH/Config/Routes.php(135): CodeIgniter\Router\RouteCollection->match([...], 'locations/generarPDF', 'LocationsPdfController::generarPDF')
 3 SYSTEMPATH/Router/RouteCollection.php(339): require('/home/u976386866/domains/servipro.site/public_html/app/app/Config/Routes.php')
 4 SYSTEMPATH/CodeIgniter.php(821): CodeIgniter\Router\RouteCollection->loadRoutes()
 5 SYSTEMPATH/CodeIgniter.php(455): CodeIgniter\CodeIgniter->tryToRouteIt(null)
 6 SYSTEMPATH/CodeIgniter.php(354): CodeIgniter\CodeIgniter->handleRequest(null, Object(Config\Cache), false)
 7 SYSTEMPATH/Boot.php(334): CodeIgniter\CodeIgniter->run()
 8 SYSTEMPATH/Boot.php(67): CodeIgniter\Boot::runCodeIgniter(Object(CodeIgniter\CodeIgniter))
 9 FCPATH/index.php(56): CodeIgniter\Boot::bootWeb(Object(Config\Paths))
WARNING - 2026-02-17 10:31:16 --> [DEPRECATED] Passing lowercase HTTP method "get" is deprecated. Use uppercase HTTP method like "GET". in SYSTEMPATH/Router/RouteCollection.php on line 1026.
 1 SYSTEMPATH/Router/RouteCollection.php(1026): trigger_error('Passing lowercase HTTP method "get" is deprecated. Use uppercase HTTP method like "GET".', 16384)
 2 APPPATH/Config/Routes.php(135): CodeIgniter\Router\RouteCollection->match([...], 'locations/generarPDF', 'LocationsPdfController::generarPDF')
 3 SYSTEMPATH/Router/RouteCollection.php(339): require('/home/u976386866/domains/servipro.site/public_html/app/app/Config/Routes.php')
 4 SYSTEMPATH/CodeIgniter.php(821): CodeIgniter\Router\RouteCollection->loadRoutes()
 5 SYSTEMPATH/CodeIgniter.php(455): CodeIgniter\CodeIgniter->tryToRouteIt(null)
 6 SYSTEMPATH/CodeIgniter.php(354): CodeIgniter\CodeIgniter->handleRequest(null, Object(Config\Cache), false)
 7 SYSTEMPATH/Boot.php(334): CodeIgniter\CodeIgniter->run()
 8 SYSTEMPATH/Boot.php(67): CodeIgniter\Boot::runCodeIgniter(Object(CodeIgniter\CodeIgniter))
 9 FCPATH/index.php(56): CodeIgniter\Boot::bootWeb(Object(Config\Paths))
WARNING - 2026-02-17 10:31:16 --> [DEPRECATED] Passing lowercase HTTP method "post" is deprecated. Use uppercase HTTP method like "POST". in SYSTEMPATH/Router/RouteCollection.php on line 1026.
 1 SYSTEMPATH/Router/RouteCollection.php(1026): trigger_error('Passing lowercase HTTP method "post" is deprecated. Use uppercase HTTP method like "POST".', 16384)
 2 APPPATH/Config/Routes.php(135): CodeIgniter\Router\RouteCollection->match([...], 'locations/generarPDF', 'LocationsPdfController::generarPDF')
 3 SYSTEMPATH/Router/RouteCollection.php(339): require('/home/u976386866/domains/servipro.site/public_html/app/app/Config/Routes.php')
 4 SYSTEMPATH/CodeIgniter.php(821): CodeIgniter\Router\RouteCollection->loadRoutes()
 5 SYSTEMPATH/CodeIgniter.php(455): CodeIgniter\CodeIgniter->tryToRouteIt(null)
 6 SYSTEMPATH/CodeIgniter.php(354): CodeIgniter\CodeIgniter->handleRequest(null, Object(Config\Cache), false)
 7 SYSTEMPATH/Boot.php(334): CodeIgniter\CodeIgniter->run()
 8 SYSTEMPATH/Boot.php(67): CodeIgniter\Boot::runCodeIgniter(Object(CodeIgniter\CodeIgniter))
 9 FCPATH/index.php(56): CodeIgniter\Boot::bootWeb(Object(Config\Paths))
WARNING - 2026-02-17 10:31:16 --> [DEPRECATED] Passing lowercase HTTP method "get" is deprecated. Use uppercase HTTP method like "GET". in SYSTEMPATH/Router/RouteCollection.php on line 1026.
 1 SYSTEMPATH/Router/RouteCollection.php(1026): trigger_error('Passing lowercase HTTP method "get" is deprecated. Use uppercase HTTP method like "GET".', 16384)
 2 APPPATH/Config/Routes.php(135): CodeIgniter\Router\RouteCollection->match([...], 'locations/generarPDF', 'LocationsPdfController::generarPDF')
 3 SYSTEMPATH/Router/RouteCollection.php(339): require('/home/u976386866/domains/servipro.site/public_html/app/app/Config/Routes.php')
 4 SYSTEMPATH/CodeIgniter.php(821): CodeIgniter\Router\RouteCollection->loadRoutes()
 5 SYSTEMPATH/CodeIgniter.php(455): CodeIgniter\CodeIgniter->tryToRouteIt(null)
 6 SYSTEMPATH/CodeIgniter.php(354): CodeIgniter\CodeIgniter->handleRequest(null, Object(Config\Cache), false)
 7 SYSTEMPATH/Boot.php(334): CodeIgniter\CodeIgniter->run()
 8 SYSTEMPATH/Boot.php(67): CodeIgniter\Boot::runCodeIgniter(Object(CodeIgniter\CodeIgniter))
 9 FCPATH/index.php(56): CodeIgniter\Boot::bootWeb(Object(Config\Paths))
WARNING - 2026-02-17 10:31:16 --> [DEPRECATED] Passing lowercase HTTP method "post" is deprecated. Use uppercase HTTP method like "POST". in SYSTEMPATH/Router/RouteCollection.php on line 1026.
 1 SYSTEMPATH/Router/RouteCollection.php(1026): trigger_error('Passing lowercase HTTP method "post" is deprecated. Use uppercase HTTP method like "POST".', 16384)
 2 APPPATH/Config/Routes.php(135): CodeIgniter\Router\RouteCollection->match([...], 'locations/generarPDF', 'LocationsPdfController::generarPDF')
 3 SYSTEMPATH/Router/RouteCollection.php(339): require('/home/u976386866/domains/servipro.site/public_html/app/app/Config/Routes.php')
 4 SYSTEMPATH/CodeIgniter.php(821): CodeIgniter\Router\RouteCollection->loadRoutes()
 5 SYSTEMPATH/CodeIgniter.php(455): CodeIgniter\CodeIgniter->tryToRouteIt(null)
 6 SYSTEMPATH/CodeIgniter.php(354): CodeIgniter\CodeIgniter->handleRequest(null, Object(Config\Cache), false)
 7 SYSTEMPATH/Boot.php(334): CodeIgniter\CodeIgniter->run()
 8 SYSTEMPATH/Boot.php(67): CodeIgniter\Boot::runCodeIgniter(Object(CodeIgniter\CodeIgniter))
 9 FCPATH/index.php(56): CodeIgniter\Boot::bootWeb(Object(Config\Paths))
WARNING - 2026-02-17 10:31:16 --> [DEPRECATED] Passing lowercase HTTP method "get" is deprecated. Use uppercase HTTP method like "GET". in SYSTEMPATH/Router/RouteCollection.php on line 1026.
 1 SYSTEMPATH/Router/RouteCollection.php(1026): trigger_error('Passing lowercase HTTP method "get" is deprecated. Use uppercase HTTP method like "GET".', 16384)
 2 APPPATH/Config/Routes.php(135): CodeIgniter\Router\RouteCollection->match([...], 'locations/generarPDF', 'LocationsPdfController::generarPDF')
 3 SYSTEMPATH/Router/RouteCollection.php(339): require('/home/u976386866/domains/servipro.site/public_html/app/app/Config/Routes.php')
 4 SYSTEMPATH/CodeIgniter.php(821): CodeIgniter\Router\RouteCollection->loadRoutes()
 5 SYSTEMPATH/CodeIgniter.php(455): CodeIgniter\CodeIgniter->tryToRouteIt(null)
 6 SYSTEMPATH/CodeIgniter.php(354): CodeIgniter\CodeIgniter->handleRequest(null, Object(Config\Cache), false)
 7 SYSTEMPATH/Boot.php(334): CodeIgniter\CodeIgniter->run()
 8 SYSTEMPATH/Boot.php(67): CodeIgniter\Boot::runCodeIgniter(Object(CodeIgniter\CodeIgniter))
 9 FCPATH/index.php(56): CodeIgniter\Boot::bootWeb(Object(Config\Paths))
WARNING - 2026-02-17 10:31:16 --> [DEPRECATED] Passing lowercase HTTP method "post" is deprecated. Use uppercase HTTP method like "POST". in SYSTEMPATH/Router/RouteCollection.php on line 1026.
 1 SYSTEMPATH/Router/RouteCollection.php(1026): trigger_error('Passing lowercase HTTP method "post" is deprecated. Use uppercase HTTP method like "POST".', 16384)
 2 APPPATH/Config/Routes.php(135): CodeIgniter\Router\RouteCollection->match([...], 'locations/generarPDF', 'LocationsPdfController::generarPDF')
 3 SYSTEMPATH/Router/RouteCollection.php(339): require('/home/u976386866/domains/servipro.site/public_html/app/app/Config/Routes.php')
 4 SYSTEMPATH/CodeIgniter.php(821): CodeIgniter\Router\RouteCollection->loadRoutes()
 5 SYSTEMPATH/CodeIgniter.php(455): CodeIgniter\CodeIgniter->tryToRouteIt(null)
 6 SYSTEMPATH/CodeIgniter.php(354): CodeIgniter\CodeIgniter->handleRequest(null, Object(Config\Cache), false)
 7 SYSTEMPATH/Boot.php(334): CodeIgniter\CodeIgniter->run()
 8 SYSTEMPATH/Boot.php(67): CodeIgniter\Boot::runCodeIgniter(Object(CodeIgniter\CodeIgniter))
 9 FCPATH/index.php(56): CodeIgniter\Boot::bootWeb(Object(Config\Paths))
WARNING - 2026-02-17 10:31:16 --> [DEPRECATED] Passing lowercase HTTP method "post" is deprecated. Use uppercase HTTP method like "POST". in SYSTEMPATH/Router/RouteCollection.php on line 1026.
 1 SYSTEMPATH/Router/RouteCollection.php(1026): trigger_error('Passing lowercase HTTP method "post" is deprecated. Use uppercase HTTP method like "POST".', 16384)
 2 APPPATH/Config/Routes.php(135): CodeIgniter\Router\RouteCollection->match([...], 'locations/generarPDF', 'LocationsPdfController::generarPDF')
 3 SYSTEMPATH/Router/RouteCollection.php(339): require('/home/u976386866/domains/servipro.site/public_html/app/app/Config/Routes.php')
 4 SYSTEMPATH/CodeIgniter.php(821): CodeIgniter\Router\RouteCollection->loadRoutes()
 5 SYSTEMPATH/CodeIgniter.php(455): CodeIgniter\CodeIgniter->tryToRouteIt(null)
 6 SYSTEMPATH/CodeIgniter.php(354): CodeIgniter\CodeIgniter->handleRequest(null, Object(Config\Cache), false)
 7 SYSTEMPATH/Boot.php(334): CodeIgniter\CodeIgniter->run()
 8 SYSTEMPATH/Boot.php(67): CodeIgniter\Boot::runCodeIgniter(Object(CodeIgniter\CodeIgniter))
 9 FCPATH/index.php(56): CodeIgniter\Boot::bootWeb(Object(Config\Paths))
WARNING - 2026-02-17 10:31:16 --> [DEPRECATED] Passing lowercase HTTP method "get" is deprecated. Use uppercase HTTP method like "GET". in SYSTEMPATH/Router/RouteCollection.php on line 1026.
 1 SYSTEMPATH/Router/RouteCollection.php(1026): trigger_error('Passing lowercase HTTP method "get" is deprecated. Use uppercase HTTP method like "GET".', 16384)
 2 APPPATH/Config/Routes.php(135): CodeIgniter\Router\RouteCollection->match([...], 'locations/generarPDF', 'LocationsPdfController::generarPDF')
 3 SYSTEMPATH/Router/RouteCollection.php(339): require('/home/u976386866/domains/servipro.site/public_html/app/app/Config/Routes.php')
 4 SYSTEMPATH/CodeIgniter.php(821): CodeIgniter\Router\RouteCollection->loadRoutes()
 5 SYSTEMPATH/CodeIgniter.php(455): CodeIgniter\CodeIgniter->tryToRouteIt(null)
 6 SYSTEMPATH/CodeIgniter.php(354): CodeIgniter\CodeIgniter->handleRequest(null, Object(Config\Cache), false)
 7 SYSTEMPATH/Boot.php(334): CodeIgniter\CodeIgniter->run()
 8 SYSTEMPATH/Boot.php(67): CodeIgniter\Boot::runCodeIgniter(Object(CodeIgniter\CodeIgniter))
 9 FCPATH/index.php(56): CodeIgniter\Boot::bootWeb(Object(Config\Paths))
WARNING - 2026-02-17 10:31:16 --> [DEPRECATED] Passing lowercase HTTP method "post" is deprecated. Use uppercase HTTP method like "POST". in SYSTEMPATH/Router/RouteCollection.php on line 1026.
 1 SYSTEMPATH/Router/RouteCollection.php(1026): trigger_error('Passing lowercase HTTP method "post" is deprecated. Use uppercase HTTP method like "POST".', 16384)
 2 APPPATH/Config/Routes.php(135): CodeIgniter\Router\RouteCollection->match([...], 'locations/generarPDF', 'LocationsPdfController::generarPDF')
 3 SYSTEMPATH/Router/RouteCollection.php(339): require('/home/u976386866/domains/servipro.site/public_html/app/app/Config/Routes.php')
 4 SYSTEMPATH/CodeIgniter.php(821): CodeIgniter\Router\RouteCollection->loadRoutes()
 5 SYSTEMPATH/CodeIgniter.php(455): CodeIgniter\CodeIgniter->tryToRouteIt(null)
 6 SYSTEMPATH/CodeIgniter.php(354): CodeIgniter\CodeIgniter->handleRequest(null, Object(Config\Cache), false)
 7 SYSTEMPATH/Boot.php(334): CodeIgniter\CodeIgniter->run()
 8 SYSTEMPATH/Boot.php(67): CodeIgniter\Boot::runCodeIgniter(Object(CodeIgniter\CodeIgniter))
 9 FCPATH/index.php(56): CodeIgniter\Boot::bootWeb(Object(Config\Paths))
WARNING - 2026-02-17 10:31:16 --> [DEPRECATED] Passing lowercase HTTP method "get" is deprecated. Use uppercase HTTP method like "GET". in SYSTEMPATH/Router/RouteCollection.php on line 1026.
 1 SYSTEMPATH/Router/RouteCollection.php(1026): trigger_error('Passing lowercase HTTP method "get" is deprecated. Use uppercase HTTP method like "GET".', 16384)
 2 APPPATH/Config/Routes.php(135): CodeIgniter\Router\RouteCollection->match([...], 'locations/generarPDF', 'LocationsPdfController::generarPDF')
 3 SYSTEMPATH/Router/RouteCollection.php(339): require('/home/u976386866/domains/servipro.site/public_html/app/app/Config/Routes.php')
 4 SYSTEMPATH/CodeIgniter.php(821): CodeIgniter\Router\RouteCollection->loadRoutes()
 5 SYSTEMPATH/CodeIgniter.php(455): CodeIgniter\CodeIgniter->tryToRouteIt(null)
 6 SYSTEMPATH/CodeIgniter.php(354): CodeIgniter\CodeIgniter->handleRequest(null, Object(Config\Cache), false)
 7 SYSTEMPATH/Boot.php(334): CodeIgniter\CodeIgniter->run()
 8 SYSTEMPATH/Boot.php(67): CodeIgniter\Boot::runCodeIgniter(Object(CodeIgniter\CodeIgniter))
 9 FCPATH/index.php(56): CodeIgniter\Boot::bootWeb(Object(Config\Paths))
WARNING - 2026-02-17 10:31:16 --> [DEPRECATED] Passing lowercase HTTP method "get" is deprecated. Use uppercase HTTP method like "GET". in SYSTEMPATH/Router/RouteCollection.php on line 1026.
 1 SYSTEMPATH/Router/RouteCollection.php(1026): trigger_error('Passing lowercase HTTP method "get" is deprecated. Use uppercase HTTP method like "GET".', 16384)
 2 APPPATH/Config/Routes.php(135): CodeIgniter\Router\RouteCollection->match([...], 'locations/generarPDF', 'LocationsPdfController::generarPDF')
 3 SYSTEMPATH/Router/RouteCollection.php(339): require('/home/u976386866/domains/servipro.site/public_html/app/app/Config/Routes.php')
 4 SYSTEMPATH/CodeIgniter.php(821): CodeIgniter\Router\RouteCollection->loadRoutes()
 5 SYSTEMPATH/CodeIgniter.php(455): CodeIgniter\CodeIgniter->tryToRouteIt(null)
 6 SYSTEMPATH/CodeIgniter.php(354): CodeIgniter\CodeIgniter->handleRequest(null, Object(Config\Cache), false)
 7 SYSTEMPATH/Boot.php(334): CodeIgniter\CodeIgniter->run()
 8 SYSTEMPATH/Boot.php(67): CodeIgniter\Boot::runCodeIgniter(Object(CodeIgniter\CodeIgniter))
 9 FCPATH/index.php(56): CodeIgniter\Boot::bootWeb(Object(Config\Paths))
WARNING - 2026-02-17 10:31:16 --> [DEPRECATED] Passing lowercase HTTP method "get" is deprecated. Use uppercase HTTP method like "GET". in SYSTEMPATH/Router/RouteCollection.php on line 1026.
 1 SYSTEMPATH/Router/RouteCollection.php(1026): trigger_error('Passing lowercase HTTP method "get" is deprecated. Use uppercase HTTP method like "GET".', 16384)
 2 APPPATH/Config/Routes.php(135): CodeIgniter\Router\RouteCollection->match([...], 'locations/generarPDF', 'LocationsPdfController::generarPDF')
 3 SYSTEMPATH/Router/RouteCollection.php(339): require('/home/u976386866/domains/servipro.site/public_html/app/app/Config/Routes.php')
 4 SYSTEMPATH/CodeIgniter.php(821): CodeIgniter\Router\RouteCollection->loadRoutes()
 5 SYSTEMPATH/CodeIgniter.php(455): CodeIgniter\CodeIgniter->tryToRouteIt(null)
 6 SYSTEMPATH/CodeIgniter.php(354): CodeIgniter\CodeIgniter->handleRequest(null, Object(Config\Cache), false)
 7 SYSTEMPATH/Boot.php(334): CodeIgniter\CodeIgniter->run()
 8 SYSTEMPATH/Boot.php(67): CodeIgniter\Boot::runCodeIgniter(Object(CodeIgniter\CodeIgniter))
 9 FCPATH/index.php(56): CodeIgniter\Boot::bootWeb(Object(Config\Paths))
WARNING - 2026-02-17 10:31:16 --> [DEPRECATED] Passing lowercase HTTP method "post" is deprecated. Use uppercase HTTP method like "POST". in SYSTEMPATH/Router/RouteCollection.php on line 1026.
 1 SYSTEMPATH/Router/RouteCollection.php(1026): trigger_error('Passing lowercase HTTP method "post" is deprecated. Use uppercase HTTP method like "POST".', 16384)
 2 APPPATH/Config/Routes.php(135): CodeIgniter\Router\RouteCollection->match([...], 'locations/generarPDF', 'LocationsPdfController::generarPDF')
 3 SYSTEMPATH/Router/RouteCollection.php(339): require('/home/u976386866/domains/servipro.site/public_html/app/app/Config/Routes.php')
 4 SYSTEMPATH/CodeIgniter.php(821): CodeIgniter\Router\RouteCollection->loadRoutes()
 5 SYSTEMPATH/CodeIgniter.php(455): CodeIgniter\CodeIgniter->tryToRouteIt(null)
 6 SYSTEMPATH/CodeIgniter.php(354): CodeIgniter\CodeIgniter->handleRequest(null, Object(Config\Cache), false)
 7 SYSTEMPATH/Boot.php(334): CodeIgniter\CodeIgniter->run()
 8 SYSTEMPATH/Boot.php(67): CodeIgniter\Boot::runCodeIgniter(Object(CodeIgniter\CodeIgniter))
 9 FCPATH/index.php(56): CodeIgniter\Boot::bootWeb(Object(Config\Paths))
WARNING - 2026-02-17 10:31:16 --> [DEPRECATED] Passing lowercase HTTP method "post" is deprecated. Use uppercase HTTP method like "POST". in SYSTEMPATH/Router/RouteCollection.php on line 1026.
 1 SYSTEMPATH/Router/RouteCollection.php(1026): trigger_error('Passing lowercase HTTP method "post" is deprecated. Use uppercase HTTP method like "POST".', 16384)
 2 APPPATH/Config/Routes.php(135): CodeIgniter\Router\RouteCollection->match([...], 'locations/generarPDF', 'LocationsPdfController::generarPDF')
 3 SYSTEMPATH/Router/RouteCollection.php(339): require('/home/u976386866/domains/servipro.site/public_html/app/app/Config/Routes.php')
 4 SYSTEMPATH/CodeIgniter.php(821): CodeIgniter\Router\RouteCollection->loadRoutes()
 5 SYSTEMPATH/CodeIgniter.php(455): CodeIgniter\CodeIgniter->tryToRouteIt(null)
 6 SYSTEMPATH/CodeIgniter.php(354): CodeIgniter\CodeIgniter->handleRequest(null, Object(Config\Cache), false)
 7 SYSTEMPATH/Boot.php(334): CodeIgniter\CodeIgniter->run()
 8 SYSTEMPATH/Boot.php(67): CodeIgniter\Boot::runCodeIgniter(Object(CodeIgniter\CodeIgniter))
 9 FCPATH/index.php(56): CodeIgniter\Boot::bootWeb(Object(Config\Paths))
WARNING - 2026-02-17 10:31:16 --> [DEPRECATED] Passing lowercase HTTP method "get" is deprecated. Use uppercase HTTP method like "GET". in SYSTEMPATH/Router/RouteCollection.php on line 1026.
 1 SYSTEMPATH/Router/RouteCollection.php(1026): trigger_error('Passing lowercase HTTP method "get" is deprecated. Use uppercase HTTP method like "GET".', 16384)
 2 APPPATH/Config/Routes.php(135): CodeIgniter\Router\RouteCollection->match([...], 'locations/generarPDF', 'LocationsPdfController::generarPDF')
 3 SYSTEMPATH/Router/RouteCollection.php(339): require('/home/u976386866/domains/servipro.site/public_html/app/app/Config/Routes.php')
 4 SYSTEMPATH/CodeIgniter.php(821): CodeIgniter\Router\RouteCollection->loadRoutes()
 5 SYSTEMPATH/CodeIgniter.php(455): CodeIgniter\CodeIgniter->tryToRouteIt(null)
 6 SYSTEMPATH/CodeIgniter.php(354): CodeIgniter\CodeIgniter->handleRequest(null, Object(Config\Cache), false)
 7 SYSTEMPATH/Boot.php(334): CodeIgniter\CodeIgniter->run()
 8 SYSTEMPATH/Boot.php(67): CodeIgniter\Boot::runCodeIgniter(Object(CodeIgniter\CodeIgniter))
 9 FCPATH/index.php(56): CodeIgniter\Boot::bootWeb(Object(Config\Paths))
WARNING - 2026-02-17 10:31:16 --> [DEPRECATED] Passing lowercase HTTP method "post" is deprecated. Use uppercase HTTP method like "POST". in SYSTEMPATH/Router/RouteCollection.php on line 1026.
 1 SYSTEMPATH/Router/RouteCollection.php(1026): trigger_error('Passing lowercase HTTP method "post" is deprecated. Use uppercase HTTP method like "POST".', 16384)
 2 APPPATH/Config/Routes.php(135): CodeIgniter\Router\RouteCollection->match([...], 'locations/generarPDF', 'LocationsPdfController::generarPDF')
 3 SYSTEMPATH/Router/RouteCollection.php(339): require('/home/u976386866/domains/servipro.site/public_html/app/app/Config/Routes.php')
 4 SYSTEMPATH/CodeIgniter.php(821): CodeIgniter\Router\RouteCollection->loadRoutes()
 5 SYSTEMPATH/CodeIgniter.php(455): CodeIgniter\CodeIgniter->tryToRouteIt(null)
 6 SYSTEMPATH/CodeIgniter.php(354): CodeIgniter\CodeIgniter->handleRequest(null, Object(Config\Cache), false)
 7 SYSTEMPATH/Boot.php(334): CodeIgniter\CodeIgniter->run()
 8 SYSTEMPATH/Boot.php(67): CodeIgniter\Boot::runCodeIgniter(Object(CodeIgniter\CodeIgniter))
 9 FCPATH/index.php(56): CodeIgniter\Boot::bootWeb(Object(Config\Paths))
WARNING - 2026-02-17 10:31:16 --> [DEPRECATED] Passing lowercase HTTP method "post" is deprecated. Use uppercase HTTP method like "POST". in SYSTEMPATH/Router/RouteCollection.php on line 1026.
 1 SYSTEMPATH/Router/RouteCollection.php(1026): trigger_error('Passing lowercase HTTP method "post" is deprecated. Use uppercase HTTP method like "POST".', 16384)
 2 APPPATH/Config/Routes.php(135): CodeIgniter\Router\RouteCollection->match([...], 'locations/generarPDF', 'LocationsPdfController::generarPDF')
 3 SYSTEMPATH/Router/RouteCollection.php(339): require('/home/u976386866/domains/servipro.site/public_html/app/app/Config/Routes.php')
 4 SYSTEMPATH/CodeIgniter.php(821): CodeIgniter\Router\RouteCollection->loadRoutes()
 5 SYSTEMPATH/CodeIgniter.php(455): CodeIgniter\CodeIgniter->tryToRouteIt(null)
 6 SYSTEMPATH/CodeIgniter.php(354): CodeIgniter\CodeIgniter->handleRequest(null, Object(Config\Cache), false)
 7 SYSTEMPATH/Boot.php(334): CodeIgniter\CodeIgniter->run()
 8 SYSTEMPATH/Boot.php(67): CodeIgniter\Boot::runCodeIgniter(Object(CodeIgniter\CodeIgniter))
 9 FCPATH/index.php(56): CodeIgniter\Boot::bootWeb(Object(Config\Paths))
WARNING - 2026-02-17 10:31:16 --> [DEPRECATED] Passing lowercase HTTP method "get" is deprecated. Use uppercase HTTP method like "GET". in SYSTEMPATH/Router/RouteCollection.php on line 1026.
 1 SYSTEMPATH/Router/RouteCollection.php(1026): trigger_error('Passing lowercase HTTP method "get" is deprecated. Use uppercase HTTP method like "GET".', 16384)
 2 APPPATH/Config/Routes.php(135): CodeIgniter\Router\RouteCollection->match([...], 'locations/generarPDF', 'LocationsPdfController::generarPDF')
 3 SYSTEMPATH/Router/RouteCollection.php(339): require('/home/u976386866/domains/servipro.site/public_html/app/app/Config/Routes.php')
 4 SYSTEMPATH/CodeIgniter.php(821): CodeIgniter\Router\RouteCollection->loadRoutes()
 5 SYSTEMPATH/CodeIgniter.php(455): CodeIgniter\CodeIgniter->tryToRouteIt(null)
 6 SYSTEMPATH/CodeIgniter.php(354): CodeIgniter\CodeIgniter->handleRequest(null, Object(Config\Cache), false)
 7 SYSTEMPATH/Boot.php(334): CodeIgniter\CodeIgniter->run()
 8 SYSTEMPATH/Boot.php(67): CodeIgniter\Boot::runCodeIgniter(Object(CodeIgniter\CodeIgniter))
 9 FCPATH/index.php(56): CodeIgniter\Boot::bootWeb(Object(Config\Paths))
WARNING - 2026-02-17 10:31:16 --> [DEPRECATED] Passing lowercase HTTP method "post" is deprecated. Use uppercase HTTP method like "POST". in SYSTEMPATH/Router/RouteCollection.php on line 1026.
 1 SYSTEMPATH/Router/RouteCollection.php(1026): trigger_error('Passing lowercase HTTP method "post" is deprecated. Use uppercase HTTP method like "POST".', 16384)
 2 APPPATH/Config/Routes.php(135): CodeIgniter\Router\RouteCollection->match([...], 'locations/generarPDF', 'LocationsPdfController::generarPDF')
 3 SYSTEMPATH/Router/RouteCollection.php(339): require('/home/u976386866/domains/servipro.site/public_html/app/app/Config/Routes.php')
 4 SYSTEMPATH/CodeIgniter.php(821): CodeIgniter\Router\RouteCollection->loadRoutes()
 5 SYSTEMPATH/CodeIgniter.php(455): CodeIgniter\CodeIgniter->tryToRouteIt(null)
 6 SYSTEMPATH/CodeIgniter.php(354): CodeIgniter\CodeIgniter->handleRequest(null, Object(Config\Cache), false)
 7 SYSTEMPATH/Boot.php(334): CodeIgniter\CodeIgniter->run()
 8 SYSTEMPATH/Boot.php(67): CodeIgniter\Boot::runCodeIgniter(Object(CodeIgniter\CodeIgniter))
 9 FCPATH/index.php(56): CodeIgniter\Boot::bootWeb(Object(Config\Paths))
DEBUG - 2026-02-17 10:31:16 --> Session: Class initialized using 'CodeIgniter\Session\Handlers\FileHandler' driver.
WARNING - 2026-02-17 10:31:16 --> [DEPRECATED] Passing lowercase HTTP method "get" is deprecated. Use uppercase HTTP method like "GET". in SYSTEMPATH/Router/RouteCollection.php on line 1026.
 1 SYSTEMPATH/Router/RouteCollection.php(1026): trigger_error('Passing lowercase HTTP method "get" is deprecated. Use uppercase HTTP method like "GET".', 16384)
 2 APPPATH/Config/Routes.php(135): CodeIgniter\Router\RouteCollection->match([...], 'locations/generarPDF', 'LocationsPdfController::generarPDF')
 3 SYSTEMPATH/Router/RouteCollection.php(339): require('/home/u976386866/domains/servipro.site/public_html/app/app/Config/Routes.php')
 4 SYSTEMPATH/CodeIgniter.php(821): CodeIgniter\Router\RouteCollection->loadRoutes()
 5 SYSTEMPATH/CodeIgniter.php(455): CodeIgniter\CodeIgniter->tryToRouteIt(null)
 6 SYSTEMPATH/CodeIgniter.php(354): CodeIgniter\CodeIgniter->handleRequest(null, Object(Config\Cache), false)
 7 SYSTEMPATH/Boot.php(334): CodeIgniter\CodeIgniter->run()
 8 SYSTEMPATH/Boot.php(67): CodeIgniter\Boot::runCodeIgniter(Object(CodeIgniter\CodeIgniter))
 9 FCPATH/index.php(56): CodeIgniter\Boot::bootWeb(Object(Config\Paths))
WARNING - 2026-02-17 10:31:16 --> [DEPRECATED] Passing lowercase HTTP method "post" is deprecated. Use uppercase HTTP method like "POST". in SYSTEMPATH/Router/RouteCollection.php on line 1026.
 1 SYSTEMPATH/Router/RouteCollection.php(1026): trigger_error('Passing lowercase HTTP method "post" is deprecated. Use uppercase HTTP method like "POST".', 16384)
 2 APPPATH/Config/Routes.php(135): CodeIgniter\Router\RouteCollection->match([...], 'locations/generarPDF', 'LocationsPdfController::generarPDF')
 3 SYSTEMPATH/Router/RouteCollection.php(339): require('/home/u976386866/domains/servipro.site/public_html/app/app/Config/Routes.php')
 4 SYSTEMPATH/CodeIgniter.php(821): CodeIgniter\Router\RouteCollection->loadRoutes()
 5 SYSTEMPATH/CodeIgniter.php(455): CodeIgniter\CodeIgniter->tryToRouteIt(null)
 6 SYSTEMPATH/CodeIgniter.php(354): CodeIgniter\CodeIgniter->handleRequest(null, Object(Config\Cache), false)
 7 SYSTEMPATH/Boot.php(334): CodeIgniter\CodeIgniter->run()
 8 SYSTEMPATH/Boot.php(67): CodeIgniter\Boot::runCodeIgniter(Object(CodeIgniter\CodeIgniter))
 9 FCPATH/index.php(56): CodeIgniter\Boot::bootWeb(Object(Config\Paths))
WARNING - 2026-02-17 10:31:16 --> [DEPRECATED] Passing lowercase HTTP method "get" is deprecated. Use uppercase HTTP method like "GET". in SYSTEMPATH/Router/RouteCollection.php on line 1026.
 1 SYSTEMPATH/Router/RouteCollection.php(1026): trigger_error('Passing lowercase HTTP method "get" is deprecated. Use uppercase HTTP method like "GET".', 16384)
 2 APPPATH/Config/Routes.php(135): CodeIgniter\Router\RouteCollection->match([...], 'locations/generarPDF', 'LocationsPdfController::generarPDF')
 3 SYSTEMPATH/Router/RouteCollection.php(339): require('/home/u976386866/domains/servipro.site/public_html/app/app/Config/Routes.php')
 4 SYSTEMPATH/CodeIgniter.php(821): CodeIgniter\Router\RouteCollection->loadRoutes()
 5 SYSTEMPATH/CodeIgniter.php(455): CodeIgniter\CodeIgniter->tryToRouteIt(null)
 6 SYSTEMPATH/CodeIgniter.php(354): CodeIgniter\CodeIgniter->handleRequest(null, Object(Config\Cache), false)
 7 SYSTEMPATH/Boot.php(334): CodeIgniter\CodeIgniter->run()
 8 SYSTEMPATH/Boot.php(67): CodeIgniter\Boot::runCodeIgniter(Object(CodeIgniter\CodeIgniter))
 9 FCPATH/index.php(56): CodeIgniter\Boot::bootWeb(Object(Config\Paths))
WARNING - 2026-02-17 10:31:16 --> [DEPRECATED] Passing lowercase HTTP method "post" is deprecated. Use uppercase HTTP method like "POST". in SYSTEMPATH/Router/RouteCollection.php on line 1026.
 1 SYSTEMPATH/Router/RouteCollection.php(1026): trigger_error('Passing lowercase HTTP method "post" is deprecated. Use uppercase HTTP method like "POST".', 16384)
 2 APPPATH/Config/Routes.php(135): CodeIgniter\Router\RouteCollection->match([...], 'locations/generarPDF', 'LocationsPdfController::generarPDF')
 3 SYSTEMPATH/Router/RouteCollection.php(339): require('/home/u976386866/domains/servipro.site/public_html/app/app/Config/Routes.php')
 4 SYSTEMPATH/CodeIgniter.php(821): CodeIgniter\Router\RouteCollection->loadRoutes()
 5 SYSTEMPATH/CodeIgniter.php(455): CodeIgniter\CodeIgniter->tryToRouteIt(null)
 6 SYSTEMPATH/CodeIgniter.php(354): CodeIgniter\CodeIgniter->handleRequest(null, Object(Config\Cache), false)
 7 SYSTEMPATH/Boot.php(334): CodeIgniter\CodeIgniter->run()
 8 SYSTEMPATH/Boot.php(67): CodeIgniter\Boot::runCodeIgniter(Object(CodeIgniter\CodeIgniter))
 9 FCPATH/index.php(56): CodeIgniter\Boot::bootWeb(Object(Config\Paths))
WARNING - 2026-02-17 10:31:16 --> [DEPRECATED] Passing lowercase HTTP method "get" is deprecated. Use uppercase HTTP method like "GET". in SYSTEMPATH/Router/RouteCollection.php on line 1026.
 1 SYSTEMPATH/Router/RouteCollection.php(1026): trigger_error('Passing lowercase HTTP method "get" is deprecated. Use uppercase HTTP method like "GET".', 16384)
 2 APPPATH/Config/Routes.php(135): CodeIgniter\Router\RouteCollection->match([...], 'locations/generarPDF', 'LocationsPdfController::generarPDF')
 3 SYSTEMPATH/Router/RouteCollection.php(339): require('/home/u976386866/domains/servipro.site/public_html/app/app/Config/Routes.php')
 4 SYSTEMPATH/CodeIgniter.php(821): CodeIgniter\Router\RouteCollection->loadRoutes()
 5 SYSTEMPATH/CodeIgniter.php(455): CodeIgniter\CodeIgniter->tryToRouteIt(null)
 6 SYSTEMPATH/CodeIgniter.php(354): CodeIgniter\CodeIgniter->handleRequest(null, Object(Config\Cache), false)
 7 SYSTEMPATH/Boot.php(334): CodeIgniter\CodeIgniter->run()
 8 SYSTEMPATH/Boot.php(67): CodeIgniter\Boot::runCodeIgniter(Object(CodeIgniter\CodeIgniter))
 9 FCPATH/index.php(56): CodeIgniter\Boot::bootWeb(Object(Config\Paths))
WARNING - 2026-02-17 10:31:16 --> [DEPRECATED] Passing lowercase HTTP method "get" is deprecated. Use uppercase HTTP method like "GET". in SYSTEMPATH/Router/RouteCollection.php on line 1026.
 1 SYSTEMPATH/Router/RouteCollection.php(1026): trigger_error('Passing lowercase HTTP method "get" is deprecated. Use uppercase HTTP method like "GET".', 16384)
 2 APPPATH/Config/Routes.php(135): CodeIgniter\Router\RouteCollection->match([...], 'locations/generarPDF', 'LocationsPdfController::generarPDF')
 3 SYSTEMPATH/Router/RouteCollection.php(339): require('/home/u976386866/domains/servipro.site/public_html/app/app/Config/Routes.php')
 4 SYSTEMPATH/CodeIgniter.php(821): CodeIgniter\Router\RouteCollection->loadRoutes()
 5 SYSTEMPATH/CodeIgniter.php(455): CodeIgniter\CodeIgniter->tryToRouteIt(null)
 6 SYSTEMPATH/CodeIgniter.php(354): CodeIgniter\CodeIgniter->handleRequest(null, Object(Config\Cache), false)
 7 SYSTEMPATH/Boot.php(334): CodeIgniter\CodeIgniter->run()
 8 SYSTEMPATH/Boot.php(67): CodeIgniter\Boot::runCodeIgniter(Object(CodeIgniter\CodeIgniter))
 9 FCPATH/index.php(56): CodeIgniter\Boot::bootWeb(Object(Config\Paths))
WARNING - 2026-02-17 10:31:16 --> [DEPRECATED] Passing lowercase HTTP method "post" is deprecated. Use uppercase HTTP method like "POST". in SYSTEMPATH/Router/RouteCollection.php on line 1026.
 1 SYSTEMPATH/Router/RouteCollection.php(1026): trigger_error('Passing lowercase HTTP method "post" is deprecated. Use uppercase HTTP method like "POST".', 16384)
 2 APPPATH/Config/Routes.php(135): CodeIgniter\Router\RouteCollection->match([...], 'locations/generarPDF', 'LocationsPdfController::generarPDF')
 3 SYSTEMPATH/Router/RouteCollection.php(339): require('/home/u976386866/domains/servipro.site/public_html/app/app/Config/Routes.php')
 4 SYSTEMPATH/CodeIgniter.php(821): CodeIgniter\Router\RouteCollection->loadRoutes()
 5 SYSTEMPATH/CodeIgniter.php(455): CodeIgniter\CodeIgniter->tryToRouteIt(null)
 6 SYSTEMPATH/CodeIgniter.php(354): CodeIgniter\CodeIgniter->handleRequest(null, Object(Config\Cache), false)
 7 SYSTEMPATH/Boot.php(334): CodeIgniter\CodeIgniter->run()
 8 SYSTEMPATH/Boot.php(67): CodeIgniter\Boot::runCodeIgniter(Object(CodeIgniter\CodeIgniter))
 9 FCPATH/index.php(56): CodeIgniter\Boot::bootWeb(Object(Config\Paths))
WARNING - 2026-02-17 10:31:16 --> [DEPRECATED] Passing lowercase HTTP method "post" is deprecated. Use uppercase HTTP method like "POST". in SYSTEMPATH/Router/RouteCollection.php on line 1026.
 1 SYSTEMPATH/Router/RouteCollection.php(1026): trigger_error('Passing lowercase HTTP method "post" is deprecated. Use uppercase HTTP method like "POST".', 16384)
 2 APPPATH/Config/Routes.php(135): CodeIgniter\Router\RouteCollection->match([...], 'locations/generarPDF', 'LocationsPdfController::generarPDF')
 3 SYSTEMPATH/Router/RouteCollection.php(339): require('/home/u976386866/domains/servipro.site/public_html/app/app/Config/Routes.php')
 4 SYSTEMPATH/CodeIgniter.php(821): CodeIgniter\Router\RouteCollection->loadRoutes()
 5 SYSTEMPATH/CodeIgniter.php(455): CodeIgniter\CodeIgniter->tryToRouteIt(null)
 6 SYSTEMPATH/CodeIgniter.php(354): CodeIgniter\CodeIgniter->handleRequest(null, Object(Config\Cache), false)
 7 SYSTEMPATH/Boot.php(334): CodeIgniter\CodeIgniter->run()
 8 SYSTEMPATH/Boot.php(67): CodeIgniter\Boot::runCodeIgniter(Object(CodeIgniter\CodeIgniter))
 9 FCPATH/index.php(56): CodeIgniter\Boot::bootWeb(Object(Config\Paths))
WARNING - 2026-02-17 10:31:16 --> [DEPRECATED] Passing lowercase HTTP method "get" is deprecated. Use uppercase HTTP method like "GET". in SYSTEMPATH/Router/RouteCollection.php on line 1026.
 1 SYSTEMPATH/Router/RouteCollection.php(1026): trigger_error('Passing lowercase HTTP method "get" is deprecated. Use uppercase HTTP method like "GET".', 16384)
 2 APPPATH/Config/Routes.php(135): CodeIgniter\Router\RouteCollection->match([...], 'locations/generarPDF', 'LocationsPdfController::generarPDF')
 3 SYSTEMPATH/Router/RouteCollection.php(339): require('/home/u976386866/domains/servipro.site/public_html/app/app/Config/Routes.php')
 4 SYSTEMPATH/CodeIgniter.php(821): CodeIgniter\Router\RouteCollection->loadRoutes()
 5 SYSTEMPATH/CodeIgniter.php(455): CodeIgniter\CodeIgniter->tryToRouteIt(null)
 6 SYSTEMPATH/CodeIgniter.php(354): CodeIgniter\CodeIgniter->handleRequest(null, Object(Config\Cache), false)
 7 SYSTEMPATH/Boot.php(334): CodeIgniter\CodeIgniter->run()
 8 SYSTEMPATH/Boot.php(67): CodeIgniter\Boot::runCodeIgniter(Object(CodeIgniter\CodeIgniter))
 9 FCPATH/index.php(56): CodeIgniter\Boot::bootWeb(Object(Config\Paths))
WARNING - 2026-02-17 10:31:16 --> [DEPRECATED] Passing lowercase HTTP method "post" is deprecated. Use uppercase HTTP method like "POST". in SYSTEMPATH/Router/RouteCollection.php on line 1026.
 1 SYSTEMPATH/Router/RouteCollection.php(1026): trigger_error('Passing lowercase HTTP method "post" is deprecated. Use uppercase HTTP method like "POST".', 16384)
 2 APPPATH/Config/Routes.php(135): CodeIgniter\Router\RouteCollection->match([...], 'locations/generarPDF', 'LocationsPdfController::generarPDF')
 3 SYSTEMPATH/Router/RouteCollection.php(339): require('/home/u976386866/domains/servipro.site/public_html/app/app/Config/Routes.php')
 4 SYSTEMPATH/CodeIgniter.php(821): CodeIgniter\Router\RouteCollection->loadRoutes()
 5 SYSTEMPATH/CodeIgniter.php(455): CodeIgniter\CodeIgniter->tryToRouteIt(null)
 6 SYSTEMPATH/CodeIgniter.php(354): CodeIgniter\CodeIgniter->handleRequest(null, Object(Config\Cache), false)
 7 SYSTEMPATH/Boot.php(334): CodeIgniter\CodeIgniter->run()
 8 SYSTEMPATH/Boot.php(67): CodeIgniter\Boot::runCodeIgniter(Object(CodeIgniter\CodeIgniter))
 9 FCPATH/index.php(56): CodeIgniter\Boot::bootWeb(Object(Config\Paths))
WARNING - 2026-02-17 10:31:16 --> [DEPRECATED] Passing lowercase HTTP method "post" is deprecated. Use uppercase HTTP method like "POST". in SYSTEMPATH/Router/RouteCollection.php on line 1026.
 1 SYSTEMPATH/Router/RouteCollection.php(1026): trigger_error('Passing lowercase HTTP method "post" is deprecated. Use uppercase HTTP method like "POST".', 16384)
 2 APPPATH/Config/Routes.php(135): CodeIgniter\Router\RouteCollection->match([...], 'locations/generarPDF', 'LocationsPdfController::generarPDF')
 3 SYSTEMPATH/Router/RouteCollection.php(339): require('/home/u976386866/domains/servipro.site/public_html/app/app/Config/Routes.php')
 4 SYSTEMPATH/CodeIgniter.php(821): CodeIgniter\Router\RouteCollection->loadRoutes()
 5 SYSTEMPATH/CodeIgniter.php(455): CodeIgniter\CodeIgniter->tryToRouteIt(null)
 6 SYSTEMPATH/CodeIgniter.php(354): CodeIgniter\CodeIgniter->handleRequest(null, Object(Config\Cache), false)
 7 SYSTEMPATH/Boot.php(334): CodeIgniter\CodeIgniter->run()
 8 SYSTEMPATH/Boot.php(67): CodeIgniter\Boot::runCodeIgniter(Object(CodeIgniter\CodeIgniter))
 9 FCPATH/index.php(56): CodeIgniter\Boot::bootWeb(Object(Config\Paths))
WARNING - 2026-02-17 10:31:16 --> [DEPRECATED] Passing lowercase HTTP method "get" is deprecated. Use uppercase HTTP method like "GET". in SYSTEMPATH/Router/RouteCollection.php on line 1026.
 1 SYSTEMPATH/Router/RouteCollection.php(1026): trigger_error('Passing lowercase HTTP method "get" is deprecated. Use uppercase HTTP method like "GET".', 16384)
 2 APPPATH/Config/Routes.php(135): CodeIgniter\Router\RouteCollection->match([...], 'locations/generarPDF', 'LocationsPdfController::generarPDF')
 3 SYSTEMPATH/Router/RouteCollection.php(339): require('/home/u976386866/domains/servipro.site/public_html/app/app/Config/Routes.php')
 4 SYSTEMPATH/CodeIgniter.php(821): CodeIgniter\Router\RouteCollection->loadRoutes()
 5 SYSTEMPATH/CodeIgniter.php(455): CodeIgniter\CodeIgniter->tryToRouteIt(null)
 6 SYSTEMPATH/CodeIgniter.php(354): CodeIgniter\CodeIgniter->handleRequest(null, Object(Config\Cache), false)
 7 SYSTEMPATH/Boot.php(334): CodeIgniter\CodeIgniter->run()
 8 SYSTEMPATH/Boot.php(67): CodeIgniter\Boot::runCodeIgniter(Object(CodeIgniter\CodeIgniter))
 9 FCPATH/index.php(56): CodeIgniter\Boot::bootWeb(Object(Config\Paths))
WARNING - 2026-02-17 10:31:16 --> [DEPRECATED] Passing lowercase HTTP method "post" is deprecated. Use uppercase HTTP method like "POST". in SYSTEMPATH/Router/RouteCollection.php on line 1026.
 1 SYSTEMPATH/Router/RouteCollection.php(1026): trigger_error('Passing lowercase HTTP method "post" is deprecated. Use uppercase HTTP method like "POST".', 16384)
 2 APPPATH/Config/Routes.php(135): CodeIgniter\Router\RouteCollection->match([...], 'locations/generarPDF', 'LocationsPdfController::generarPDF')
 3 SYSTEMPATH/Router/RouteCollection.php(339): require('/home/u976386866/domains/servipro.site/public_html/app/app/Config/Routes.php')
 4 SYSTEMPATH/CodeIgniter.php(821): CodeIgniter\Router\RouteCollection->loadRoutes()
 5 SYSTEMPATH/CodeIgniter.php(455): CodeIgniter\CodeIgniter->tryToRouteIt(null)
 6 SYSTEMPATH/CodeIgniter.php(354): CodeIgniter\CodeIgniter->handleRequest(null, Object(Config\Cache), false)
 7 SYSTEMPATH/Boot.php(334): CodeIgniter\CodeIgniter->run()
 8 SYSTEMPATH/Boot.php(67): CodeIgniter\Boot::runCodeIgniter(Object(CodeIgniter\CodeIgniter))
 9 FCPATH/index.php(56): CodeIgniter\Boot::bootWeb(Object(Config\Paths))
WARNING - 2026-02-17 10:31:16 --> [DEPRECATED] Passing lowercase HTTP method "get" is deprecated. Use uppercase HTTP method like "GET". in SYSTEMPATH/Router/RouteCollection.php on line 1026.
 1 SYSTEMPATH/Router/RouteCollection.php(1026): trigger_error('Passing lowercase HTTP method "get" is deprecated. Use uppercase HTTP method like "GET".', 16384)
 2 APPPATH/Config/Routes.php(135): CodeIgniter\Router\RouteCollection->match([...], 'locations/generarPDF', 'LocationsPdfController::generarPDF')
 3 SYSTEMPATH/Router/RouteCollection.php(339): require('/home/u976386866/domains/servipro.site/public_html/app/app/Config/Routes.php')
 4 SYSTEMPATH/CodeIgniter.php(821): CodeIgniter\Router\RouteCollection->loadRoutes()
 5 SYSTEMPATH/CodeIgniter.php(455): CodeIgniter\CodeIgniter->tryToRouteIt(null)
 6 SYSTEMPATH/CodeIgniter.php(354): CodeIgniter\CodeIgniter->handleRequest(null, Object(Config\Cache), false)
 7 SYSTEMPATH/Boot.php(334): CodeIgniter\CodeIgniter->run()
 8 SYSTEMPATH/Boot.php(67): CodeIgniter\Boot::runCodeIgniter(Object(CodeIgniter\CodeIgniter))
 9 FCPATH/index.php(56): CodeIgniter\Boot::bootWeb(Object(Config\Paths))
WARNING - 2026-02-17 10:31:16 --> [DEPRECATED] Passing lowercase HTTP method "post" is deprecated. Use uppercase HTTP method like "POST". in SYSTEMPATH/Router/RouteCollection.php on line 1026.
 1 SYSTEMPATH/Router/RouteCollection.php(1026): trigger_error('Passing lowercase HTTP method "post" is deprecated. Use uppercase HTTP method like "POST".', 16384)
 2 APPPATH/Config/Routes.php(135): CodeIgniter\Router\RouteCollection->match([...], 'locations/generarPDF', 'LocationsPdfController::generarPDF')
 3 SYSTEMPATH/Router/RouteCollection.php(339): require('/home/u976386866/domains/servipro.site/public_html/app/app/Config/Routes.php')
 4 SYSTEMPATH/CodeIgniter.php(821): CodeIgniter\Router\RouteCollection->loadRoutes()
 5 SYSTEMPATH/CodeIgniter.php(455): CodeIgniter\CodeIgniter->tryToRouteIt(null)
 6 SYSTEMPATH/CodeIgniter.php(354): CodeIgniter\CodeIgniter->handleRequest(null, Object(Config\Cache), false)
 7 SYSTEMPATH/Boot.php(334): CodeIgniter\CodeIgniter->run()
 8 SYSTEMPATH/Boot.php(67): CodeIgniter\Boot::runCodeIgniter(Object(CodeIgniter\CodeIgniter))
 9 FCPATH/index.php(56): CodeIgniter\Boot::bootWeb(Object(Config\Paths))
WARNING - 2026-02-17 10:31:16 --> [DEPRECATED] Passing lowercase HTTP method "get" is deprecated. Use uppercase HTTP method like "GET". in SYSTEMPATH/Router/RouteCollection.php on line 1026.
 1 SYSTEMPATH/Router/RouteCollection.php(1026): trigger_error('Passing lowercase HTTP method "get" is deprecated. Use uppercase HTTP method like "GET".', 16384)
 2 APPPATH/Config/Routes.php(135): CodeIgniter\Router\RouteCollection->match([...], 'locations/generarPDF', 'LocationsPdfController::generarPDF')
 3 SYSTEMPATH/Router/RouteCollection.php(339): require('/home/u976386866/domains/servipro.site/public_html/app/app/Config/Routes.php')
 4 SYSTEMPATH/CodeIgniter.php(821): CodeIgniter\Router\RouteCollection->loadRoutes()
 5 SYSTEMPATH/CodeIgniter.php(455): CodeIgniter\CodeIgniter->tryToRouteIt(null)
 6 SYSTEMPATH/CodeIgniter.php(354): CodeIgniter\CodeIgniter->handleRequest(null, Object(Config\Cache), false)
 7 SYSTEMPATH/Boot.php(334): CodeIgniter\CodeIgniter->run()
 8 SYSTEMPATH/Boot.php(67): CodeIgniter\Boot::runCodeIgniter(Object(CodeIgniter\CodeIgniter))
 9 FCPATH/index.php(56): CodeIgniter\Boot::bootWeb(Object(Config\Paths))
WARNING - 2026-02-17 10:31:16 --> [DEPRECATED] Passing lowercase HTTP method "post" is deprecated. Use uppercase HTTP method like "POST". in SYSTEMPATH/Router/RouteCollection.php on line 1026.
 1 SYSTEMPATH/Router/RouteCollection.php(1026): trigger_error('Passing lowercase HTTP method "post" is deprecated. Use uppercase HTTP method like "POST".', 16384)
 2 APPPATH/Config/Routes.php(135): CodeIgniter\Router\RouteCollection->match([...], 'locations/generarPDF', 'LocationsPdfController::generarPDF')
 3 SYSTEMPATH/Router/RouteCollection.php(339): require('/home/u976386866/domains/servipro.site/public_html/app/app/Config/Routes.php')
 4 SYSTEMPATH/CodeIgniter.php(821): CodeIgniter\Router\RouteCollection->loadRoutes()
 5 SYSTEMPATH/CodeIgniter.php(455): CodeIgniter\CodeIgniter->tryToRouteIt(null)
 6 SYSTEMPATH/CodeIgniter.php(354): CodeIgniter\CodeIgniter->handleRequest(null, Object(Config\Cache), false)
 7 SYSTEMPATH/Boot.php(334): CodeIgniter\CodeIgniter->run()
 8 SYSTEMPATH/Boot.php(67): CodeIgniter\Boot::runCodeIgniter(Object(CodeIgniter\CodeIgniter))
 9 FCPATH/index.php(56): CodeIgniter\Boot::bootWeb(Object(Config\Paths))
INFO - 2026-02-17 10:31:16 --> trampa_id recibido: 1749
INFO - 2026-02-17 10:31:16 --> tipo_plaga recibido: mosca_domestica
INFO - 2026-02-17 10:31:16 --> tipo_incidencia recibido: Captura
INFO - 2026-02-17 10:31:16 --> Datos de incidencia recibidos: {"id_trampa":"1749","tipo_plaga":"mosca_domestica","tipo_insecto":"Volador","cantidad_organismos":"4","tipo_incidencia":"Captura","zona":null,"notas":"","inspector":"Juan Carlos L\u00f3pez "}
INFO - 2026-02-17 10:31:16 --> Búsqueda por id_trampa: No encontrada
INFO - 2026-02-17 10:31:16 --> Búsqueda por id: Encontrada
INFO - 2026-02-17 10:31:16 --> ID de trampa encontrado: 1749, ID de sede: 27, ID de plano: 108
INFO - 2026-02-17 10:31:16 --> Valores antes de guardar: tipo_insecto=Volador, tipo_incidencia=Captura
INFO - 2026-02-17 10:31:16 --> Datos a insertar: {"sede_id":"27","plano_id":"108","fecha":"2026-02-16 00:00:00","tipo_plaga":"mosca_domestica","tipo_insecto":"Volador","cantidad_organismos":"4","tipo_incidencia":"Captura","notas":"","inspector":"Juan Carlos L\u00f3pez ","id_trampa":"1749"}
INFO - 2026-02-17 10:31:16 --> Incidencia guardada con ID: 5860
INFO - 2026-02-17 10:31:16 --> Incidencia guardada y verificada: {"id":"5860","id_trampa":"1749","sede_id":"27","fecha":"2026-02-16 00:00:00","tipo_plaga":"mosca_domestica","tipo_insecto":"Volador","cantidad_organismos":"4","tipo_incidencia":"Captura","notas":"","inspector":"Juan Carlos L\u00f3pez ","plano_id":"108"}
DEBUG - 2026-02-17 10:31:16 --> Session: Class initialized using 'CodeIgniter\Session\Handlers\FileHandler' driver.
INFO - 2026-02-17 10:31:16 --> trampa_id recibido: 1767
INFO - 2026-02-17 10:31:16 --> tipo_plaga recibido: mosca_forida
INFO - 2026-02-17 10:31:16 --> tipo_incidencia recibido: Captura
INFO - 2026-02-17 10:31:16 --> Datos de incidencia recibidos: {"id_trampa":"1767","tipo_plaga":"mosca_forida","tipo_insecto":"Volador","cantidad_organismos":"10","tipo_incidencia":"Captura","zona":null,"notas":"","inspector":"Juan Carlos L\u00f3pez "}
INFO - 2026-02-17 10:31:16 --> Búsqueda por id_trampa: No encontrada
INFO - 2026-02-17 10:31:16 --> Búsqueda por id: Encontrada
INFO - 2026-02-17 10:31:16 --> ID de trampa encontrado: 1767, ID de sede: 27, ID de plano: 108
INFO - 2026-02-17 10:31:16 --> Valores antes de guardar: tipo_insecto=Volador, tipo_incidencia=Captura
INFO - 2026-02-17 10:31:16 --> Datos a insertar: {"sede_id":"27","plano_id":"108","fecha":"2026-02-16 00:00:00","tipo_plaga":"mosca_forida","tipo_insecto":"Volador","cantidad_organismos":"10","tipo_incidencia":"Captura","notas":"","inspector":"Juan Carlos L\u00f3pez ","id_trampa":"1767"}
INFO - 2026-02-17 10:31:16 --> Incidencia guardada con ID: 5861
INFO - 2026-02-17 10:31:16 --> Incidencia guardada y verificada: {"id":"5861","id_trampa":"1767","sede_id":"27","fecha":"2026-02-16 00:00:00","tipo_plaga":"mosca_forida","tipo_insecto":"Volador","cantidad_organismos":"10","tipo_incidencia":"Captura","notas":"","inspector":"Juan Carlos L\u00f3pez ","plano_id":"108"}
DEBUG - 2026-02-17 10:31:16 --> Session: Class initialized using 'CodeIgniter\Session\Handlers\FileHandler' driver.
INFO - 2026-02-17 10:31:16 --> trampa_id recibido: 1764
INFO - 2026-02-17 10:31:16 --> tipo_plaga recibido: mosca_forida
INFO - 2026-02-17 10:31:16 --> tipo_incidencia recibido: Captura
INFO - 2026-02-17 10:31:16 --> Datos de incidencia recibidos: {"id_trampa":"1764","tipo_plaga":"mosca_forida","tipo_insecto":"Volador","cantidad_organismos":"2","tipo_incidencia":"Captura","zona":null,"notas":"","inspector":"Juan Carlos L\u00f3pez "}
INFO - 2026-02-17 10:31:16 --> Búsqueda por id_trampa: No encontrada
INFO - 2026-02-17 10:31:16 --> Búsqueda por id: Encontrada
INFO - 2026-02-17 10:31:16 --> ID de trampa encontrado: 1764, ID de sede: 27, ID de plano: 108
INFO - 2026-02-17 10:31:16 --> Valores antes de guardar: tipo_insecto=Volador, tipo_incidencia=Captura
INFO - 2026-02-17 10:31:16 --> Datos a insertar: {"sede_id":"27","plano_id":"108","fecha":"2026-02-16 00:00:00","tipo_plaga":"mosca_forida","tipo_insecto":"Volador","cantidad_organismos":"2","tipo_incidencia":"Captura","notas":"","inspector":"Juan Carlos L\u00f3pez ","id_trampa":"1764"}
INFO - 2026-02-17 10:31:16 --> Incidencia guardada con ID: 5862
INFO - 2026-02-17 10:31:16 --> Incidencia guardada y verificada: {"id":"5862","id_trampa":"1764","sede_id":"27","fecha":"2026-02-16 00:00:00","tipo_plaga":"mosca_forida","tipo_insecto":"Volador","cantidad_organismos":"2","tipo_incidencia":"Captura","notas":"","inspector":"Juan Carlos L\u00f3pez ","plano_id":"108"}
DEBUG - 2026-02-17 10:31:16 --> Session: Class initialized using 'CodeIgniter\Session\Handlers\FileHandler' driver.
INFO - 2026-02-17 10:31:16 --> trampa_id recibido: 1765
INFO - 2026-02-17 10:31:16 --> tipo_plaga recibido: mosca_forida
INFO - 2026-02-17 10:31:16 --> tipo_incidencia recibido: Captura
INFO - 2026-02-17 10:31:16 --> Datos de incidencia recibidos: {"id_trampa":"1765","tipo_plaga":"mosca_forida","tipo_insecto":"Volador","cantidad_organismos":"5","tipo_incidencia":"Captura","zona":null,"notas":"","inspector":"Juan Carlos L\u00f3pez "}
INFO - 2026-02-17 10:31:16 --> Búsqueda por id_trampa: No encontrada
INFO - 2026-02-17 10:31:16 --> Búsqueda por id: Encontrada
INFO - 2026-02-17 10:31:16 --> ID de trampa encontrado: 1765, ID de sede: 27, ID de plano: 108
INFO - 2026-02-17 10:31:16 --> Valores antes de guardar: tipo_insecto=Volador, tipo_incidencia=Captura
INFO - 2026-02-17 10:31:16 --> Datos a insertar: {"sede_id":"27","plano_id":"108","fecha":"2026-02-16 00:00:00","tipo_plaga":"mosca_forida","tipo_insecto":"Volador","cantidad_organismos":"5","tipo_incidencia":"Captura","notas":"","inspector":"Juan Carlos L\u00f3pez ","id_trampa":"1765"}
INFO - 2026-02-17 10:31:16 --> Incidencia guardada con ID: 5863
INFO - 2026-02-17 10:31:16 --> Incidencia guardada y verificada: {"id":"5863","id_trampa":"1765","sede_id":"27","fecha":"2026-02-16 00:00:00","tipo_plaga":"mosca_forida","tipo_insecto":"Volador","cantidad_organismos":"5","tipo_incidencia":"Captura","notas":"","inspector":"Juan Carlos L\u00f3pez ","plano_id":"108"}
DEBUG - 2026-02-17 10:31:16 --> Session: Class initialized using 'CodeIgniter\Session\Handlers\FileHandler' driver.
INFO - 2026-02-17 10:31:16 --> trampa_id recibido: 1760
INFO - 2026-02-17 10:31:16 --> tipo_plaga recibido: palomilla_almacen
INFO - 2026-02-17 10:31:16 --> tipo_incidencia recibido: Captura
INFO - 2026-02-17 10:31:16 --> Datos de incidencia recibidos: {"id_trampa":"1760","tipo_plaga":"palomilla_almacen","tipo_insecto":"Volador","cantidad_organismos":"1","tipo_incidencia":"Captura","zona":null,"notas":"","inspector":"Juan Carlos L\u00f3pez "}
INFO - 2026-02-17 10:31:16 --> Búsqueda por id_trampa: No encontrada
INFO - 2026-02-17 10:31:16 --> Búsqueda por id: Encontrada
INFO - 2026-02-17 10:31:16 --> ID de trampa encontrado: 1760, ID de sede: 27, ID de plano: 108
INFO - 2026-02-17 10:31:16 --> Valores antes de guardar: tipo_insecto=Volador, tipo_incidencia=Captura
INFO - 2026-02-17 10:31:16 --> Datos a insertar: {"sede_id":"27","plano_id":"108","fecha":"2026-02-16 00:00:00","tipo_plaga":"palomilla_almacen","tipo_insecto":"Volador","cantidad_organismos":"1","tipo_incidencia":"Captura","notas":"","inspector":"Juan Carlos L\u00f3pez ","id_trampa":"1760"}
INFO - 2026-02-17 10:31:16 --> Incidencia guardada con ID: 5864
INFO - 2026-02-17 10:31:16 --> Incidencia guardada y verificada: {"id":"5864","id_trampa":"1760","sede_id":"27","fecha":"2026-02-16 00:00:00","tipo_plaga":"palomilla_almacen","tipo_insecto":"Volador","cantidad_organismos":"1","tipo_incidencia":"Captura","notas":"","inspector":"Juan Carlos L\u00f3pez ","plano_id":"108"}
DEBUG - 2026-02-17 10:31:17 --> Session: Class initialized using 'CodeIgniter\Session\Handlers\FileHandler' driver.
INFO - 2026-02-17 10:31:17 --> trampa_id recibido: 1761
INFO - 2026-02-17 10:31:17 --> tipo_plaga recibido: mosca_metalica
INFO - 2026-02-17 10:31:17 --> tipo_incidencia recibido: Captura
INFO - 2026-02-17 10:31:17 --> Datos de incidencia recibidos: {"id_trampa":"1761","tipo_plaga":"mosca_metalica","tipo_insecto":"Volador","cantidad_organismos":"3","tipo_incidencia":"Captura","zona":null,"notas":"","inspector":"Juan Carlos L\u00f3pez "}
INFO - 2026-02-17 10:31:17 --> Búsqueda por id_trampa: No encontrada
INFO - 2026-02-17 10:31:17 --> Búsqueda por id: Encontrada
INFO - 2026-02-17 10:31:17 --> ID de trampa encontrado: 1761, ID de sede: 27, ID de plano: 108
INFO - 2026-02-17 10:31:17 --> Valores antes de guardar: tipo_insecto=Volador, tipo_incidencia=Captura
INFO - 2026-02-17 10:31:17 --> Datos a insertar: {"sede_id":"27","plano_id":"108","fecha":"2026-02-16 00:00:00","tipo_plaga":"mosca_metalica","tipo_insecto":"Volador","cantidad_organismos":"3","tipo_incidencia":"Captura","notas":"","inspector":"Juan Carlos L\u00f3pez ","id_trampa":"1761"}
INFO - 2026-02-17 10:31:17 --> Incidencia guardada con ID: 5865
INFO - 2026-02-17 10:31:17 --> Incidencia guardada y verificada: {"id":"5865","id_trampa":"1761","sede_id":"27","fecha":"2026-02-16 00:00:00","tipo_plaga":"mosca_metalica","tipo_insecto":"Volador","cantidad_organismos":"3","tipo_incidencia":"Captura","notas":"","inspector":"Juan Carlos L\u00f3pez ","plano_id":"108"}
DEBUG - 2026-02-17 10:31:17 --> Session: Class initialized using 'CodeIgniter\Session\Handlers\FileHandler' driver.
INFO - 2026-02-17 10:31:17 --> trampa_id recibido: 1762
INFO - 2026-02-17 10:31:17 --> tipo_plaga recibido: mosca_metalica
INFO - 2026-02-17 10:31:17 --> tipo_incidencia recibido: Captura
INFO - 2026-02-17 10:31:17 --> Datos de incidencia recibidos: {"id_trampa":"1762","tipo_plaga":"mosca_metalica","tipo_insecto":"Volador","cantidad_organismos":"1","tipo_incidencia":"Captura","zona":null,"notas":"","inspector":"Juan Carlos L\u00f3pez "}
INFO - 2026-02-17 10:31:17 --> Búsqueda por id_trampa: No encontrada
INFO - 2026-02-17 10:31:17 --> Búsqueda por id: Encontrada
INFO - 2026-02-17 10:31:17 --> ID de trampa encontrado: 1762, ID de sede: 27, ID de plano: 108
INFO - 2026-02-17 10:31:17 --> Valores antes de guardar: tipo_insecto=Volador, tipo_incidencia=Captura
INFO - 2026-02-17 10:31:17 --> Datos a insertar: {"sede_id":"27","plano_id":"108","fecha":"2026-02-16 00:00:00","tipo_plaga":"mosca_metalica","tipo_insecto":"Volador","cantidad_organismos":"1","tipo_incidencia":"Captura","notas":"","inspector":"Juan Carlos L\u00f3pez ","id_trampa":"1762"}
INFO - 2026-02-17 10:31:17 --> Incidencia guardada con ID: 5866
INFO - 2026-02-17 10:31:17 --> Incidencia guardada y verificada: {"id":"5866","id_trampa":"1762","sede_id":"27","fecha":"2026-02-16 00:00:00","tipo_plaga":"mosca_metalica","tipo_insecto":"Volador","cantidad_organismos":"1","tipo_incidencia":"Captura","notas":"","inspector":"Juan Carlos L\u00f3pez ","plano_id":"108"}
DEBUG - 2026-02-17 10:31:17 --> Session: Class initialized using 'CodeIgniter\Session\Handlers\FileHandler' driver.
INFO - 2026-02-17 10:31:17 --> trampa_id recibido: 1763
INFO - 2026-02-17 10:31:17 --> tipo_plaga recibido: mosca_forida
INFO - 2026-02-17 10:31:17 --> tipo_incidencia recibido: Captura
INFO - 2026-02-17 10:31:17 --> Datos de incidencia recibidos: {"id_trampa":"1763","tipo_plaga":"mosca_forida","tipo_insecto":"Volador","cantidad_organismos":"3","tipo_incidencia":"Captura","zona":null,"notas":"","inspector":"Juan Carlos L\u00f3pez "}
INFO - 2026-02-17 10:31:17 --> Búsqueda por id_trampa: No encontrada
INFO - 2026-02-17 10:31:17 --> Búsqueda por id: Encontrada
INFO - 2026-02-17 10:31:17 --> ID de trampa encontrado: 1763, ID de sede: 27, ID de plano: 108
INFO - 2026-02-17 10:31:17 --> Valores antes de guardar: tipo_insecto=Volador, tipo_incidencia=Captura
INFO - 2026-02-17 10:31:17 --> Datos a insertar: {"sede_id":"27","plano_id":"108","fecha":"2026-02-16 00:00:00","tipo_plaga":"mosca_forida","tipo_insecto":"Volador","cantidad_organismos":"3","tipo_incidencia":"Captura","notas":"","inspector":"Juan Carlos L\u00f3pez ","id_trampa":"1763"}
INFO - 2026-02-17 10:31:17 --> Incidencia guardada con ID: 5867
INFO - 2026-02-17 10:31:17 --> Incidencia guardada y verificada: {"id":"5867","id_trampa":"1763","sede_id":"27","fecha":"2026-02-16 00:00:00","tipo_plaga":"mosca_forida","tipo_insecto":"Volador","cantidad_organismos":"3","tipo_incidencia":"Captura","notas":"","inspector":"Juan Carlos L\u00f3pez ","plano_id":"108"}
DEBUG - 2026-02-17 10:31:17 --> Session: Class initialized using 'CodeIgniter\Session\Handlers\FileHandler' driver.
INFO - 2026-02-17 10:31:17 --> trampa_id recibido: 1763
INFO - 2026-02-17 10:31:17 --> tipo_plaga recibido: mosca_domestica
INFO - 2026-02-17 10:31:17 --> tipo_incidencia recibido: Captura
INFO - 2026-02-17 10:31:17 --> Datos de incidencia recibidos: {"id_trampa":"1763","tipo_plaga":"mosca_domestica","tipo_insecto":"Volador","cantidad_organismos":"1","tipo_incidencia":"Captura","zona":null,"notas":"","inspector":"Juan Carlos L\u00f3pez "}
INFO - 2026-02-17 10:31:17 --> Búsqueda por id_trampa: No encontrada
INFO - 2026-02-17 10:31:17 --> Búsqueda por id: Encontrada
INFO - 2026-02-17 10:31:17 --> ID de trampa encontrado: 1763, ID de sede: 27, ID de plano: 108
INFO - 2026-02-17 10:31:17 --> Valores antes de guardar: tipo_insecto=Volador, tipo_incidencia=Captura
INFO - 2026-02-17 10:31:17 --> Datos a insertar: {"sede_id":"27","plano_id":"108","fecha":"2026-02-16 00:00:00","tipo_plaga":"mosca_domestica","tipo_insecto":"Volador","cantidad_organismos":"1","tipo_incidencia":"Captura","notas":"","inspector":"Juan Carlos L\u00f3pez ","id_trampa":"1763"}
INFO - 2026-02-17 10:31:17 --> Incidencia guardada con ID: 5868
INFO - 2026-02-17 10:31:17 --> Incidencia guardada y verificada: {"id":"5868","id_trampa":"1763","sede_id":"27","fecha":"2026-02-16 00:00:00","tipo_plaga":"mosca_domestica","tipo_insecto":"Volador","cantidad_organismos":"1","tipo_incidencia":"Captura","notas":"","inspector":"Juan Carlos L\u00f3pez ","plano_id":"108"}
DEBUG - 2026-02-17 10:31:17 --> Session: Class initialized using 'CodeIgniter\Session\Handlers\FileHandler' driver.
INFO - 2026-02-17 10:31:17 --> trampa_id recibido: 1762
INFO - 2026-02-17 10:31:17 --> tipo_plaga recibido: mosca_forida
INFO - 2026-02-17 10:31:17 --> tipo_incidencia recibido: Captura
INFO - 2026-02-17 10:31:17 --> Datos de incidencia recibidos: {"id_trampa":"1762","tipo_plaga":"mosca_forida","tipo_insecto":"Volador","cantidad_organismos":"10","tipo_incidencia":"Captura","zona":null,"notas":"","inspector":"Juan Carlos L\u00f3pez "}
INFO - 2026-02-17 10:31:17 --> Búsqueda por id_trampa: No encontrada
INFO - 2026-02-17 10:31:17 --> Búsqueda por id: Encontrada
INFO - 2026-02-17 10:31:17 --> ID de trampa encontrado: 1762, ID de sede: 27, ID de plano: 108
INFO - 2026-02-17 10:31:17 --> Valores antes de guardar: tipo_insecto=Volador, tipo_incidencia=Captura
INFO - 2026-02-17 10:31:17 --> Datos a insertar: {"sede_id":"27","plano_id":"108","fecha":"2026-02-16 00:00:00","tipo_plaga":"mosca_forida","tipo_insecto":"Volador","cantidad_organismos":"10","tipo_incidencia":"Captura","notas":"","inspector":"Juan Carlos L\u00f3pez ","id_trampa":"1762"}
INFO - 2026-02-17 10:31:17 --> Incidencia guardada con ID: 5869
INFO - 2026-02-17 10:31:17 --> Incidencia guardada y verificada: {"id":"5869","id_trampa":"1762","sede_id":"27","fecha":"2026-02-16 00:00:00","tipo_plaga":"mosca_forida","tipo_insecto":"Volador","cantidad_organismos":"10","tipo_incidencia":"Captura","notas":"","inspector":"Juan Carlos L\u00f3pez ","plano_id":"108"}
DEBUG - 2026-02-17 10:31:17 --> Session: Class initialized using 'CodeIgniter\Session\Handlers\FileHandler' driver.
INFO - 2026-02-17 10:31:17 --> trampa_id recibido: 1764
INFO - 2026-02-17 10:31:17 --> tipo_plaga recibido: mosca_domestica
INFO - 2026-02-17 10:31:17 --> tipo_incidencia recibido: Captura
INFO - 2026-02-17 10:31:17 --> Datos de incidencia recibidos: {"id_trampa":"1764","tipo_plaga":"mosca_domestica","tipo_insecto":"Volador","cantidad_organismos":"1","tipo_incidencia":"Captura","zona":null,"notas":"","inspector":"Juan Carlos L\u00f3pez "}
INFO - 2026-02-17 10:31:17 --> Búsqueda por id_trampa: No encontrada
INFO - 2026-02-17 10:31:17 --> Búsqueda por id: Encontrada
INFO - 2026-02-17 10:31:17 --> ID de trampa encontrado: 1764, ID de sede: 27, ID de plano: 108
INFO - 2026-02-17 10:31:17 --> Valores antes de guardar: tipo_insecto=Volador, tipo_incidencia=Captura
INFO - 2026-02-17 10:31:17 --> Datos a insertar: {"sede_id":"27","plano_id":"108","fecha":"2026-02-16 00:00:00","tipo_plaga":"mosca_domestica","tipo_insecto":"Volador","cantidad_organismos":"1","tipo_incidencia":"Captura","notas":"","inspector":"Juan Carlos L\u00f3pez ","id_trampa":"1764"}
INFO - 2026-02-17 10:31:17 --> Incidencia guardada con ID: 5870
INFO - 2026-02-17 10:31:17 --> Incidencia guardada y verificada: {"id":"5870","id_trampa":"1764","sede_id":"27","fecha":"2026-02-16 00:00:00","tipo_plaga":"mosca_domestica","tipo_insecto":"Volador","cantidad_organismos":"1","tipo_incidencia":"Captura","notas":"","inspector":"Juan Carlos L\u00f3pez ","plano_id":"108"}
DEBUG - 2026-02-17 10:31:17 --> Session: Class initialized using 'CodeIgniter\Session\Handlers\FileHandler' driver.
INFO - 2026-02-17 10:31:17 --> trampa_id recibido: 1752
INFO - 2026-02-17 10:31:17 --> tipo_plaga recibido: mosca_forida
INFO - 2026-02-17 10:31:17 --> tipo_incidencia recibido: Captura
INFO - 2026-02-17 10:31:17 --> Datos de incidencia recibidos: {"id_trampa":"1752","tipo_plaga":"mosca_forida","tipo_insecto":"Volador","cantidad_organismos":"10","tipo_incidencia":"Captura","zona":null,"notas":"","inspector":"Juan Carlos L\u00f3pez "}
INFO - 2026-02-17 10:31:17 --> Búsqueda por id_trampa: No encontrada
INFO - 2026-02-17 10:31:17 --> Búsqueda por id: Encontrada
INFO - 2026-02-17 10:31:17 --> ID de trampa encontrado: 1752, ID de sede: 27, ID de plano: 108
INFO - 2026-02-17 10:31:17 --> Valores antes de guardar: tipo_insecto=Volador, tipo_incidencia=Captura
INFO - 2026-02-17 10:31:17 --> Datos a insertar: {"sede_id":"27","plano_id":"108","fecha":"2026-02-16 00:00:00","tipo_plaga":"mosca_forida","tipo_insecto":"Volador","cantidad_organismos":"10","tipo_incidencia":"Captura","notas":"","inspector":"Juan Carlos L\u00f3pez ","id_trampa":"1752"}
INFO - 2026-02-17 10:31:17 --> Incidencia guardada con ID: 5871
INFO - 2026-02-17 10:31:17 --> Incidencia guardada y verificada: {"id":"5871","id_trampa":"1752","sede_id":"27","fecha":"2026-02-16 00:00:00","tipo_plaga":"mosca_forida","tipo_insecto":"Volador","cantidad_organismos":"10","tipo_incidencia":"Captura","notas":"","inspector":"Juan Carlos L\u00f3pez ","plano_id":"108"}
DEBUG - 2026-02-17 10:31:17 --> Session: Class initialized using 'CodeIgniter\Session\Handlers\FileHandler' driver.
INFO - 2026-02-17 10:31:17 --> trampa_id recibido: 1748
INFO - 2026-02-17 10:31:17 --> tipo_plaga recibido: mosca_forida
INFO - 2026-02-17 10:31:17 --> tipo_incidencia recibido: Captura
INFO - 2026-02-17 10:31:17 --> Datos de incidencia recibidos: {"id_trampa":"1748","tipo_plaga":"mosca_forida","tipo_insecto":"Volador","cantidad_organismos":"5","tipo_incidencia":"Captura","zona":null,"notas":"","inspector":"Juan Carlos L\u00f3pez "}
INFO - 2026-02-17 10:31:17 --> Búsqueda por id_trampa: No encontrada
INFO - 2026-02-17 10:31:17 --> Búsqueda por id: Encontrada
INFO - 2026-02-17 10:31:17 --> ID de trampa encontrado: 1748, ID de sede: 27, ID de plano: 108
INFO - 2026-02-17 10:31:17 --> Valores antes de guardar: tipo_insecto=Volador, tipo_incidencia=Captura
INFO - 2026-02-17 10:31:17 --> Datos a insertar: {"sede_id":"27","plano_id":"108","fecha":"2026-02-16 00:00:00","tipo_plaga":"mosca_forida","tipo_insecto":"Volador","cantidad_organismos":"5","tipo_incidencia":"Captura","notas":"","inspector":"Juan Carlos L\u00f3pez ","id_trampa":"1748"}
INFO - 2026-02-17 10:31:17 --> Incidencia guardada con ID: 5872
INFO - 2026-02-17 10:31:17 --> Incidencia guardada y verificada: {"id":"5872","id_trampa":"1748","sede_id":"27","fecha":"2026-02-16 00:00:00","tipo_plaga":"mosca_forida","tipo_insecto":"Volador","cantidad_organismos":"5","tipo_incidencia":"Captura","notas":"","inspector":"Juan Carlos L\u00f3pez ","plano_id":"108"}
DEBUG - 2026-02-17 10:31:17 --> Session: Class initialized using 'CodeIgniter\Session\Handlers\FileHandler' driver.
INFO - 2026-02-17 10:31:17 --> trampa_id recibido: 1765
INFO - 2026-02-17 10:31:17 --> tipo_plaga recibido: mosca_domestica
INFO - 2026-02-17 10:31:17 --> tipo_incidencia recibido: Captura
INFO - 2026-02-17 10:31:17 --> Datos de incidencia recibidos: {"id_trampa":"1765","tipo_plaga":"mosca_domestica","tipo_insecto":"Volador","cantidad_organismos":"1","tipo_incidencia":"Captura","zona":null,"notas":"","inspector":"Juan Carlos L\u00f3pez "}
INFO - 2026-02-17 10:31:17 --> Búsqueda por id_trampa: No encontrada
INFO - 2026-02-17 10:31:17 --> Búsqueda por id: Encontrada
INFO - 2026-02-17 10:31:17 --> ID de trampa encontrado: 1765, ID de sede: 27, ID de plano: 108
INFO - 2026-02-17 10:31:17 --> Valores antes de guardar: tipo_insecto=Volador, tipo_incidencia=Captura
INFO - 2026-02-17 10:31:17 --> Datos a insertar: {"sede_id":"27","plano_id":"108","fecha":"2026-02-16 00:00:00","tipo_plaga":"mosca_domestica","tipo_insecto":"Volador","cantidad_organismos":"1","tipo_incidencia":"Captura","notas":"","inspector":"Juan Carlos L\u00f3pez ","id_trampa":"1765"}
INFO - 2026-02-17 10:31:17 --> Incidencia guardada con ID: 5873
INFO - 2026-02-17 10:31:17 --> Incidencia guardada y verificada: {"id":"5873","id_trampa":"1765","sede_id":"27","fecha":"2026-02-16 00:00:00","tipo_plaga":"mosca_domestica","tipo_insecto":"Volador","cantidad_organismos":"1","tipo_incidencia":"Captura","notas":"","inspector":"Juan Carlos L\u00f3pez ","plano_id":"108"}
DEBUG - 2026-02-17 10:31:17 --> Session: Class initialized using 'CodeIgniter\Session\Handlers\FileHandler' driver.
INFO - 2026-02-17 10:31:17 --> trampa_id recibido: 1756
INFO - 2026-02-17 10:31:17 --> tipo_plaga recibido: mosca_domestica
INFO - 2026-02-17 10:31:17 --> tipo_incidencia recibido: Captura
INFO - 2026-02-17 10:31:17 --> Datos de incidencia recibidos: {"id_trampa":"1756","tipo_plaga":"mosca_domestica","tipo_insecto":"Volador","cantidad_organismos":"2","tipo_incidencia":"Captura","zona":null,"notas":"","inspector":"Juan Carlos L\u00f3pez "}
INFO - 2026-02-17 10:31:17 --> Búsqueda por id_trampa: No encontrada
INFO - 2026-02-17 10:31:17 --> Búsqueda por id: Encontrada
INFO - 2026-02-17 10:31:17 --> ID de trampa encontrado: 1756, ID de sede: 27, ID de plano: 108
INFO - 2026-02-17 10:31:17 --> Valores antes de guardar: tipo_insecto=Volador, tipo_incidencia=Captura
INFO - 2026-02-17 10:31:17 --> Datos a insertar: {"sede_id":"27","plano_id":"108","fecha":"2026-02-16 00:00:00","tipo_plaga":"mosca_domestica","tipo_insecto":"Volador","cantidad_organismos":"2","tipo_incidencia":"Captura","notas":"","inspector":"Juan Carlos L\u00f3pez ","id_trampa":"1756"}
INFO - 2026-02-17 10:31:17 --> Incidencia guardada con ID: 5874
INFO - 2026-02-17 10:31:17 --> Incidencia guardada y verificada: {"id":"5874","id_trampa":"1756","sede_id":"27","fecha":"2026-02-16 00:00:00","tipo_plaga":"mosca_domestica","tipo_insecto":"Volador","cantidad_organismos":"2","tipo_incidencia":"Captura","notas":"","inspector":"Juan Carlos L\u00f3pez ","plano_id":"108"}
DEBUG - 2026-02-17 10:31:17 --> Session: Class initialized using 'CodeIgniter\Session\Handlers\FileHandler' driver.
INFO - 2026-02-17 10:31:17 --> trampa_id recibido: 1749
INFO - 2026-02-17 10:31:17 --> tipo_plaga recibido: mosca_forida
INFO - 2026-02-17 10:31:17 --> tipo_incidencia recibido: Captura
INFO - 2026-02-17 10:31:17 --> Datos de incidencia recibidos: {"id_trampa":"1749","tipo_plaga":"mosca_forida","tipo_insecto":"Volador","cantidad_organismos":"4","tipo_incidencia":"Captura","zona":null,"notas":"","inspector":"Juan Carlos L\u00f3pez "}
INFO - 2026-02-17 10:31:17 --> Búsqueda por id_trampa: No encontrada
INFO - 2026-02-17 10:31:17 --> Búsqueda por id: Encontrada
INFO - 2026-02-17 10:31:17 --> ID de trampa encontrado: 1749, ID de sede: 27, ID de plano: 108
INFO - 2026-02-17 10:31:17 --> Valores antes de guardar: tipo_insecto=Volador, tipo_incidencia=Captura
INFO - 2026-02-17 10:31:17 --> Datos a insertar: {"sede_id":"27","plano_id":"108","fecha":"2026-02-16 00:00:00","tipo_plaga":"mosca_forida","tipo_insecto":"Volador","cantidad_organismos":"4","tipo_incidencia":"Captura","notas":"","inspector":"Juan Carlos L\u00f3pez ","id_trampa":"1749"}
INFO - 2026-02-17 10:31:17 --> Incidencia guardada con ID: 5875
INFO - 2026-02-17 10:31:17 --> Incidencia guardada y verificada: {"id":"5875","id_trampa":"1749","sede_id":"27","fecha":"2026-02-16 00:00:00","tipo_plaga":"mosca_forida","tipo_insecto":"Volador","cantidad_organismos":"4","tipo_incidencia":"Captura","notas":"","inspector":"Juan Carlos L\u00f3pez ","plano_id":"108"}
DEBUG - 2026-02-17 10:31:17 --> Session: Class initialized using 'CodeIgniter\Session\Handlers\FileHandler' driver.
INFO - 2026-02-17 10:31:17 --> trampa_id recibido: 1759
INFO - 2026-02-17 10:31:17 --> tipo_plaga recibido: mosca_forida
INFO - 2026-02-17 10:31:17 --> tipo_incidencia recibido: Captura
INFO - 2026-02-17 10:31:17 --> Datos de incidencia recibidos: {"id_trampa":"1759","tipo_plaga":"mosca_forida","tipo_insecto":"Volador","cantidad_organismos":"8","tipo_incidencia":"Captura","zona":null,"notas":"","inspector":"Juan Carlos L\u00f3pez "}
INFO - 2026-02-17 10:31:17 --> Búsqueda por id_trampa: No encontrada
INFO - 2026-02-17 10:31:17 --> Búsqueda por id: Encontrada
INFO - 2026-02-17 10:31:17 --> ID de trampa encontrado: 1759, ID de sede: 27, ID de plano: 108
INFO - 2026-02-17 10:31:17 --> Valores antes de guardar: tipo_insecto=Volador, tipo_incidencia=Captura
INFO - 2026-02-17 10:31:17 --> Datos a insertar: {"sede_id":"27","plano_id":"108","fecha":"2026-02-16 00:00:00","tipo_plaga":"mosca_forida","tipo_insecto":"Volador","cantidad_organismos":"8","tipo_incidencia":"Captura","notas":"","inspector":"Juan Carlos L\u00f3pez ","id_trampa":"1759"}
INFO - 2026-02-17 10:31:17 --> Incidencia guardada con ID: 5876
INFO - 2026-02-17 10:31:17 --> Incidencia guardada y verificada: {"id":"5876","id_trampa":"1759","sede_id":"27","fecha":"2026-02-16 00:00:00","tipo_plaga":"mosca_forida","tipo_insecto":"Volador","cantidad_organismos":"8","tipo_incidencia":"Captura","notas":"","inspector":"Juan Carlos L\u00f3pez ","plano_id":"108"}
DEBUG - 2026-02-17 10:31:17 --> Session: Class initialized using 'CodeIgniter\Session\Handlers\FileHandler' driver.
INFO - 2026-02-17 10:31:17 --> trampa_id recibido: 1761
INFO - 2026-02-17 10:31:17 --> tipo_plaga recibido: mosca_domestica
INFO - 2026-02-17 10:31:17 --> tipo_incidencia recibido: Captura
INFO - 2026-02-17 10:31:17 --> Datos de incidencia recibidos: {"id_trampa":"1761","tipo_plaga":"mosca_domestica","tipo_insecto":"Volador","cantidad_organismos":"4","tipo_incidencia":"Captura","zona":null,"notas":"","inspector":"Juan Carlos L\u00f3pez "}
INFO - 2026-02-17 10:31:17 --> Búsqueda por id_trampa: No encontrada
INFO - 2026-02-17 10:31:17 --> Búsqueda por id: Encontrada
INFO - 2026-02-17 10:31:17 --> ID de trampa encontrado: 1761, ID de sede: 27, ID de plano: 108
INFO - 2026-02-17 10:31:17 --> Valores antes de guardar: tipo_insecto=Volador, tipo_incidencia=Captura
INFO - 2026-02-17 10:31:17 --> Datos a insertar: {"sede_id":"27","plano_id":"108","fecha":"2026-02-16 00:00:00","tipo_plaga":"mosca_domestica","tipo_insecto":"Volador","cantidad_organismos":"4","tipo_incidencia":"Captura","notas":"","inspector":"Juan Carlos L\u00f3pez ","id_trampa":"1761"}
INFO - 2026-02-17 10:31:17 --> Incidencia guardada con ID: 5877
INFO - 2026-02-17 10:31:17 --> Incidencia guardada y verificada: {"id":"5877","id_trampa":"1761","sede_id":"27","fecha":"2026-02-16 00:00:00","tipo_plaga":"mosca_domestica","tipo_insecto":"Volador","cantidad_organismos":"4","tipo_incidencia":"Captura","notas":"","inspector":"Juan Carlos L\u00f3pez ","plano_id":"108"}
DEBUG - 2026-02-17 10:31:17 --> Session: Class initialized using 'CodeIgniter\Session\Handlers\FileHandler' driver.
INFO - 2026-02-17 10:31:17 --> trampa_id recibido: 1762
INFO - 2026-02-17 10:31:17 --> tipo_plaga recibido: mosca_domestica
INFO - 2026-02-17 10:31:17 --> tipo_incidencia recibido: Captura
INFO - 2026-02-17 10:31:17 --> Datos de incidencia recibidos: {"id_trampa":"1762","tipo_plaga":"mosca_domestica","tipo_insecto":"Volador","cantidad_organismos":"1","tipo_incidencia":"Captura","zona":null,"notas":"","inspector":"Juan Carlos L\u00f3pez "}
INFO - 2026-02-17 10:31:17 --> Búsqueda por id_trampa: No encontrada
INFO - 2026-02-17 10:31:17 --> Búsqueda por id: Encontrada
INFO - 2026-02-17 10:31:17 --> ID de trampa encontrado: 1762, ID de sede: 27, ID de plano: 108
INFO - 2026-02-17 10:31:17 --> Valores antes de guardar: tipo_insecto=Volador, tipo_incidencia=Captura
INFO - 2026-02-17 10:31:17 --> Datos a insertar: {"sede_id":"27","plano_id":"108","fecha":"2026-02-16 00:00:00","tipo_plaga":"mosca_domestica","tipo_insecto":"Volador","cantidad_organismos":"1","tipo_incidencia":"Captura","notas":"","inspector":"Juan Carlos L\u00f3pez ","id_trampa":"1762"}
INFO - 2026-02-17 10:31:17 --> Incidencia guardada con ID: 5878
INFO - 2026-02-17 10:31:17 --> Incidencia guardada y verificada: {"id":"5878","id_trampa":"1762","sede_id":"27","fecha":"2026-02-16 00:00:00","tipo_plaga":"mosca_domestica","tipo_insecto":"Volador","cantidad_organismos":"1","tipo_incidencia":"Captura","notas":"","inspector":"Juan Carlos L\u00f3pez ","plano_id":"108"}
DEBUG - 2026-02-17 10:31:17 --> Session: Class initialized using 'CodeIgniter\Session\Handlers\FileHandler' driver.
INFO - 2026-02-17 10:31:17 --> trampa_id recibido: 1751
INFO - 2026-02-17 10:31:17 --> tipo_plaga recibido: mosca_metalica
INFO - 2026-02-17 10:31:17 --> tipo_incidencia recibido: Captura
INFO - 2026-02-17 10:31:17 --> Datos de incidencia recibidos: {"id_trampa":"1751","tipo_plaga":"mosca_metalica","tipo_insecto":"Volador","cantidad_organismos":"2","tipo_incidencia":"Captura","zona":null,"notas":"","inspector":"Juan Carlos L\u00f3pez "}
INFO - 2026-02-17 10:31:17 --> Búsqueda por id_trampa: No encontrada
INFO - 2026-02-17 10:31:17 --> Búsqueda por id: Encontrada
INFO - 2026-02-17 10:31:17 --> ID de trampa encontrado: 1751, ID de sede: 27, ID de plano: 108
INFO - 2026-02-17 10:31:17 --> Valores antes de guardar: tipo_insecto=Volador, tipo_incidencia=Captura
INFO - 2026-02-17 10:31:17 --> Datos a insertar: {"sede_id":"27","plano_id":"108","fecha":"2026-02-16 00:00:00","tipo_plaga":"mosca_metalica","tipo_insecto":"Volador","cantidad_organismos":"2","tipo_incidencia":"Captura","notas":"","inspector":"Juan Carlos L\u00f3pez ","id_trampa":"1751"}
INFO - 2026-02-17 10:31:17 --> Incidencia guardada con ID: 5879
INFO - 2026-02-17 10:31:17 --> Incidencia guardada y verificada: {"id":"5879","id_trampa":"1751","sede_id":"27","fecha":"2026-02-16 00:00:00","tipo_plaga":"mosca_metalica","tipo_insecto":"Volador","cantidad_organismos":"2","tipo_incidencia":"Captura","notas":"","inspector":"Juan Carlos L\u00f3pez ","plano_id":"108"}
DEBUG - 2026-02-17 10:31:17 --> Session: Class initialized using 'CodeIgniter\Session\Handlers\FileHandler' driver.
INFO - 2026-02-17 10:31:17 --> trampa_id recibido: 1751
INFO - 2026-02-17 10:31:17 --> tipo_plaga recibido: mosca_domestica
INFO - 2026-02-17 10:31:17 --> tipo_incidencia recibido: Captura
INFO - 2026-02-17 10:31:17 --> Datos de incidencia recibidos: {"id_trampa":"1751","tipo_plaga":"mosca_domestica","tipo_insecto":"Volador","cantidad_organismos":"5","tipo_incidencia":"Captura","zona":null,"notas":"","inspector":"Juan Carlos L\u00f3pez "}
INFO - 2026-02-17 10:31:17 --> Búsqueda por id_trampa: No encontrada
INFO - 2026-02-17 10:31:17 --> Búsqueda por id: Encontrada
INFO - 2026-02-17 10:31:17 --> ID de trampa encontrado: 1751, ID de sede: 27, ID de plano: 108
INFO - 2026-02-17 10:31:17 --> Valores antes de guardar: tipo_insecto=Volador, tipo_incidencia=Captura
INFO - 2026-02-17 10:31:17 --> Datos a insertar: {"sede_id":"27","plano_id":"108","fecha":"2026-02-16 00:00:00","tipo_plaga":"mosca_domestica","tipo_insecto":"Volador","cantidad_organismos":"5","tipo_incidencia":"Captura","notas":"","inspector":"Juan Carlos L\u00f3pez ","id_trampa":"1751"}
INFO - 2026-02-17 10:31:17 --> Incidencia guardada con ID: 5880
INFO - 2026-02-17 10:31:17 --> Incidencia guardada y verificada: {"id":"5880","id_trampa":"1751","sede_id":"27","fecha":"2026-02-16 00:00:00","tipo_plaga":"mosca_domestica","tipo_insecto":"Volador","cantidad_organismos":"5","tipo_incidencia":"Captura","notas":"","inspector":"Juan Carlos L\u00f3pez ","plano_id":"108"}
DEBUG - 2026-02-17 10:31:17 --> Session: Class initialized using 'CodeIgniter\Session\Handlers\FileHandler' driver.
INFO - 2026-02-17 10:31:17 --> trampa_id recibido: 1760
INFO - 2026-02-17 10:31:17 --> tipo_plaga recibido: mosca_metalica
INFO - 2026-02-17 10:31:17 --> tipo_incidencia recibido: Captura
INFO - 2026-02-17 10:31:17 --> Datos de incidencia recibidos: {"id_trampa":"1760","tipo_plaga":"mosca_metalica","tipo_insecto":"Volador","cantidad_organismos":"2","tipo_incidencia":"Captura","zona":null,"notas":"","inspector":"Juan Carlos L\u00f3pez "}
INFO - 2026-02-17 10:31:17 --> Búsqueda por id_trampa: No encontrada
INFO - 2026-02-17 10:31:17 --> Búsqueda por id: Encontrada
INFO - 2026-02-17 10:31:17 --> ID de trampa encontrado: 1760, ID de sede: 27, ID de plano: 108
INFO - 2026-02-17 10:31:17 --> Valores antes de guardar: tipo_insecto=Volador, tipo_incidencia=Captura
INFO - 2026-02-17 10:31:17 --> Datos a insertar: {"sede_id":"27","plano_id":"108","fecha":"2026-02-16 00:00:00","tipo_plaga":"mosca_metalica","tipo_insecto":"Volador","cantidad_organismos":"2","tipo_incidencia":"Captura","notas":"","inspector":"Juan Carlos L\u00f3pez ","id_trampa":"1760"}
INFO - 2026-02-17 10:31:17 --> Incidencia guardada con ID: 5881
INFO - 2026-02-17 10:31:17 --> Incidencia guardada y verificada: {"id":"5881","id_trampa":"1760","sede_id":"27","fecha":"2026-02-16 00:00:00","tipo_plaga":"mosca_metalica","tipo_insecto":"Volador","cantidad_organismos":"2","tipo_incidencia":"Captura","notas":"","inspector":"Juan Carlos L\u00f3pez ","plano_id":"108"}
DEBUG - 2026-02-17 10:31:17 --> Session: Class initialized using 'CodeIgniter\Session\Handlers\FileHandler' driver.
INFO - 2026-02-17 10:31:17 --> trampa_id recibido: 1753
INFO - 2026-02-17 10:31:17 --> tipo_plaga recibido: mosca_forida
INFO - 2026-02-17 10:31:17 --> tipo_incidencia recibido: Captura
INFO - 2026-02-17 10:31:17 --> Datos de incidencia recibidos: {"id_trampa":"1753","tipo_plaga":"mosca_forida","tipo_insecto":"Volador","cantidad_organismos":"3","tipo_incidencia":"Captura","zona":null,"notas":"","inspector":"Juan Carlos L\u00f3pez "}
INFO - 2026-02-17 10:31:17 --> Búsqueda por id_trampa: No encontrada
INFO - 2026-02-17 10:31:17 --> Búsqueda por id: Encontrada
INFO - 2026-02-17 10:31:17 --> ID de trampa encontrado: 1753, ID de sede: 27, ID de plano: 108
INFO - 2026-02-17 10:31:17 --> Valores antes de guardar: tipo_insecto=Volador, tipo_incidencia=Captura
INFO - 2026-02-17 10:31:17 --> Datos a insertar: {"sede_id":"27","plano_id":"108","fecha":"2026-02-16 00:00:00","tipo_plaga":"mosca_forida","tipo_insecto":"Volador","cantidad_organismos":"3","tipo_incidencia":"Captura","notas":"","inspector":"Juan Carlos L\u00f3pez ","id_trampa":"1753"}
INFO - 2026-02-17 10:31:17 --> Incidencia guardada con ID: 5882
INFO - 2026-02-17 10:31:17 --> Incidencia guardada y verificada: {"id":"5882","id_trampa":"1753","sede_id":"27","fecha":"2026-02-16 00:00:00","tipo_plaga":"mosca_forida","tipo_insecto":"Volador","cantidad_organismos":"3","tipo_incidencia":"Captura","notas":"","inspector":"Juan Carlos L\u00f3pez ","plano_id":"108"}
DEBUG - 2026-02-17 10:31:17 --> Session: Class initialized using 'CodeIgniter\Session\Handlers\FileHandler' driver.
INFO - 2026-02-17 10:31:17 --> trampa_id recibido: 1751
INFO - 2026-02-17 10:31:17 --> tipo_plaga recibido: mosca_forida
INFO - 2026-02-17 10:31:17 --> tipo_incidencia recibido: Captura
INFO - 2026-02-17 10:31:17 --> Datos de incidencia recibidos: {"id_trampa":"1751","tipo_plaga":"mosca_forida","tipo_insecto":"Volador","cantidad_organismos":"10","tipo_incidencia":"Captura","zona":null,"notas":"","inspector":"Juan Carlos L\u00f3pez "}
INFO - 2026-02-17 10:31:17 --> Búsqueda por id_trampa: No encontrada
INFO - 2026-02-17 10:31:17 --> Búsqueda por id: Encontrada
INFO - 2026-02-17 10:31:17 --> ID de trampa encontrado: 1751, ID de sede: 27, ID de plano: 108
INFO - 2026-02-17 10:31:17 --> Valores antes de guardar: tipo_insecto=Volador, tipo_incidencia=Captura
INFO - 2026-02-17 10:31:17 --> Datos a insertar: {"sede_id":"27","plano_id":"108","fecha":"2026-02-16 00:00:00","tipo_plaga":"mosca_forida","tipo_insecto":"Volador","cantidad_organismos":"10","tipo_incidencia":"Captura","notas":"","inspector":"Juan Carlos L\u00f3pez ","id_trampa":"1751"}
INFO - 2026-02-17 10:31:17 --> Incidencia guardada con ID: 5883
INFO - 2026-02-17 10:31:17 --> Incidencia guardada y verificada: {"id":"5883","id_trampa":"1751","sede_id":"27","fecha":"2026-02-16 00:00:00","tipo_plaga":"mosca_forida","tipo_insecto":"Volador","cantidad_organismos":"10","tipo_incidencia":"Captura","notas":"","inspector":"Juan Carlos L\u00f3pez ","plano_id":"108"}
DEBUG - 2026-02-17 10:31:17 --> Session: Class initialized using 'CodeIgniter\Session\Handlers\FileHandler' driver.
INFO - 2026-02-17 10:31:17 --> trampa_id recibido: 1752
INFO - 2026-02-17 10:31:17 --> tipo_plaga recibido: mosca_metalica
INFO - 2026-02-17 10:31:17 --> tipo_incidencia recibido: Captura
INFO - 2026-02-17 10:31:17 --> Datos de incidencia recibidos: {"id_trampa":"1752","tipo_plaga":"mosca_metalica","tipo_insecto":"Volador","cantidad_organismos":"1","tipo_incidencia":"Captura","zona":null,"notas":"","inspector":"Juan Carlos L\u00f3pez "}
INFO - 2026-02-17 10:31:17 --> Búsqueda por id_trampa: No encontrada
INFO - 2026-02-17 10:31:17 --> Búsqueda por id: Encontrada
INFO - 2026-02-17 10:31:17 --> ID de trampa encontrado: 1752, ID de sede: 27, ID de plano: 108
INFO - 2026-02-17 10:31:17 --> Valores antes de guardar: tipo_insecto=Volador, tipo_incidencia=Captura
INFO - 2026-02-17 10:31:17 --> Datos a insertar: {"sede_id":"27","plano_id":"108","fecha":"2026-02-16 00:00:00","tipo_plaga":"mosca_metalica","tipo_insecto":"Volador","cantidad_organismos":"1","tipo_incidencia":"Captura","notas":"","inspector":"Juan Carlos L\u00f3pez ","id_trampa":"1752"}
INFO - 2026-02-17 10:31:17 --> Incidencia guardada con ID: 5884
INFO - 2026-02-17 10:31:17 --> Incidencia guardada y verificada: {"id":"5884","id_trampa":"1752","sede_id":"27","fecha":"2026-02-16 00:00:00","tipo_plaga":"mosca_metalica","tipo_insecto":"Volador","cantidad_organismos":"1","tipo_incidencia":"Captura","notas":"","inspector":"Juan Carlos L\u00f3pez ","plano_id":"108"}
DEBUG - 2026-02-17 10:31:17 --> Session: Class initialized using 'CodeIgniter\Session\Handlers\FileHandler' driver.
INFO - 2026-02-17 10:31:17 --> trampa_id recibido: 1753
INFO - 2026-02-17 10:31:17 --> tipo_plaga recibido: mosca_metalica
INFO - 2026-02-17 10:31:17 --> tipo_incidencia recibido: Captura
INFO - 2026-02-17 10:31:17 --> Datos de incidencia recibidos: {"id_trampa":"1753","tipo_plaga":"mosca_metalica","tipo_insecto":"Volador","cantidad_organismos":"1","tipo_incidencia":"Captura","zona":null,"notas":"","inspector":"Juan Carlos L\u00f3pez "}
INFO - 2026-02-17 10:31:17 --> Búsqueda por id_trampa: No encontrada
INFO - 2026-02-17 10:31:17 --> Búsqueda por id: Encontrada
INFO - 2026-02-17 10:31:17 --> ID de trampa encontrado: 1753, ID de sede: 27, ID de plano: 108
INFO - 2026-02-17 10:31:17 --> Valores antes de guardar: tipo_insecto=Volador, tipo_incidencia=Captura
INFO - 2026-02-17 10:31:17 --> Datos a insertar: {"sede_id":"27","plano_id":"108","fecha":"2026-02-16 00:00:00","tipo_plaga":"mosca_metalica","tipo_insecto":"Volador","cantidad_organismos":"1","tipo_incidencia":"Captura","notas":"","inspector":"Juan Carlos L\u00f3pez ","id_trampa":"1753"}
INFO - 2026-02-17 10:31:17 --> Incidencia guardada con ID: 5885
INFO - 2026-02-17 10:31:17 --> Incidencia guardada y verificada: {"id":"5885","id_trampa":"1753","sede_id":"27","fecha":"2026-02-16 00:00:00","tipo_plaga":"mosca_metalica","tipo_insecto":"Volador","cantidad_organismos":"1","tipo_incidencia":"Captura","notas":"","inspector":"Juan Carlos L\u00f3pez ","plano_id":"108"}
DEBUG - 2026-02-17 10:31:17 --> Session: Class initialized using 'CodeIgniter\Session\Handlers\FileHandler' driver.
INFO - 2026-02-17 10:31:17 --> trampa_id recibido: 1761
INFO - 2026-02-17 10:31:17 --> tipo_plaga recibido: mosca_forida
INFO - 2026-02-17 10:31:17 --> tipo_incidencia recibido: Captura
INFO - 2026-02-17 10:31:17 --> Datos de incidencia recibidos: {"id_trampa":"1761","tipo_plaga":"mosca_forida","tipo_insecto":"Volador","cantidad_organismos":"9","tipo_incidencia":"Captura","zona":null,"notas":"","inspector":"Juan Carlos L\u00f3pez "}
INFO - 2026-02-17 10:31:17 --> Búsqueda por id_trampa: No encontrada
INFO - 2026-02-17 10:31:17 --> Búsqueda por id: Encontrada
INFO - 2026-02-17 10:31:17 --> ID de trampa encontrado: 1761, ID de sede: 27, ID de plano: 108
INFO - 2026-02-17 10:31:17 --> Valores antes de guardar: tipo_insecto=Volador, tipo_incidencia=Captura
INFO - 2026-02-17 10:31:17 --> Datos a insertar: {"sede_id":"27","plano_id":"108","fecha":"2026-02-16 00:00:00","tipo_plaga":"mosca_forida","tipo_insecto":"Volador","cantidad_organismos":"9","tipo_incidencia":"Captura","notas":"","inspector":"Juan Carlos L\u00f3pez ","id_trampa":"1761"}
INFO - 2026-02-17 10:31:17 --> Incidencia guardada con ID: 5886
INFO - 2026-02-17 10:31:17 --> Incidencia guardada y verificada: {"id":"5886","id_trampa":"1761","sede_id":"27","fecha":"2026-02-16 00:00:00","tipo_plaga":"mosca_forida","tipo_insecto":"Volador","cantidad_organismos":"9","tipo_incidencia":"Captura","notas":"","inspector":"Juan Carlos L\u00f3pez ","plano_id":"108"}
DEBUG - 2026-02-17 10:31:17 --> Session: Class initialized using 'CodeIgniter\Session\Handlers\FileHandler' driver.
INFO - 2026-02-17 10:31:17 --> trampa_id recibido: 1750
INFO - 2026-02-17 10:31:17 --> tipo_plaga recibido: mosca_forida
INFO - 2026-02-17 10:31:17 --> tipo_incidencia recibido: Captura
INFO - 2026-02-17 10:31:17 --> Datos de incidencia recibidos: {"id_trampa":"1750","tipo_plaga":"mosca_forida","tipo_insecto":"Volador","cantidad_organismos":"7","tipo_incidencia":"Captura","zona":null,"notas":"","inspector":"Juan Carlos L\u00f3pez "}
INFO - 2026-02-17 10:31:17 --> Búsqueda por id_trampa: No encontrada
INFO - 2026-02-17 10:31:17 --> Búsqueda por id: Encontrada
INFO - 2026-02-17 10:31:17 --> ID de trampa encontrado: 1750, ID de sede: 27, ID de plano: 108
INFO - 2026-02-17 10:31:17 --> Valores antes de guardar: tipo_insecto=Volador, tipo_incidencia=Captura
INFO - 2026-02-17 10:31:17 --> Datos a insertar: {"sede_id":"27","plano_id":"108","fecha":"2026-02-16 00:00:00","tipo_plaga":"mosca_forida","tipo_insecto":"Volador","cantidad_organismos":"7","tipo_incidencia":"Captura","notas":"","inspector":"Juan Carlos L\u00f3pez ","id_trampa":"1750"}
INFO - 2026-02-17 10:31:17 --> Incidencia guardada con ID: 5887
INFO - 2026-02-17 10:31:17 --> Incidencia guardada y verificada: {"id":"5887","id_trampa":"1750","sede_id":"27","fecha":"2026-02-16 00:00:00","tipo_plaga":"mosca_forida","tipo_insecto":"Volador","cantidad_organismos":"7","tipo_incidencia":"Captura","notas":"","inspector":"Juan Carlos L\u00f3pez ","plano_id":"108"}
DEBUG - 2026-02-17 10:31:17 --> Session: Class initialized using 'CodeIgniter\Session\Handlers\FileHandler' driver.
INFO - 2026-02-17 10:31:17 --> trampa_id recibido: 1748
INFO - 2026-02-17 10:31:17 --> tipo_plaga recibido: mosca_domestica
INFO - 2026-02-17 10:31:17 --> tipo_incidencia recibido: Captura
INFO - 2026-02-17 10:31:17 --> Datos de incidencia recibidos: {"id_trampa":"1748","tipo_plaga":"mosca_domestica","tipo_insecto":"Volador","cantidad_organismos":"1","tipo_incidencia":"Captura","zona":null,"notas":"","inspector":"Juan Carlos L\u00f3pez "}
INFO - 2026-02-17 10:31:17 --> Búsqueda por id_trampa: No encontrada
INFO - 2026-02-17 10:31:17 --> Búsqueda por id: Encontrada
INFO - 2026-02-17 10:31:17 --> ID de trampa encontrado: 1748, ID de sede: 27, ID de plano: 108
INFO - 2026-02-17 10:31:17 --> Valores antes de guardar: tipo_insecto=Volador, tipo_incidencia=Captura
INFO - 2026-02-17 10:31:17 --> Datos a insertar: {"sede_id":"27","plano_id":"108","fecha":"2026-02-16 00:00:00","tipo_plaga":"mosca_domestica","tipo_insecto":"Volador","cantidad_organismos":"1","tipo_incidencia":"Captura","notas":"","inspector":"Juan Carlos L\u00f3pez ","id_trampa":"1748"}
INFO - 2026-02-17 10:31:17 --> Incidencia guardada con ID: 5888
INFO - 2026-02-17 10:31:17 --> Incidencia guardada y verificada: {"id":"5888","id_trampa":"1748","sede_id":"27","fecha":"2026-02-16 00:00:00","tipo_plaga":"mosca_domestica","tipo_insecto":"Volador","cantidad_organismos":"1","tipo_incidencia":"Captura","notas":"","inspector":"Juan Carlos L\u00f3pez ","plano_id":"108"}
DEBUG - 2026-02-17 10:31:17 --> Session: Class initialized using 'CodeIgniter\Session\Handlers\FileHandler' driver.
INFO - 2026-02-17 10:31:17 --> trampa_id recibido: 1758
INFO - 2026-02-17 10:31:17 --> tipo_plaga recibido: mosca_forida
INFO - 2026-02-17 10:31:17 --> tipo_incidencia recibido: Captura
INFO - 2026-02-17 10:31:17 --> Datos de incidencia recibidos: {"id_trampa":"1758","tipo_plaga":"mosca_forida","tipo_insecto":"Volador","cantidad_organismos":"5","tipo_incidencia":"Captura","zona":null,"notas":"","inspector":"Juan Carlos L\u00f3pez "}
INFO - 2026-02-17 10:31:17 --> Búsqueda por id_trampa: No encontrada
INFO - 2026-02-17 10:31:17 --> Búsqueda por id: Encontrada
INFO - 2026-02-17 10:31:17 --> ID de trampa encontrado: 1758, ID de sede: 27, ID de plano: 108
INFO - 2026-02-17 10:31:17 --> Valores antes de guardar: tipo_insecto=Volador, tipo_incidencia=Captura
INFO - 2026-02-17 10:31:17 --> Datos a insertar: {"sede_id":"27","plano_id":"108","fecha":"2026-02-16 00:00:00","tipo_plaga":"mosca_forida","tipo_insecto":"Volador","cantidad_organismos":"5","tipo_incidencia":"Captura","notas":"","inspector":"Juan Carlos L\u00f3pez ","id_trampa":"1758"}
INFO - 2026-02-17 10:31:17 --> Incidencia guardada con ID: 5889
INFO - 2026-02-17 10:31:17 --> Incidencia guardada y verificada: {"id":"5889","id_trampa":"1758","sede_id":"27","fecha":"2026-02-16 00:00:00","tipo_plaga":"mosca_forida","tipo_insecto":"Volador","cantidad_organismos":"5","tipo_incidencia":"Captura","notas":"","inspector":"Juan Carlos L\u00f3pez ","plano_id":"108"}
DEBUG - 2026-02-17 10:31:17 --> Session: Class initialized using 'CodeIgniter\Session\Handlers\FileHandler' driver.
INFO - 2026-02-17 10:31:17 --> trampa_id recibido: 1758
INFO - 2026-02-17 10:31:17 --> tipo_plaga recibido: mosca_domestica
INFO - 2026-02-17 10:31:17 --> tipo_incidencia recibido: Captura
INFO - 2026-02-17 10:31:17 --> Datos de incidencia recibidos: {"id_trampa":"1758","tipo_plaga":"mosca_domestica","tipo_insecto":"Volador","cantidad_organismos":"3","tipo_incidencia":"Captura","zona":null,"notas":"","inspector":"Juan Carlos L\u00f3pez "}
INFO - 2026-02-17 10:31:17 --> Búsqueda por id_trampa: No encontrada
INFO - 2026-02-17 10:31:17 --> Búsqueda por id: Encontrada
INFO - 2026-02-17 10:31:17 --> ID de trampa encontrado: 1758, ID de sede: 27, ID de plano: 108
INFO - 2026-02-17 10:31:17 --> Valores antes de guardar: tipo_insecto=Volador, tipo_incidencia=Captura
INFO - 2026-02-17 10:31:17 --> Datos a insertar: {"sede_id":"27","plano_id":"108","fecha":"2026-02-16 00:00:00","tipo_plaga":"mosca_domestica","tipo_insecto":"Volador","cantidad_organismos":"3","tipo_incidencia":"Captura","notas":"","inspector":"Juan Carlos L\u00f3pez ","id_trampa":"1758"}
INFO - 2026-02-17 10:31:17 --> Incidencia guardada con ID: 5890
INFO - 2026-02-17 10:31:17 --> Incidencia guardada y verificada: {"id":"5890","id_trampa":"1758","sede_id":"27","fecha":"2026-02-16 00:00:00","tipo_plaga":"mosca_domestica","tipo_insecto":"Volador","cantidad_organismos":"3","tipo_incidencia":"Captura","notas":"","inspector":"Juan Carlos L\u00f3pez ","plano_id":"108"}
DEBUG - 2026-02-17 10:31:17 --> Session: Class initialized using 'CodeIgniter\Session\Handlers\FileHandler' driver.
INFO - 2026-02-17 10:31:17 --> trampa_id recibido: 1753
INFO - 2026-02-17 10:31:17 --> tipo_plaga recibido: mosca_domestica
INFO - 2026-02-17 10:31:17 --> tipo_incidencia recibido: Captura
INFO - 2026-02-17 10:31:17 --> Datos de incidencia recibidos: {"id_trampa":"1753","tipo_plaga":"mosca_domestica","tipo_insecto":"Volador","cantidad_organismos":"3","tipo_incidencia":"Captura","zona":null,"notas":"","inspector":"Juan Carlos L\u00f3pez "}
INFO - 2026-02-17 10:31:17 --> Búsqueda por id_trampa: No encontrada
INFO - 2026-02-17 10:31:17 --> Búsqueda por id: Encontrada
INFO - 2026-02-17 10:31:17 --> ID de trampa encontrado: 1753, ID de sede: 27, ID de plano: 108
INFO - 2026-02-17 10:31:17 --> Valores antes de guardar: tipo_insecto=Volador, tipo_incidencia=Captura
INFO - 2026-02-17 10:31:17 --> Datos a insertar: {"sede_id":"27","plano_id":"108","fecha":"2026-02-16 00:00:00","tipo_plaga":"mosca_domestica","tipo_insecto":"Volador","cantidad_organismos":"3","tipo_incidencia":"Captura","notas":"","inspector":"Juan Carlos L\u00f3pez ","id_trampa":"1753"}
INFO - 2026-02-17 10:31:17 --> Incidencia guardada con ID: 5891
INFO - 2026-02-17 10:31:17 --> Incidencia guardada y verificada: {"id":"5891","id_trampa":"1753","sede_id":"27","fecha":"2026-02-16 00:00:00","tipo_plaga":"mosca_domestica","tipo_insecto":"Volador","cantidad_organismos":"3","tipo_incidencia":"Captura","notas":"","inspector":"Juan Carlos L\u00f3pez ","plano_id":"108"}
DEBUG - 2026-02-17 10:31:17 --> Session: Class initialized using 'CodeIgniter\Session\Handlers\FileHandler' driver.
INFO - 2026-02-17 10:31:17 --> trampa_id recibido: 1752
INFO - 2026-02-17 10:31:17 --> tipo_plaga recibido: mosca_domestica
INFO - 2026-02-17 10:31:17 --> tipo_incidencia recibido: Captura
INFO - 2026-02-17 10:31:17 --> Datos de incidencia recibidos: {"id_trampa":"1752","tipo_plaga":"mosca_domestica","tipo_insecto":"Volador","cantidad_organismos":"5","tipo_incidencia":"Captura","zona":null,"notas":"","inspector":"Juan Carlos L\u00f3pez "}
INFO - 2026-02-17 10:31:17 --> Búsqueda por id_trampa: No encontrada
INFO - 2026-02-17 10:31:17 --> Búsqueda por id: Encontrada
INFO - 2026-02-17 10:31:17 --> ID de trampa encontrado: 1752, ID de sede: 27, ID de plano: 108
INFO - 2026-02-17 10:31:17 --> Valores antes de guardar: tipo_insecto=Volador, tipo_incidencia=Captura
INFO - 2026-02-17 10:31:17 --> Datos a insertar: {"sede_id":"27","plano_id":"108","fecha":"2026-02-16 00:00:00","tipo_plaga":"mosca_domestica","tipo_insecto":"Volador","cantidad_organismos":"5","tipo_incidencia":"Captura","notas":"","inspector":"Juan Carlos L\u00f3pez ","id_trampa":"1752"}
INFO - 2026-02-17 10:31:17 --> Incidencia guardada con ID: 5892
INFO - 2026-02-17 10:31:17 --> Incidencia guardada y verificada: {"id":"5892","id_trampa":"1752","sede_id":"27","fecha":"2026-02-16 00:00:00","tipo_plaga":"mosca_domestica","tipo_insecto":"Volador","cantidad_organismos":"5","tipo_incidencia":"Captura","notas":"","inspector":"Juan Carlos L\u00f3pez ","plano_id":"108"}
DEBUG - 2026-02-17 10:31:17 --> Session: Class initialized using 'CodeIgniter\Session\Handlers\FileHandler' driver.
INFO - 2026-02-17 10:31:17 --> trampa_id recibido: 1750
INFO - 2026-02-17 10:31:17 --> tipo_plaga recibido: mosca_domestica
INFO - 2026-02-17 10:31:17 --> tipo_incidencia recibido: Captura
INFO - 2026-02-17 10:31:17 --> Datos de incidencia recibidos: {"id_trampa":"1750","tipo_plaga":"mosca_domestica","tipo_insecto":"Volador","cantidad_organismos":"1","tipo_incidencia":"Captura","zona":null,"notas":"","inspector":"Juan Carlos L\u00f3pez "}
INFO - 2026-02-17 10:31:17 --> Búsqueda por id_trampa: No encontrada
INFO - 2026-02-17 10:31:17 --> Búsqueda por id: Encontrada
INFO - 2026-02-17 10:31:17 --> ID de trampa encontrado: 1750, ID de sede: 27, ID de plano: 108
INFO - 2026-02-17 10:31:17 --> Valores antes de guardar: tipo_insecto=Volador, tipo_incidencia=Captura
INFO - 2026-02-17 10:31:17 --> Datos a insertar: {"sede_id":"27","plano_id":"108","fecha":"2026-02-16 00:00:00","tipo_plaga":"mosca_domestica","tipo_insecto":"Volador","cantidad_organismos":"1","tipo_incidencia":"Captura","notas":"","inspector":"Juan Carlos L\u00f3pez ","id_trampa":"1750"}
INFO - 2026-02-17 10:31:17 --> Incidencia guardada con ID: 5893
INFO - 2026-02-17 10:31:17 --> Incidencia guardada y verificada: {"id":"5893","id_trampa":"1750","sede_id":"27","fecha":"2026-02-16 00:00:00","tipo_plaga":"mosca_domestica","tipo_insecto":"Volador","cantidad_organismos":"1","tipo_incidencia":"Captura","notas":"","inspector":"Juan Carlos L\u00f3pez ","plano_id":"108"}
DEBUG - 2026-02-17 10:31:17 --> Session: Class initialized using 'CodeIgniter\Session\Handlers\FileHandler' driver.
INFO - 2026-02-17 10:31:17 --> trampa_id recibido: 1756
INFO - 2026-02-17 10:31:17 --> tipo_plaga recibido: mosca_forida
INFO - 2026-02-17 10:31:17 --> tipo_incidencia recibido: Captura
INFO - 2026-02-17 10:31:17 --> Datos de incidencia recibidos: {"id_trampa":"1756","tipo_plaga":"mosca_forida","tipo_insecto":"Volador","cantidad_organismos":"3","tipo_incidencia":"Captura","zona":null,"notas":"","inspector":"Juan Carlos L\u00f3pez "}
INFO - 2026-02-17 10:31:17 --> Búsqueda por id_trampa: No encontrada
INFO - 2026-02-17 10:31:17 --> Búsqueda por id: Encontrada
INFO - 2026-02-17 10:31:17 --> ID de trampa encontrado: 1756, ID de sede: 27, ID de plano: 108
INFO - 2026-02-17 10:31:17 --> Valores antes de guardar: tipo_insecto=Volador, tipo_incidencia=Captura
INFO - 2026-02-17 10:31:17 --> Datos a insertar: {"sede_id":"27","plano_id":"108","fecha":"2026-02-16 00:00:00","tipo_plaga":"mosca_forida","tipo_insecto":"Volador","cantidad_organismos":"3","tipo_incidencia":"Captura","notas":"","inspector":"Juan Carlos L\u00f3pez ","id_trampa":"1756"}
INFO - 2026-02-17 10:31:17 --> Incidencia guardada con ID: 5894
INFO - 2026-02-17 10:31:17 --> Incidencia guardada y verificada: {"id":"5894","id_trampa":"1756","sede_id":"27","fecha":"2026-02-16 00:00:00","tipo_plaga":"mosca_forida","tipo_insecto":"Volador","cantidad_organismos":"3","tipo_incidencia":"Captura","notas":"","inspector":"Juan Carlos L\u00f3pez ","plano_id":"108"}
DEBUG - 2026-02-17 10:31:17 --> Session: Class initialized using 'CodeIgniter\Session\Handlers\FileHandler' driver.
INFO - 2026-02-17 10:31:17 --> trampa_id recibido: 1760
INFO - 2026-02-17 10:31:17 --> tipo_plaga recibido: mosca_domestica
INFO - 2026-02-17 10:31:17 --> tipo_incidencia recibido: Captura
INFO - 2026-02-17 10:31:17 --> Datos de incidencia recibidos: {"id_trampa":"1760","tipo_plaga":"mosca_domestica","tipo_insecto":"Volador","cantidad_organismos":"8","tipo_incidencia":"Captura","zona":null,"notas":"","inspector":"Juan Carlos L\u00f3pez "}
INFO - 2026-02-17 10:31:17 --> Búsqueda por id_trampa: No encontrada
INFO - 2026-02-17 10:31:17 --> Búsqueda por id: Encontrada
INFO - 2026-02-17 10:31:17 --> ID de trampa encontrado: 1760, ID de sede: 27, ID de plano: 108
INFO - 2026-02-17 10:31:17 --> Valores antes de guardar: tipo_insecto=Volador, tipo_incidencia=Captura
INFO - 2026-02-17 10:31:17 --> Datos a insertar: {"sede_id":"27","plano_id":"108","fecha":"2026-02-16 00:00:00","tipo_plaga":"mosca_domestica","tipo_insecto":"Volador","cantidad_organismos":"8","tipo_incidencia":"Captura","notas":"","inspector":"Juan Carlos L\u00f3pez ","id_trampa":"1760"}
INFO - 2026-02-17 10:31:17 --> Incidencia guardada con ID: 5895
INFO - 2026-02-17 10:31:17 --> Incidencia guardada y verificada: {"id":"5895","id_trampa":"1760","sede_id":"27","fecha":"2026-02-16 00:00:00","tipo_plaga":"mosca_domestica","tipo_insecto":"Volador","cantidad_organismos":"8","tipo_incidencia":"Captura","notas":"","inspector":"Juan Carlos L\u00f3pez ","plano_id":"108"}
DEBUG - 2026-02-17 10:31:17 --> Session: Class initialized using 'CodeIgniter\Session\Handlers\FileHandler' driver.
INFO - 2026-02-17 10:31:17 --> trampa_id recibido: 1760
INFO - 2026-02-17 10:31:17 --> tipo_plaga recibido: mosca_forida
INFO - 2026-02-17 10:31:17 --> tipo_incidencia recibido: Captura
INFO - 2026-02-17 10:31:17 --> Datos de incidencia recibidos: {"id_trampa":"1760","tipo_plaga":"mosca_forida","tipo_insecto":"Volador","cantidad_organismos":"8","tipo_incidencia":"Captura","zona":null,"notas":"","inspector":"Juan Carlos L\u00f3pez "}
INFO - 2026-02-17 10:31:17 --> Búsqueda por id_trampa: No encontrada
INFO - 2026-02-17 10:31:17 --> Búsqueda por id: Encontrada
INFO - 2026-02-17 10:31:17 --> ID de trampa encontrado: 1760, ID de sede: 27, ID de plano: 108
INFO - 2026-02-17 10:31:17 --> Valores antes de guardar: tipo_insecto=Volador, tipo_incidencia=Captura
INFO - 2026-02-17 10:31:17 --> Datos a insertar: {"sede_id":"27","plano_id":"108","fecha":"2026-02-16 00:00:00","tipo_plaga":"mosca_forida","tipo_insecto":"Volador","cantidad_organismos":"8","tipo_incidencia":"Captura","notas":"","inspector":"Juan Carlos L\u00f3pez ","id_trampa":"1760"}
INFO - 2026-02-17 10:31:17 --> Incidencia guardada con ID: 5896
INFO - 2026-02-17 10:31:17 --> Incidencia guardada y verificada: {"id":"5896","id_trampa":"1760","sede_id":"27","fecha":"2026-02-16 00:00:00","tipo_plaga":"mosca_forida","tipo_insecto":"Volador","cantidad_organismos":"8","tipo_incidencia":"Captura","notas":"","inspector":"Juan Carlos L\u00f3pez ","plano_id":"108"}
DEBUG - 2026-02-17 10:31:17 --> Session: Class initialized using 'CodeIgniter\Session\Handlers\FileHandler' driver.
INFO - 2026-02-17 10:31:17 --> trampa_id recibido: 1761
INFO - 2026-02-17 10:31:17 --> tipo_plaga recibido: palomilla_almacen
INFO - 2026-02-17 10:31:17 --> tipo_incidencia recibido: Captura
INFO - 2026-02-17 10:31:17 --> Datos de incidencia recibidos: {"id_trampa":"1761","tipo_plaga":"palomilla_almacen","tipo_insecto":"Volador","cantidad_organismos":"1","tipo_incidencia":"Captura","zona":null,"notas":"","inspector":"Juan Carlos L\u00f3pez "}
INFO - 2026-02-17 10:31:17 --> Búsqueda por id_trampa: No encontrada
INFO - 2026-02-17 10:31:17 --> Búsqueda por id: Encontrada
INFO - 2026-02-17 10:31:17 --> ID de trampa encontrado: 1761, ID de sede: 27, ID de plano: 108
INFO - 2026-02-17 10:31:17 --> Valores antes de guardar: tipo_insecto=Volador, tipo_incidencia=Captura
INFO - 2026-02-17 10:31:17 --> Datos a insertar: {"sede_id":"27","plano_id":"108","fecha":"2026-02-16 00:00:00","tipo_plaga":"palomilla_almacen","tipo_insecto":"Volador","cantidad_organismos":"1","tipo_incidencia":"Captura","notas":"","inspector":"Juan Carlos L\u00f3pez ","id_trampa":"1761"}
INFO - 2026-02-17 10:31:17 --> Incidencia guardada con ID: 5897
INFO - 2026-02-17 10:31:17 --> Incidencia guardada y verificada: {"id":"5897","id_trampa":"1761","sede_id":"27","fecha":"2026-02-16 00:00:00","tipo_plaga":"palomilla_almacen","tipo_insecto":"Volador","cantidad_organismos":"1","tipo_incidencia":"Captura","notas":"","inspector":"Juan Carlos L\u00f3pez ","plano_id":"108"}
WARNING - 2026-02-17 10:32:18 --> [DEPRECATED] Passing lowercase HTTP method "get" is deprecated. Use uppercase HTTP method like "GET". in SYSTEMPATH/Router/RouteCollection.php on line 1026.
 1 SYSTEMPATH/Router/RouteCollection.php(1026): trigger_error('Passing lowercase HTTP method "get" is deprecated. Use uppercase HTTP method like "GET".', 16384)
 2 APPPATH/Config/Routes.php(135): CodeIgniter\Router\RouteCollection->match([...], 'locations/generarPDF', 'LocationsPdfController::generarPDF')
 3 SYSTEMPATH/Router/RouteCollection.php(339): require('/home/u976386866/domains/servipro.site/public_html/app/app/Config/Routes.php')
 4 SYSTEMPATH/CodeIgniter.php(821): CodeIgniter\Router\RouteCollection->loadRoutes()
 5 SYSTEMPATH/CodeIgniter.php(455): CodeIgniter\CodeIgniter->tryToRouteIt(null)
 6 SYSTEMPATH/CodeIgniter.php(354): CodeIgniter\CodeIgniter->handleRequest(null, Object(Config\Cache), false)
 7 SYSTEMPATH/Boot.php(334): CodeIgniter\CodeIgniter->run()
 8 SYSTEMPATH/Boot.php(67): CodeIgniter\Boot::runCodeIgniter(Object(CodeIgniter\CodeIgniter))
 9 FCPATH/index.php(56): CodeIgniter\Boot::bootWeb(Object(Config\Paths))
WARNING - 2026-02-17 10:32:18 --> [DEPRECATED] Passing lowercase HTTP method "post" is deprecated. Use uppercase HTTP method like "POST". in SYSTEMPATH/Router/RouteCollection.php on line 1026.
 1 SYSTEMPATH/Router/RouteCollection.php(1026): trigger_error('Passing lowercase HTTP method "post" is deprecated. Use uppercase HTTP method like "POST".', 16384)
 2 APPPATH/Config/Routes.php(135): CodeIgniter\Router\RouteCollection->match([...], 'locations/generarPDF', 'LocationsPdfController::generarPDF')
 3 SYSTEMPATH/Router/RouteCollection.php(339): require('/home/u976386866/domains/servipro.site/public_html/app/app/Config/Routes.php')
 4 SYSTEMPATH/CodeIgniter.php(821): CodeIgniter\Router\RouteCollection->loadRoutes()
 5 SYSTEMPATH/CodeIgniter.php(455): CodeIgniter\CodeIgniter->tryToRouteIt(null)
 6 SYSTEMPATH/CodeIgniter.php(354): CodeIgniter\CodeIgniter->handleRequest(null, Object(Config\Cache), false)
 7 SYSTEMPATH/Boot.php(334): CodeIgniter\CodeIgniter->run()
 8 SYSTEMPATH/Boot.php(67): CodeIgniter\Boot::runCodeIgniter(Object(CodeIgniter\CodeIgniter))
 9 FCPATH/index.php(56): CodeIgniter\Boot::bootWeb(Object(Config\Paths))
DEBUG - 2026-02-17 10:32:18 --> Session: Class initialized using 'CodeIgniter\Session\Handlers\FileHandler' driver.
DEBUG - 2026-02-17 10:32:18 --> Iniciando carga de sedes
DEBUG - 2026-02-17 10:32:18 --> Sedes cargadas: [{"id":"18","nombre":"Bimbo Azcapotzalco","direccion":"Av San Pablo Xalpa 520, San Martin Xochinahuac, Azcapotzalco, 02120 Ciudad de M\u00e9xico, CDMX","ciudad":"CDMC","pais":"M\u00e9xico","fecha_creacion":"2025-04-07 12:06:45","estatus":"1"},{"id":"21","nombre":"Bimbo Villahermosa","direccion":"Av. Cobre 105, Cd Industrial, 86010 Villahermosa, Tabasco","ciudad":"Villahermosa, Tabasco","pais":"M\u00e9xico","fecha_creacion":"2025-05-12 12:11:50","estatus":"1"},{"id":"22","nombre":"Totis Planta uno Botana","direccion":"Av. San Pablo Xalpa 520, San Mart\u00edn Xochinahuac, Azcapotzalco, 02120 Ciudad de M\u00e9xico, CDMX","ciudad":"CDMX","pais":"Mexico","fecha_creacion":"2025-05-28 09:41:53","estatus":"1"},{"id":"23","nombre":"BIMBO YUCAT\u00c1N","direccion":"CALLE 21, #426, INT 0, COL. CIUDAD INDUSTRIAL","ciudad":"M\u00c9RIDA","pais":"M\u00c9XICO","fecha_creacion":"2025-07-14 17:00:19","estatus":"1"},{"id":"24","nombre":"Bimbo Toluca","direccion":"Corredor Industrial, Mz 2, Lote E, Ex Rancho El Coecillo","ciudad":"Toluca","pais":"M\u00e9xico","fecha_creacion":"2025-07-28 13:39:14","estatus":"1"},{"id":"26","nombre":"Totis planta dos","direccion":"Eje oriente poniente no. 38, col. Ciudad industrial, CP 43800, Tizayuca, Hidalgo","ciudad":"Tizayuca","pais":"M\u00e9xico","fecha_creacion":"2025-10-27 16:30:54","estatus":"1"},{"id":"27","nombre":"Bimbo M\u00e9xico Santa Mar\u00eda ","direccion":"Mimosas 117, 118 Col. Santa Mar\u00eda Insurgentes Cuauht\u00e9moc CDMX ","ciudad":"CDMX","pais":"M\u00e9xico","fecha_creacion":"2025-11-02 10:48:40","estatus":"1"},{"id":"28","nombre":"HAZPAN-LONCHIBON","direccion":"EMILIANO ZAPATA 25, PQUE. IND. LERMA","ciudad":"TOLUCA","pais":"M\u00e9xico","fecha_creacion":"2025-11-27 11:43:59","estatus":"1"},{"id":"29","nombre":"Suandy Marinela Toluca","direccion":"Emiliano Zapata 25, Pque. Ind. Lerma","ciudad":"TOLUCA","pais":"M\u00e9xico","fecha_creacion":"2025-11-27 11:55:24","estatus":"1"},{"id":"30","nombre":"T\u00eda Rosa, Toluca ","direccion":"Benito Juarez Mz. 027","ciudad":"Sta. Ma. Totoltepec, Toluca","pais":"M\u00e9xico","fecha_creacion":"2025-11-27 11:56:59","estatus":"1"},{"id":"31","nombre":"Bimbo Norte","direccion":"Av. F\u00e9lix U. G\u00f3mez 4203, Coyoac\u00e1n, C.P. 64510","ciudad":"Monterrey N.L.","pais":"M\u00e9xico","fecha_creacion":"2025-11-28 15:45:37","estatus":"1"},{"id":"32","nombre":"PLANTA DE PRUEBA","direccion":"PRUEBAS","ciudad":"DCDS","pais":"MEXICO","fecha_creacion":"2025-12-07 18:59:44","estatus":"1"},{"id":"33","nombre":"BSL","direccion":"Eje 128 #135 manzana 3, zona industrial segunda secci\u00f3n ","ciudad":"San Luis Potos\u00ed","pais":"M\u00e9xico","fecha_creacion":"2025-12-08 21:23:56","estatus":"1"},{"id":"34","nombre":"Sanissimo Monterrey","direccion":"Manuel de la Pe\u00f1a y Pe\u00f1a #1020-5, Bella Vista","ciudad":"Monterrey N.L.","pais":"M\u00e9xico","fecha_creacion":"2025-12-08 21:28:12","estatus":"1"},{"id":"36","nombre":"Bimbo Yucat\u00e1n Prueba 2025","direccion":"Calle 21, Villas M\u00e9rida, C.P. 97288, M\u00e9rida Yucat\u00e1n","ciudad":"M\u00e9rida Yucat\u00e1n","pais":"Mexico","fecha_creacion":"2025-12-16 10:43:55","estatus":"1"},{"id":"37","nombre":"BIMBO YUCATAN","direccion":"CALLE 21 CD. INDUSTRIAL","ciudad":"MERIDA YUCATAN","pais":"MEXICO","fecha_creacion":"2025-12-16 17:13:12","estatus":"1"},{"id":"38","nombre":"Bimbo Pac\u00edfico","direccion":"Av. Luis Donaldo Colosio Murrieta, No. 18900","ciudad":"Mazatl\u00e1n","pais":"M\u00e9xico","fecha_creacion":"2025-12-17 11:28:47","estatus":"1"},{"id":"39","nombre":"Bimbo Golfo","direccion":"Km 441 Carretera M\u00e9xico - Veracruz V\u00eda Xalapa, Colonia Francisco Villa, Veracruz, Veracruz, C.P: 91960","ciudad":"Veracruz","pais":"M\u00e9xico","fecha_creacion":"2025-12-17 20:05:59","estatus":"1"},{"id":"40","nombre":"Bimbo Tijuana","direccion":"Av. de Todos los santos S\/N, Industrial Pac\u00edfico, 22643. Tijuana, Baja California.","ciudad":"Tijuana","pais":"M\u00e9xico","fecha_creacion":"2026-01-02 13:33:01","estatus":"1"},{"id":"41","nombre":"PLANTA PRUEBA N","direccion":"SERVIPRO MX","ciudad":"Ciudad de M\u00e9xico","pais":"M\u00e9xico","fecha_creacion":"2026-01-06 17:57:01","estatus":"1"}]
WARNING - 2026-02-17 10:32:23 --> [DEPRECATED] Passing lowercase HTTP method "get" is deprecated. Use uppercase HTTP method like "GET". in SYSTEMPATH/Router/RouteCollection.php on line 1026.
 1 SYSTEMPATH/Router/RouteCollection.php(1026): trigger_error('Passing lowercase HTTP method "get" is deprecated. Use uppercase HTTP method like "GET".', 16384)
 2 APPPATH/Config/Routes.php(135): CodeIgniter\Router\RouteCollection->match([...], 'locations/generarPDF', 'LocationsPdfController::generarPDF')
 3 SYSTEMPATH/Router/RouteCollection.php(339): require('/home/u976386866/domains/servipro.site/public_html/app/app/Config/Routes.php')
 4 SYSTEMPATH/CodeIgniter.php(821): CodeIgniter\Router\RouteCollection->loadRoutes()
 5 SYSTEMPATH/CodeIgniter.php(455): CodeIgniter\CodeIgniter->tryToRouteIt(null)
 6 SYSTEMPATH/CodeIgniter.php(354): CodeIgniter\CodeIgniter->handleRequest(null, Object(Config\Cache), false)
 7 SYSTEMPATH/Boot.php(334): CodeIgniter\CodeIgniter->run()
 8 SYSTEMPATH/Boot.php(67): CodeIgniter\Boot::runCodeIgniter(Object(CodeIgniter\CodeIgniter))
 9 FCPATH/index.php(56): CodeIgniter\Boot::bootWeb(Object(Config\Paths))
WARNING - 2026-02-17 10:32:23 --> [DEPRECATED] Passing lowercase HTTP method "post" is deprecated. Use uppercase HTTP method like "POST". in SYSTEMPATH/Router/RouteCollection.php on line 1026.
 1 SYSTEMPATH/Router/RouteCollection.php(1026): trigger_error('Passing lowercase HTTP method "post" is deprecated. Use uppercase HTTP method like "POST".', 16384)
 2 APPPATH/Config/Routes.php(135): CodeIgniter\Router\RouteCollection->match([...], 'locations/generarPDF', 'LocationsPdfController::generarPDF')
 3 SYSTEMPATH/Router/RouteCollection.php(339): require('/home/u976386866/domains/servipro.site/public_html/app/app/Config/Routes.php')
 4 SYSTEMPATH/CodeIgniter.php(821): CodeIgniter\Router\RouteCollection->loadRoutes()
 5 SYSTEMPATH/CodeIgniter.php(455): CodeIgniter\CodeIgniter->tryToRouteIt(null)
 6 SYSTEMPATH/CodeIgniter.php(354): CodeIgniter\CodeIgniter->handleRequest(null, Object(Config\Cache), false)
 7 SYSTEMPATH/Boot.php(334): CodeIgniter\CodeIgniter->run()
 8 SYSTEMPATH/Boot.php(67): CodeIgniter\Boot::runCodeIgniter(Object(CodeIgniter\CodeIgniter))
 9 FCPATH/index.php(56): CodeIgniter\Boot::bootWeb(Object(Config\Paths))
DEBUG - 2026-02-17 10:32:23 --> Session: Class initialized using 'CodeIgniter\Session\Handlers\FileHandler' driver.
DEBUG - 2026-02-17 10:32:23 --> Iniciando carga de sedes
DEBUG - 2026-02-17 10:32:23 --> Sedes cargadas: [{"id":"18","nombre":"Bimbo Azcapotzalco","direccion":"Av San Pablo Xalpa 520, San Martin Xochinahuac, Azcapotzalco, 02120 Ciudad de M\u00e9xico, CDMX","ciudad":"CDMC","pais":"M\u00e9xico","fecha_creacion":"2025-04-07 12:06:45","estatus":"1"},{"id":"21","nombre":"Bimbo Villahermosa","direccion":"Av. Cobre 105, Cd Industrial, 86010 Villahermosa, Tabasco","ciudad":"Villahermosa, Tabasco","pais":"M\u00e9xico","fecha_creacion":"2025-05-12 12:11:50","estatus":"1"},{"id":"22","nombre":"Totis Planta uno Botana","direccion":"Av. San Pablo Xalpa 520, San Mart\u00edn Xochinahuac, Azcapotzalco, 02120 Ciudad de M\u00e9xico, CDMX","ciudad":"CDMX","pais":"Mexico","fecha_creacion":"2025-05-28 09:41:53","estatus":"1"},{"id":"23","nombre":"BIMBO YUCAT\u00c1N","direccion":"CALLE 21, #426, INT 0, COL. CIUDAD INDUSTRIAL","ciudad":"M\u00c9RIDA","pais":"M\u00c9XICO","fecha_creacion":"2025-07-14 17:00:19","estatus":"1"},{"id":"24","nombre":"Bimbo Toluca","direccion":"Corredor Industrial, Mz 2, Lote E, Ex Rancho El Coecillo","ciudad":"Toluca","pais":"M\u00e9xico","fecha_creacion":"2025-07-28 13:39:14","estatus":"1"},{"id":"26","nombre":"Totis planta dos","direccion":"Eje oriente poniente no. 38, col. Ciudad industrial, CP 43800, Tizayuca, Hidalgo","ciudad":"Tizayuca","pais":"M\u00e9xico","fecha_creacion":"2025-10-27 16:30:54","estatus":"1"},{"id":"27","nombre":"Bimbo M\u00e9xico Santa Mar\u00eda ","direccion":"Mimosas 117, 118 Col. Santa Mar\u00eda Insurgentes Cuauht\u00e9moc CDMX ","ciudad":"CDMX","pais":"M\u00e9xico","fecha_creacion":"2025-11-02 10:48:40","estatus":"1"},{"id":"28","nombre":"HAZPAN-LONCHIBON","direccion":"EMILIANO ZAPATA 25, PQUE. IND. LERMA","ciudad":"TOLUCA","pais":"M\u00e9xico","fecha_creacion":"2025-11-27 11:43:59","estatus":"1"},{"id":"29","nombre":"Suandy Marinela Toluca","direccion":"Emiliano Zapata 25, Pque. Ind. Lerma","ciudad":"TOLUCA","pais":"M\u00e9xico","fecha_creacion":"2025-11-27 11:55:24","estatus":"1"},{"id":"30","nombre":"T\u00eda Rosa, Toluca ","direccion":"Benito Juarez Mz. 027","ciudad":"Sta. Ma. Totoltepec, Toluca","pais":"M\u00e9xico","fecha_creacion":"2025-11-27 11:56:59","estatus":"1"},{"id":"31","nombre":"Bimbo Norte","direccion":"Av. F\u00e9lix U. G\u00f3mez 4203, Coyoac\u00e1n, C.P. 64510","ciudad":"Monterrey N.L.","pais":"M\u00e9xico","fecha_creacion":"2025-11-28 15:45:37","estatus":"1"},{"id":"32","nombre":"PLANTA DE PRUEBA","direccion":"PRUEBAS","ciudad":"DCDS","pais":"MEXICO","fecha_creacion":"2025-12-07 18:59:44","estatus":"1"},{"id":"33","nombre":"BSL","direccion":"Eje 128 #135 manzana 3, zona industrial segunda secci\u00f3n ","ciudad":"San Luis Potos\u00ed","pais":"M\u00e9xico","fecha_creacion":"2025-12-08 21:23:56","estatus":"1"},{"id":"34","nombre":"Sanissimo Monterrey","direccion":"Manuel de la Pe\u00f1a y Pe\u00f1a #1020-5, Bella Vista","ciudad":"Monterrey N.L.","pais":"M\u00e9xico","fecha_creacion":"2025-12-08 21:28:12","estatus":"1"},{"id":"36","nombre":"Bimbo Yucat\u00e1n Prueba 2025","direccion":"Calle 21, Villas M\u00e9rida, C.P. 97288, M\u00e9rida Yucat\u00e1n","ciudad":"M\u00e9rida Yucat\u00e1n","pais":"Mexico","fecha_creacion":"2025-12-16 10:43:55","estatus":"1"},{"id":"37","nombre":"BIMBO YUCATAN","direccion":"CALLE 21 CD. INDUSTRIAL","ciudad":"MERIDA YUCATAN","pais":"MEXICO","fecha_creacion":"2025-12-16 17:13:12","estatus":"1"},{"id":"38","nombre":"Bimbo Pac\u00edfico","direccion":"Av. Luis Donaldo Colosio Murrieta, No. 18900","ciudad":"Mazatl\u00e1n","pais":"M\u00e9xico","fecha_creacion":"2025-12-17 11:28:47","estatus":"1"},{"id":"39","nombre":"Bimbo Golfo","direccion":"Km 441 Carretera M\u00e9xico - Veracruz V\u00eda Xalapa, Colonia Francisco Villa, Veracruz, Veracruz, C.P: 91960","ciudad":"Veracruz","pais":"M\u00e9xico","fecha_creacion":"2025-12-17 20:05:59","estatus":"1"},{"id":"40","nombre":"Bimbo Tijuana","direccion":"Av. de Todos los santos S\/N, Industrial Pac\u00edfico, 22643. Tijuana, Baja California.","ciudad":"Tijuana","pais":"M\u00e9xico","fecha_creacion":"2026-01-02 13:33:01","estatus":"1"},{"id":"41","nombre":"PLANTA PRUEBA N","direccion":"SERVIPRO MX","ciudad":"Ciudad de M\u00e9xico","pais":"M\u00e9xico","fecha_creacion":"2026-01-06 17:57:01","estatus":"1"}]
WARNING - 2026-02-17 10:32:24 --> [DEPRECATED] Passing lowercase HTTP method "get" is deprecated. Use uppercase HTTP method like "GET". in SYSTEMPATH/Router/RouteCollection.php on line 1026.
 1 SYSTEMPATH/Router/RouteCollection.php(1026): trigger_error('Passing lowercase HTTP method "get" is deprecated. Use uppercase HTTP method like "GET".', 16384)
 2 APPPATH/Config/Routes.php(135): CodeIgniter\Router\RouteCollection->match([...], 'locations/generarPDF', 'LocationsPdfController::generarPDF')
 3 SYSTEMPATH/Router/RouteCollection.php(339): require('/home/u976386866/domains/servipro.site/public_html/app/app/Config/Routes.php')
 4 SYSTEMPATH/CodeIgniter.php(821): CodeIgniter\Router\RouteCollection->loadRoutes()
 5 SYSTEMPATH/CodeIgniter.php(455): CodeIgniter\CodeIgniter->tryToRouteIt(null)
 6 SYSTEMPATH/CodeIgniter.php(354): CodeIgniter\CodeIgniter->handleRequest(null, Object(Config\Cache), false)
 7 SYSTEMPATH/Boot.php(334): CodeIgniter\CodeIgniter->run()
 8 SYSTEMPATH/Boot.php(67): CodeIgniter\Boot::runCodeIgniter(Object(CodeIgniter\CodeIgniter))
 9 FCPATH/index.php(56): CodeIgniter\Boot::bootWeb(Object(Config\Paths))
WARNING - 2026-02-17 10:32:24 --> [DEPRECATED] Passing lowercase HTTP method "post" is deprecated. Use uppercase HTTP method like "POST". in SYSTEMPATH/Router/RouteCollection.php on line 1026.
 1 SYSTEMPATH/Router/RouteCollection.php(1026): trigger_error('Passing lowercase HTTP method "post" is deprecated. Use uppercase HTTP method like "POST".', 16384)
 2 APPPATH/Config/Routes.php(135): CodeIgniter\Router\RouteCollection->match([...], 'locations/generarPDF', 'LocationsPdfController::generarPDF')
 3 SYSTEMPATH/Router/RouteCollection.php(339): require('/home/u976386866/domains/servipro.site/public_html/app/app/Config/Routes.php')
 4 SYSTEMPATH/CodeIgniter.php(821): CodeIgniter\Router\RouteCollection->loadRoutes()
 5 SYSTEMPATH/CodeIgniter.php(455): CodeIgniter\CodeIgniter->tryToRouteIt(null)
 6 SYSTEMPATH/CodeIgniter.php(354): CodeIgniter\CodeIgniter->handleRequest(null, Object(Config\Cache), false)
 7 SYSTEMPATH/Boot.php(334): CodeIgniter\CodeIgniter->run()
 8 SYSTEMPATH/Boot.php(67): CodeIgniter\Boot::runCodeIgniter(Object(CodeIgniter\CodeIgniter))
 9 FCPATH/index.php(56): CodeIgniter\Boot::bootWeb(Object(Config\Paths))
DEBUG - 2026-02-17 10:32:24 --> Session: Class initialized using 'CodeIgniter\Session\Handlers\FileHandler' driver.
WARNING - 2026-02-17 10:34:52 --> [DEPRECATED] Passing lowercase HTTP method "get" is deprecated. Use uppercase HTTP method like "GET". in SYSTEMPATH/Router/RouteCollection.php on line 1026.
 1 SYSTEMPATH/Router/RouteCollection.php(1026): trigger_error('Passing lowercase HTTP method "get" is deprecated. Use uppercase HTTP method like "GET".', 16384)
 2 APPPATH/Config/Routes.php(135): CodeIgniter\Router\RouteCollection->match([...], 'locations/generarPDF', 'LocationsPdfController::generarPDF')
 3 SYSTEMPATH/Router/RouteCollection.php(339): require('/home/u976386866/domains/servipro.site/public_html/app/app/Config/Routes.php')
 4 SYSTEMPATH/CodeIgniter.php(821): CodeIgniter\Router\RouteCollection->loadRoutes()
 5 SYSTEMPATH/CodeIgniter.php(455): CodeIgniter\CodeIgniter->tryToRouteIt(null)
 6 SYSTEMPATH/CodeIgniter.php(354): CodeIgniter\CodeIgniter->handleRequest(null, Object(Config\Cache), false)
 7 SYSTEMPATH/Boot.php(334): CodeIgniter\CodeIgniter->run()
 8 SYSTEMPATH/Boot.php(67): CodeIgniter\Boot::runCodeIgniter(Object(CodeIgniter\CodeIgniter))
 9 FCPATH/index.php(56): CodeIgniter\Boot::bootWeb(Object(Config\Paths))
WARNING - 2026-02-17 10:34:52 --> [DEPRECATED] Passing lowercase HTTP method "post" is deprecated. Use uppercase HTTP method like "POST". in SYSTEMPATH/Router/RouteCollection.php on line 1026.
 1 SYSTEMPATH/Router/RouteCollection.php(1026): trigger_error('Passing lowercase HTTP method "post" is deprecated. Use uppercase HTTP method like "POST".', 16384)
 2 APPPATH/Config/Routes.php(135): CodeIgniter\Router\RouteCollection->match([...], 'locations/generarPDF', 'LocationsPdfController::generarPDF')
 3 SYSTEMPATH/Router/RouteCollection.php(339): require('/home/u976386866/domains/servipro.site/public_html/app/app/Config/Routes.php')
 4 SYSTEMPATH/CodeIgniter.php(821): CodeIgniter\Router\RouteCollection->loadRoutes()
 5 SYSTEMPATH/CodeIgniter.php(455): CodeIgniter\CodeIgniter->tryToRouteIt(null)
 6 SYSTEMPATH/CodeIgniter.php(354): CodeIgniter\CodeIgniter->handleRequest(null, Object(Config\Cache), false)
 7 SYSTEMPATH/Boot.php(334): CodeIgniter\CodeIgniter->run()
 8 SYSTEMPATH/Boot.php(67): CodeIgniter\Boot::runCodeIgniter(Object(CodeIgniter\CodeIgniter))
 9 FCPATH/index.php(56): CodeIgniter\Boot::bootWeb(Object(Config\Paths))
DEBUG - 2026-02-17 10:34:52 --> Session: Class initialized using 'CodeIgniter\Session\Handlers\FileHandler' driver.
WARNING - 2026-02-17 10:34:53 --> [DEPRECATED] Passing lowercase HTTP method "get" is deprecated. Use uppercase HTTP method like "GET". in SYSTEMPATH/Router/RouteCollection.php on line 1026.
 1 SYSTEMPATH/Router/RouteCollection.php(1026): trigger_error('Passing lowercase HTTP method "get" is deprecated. Use uppercase HTTP method like "GET".', 16384)
 2 APPPATH/Config/Routes.php(135): CodeIgniter\Router\RouteCollection->match([...], 'locations/generarPDF', 'LocationsPdfController::generarPDF')
 3 SYSTEMPATH/Router/RouteCollection.php(339): require('/home/u976386866/domains/servipro.site/public_html/app/app/Config/Routes.php')
 4 SYSTEMPATH/CodeIgniter.php(821): CodeIgniter\Router\RouteCollection->loadRoutes()
 5 SYSTEMPATH/CodeIgniter.php(455): CodeIgniter\CodeIgniter->tryToRouteIt(null)
 6 SYSTEMPATH/CodeIgniter.php(354): CodeIgniter\CodeIgniter->handleRequest(null, Object(Config\Cache), false)
 7 SYSTEMPATH/Boot.php(334): CodeIgniter\CodeIgniter->run()
 8 SYSTEMPATH/Boot.php(67): CodeIgniter\Boot::runCodeIgniter(Object(CodeIgniter\CodeIgniter))
 9 FCPATH/index.php(56): CodeIgniter\Boot::bootWeb(Object(Config\Paths))
WARNING - 2026-02-17 10:34:53 --> [DEPRECATED] Passing lowercase HTTP method "post" is deprecated. Use uppercase HTTP method like "POST". in SYSTEMPATH/Router/RouteCollection.php on line 1026.
 1 SYSTEMPATH/Router/RouteCollection.php(1026): trigger_error('Passing lowercase HTTP method "post" is deprecated. Use uppercase HTTP method like "POST".', 16384)
 2 APPPATH/Config/Routes.php(135): CodeIgniter\Router\RouteCollection->match([...], 'locations/generarPDF', 'LocationsPdfController::generarPDF')
 3 SYSTEMPATH/Router/RouteCollection.php(339): require('/home/u976386866/domains/servipro.site/public_html/app/app/Config/Routes.php')
 4 SYSTEMPATH/CodeIgniter.php(821): CodeIgniter\Router\RouteCollection->loadRoutes()
 5 SYSTEMPATH/CodeIgniter.php(455): CodeIgniter\CodeIgniter->tryToRouteIt(null)
 6 SYSTEMPATH/CodeIgniter.php(354): CodeIgniter\CodeIgniter->handleRequest(null, Object(Config\Cache), false)
 7 SYSTEMPATH/Boot.php(334): CodeIgniter\CodeIgniter->run()
 8 SYSTEMPATH/Boot.php(67): CodeIgniter\Boot::runCodeIgniter(Object(CodeIgniter\CodeIgniter))
 9 FCPATH/index.php(56): CodeIgniter\Boot::bootWeb(Object(Config\Paths))
DEBUG - 2026-02-17 10:34:53 --> Session: Class initialized using 'CodeIgniter\Session\Handlers\FileHandler' driver.
WARNING - 2026-02-17 10:34:56 --> [DEPRECATED] Passing lowercase HTTP method "get" is deprecated. Use uppercase HTTP method like "GET". in SYSTEMPATH/Router/RouteCollection.php on line 1026.
 1 SYSTEMPATH/Router/RouteCollection.php(1026): trigger_error('Passing lowercase HTTP method "get" is deprecated. Use uppercase HTTP method like "GET".', 16384)
 2 APPPATH/Config/Routes.php(135): CodeIgniter\Router\RouteCollection->match([...], 'locations/generarPDF', 'LocationsPdfController::generarPDF')
 3 SYSTEMPATH/Router/RouteCollection.php(339): require('/home/u976386866/domains/servipro.site/public_html/app/app/Config/Routes.php')
 4 SYSTEMPATH/CodeIgniter.php(821): CodeIgniter\Router\RouteCollection->loadRoutes()
 5 SYSTEMPATH/CodeIgniter.php(455): CodeIgniter\CodeIgniter->tryToRouteIt(null)
 6 SYSTEMPATH/CodeIgniter.php(354): CodeIgniter\CodeIgniter->handleRequest(null, Object(Config\Cache), false)
 7 SYSTEMPATH/Boot.php(334): CodeIgniter\CodeIgniter->run()
 8 SYSTEMPATH/Boot.php(67): CodeIgniter\Boot::runCodeIgniter(Object(CodeIgniter\CodeIgniter))
 9 FCPATH/index.php(56): CodeIgniter\Boot::bootWeb(Object(Config\Paths))
WARNING - 2026-02-17 10:34:56 --> [DEPRECATED] Passing lowercase HTTP method "post" is deprecated. Use uppercase HTTP method like "POST". in SYSTEMPATH/Router/RouteCollection.php on line 1026.
 1 SYSTEMPATH/Router/RouteCollection.php(1026): trigger_error('Passing lowercase HTTP method "post" is deprecated. Use uppercase HTTP method like "POST".', 16384)
 2 APPPATH/Config/Routes.php(135): CodeIgniter\Router\RouteCollection->match([...], 'locations/generarPDF', 'LocationsPdfController::generarPDF')
 3 SYSTEMPATH/Router/RouteCollection.php(339): require('/home/u976386866/domains/servipro.site/public_html/app/app/Config/Routes.php')
 4 SYSTEMPATH/CodeIgniter.php(821): CodeIgniter\Router\RouteCollection->loadRoutes()
 5 SYSTEMPATH/CodeIgniter.php(455): CodeIgniter\CodeIgniter->tryToRouteIt(null)
 6 SYSTEMPATH/CodeIgniter.php(354): CodeIgniter\CodeIgniter->handleRequest(null, Object(Config\Cache), false)
 7 SYSTEMPATH/Boot.php(334): CodeIgniter\CodeIgniter->run()
 8 SYSTEMPATH/Boot.php(67): CodeIgniter\Boot::runCodeIgniter(Object(CodeIgniter\CodeIgniter))
 9 FCPATH/index.php(56): CodeIgniter\Boot::bootWeb(Object(Config\Paths))
DEBUG - 2026-02-17 10:34:56 --> Session: Class initialized using 'CodeIgniter\Session\Handlers\FileHandler' driver.
WARNING - 2026-02-17 10:34:58 --> [DEPRECATED] Passing lowercase HTTP method "get" is deprecated. Use uppercase HTTP method like "GET". in SYSTEMPATH/Router/RouteCollection.php on line 1026.
 1 SYSTEMPATH/Router/RouteCollection.php(1026): trigger_error('Passing lowercase HTTP method "get" is deprecated. Use uppercase HTTP method like "GET".', 16384)
 2 APPPATH/Config/Routes.php(135): CodeIgniter\Router\RouteCollection->match([...], 'locations/generarPDF', 'LocationsPdfController::generarPDF')
 3 SYSTEMPATH/Router/RouteCollection.php(339): require('/home/u976386866/domains/servipro.site/public_html/app/app/Config/Routes.php')
 4 SYSTEMPATH/CodeIgniter.php(821): CodeIgniter\Router\RouteCollection->loadRoutes()
 5 SYSTEMPATH/CodeIgniter.php(455): CodeIgniter\CodeIgniter->tryToRouteIt(null)
 6 SYSTEMPATH/CodeIgniter.php(354): CodeIgniter\CodeIgniter->handleRequest(null, Object(Config\Cache), false)
 7 SYSTEMPATH/Boot.php(334): CodeIgniter\CodeIgniter->run()
 8 SYSTEMPATH/Boot.php(67): CodeIgniter\Boot::runCodeIgniter(Object(CodeIgniter\CodeIgniter))
 9 FCPATH/index.php(56): CodeIgniter\Boot::bootWeb(Object(Config\Paths))
WARNING - 2026-02-17 10:34:58 --> [DEPRECATED] Passing lowercase HTTP method "post" is deprecated. Use uppercase HTTP method like "POST". in SYSTEMPATH/Router/RouteCollection.php on line 1026.
 1 SYSTEMPATH/Router/RouteCollection.php(1026): trigger_error('Passing lowercase HTTP method "post" is deprecated. Use uppercase HTTP method like "POST".', 16384)
 2 APPPATH/Config/Routes.php(135): CodeIgniter\Router\RouteCollection->match([...], 'locations/generarPDF', 'LocationsPdfController::generarPDF')
 3 SYSTEMPATH/Router/RouteCollection.php(339): require('/home/u976386866/domains/servipro.site/public_html/app/app/Config/Routes.php')
 4 SYSTEMPATH/CodeIgniter.php(821): CodeIgniter\Router\RouteCollection->loadRoutes()
 5 SYSTEMPATH/CodeIgniter.php(455): CodeIgniter\CodeIgniter->tryToRouteIt(null)
 6 SYSTEMPATH/CodeIgniter.php(354): CodeIgniter\CodeIgniter->handleRequest(null, Object(Config\Cache), false)
 7 SYSTEMPATH/Boot.php(334): CodeIgniter\CodeIgniter->run()
 8 SYSTEMPATH/Boot.php(67): CodeIgniter\Boot::runCodeIgniter(Object(CodeIgniter\CodeIgniter))
 9 FCPATH/index.php(56): CodeIgniter\Boot::bootWeb(Object(Config\Paths))
DEBUG - 2026-02-17 10:34:58 --> Session: Class initialized using 'CodeIgniter\Session\Handlers\FileHandler' driver.
WARNING - 2026-02-17 10:35:21 --> [DEPRECATED] Passing lowercase HTTP method "get" is deprecated. Use uppercase HTTP method like "GET". in SYSTEMPATH/Router/RouteCollection.php on line 1026.
 1 SYSTEMPATH/Router/RouteCollection.php(1026): trigger_error('Passing lowercase HTTP method "get" is deprecated. Use uppercase HTTP method like "GET".', 16384)
 2 APPPATH/Config/Routes.php(135): CodeIgniter\Router\RouteCollection->match([...], 'locations/generarPDF', 'LocationsPdfController::generarPDF')
 3 SYSTEMPATH/Router/RouteCollection.php(339): require('/home/u976386866/domains/servipro.site/public_html/app/app/Config/Routes.php')
 4 SYSTEMPATH/CodeIgniter.php(821): CodeIgniter\Router\RouteCollection->loadRoutes()
 5 SYSTEMPATH/CodeIgniter.php(455): CodeIgniter\CodeIgniter->tryToRouteIt(null)
 6 SYSTEMPATH/CodeIgniter.php(354): CodeIgniter\CodeIgniter->handleRequest(null, Object(Config\Cache), false)
 7 SYSTEMPATH/Boot.php(334): CodeIgniter\CodeIgniter->run()
 8 SYSTEMPATH/Boot.php(67): CodeIgniter\Boot::runCodeIgniter(Object(CodeIgniter\CodeIgniter))
 9 FCPATH/index.php(56): CodeIgniter\Boot::bootWeb(Object(Config\Paths))
WARNING - 2026-02-17 10:35:21 --> [DEPRECATED] Passing lowercase HTTP method "post" is deprecated. Use uppercase HTTP method like "POST". in SYSTEMPATH/Router/RouteCollection.php on line 1026.
 1 SYSTEMPATH/Router/RouteCollection.php(1026): trigger_error('Passing lowercase HTTP method "post" is deprecated. Use uppercase HTTP method like "POST".', 16384)
 2 APPPATH/Config/Routes.php(135): CodeIgniter\Router\RouteCollection->match([...], 'locations/generarPDF', 'LocationsPdfController::generarPDF')
 3 SYSTEMPATH/Router/RouteCollection.php(339): require('/home/u976386866/domains/servipro.site/public_html/app/app/Config/Routes.php')
 4 SYSTEMPATH/CodeIgniter.php(821): CodeIgniter\Router\RouteCollection->loadRoutes()
 5 SYSTEMPATH/CodeIgniter.php(455): CodeIgniter\CodeIgniter->tryToRouteIt(null)
 6 SYSTEMPATH/CodeIgniter.php(354): CodeIgniter\CodeIgniter->handleRequest(null, Object(Config\Cache), false)
 7 SYSTEMPATH/Boot.php(334): CodeIgniter\CodeIgniter->run()
 8 SYSTEMPATH/Boot.php(67): CodeIgniter\Boot::runCodeIgniter(Object(CodeIgniter\CodeIgniter))
 9 FCPATH/index.php(56): CodeIgniter\Boot::bootWeb(Object(Config\Paths))
DEBUG - 2026-02-17 10:35:21 --> Session: Class initialized using 'CodeIgniter\Session\Handlers\FileHandler' driver.
INFO - 2026-02-17 10:35:21 --> Incidencia actualizada con ID: 5864
WARNING - 2026-02-17 10:35:22 --> [DEPRECATED] Passing lowercase HTTP method "get" is deprecated. Use uppercase HTTP method like "GET". in SYSTEMPATH/Router/RouteCollection.php on line 1026.
 1 SYSTEMPATH/Router/RouteCollection.php(1026): trigger_error('Passing lowercase HTTP method "get" is deprecated. Use uppercase HTTP method like "GET".', 16384)
 2 APPPATH/Config/Routes.php(135): CodeIgniter\Router\RouteCollection->match([...], 'locations/generarPDF', 'LocationsPdfController::generarPDF')
 3 SYSTEMPATH/Router/RouteCollection.php(339): require('/home/u976386866/domains/servipro.site/public_html/app/app/Config/Routes.php')
 4 SYSTEMPATH/CodeIgniter.php(821): CodeIgniter\Router\RouteCollection->loadRoutes()
 5 SYSTEMPATH/CodeIgniter.php(455): CodeIgniter\CodeIgniter->tryToRouteIt(null)
 6 SYSTEMPATH/CodeIgniter.php(354): CodeIgniter\CodeIgniter->handleRequest(null, Object(Config\Cache), false)
 7 SYSTEMPATH/Boot.php(334): CodeIgniter\CodeIgniter->run()
 8 SYSTEMPATH/Boot.php(67): CodeIgniter\Boot::runCodeIgniter(Object(CodeIgniter\CodeIgniter))
 9 FCPATH/index.php(56): CodeIgniter\Boot::bootWeb(Object(Config\Paths))
WARNING - 2026-02-17 10:35:22 --> [DEPRECATED] Passing lowercase HTTP method "post" is deprecated. Use uppercase HTTP method like "POST". in SYSTEMPATH/Router/RouteCollection.php on line 1026.
 1 SYSTEMPATH/Router/RouteCollection.php(1026): trigger_error('Passing lowercase HTTP method "post" is deprecated. Use uppercase HTTP method like "POST".', 16384)
 2 APPPATH/Config/Routes.php(135): CodeIgniter\Router\RouteCollection->match([...], 'locations/generarPDF', 'LocationsPdfController::generarPDF')
 3 SYSTEMPATH/Router/RouteCollection.php(339): require('/home/u976386866/domains/servipro.site/public_html/app/app/Config/Routes.php')
 4 SYSTEMPATH/CodeIgniter.php(821): CodeIgniter\Router\RouteCollection->loadRoutes()
 5 SYSTEMPATH/CodeIgniter.php(455): CodeIgniter\CodeIgniter->tryToRouteIt(null)
 6 SYSTEMPATH/CodeIgniter.php(354): CodeIgniter\CodeIgniter->handleRequest(null, Object(Config\Cache), false)
 7 SYSTEMPATH/Boot.php(334): CodeIgniter\CodeIgniter->run()
 8 SYSTEMPATH/Boot.php(67): CodeIgniter\Boot::runCodeIgniter(Object(CodeIgniter\CodeIgniter))
 9 FCPATH/index.php(56): CodeIgniter\Boot::bootWeb(Object(Config\Paths))
DEBUG - 2026-02-17 10:35:22 --> Session: Class initialized using 'CodeIgniter\Session\Handlers\FileHandler' driver.
WARNING - 2026-02-17 10:35:41 --> [DEPRECATED] Passing lowercase HTTP method "get" is deprecated. Use uppercase HTTP method like "GET". in SYSTEMPATH/Router/RouteCollection.php on line 1026.
 1 SYSTEMPATH/Router/RouteCollection.php(1026): trigger_error('Passing lowercase HTTP method "get" is deprecated. Use uppercase HTTP method like "GET".', 16384)
 2 APPPATH/Config/Routes.php(135): CodeIgniter\Router\RouteCollection->match([...], 'locations/generarPDF', 'LocationsPdfController::generarPDF')
 3 SYSTEMPATH/Router/RouteCollection.php(339): require('/home/u976386866/domains/servipro.site/public_html/app/app/Config/Routes.php')
 4 SYSTEMPATH/CodeIgniter.php(821): CodeIgniter\Router\RouteCollection->loadRoutes()
 5 SYSTEMPATH/CodeIgniter.php(455): CodeIgniter\CodeIgniter->tryToRouteIt(null)
 6 SYSTEMPATH/CodeIgniter.php(354): CodeIgniter\CodeIgniter->handleRequest(null, Object(Config\Cache), false)
 7 SYSTEMPATH/Boot.php(334): CodeIgniter\CodeIgniter->run()
 8 SYSTEMPATH/Boot.php(67): CodeIgniter\Boot::runCodeIgniter(Object(CodeIgniter\CodeIgniter))
 9 FCPATH/index.php(56): CodeIgniter\Boot::bootWeb(Object(Config\Paths))
WARNING - 2026-02-17 10:35:41 --> [DEPRECATED] Passing lowercase HTTP method "post" is deprecated. Use uppercase HTTP method like "POST". in SYSTEMPATH/Router/RouteCollection.php on line 1026.
 1 SYSTEMPATH/Router/RouteCollection.php(1026): trigger_error('Passing lowercase HTTP method "post" is deprecated. Use uppercase HTTP method like "POST".', 16384)
 2 APPPATH/Config/Routes.php(135): CodeIgniter\Router\RouteCollection->match([...], 'locations/generarPDF', 'LocationsPdfController::generarPDF')
 3 SYSTEMPATH/Router/RouteCollection.php(339): require('/home/u976386866/domains/servipro.site/public_html/app/app/Config/Routes.php')
 4 SYSTEMPATH/CodeIgniter.php(821): CodeIgniter\Router\RouteCollection->loadRoutes()
 5 SYSTEMPATH/CodeIgniter.php(455): CodeIgniter\CodeIgniter->tryToRouteIt(null)
 6 SYSTEMPATH/CodeIgniter.php(354): CodeIgniter\CodeIgniter->handleRequest(null, Object(Config\Cache), false)
 7 SYSTEMPATH/Boot.php(334): CodeIgniter\CodeIgniter->run()
 8 SYSTEMPATH/Boot.php(67): CodeIgniter\Boot::runCodeIgniter(Object(CodeIgniter\CodeIgniter))
 9 FCPATH/index.php(56): CodeIgniter\Boot::bootWeb(Object(Config\Paths))
DEBUG - 2026-02-17 10:35:41 --> Session: Class initialized using 'CodeIgniter\Session\Handlers\FileHandler' driver.
INFO - 2026-02-17 10:35:41 --> Incidencia actualizada con ID: 5897
WARNING - 2026-02-17 10:35:42 --> [DEPRECATED] Passing lowercase HTTP method "get" is deprecated. Use uppercase HTTP method like "GET". in SYSTEMPATH/Router/RouteCollection.php on line 1026.
 1 SYSTEMPATH/Router/RouteCollection.php(1026): trigger_error('Passing lowercase HTTP method "get" is deprecated. Use uppercase HTTP method like "GET".', 16384)
 2 APPPATH/Config/Routes.php(135): CodeIgniter\Router\RouteCollection->match([...], 'locations/generarPDF', 'LocationsPdfController::generarPDF')
 3 SYSTEMPATH/Router/RouteCollection.php(339): require('/home/u976386866/domains/servipro.site/public_html/app/app/Config/Routes.php')
 4 SYSTEMPATH/CodeIgniter.php(821): CodeIgniter\Router\RouteCollection->loadRoutes()
 5 SYSTEMPATH/CodeIgniter.php(455): CodeIgniter\CodeIgniter->tryToRouteIt(null)
 6 SYSTEMPATH/CodeIgniter.php(354): CodeIgniter\CodeIgniter->handleRequest(null, Object(Config\Cache), false)
 7 SYSTEMPATH/Boot.php(334): CodeIgniter\CodeIgniter->run()
 8 SYSTEMPATH/Boot.php(67): CodeIgniter\Boot::runCodeIgniter(Object(CodeIgniter\CodeIgniter))
 9 FCPATH/index.php(56): CodeIgniter\Boot::bootWeb(Object(Config\Paths))
WARNING - 2026-02-17 10:35:42 --> [DEPRECATED] Passing lowercase HTTP method "post" is deprecated. Use uppercase HTTP method like "POST". in SYSTEMPATH/Router/RouteCollection.php on line 1026.
 1 SYSTEMPATH/Router/RouteCollection.php(1026): trigger_error('Passing lowercase HTTP method "post" is deprecated. Use uppercase HTTP method like "POST".', 16384)
 2 APPPATH/Config/Routes.php(135): CodeIgniter\Router\RouteCollection->match([...], 'locations/generarPDF', 'LocationsPdfController::generarPDF')
 3 SYSTEMPATH/Router/RouteCollection.php(339): require('/home/u976386866/domains/servipro.site/public_html/app/app/Config/Routes.php')
 4 SYSTEMPATH/CodeIgniter.php(821): CodeIgniter\Router\RouteCollection->loadRoutes()
 5 SYSTEMPATH/CodeIgniter.php(455): CodeIgniter\CodeIgniter->tryToRouteIt(null)
 6 SYSTEMPATH/CodeIgniter.php(354): CodeIgniter\CodeIgniter->handleRequest(null, Object(Config\Cache), false)
 7 SYSTEMPATH/Boot.php(334): CodeIgniter\CodeIgniter->run()
 8 SYSTEMPATH/Boot.php(67): CodeIgniter\Boot::runCodeIgniter(Object(CodeIgniter\CodeIgniter))
 9 FCPATH/index.php(56): CodeIgniter\Boot::bootWeb(Object(Config\Paths))
DEBUG - 2026-02-17 10:35:42 --> Session: Class initialized using 'CodeIgniter\Session\Handlers\FileHandler' driver.
WARNING - 2026-02-17 10:36:53 --> [DEPRECATED] Passing lowercase HTTP method "get" is deprecated. Use uppercase HTTP method like "GET". in SYSTEMPATH/Router/RouteCollection.php on line 1026.
 1 SYSTEMPATH/Router/RouteCollection.php(1026): trigger_error('Passing lowercase HTTP method "get" is deprecated. Use uppercase HTTP method like "GET".', 16384)
 2 APPPATH/Config/Routes.php(135): CodeIgniter\Router\RouteCollection->match([...], 'locations/generarPDF', 'LocationsPdfController::generarPDF')
 3 SYSTEMPATH/Router/RouteCollection.php(339): require('/home/u976386866/domains/servipro.site/public_html/app/app/Config/Routes.php')
 4 SYSTEMPATH/CodeIgniter.php(821): CodeIgniter\Router\RouteCollection->loadRoutes()
 5 SYSTEMPATH/CodeIgniter.php(455): CodeIgniter\CodeIgniter->tryToRouteIt(null)
 6 SYSTEMPATH/CodeIgniter.php(354): CodeIgniter\CodeIgniter->handleRequest(null, Object(Config\Cache), false)
 7 SYSTEMPATH/Boot.php(334): CodeIgniter\CodeIgniter->run()
 8 SYSTEMPATH/Boot.php(67): CodeIgniter\Boot::runCodeIgniter(Object(CodeIgniter\CodeIgniter))
 9 FCPATH/index.php(56): CodeIgniter\Boot::bootWeb(Object(Config\Paths))
WARNING - 2026-02-17 10:36:53 --> [DEPRECATED] Passing lowercase HTTP method "post" is deprecated. Use uppercase HTTP method like "POST". in SYSTEMPATH/Router/RouteCollection.php on line 1026.
 1 SYSTEMPATH/Router/RouteCollection.php(1026): trigger_error('Passing lowercase HTTP method "post" is deprecated. Use uppercase HTTP method like "POST".', 16384)
 2 APPPATH/Config/Routes.php(135): CodeIgniter\Router\RouteCollection->match([...], 'locations/generarPDF', 'LocationsPdfController::generarPDF')
 3 SYSTEMPATH/Router/RouteCollection.php(339): require('/home/u976386866/domains/servipro.site/public_html/app/app/Config/Routes.php')
 4 SYSTEMPATH/CodeIgniter.php(821): CodeIgniter\Router\RouteCollection->loadRoutes()
 5 SYSTEMPATH/CodeIgniter.php(455): CodeIgniter\CodeIgniter->tryToRouteIt(null)
 6 SYSTEMPATH/CodeIgniter.php(354): CodeIgniter\CodeIgniter->handleRequest(null, Object(Config\Cache), false)
 7 SYSTEMPATH/Boot.php(334): CodeIgniter\CodeIgniter->run()
 8 SYSTEMPATH/Boot.php(67): CodeIgniter\Boot::runCodeIgniter(Object(CodeIgniter\CodeIgniter))
 9 FCPATH/index.php(56): CodeIgniter\Boot::bootWeb(Object(Config\Paths))
DEBUG - 2026-02-17 10:36:53 --> Session: Class initialized using 'CodeIgniter\Session\Handlers\FileHandler' driver.
WARNING - 2026-02-17 10:37:01 --> [DEPRECATED] Passing lowercase HTTP method "get" is deprecated. Use uppercase HTTP method like "GET". in SYSTEMPATH/Router/RouteCollection.php on line 1026.
 1 SYSTEMPATH/Router/RouteCollection.php(1026): trigger_error('Passing lowercase HTTP method "get" is deprecated. Use uppercase HTTP method like "GET".', 16384)
 2 APPPATH/Config/Routes.php(135): CodeIgniter\Router\RouteCollection->match([...], 'locations/generarPDF', 'LocationsPdfController::generarPDF')
 3 SYSTEMPATH/Router/RouteCollection.php(339): require('/home/u976386866/domains/servipro.site/public_html/app/app/Config/Routes.php')
 4 SYSTEMPATH/CodeIgniter.php(821): CodeIgniter\Router\RouteCollection->loadRoutes()
 5 SYSTEMPATH/CodeIgniter.php(455): CodeIgniter\CodeIgniter->tryToRouteIt(null)
 6 SYSTEMPATH/CodeIgniter.php(354): CodeIgniter\CodeIgniter->handleRequest(null, Object(Config\Cache), false)
 7 SYSTEMPATH/Boot.php(334): CodeIgniter\CodeIgniter->run()
 8 SYSTEMPATH/Boot.php(67): CodeIgniter\Boot::runCodeIgniter(Object(CodeIgniter\CodeIgniter))
 9 FCPATH/index.php(56): CodeIgniter\Boot::bootWeb(Object(Config\Paths))
WARNING - 2026-02-17 10:37:01 --> [DEPRECATED] Passing lowercase HTTP method "post" is deprecated. Use uppercase HTTP method like "POST". in SYSTEMPATH/Router/RouteCollection.php on line 1026.
 1 SYSTEMPATH/Router/RouteCollection.php(1026): trigger_error('Passing lowercase HTTP method "post" is deprecated. Use uppercase HTTP method like "POST".', 16384)
 2 APPPATH/Config/Routes.php(135): CodeIgniter\Router\RouteCollection->match([...], 'locations/generarPDF', 'LocationsPdfController::generarPDF')
 3 SYSTEMPATH/Router/RouteCollection.php(339): require('/home/u976386866/domains/servipro.site/public_html/app/app/Config/Routes.php')
 4 SYSTEMPATH/CodeIgniter.php(821): CodeIgniter\Router\RouteCollection->loadRoutes()
 5 SYSTEMPATH/CodeIgniter.php(455): CodeIgniter\CodeIgniter->tryToRouteIt(null)
 6 SYSTEMPATH/CodeIgniter.php(354): CodeIgniter\CodeIgniter->handleRequest(null, Object(Config\Cache), false)
 7 SYSTEMPATH/Boot.php(334): CodeIgniter\CodeIgniter->run()
 8 SYSTEMPATH/Boot.php(67): CodeIgniter\Boot::runCodeIgniter(Object(CodeIgniter\CodeIgniter))
 9 FCPATH/index.php(56): CodeIgniter\Boot::bootWeb(Object(Config\Paths))
DEBUG - 2026-02-17 10:37:01 --> Session: Class initialized using 'CodeIgniter\Session\Handlers\FileHandler' driver.
WARNING - 2026-02-17 10:37:06 --> [DEPRECATED] Passing lowercase HTTP method "get" is deprecated. Use uppercase HTTP method like "GET". in SYSTEMPATH/Router/RouteCollection.php on line 1026.
 1 SYSTEMPATH/Router/RouteCollection.php(1026): trigger_error('Passing lowercase HTTP method "get" is deprecated. Use uppercase HTTP method like "GET".', 16384)
 2 APPPATH/Config/Routes.php(135): CodeIgniter\Router\RouteCollection->match([...], 'locations/generarPDF', 'LocationsPdfController::generarPDF')
 3 SYSTEMPATH/Router/RouteCollection.php(339): require('/home/u976386866/domains/servipro.site/public_html/app/app/Config/Routes.php')
 4 SYSTEMPATH/CodeIgniter.php(821): CodeIgniter\Router\RouteCollection->loadRoutes()
 5 SYSTEMPATH/CodeIgniter.php(455): CodeIgniter\CodeIgniter->tryToRouteIt(null)
 6 SYSTEMPATH/CodeIgniter.php(354): CodeIgniter\CodeIgniter->handleRequest(null, Object(Config\Cache), false)
 7 SYSTEMPATH/Boot.php(334): CodeIgniter\CodeIgniter->run()
 8 SYSTEMPATH/Boot.php(67): CodeIgniter\Boot::runCodeIgniter(Object(CodeIgniter\CodeIgniter))
 9 FCPATH/index.php(56): CodeIgniter\Boot::bootWeb(Object(Config\Paths))
WARNING - 2026-02-17 10:37:06 --> [DEPRECATED] Passing lowercase HTTP method "post" is deprecated. Use uppercase HTTP method like "POST". in SYSTEMPATH/Router/RouteCollection.php on line 1026.
 1 SYSTEMPATH/Router/RouteCollection.php(1026): trigger_error('Passing lowercase HTTP method "post" is deprecated. Use uppercase HTTP method like "POST".', 16384)
 2 APPPATH/Config/Routes.php(135): CodeIgniter\Router\RouteCollection->match([...], 'locations/generarPDF', 'LocationsPdfController::generarPDF')
 3 SYSTEMPATH/Router/RouteCollection.php(339): require('/home/u976386866/domains/servipro.site/public_html/app/app/Config/Routes.php')
 4 SYSTEMPATH/CodeIgniter.php(821): CodeIgniter\Router\RouteCollection->loadRoutes()
 5 SYSTEMPATH/CodeIgniter.php(455): CodeIgniter\CodeIgniter->tryToRouteIt(null)
 6 SYSTEMPATH/CodeIgniter.php(354): CodeIgniter\CodeIgniter->handleRequest(null, Object(Config\Cache), false)
 7 SYSTEMPATH/Boot.php(334): CodeIgniter\CodeIgniter->run()
 8 SYSTEMPATH/Boot.php(67): CodeIgniter\Boot::runCodeIgniter(Object(CodeIgniter\CodeIgniter))
 9 FCPATH/index.php(56): CodeIgniter\Boot::bootWeb(Object(Config\Paths))
DEBUG - 2026-02-17 10:37:06 --> Session: Class initialized using 'CodeIgniter\Session\Handlers\FileHandler' driver.
WARNING - 2026-02-17 10:37:08 --> [DEPRECATED] Passing lowercase HTTP method "get" is deprecated. Use uppercase HTTP method like "GET". in SYSTEMPATH/Router/RouteCollection.php on line 1026.
 1 SYSTEMPATH/Router/RouteCollection.php(1026): trigger_error('Passing lowercase HTTP method "get" is deprecated. Use uppercase HTTP method like "GET".', 16384)
 2 APPPATH/Config/Routes.php(135): CodeIgniter\Router\RouteCollection->match([...], 'locations/generarPDF', 'LocationsPdfController::generarPDF')
 3 SYSTEMPATH/Router/RouteCollection.php(339): require('/home/u976386866/domains/servipro.site/public_html/app/app/Config/Routes.php')
 4 SYSTEMPATH/CodeIgniter.php(821): CodeIgniter\Router\RouteCollection->loadRoutes()
 5 SYSTEMPATH/CodeIgniter.php(455): CodeIgniter\CodeIgniter->tryToRouteIt(null)
 6 SYSTEMPATH/CodeIgniter.php(354): CodeIgniter\CodeIgniter->handleRequest(null, Object(Config\Cache), false)
 7 SYSTEMPATH/Boot.php(334): CodeIgniter\CodeIgniter->run()
 8 SYSTEMPATH/Boot.php(67): CodeIgniter\Boot::runCodeIgniter(Object(CodeIgniter\CodeIgniter))
 9 FCPATH/index.php(56): CodeIgniter\Boot::bootWeb(Object(Config\Paths))
WARNING - 2026-02-17 10:37:08 --> [DEPRECATED] Passing lowercase HTTP method "post" is deprecated. Use uppercase HTTP method like "POST". in SYSTEMPATH/Router/RouteCollection.php on line 1026.
 1 SYSTEMPATH/Router/RouteCollection.php(1026): trigger_error('Passing lowercase HTTP method "post" is deprecated. Use uppercase HTTP method like "POST".', 16384)
 2 APPPATH/Config/Routes.php(135): CodeIgniter\Router\RouteCollection->match([...], 'locations/generarPDF', 'LocationsPdfController::generarPDF')
 3 SYSTEMPATH/Router/RouteCollection.php(339): require('/home/u976386866/domains/servipro.site/public_html/app/app/Config/Routes.php')
 4 SYSTEMPATH/CodeIgniter.php(821): CodeIgniter\Router\RouteCollection->loadRoutes()
 5 SYSTEMPATH/CodeIgniter.php(455): CodeIgniter\CodeIgniter->tryToRouteIt(null)
 6 SYSTEMPATH/CodeIgniter.php(354): CodeIgniter\CodeIgniter->handleRequest(null, Object(Config\Cache), false)
 7 SYSTEMPATH/Boot.php(334): CodeIgniter\CodeIgniter->run()
 8 SYSTEMPATH/Boot.php(67): CodeIgniter\Boot::runCodeIgniter(Object(CodeIgniter\CodeIgniter))
 9 FCPATH/index.php(56): CodeIgniter\Boot::bootWeb(Object(Config\Paths))
DEBUG - 2026-02-17 10:37:08 --> Session: Class initialized using 'CodeIgniter\Session\Handlers\FileHandler' driver.
WARNING - 2026-02-17 10:37:09 --> [DEPRECATED] Passing lowercase HTTP method "get" is deprecated. Use uppercase HTTP method like "GET". in SYSTEMPATH/Router/RouteCollection.php on line 1026.
 1 SYSTEMPATH/Router/RouteCollection.php(1026): trigger_error('Passing lowercase HTTP method "get" is deprecated. Use uppercase HTTP method like "GET".', 16384)
 2 APPPATH/Config/Routes.php(135): CodeIgniter\Router\RouteCollection->match([...], 'locations/generarPDF', 'LocationsPdfController::generarPDF')
 3 SYSTEMPATH/Router/RouteCollection.php(339): require('/home/u976386866/domains/servipro.site/public_html/app/app/Config/Routes.php')
 4 SYSTEMPATH/CodeIgniter.php(821): CodeIgniter\Router\RouteCollection->loadRoutes()
 5 SYSTEMPATH/CodeIgniter.php(455): CodeIgniter\CodeIgniter->tryToRouteIt(null)
 6 SYSTEMPATH/CodeIgniter.php(354): CodeIgniter\CodeIgniter->handleRequest(null, Object(Config\Cache), false)
 7 SYSTEMPATH/Boot.php(334): CodeIgniter\CodeIgniter->run()
 8 SYSTEMPATH/Boot.php(67): CodeIgniter\Boot::runCodeIgniter(Object(CodeIgniter\CodeIgniter))
 9 FCPATH/index.php(56): CodeIgniter\Boot::bootWeb(Object(Config\Paths))
WARNING - 2026-02-17 10:37:09 --> [DEPRECATED] Passing lowercase HTTP method "post" is deprecated. Use uppercase HTTP method like "POST". in SYSTEMPATH/Router/RouteCollection.php on line 1026.
 1 SYSTEMPATH/Router/RouteCollection.php(1026): trigger_error('Passing lowercase HTTP method "post" is deprecated. Use uppercase HTTP method like "POST".', 16384)
 2 APPPATH/Config/Routes.php(135): CodeIgniter\Router\RouteCollection->match([...], 'locations/generarPDF', 'LocationsPdfController::generarPDF')
 3 SYSTEMPATH/Router/RouteCollection.php(339): require('/home/u976386866/domains/servipro.site/public_html/app/app/Config/Routes.php')
 4 SYSTEMPATH/CodeIgniter.php(821): CodeIgniter\Router\RouteCollection->loadRoutes()
 5 SYSTEMPATH/CodeIgniter.php(455): CodeIgniter\CodeIgniter->tryToRouteIt(null)
 6 SYSTEMPATH/CodeIgniter.php(354): CodeIgniter\CodeIgniter->handleRequest(null, Object(Config\Cache), false)
 7 SYSTEMPATH/Boot.php(334): CodeIgniter\CodeIgniter->run()
 8 SYSTEMPATH/Boot.php(67): CodeIgniter\Boot::runCodeIgniter(Object(CodeIgniter\CodeIgniter))
 9 FCPATH/index.php(56): CodeIgniter\Boot::bootWeb(Object(Config\Paths))
DEBUG - 2026-02-17 10:37:09 --> Session: Class initialized using 'CodeIgniter\Session\Handlers\FileHandler' driver.
WARNING - 2026-02-17 10:37:11 --> [DEPRECATED] Passing lowercase HTTP method "get" is deprecated. Use uppercase HTTP method like "GET". in SYSTEMPATH/Router/RouteCollection.php on line 1026.
 1 SYSTEMPATH/Router/RouteCollection.php(1026): trigger_error('Passing lowercase HTTP method "get" is deprecated. Use uppercase HTTP method like "GET".', 16384)
 2 APPPATH/Config/Routes.php(135): CodeIgniter\Router\RouteCollection->match([...], 'locations/generarPDF', 'LocationsPdfController::generarPDF')
 3 SYSTEMPATH/Router/RouteCollection.php(339): require('/home/u976386866/domains/servipro.site/public_html/app/app/Config/Routes.php')
 4 SYSTEMPATH/CodeIgniter.php(821): CodeIgniter\Router\RouteCollection->loadRoutes()
 5 SYSTEMPATH/CodeIgniter.php(455): CodeIgniter\CodeIgniter->tryToRouteIt(null)
 6 SYSTEMPATH/CodeIgniter.php(354): CodeIgniter\CodeIgniter->handleRequest(null, Object(Config\Cache), false)
 7 SYSTEMPATH/Boot.php(334): CodeIgniter\CodeIgniter->run()
 8 SYSTEMPATH/Boot.php(67): CodeIgniter\Boot::runCodeIgniter(Object(CodeIgniter\CodeIgniter))
 9 FCPATH/index.php(56): CodeIgniter\Boot::bootWeb(Object(Config\Paths))
WARNING - 2026-02-17 10:37:11 --> [DEPRECATED] Passing lowercase HTTP method "post" is deprecated. Use uppercase HTTP method like "POST". in SYSTEMPATH/Router/RouteCollection.php on line 1026.
 1 SYSTEMPATH/Router/RouteCollection.php(1026): trigger_error('Passing lowercase HTTP method "post" is deprecated. Use uppercase HTTP method like "POST".', 16384)
 2 APPPATH/Config/Routes.php(135): CodeIgniter\Router\RouteCollection->match([...], 'locations/generarPDF', 'LocationsPdfController::generarPDF')
 3 SYSTEMPATH/Router/RouteCollection.php(339): require('/home/u976386866/domains/servipro.site/public_html/app/app/Config/Routes.php')
 4 SYSTEMPATH/CodeIgniter.php(821): CodeIgniter\Router\RouteCollection->loadRoutes()
 5 SYSTEMPATH/CodeIgniter.php(455): CodeIgniter\CodeIgniter->tryToRouteIt(null)
 6 SYSTEMPATH/CodeIgniter.php(354): CodeIgniter\CodeIgniter->handleRequest(null, Object(Config\Cache), false)
 7 SYSTEMPATH/Boot.php(334): CodeIgniter\CodeIgniter->run()
 8 SYSTEMPATH/Boot.php(67): CodeIgniter\Boot::runCodeIgniter(Object(CodeIgniter\CodeIgniter))
 9 FCPATH/index.php(56): CodeIgniter\Boot::bootWeb(Object(Config\Paths))
DEBUG - 2026-02-17 10:37:11 --> Session: Class initialized using 'CodeIgniter\Session\Handlers\FileHandler' driver.
WARNING - 2026-02-17 10:37:13 --> [DEPRECATED] Passing lowercase HTTP method "get" is deprecated. Use uppercase HTTP method like "GET". in SYSTEMPATH/Router/RouteCollection.php on line 1026.
 1 SYSTEMPATH/Router/RouteCollection.php(1026): trigger_error('Passing lowercase HTTP method "get" is deprecated. Use uppercase HTTP method like "GET".', 16384)
 2 APPPATH/Config/Routes.php(135): CodeIgniter\Router\RouteCollection->match([...], 'locations/generarPDF', 'LocationsPdfController::generarPDF')
 3 SYSTEMPATH/Router/RouteCollection.php(339): require('/home/u976386866/domains/servipro.site/public_html/app/app/Config/Routes.php')
 4 SYSTEMPATH/CodeIgniter.php(821): CodeIgniter\Router\RouteCollection->loadRoutes()
 5 SYSTEMPATH/CodeIgniter.php(455): CodeIgniter\CodeIgniter->tryToRouteIt(null)
 6 SYSTEMPATH/CodeIgniter.php(354): CodeIgniter\CodeIgniter->handleRequest(null, Object(Config\Cache), false)
 7 SYSTEMPATH/Boot.php(334): CodeIgniter\CodeIgniter->run()
 8 SYSTEMPATH/Boot.php(67): CodeIgniter\Boot::runCodeIgniter(Object(CodeIgniter\CodeIgniter))
 9 FCPATH/index.php(56): CodeIgniter\Boot::bootWeb(Object(Config\Paths))
WARNING - 2026-02-17 10:37:13 --> [DEPRECATED] Passing lowercase HTTP method "post" is deprecated. Use uppercase HTTP method like "POST". in SYSTEMPATH/Router/RouteCollection.php on line 1026.
 1 SYSTEMPATH/Router/RouteCollection.php(1026): trigger_error('Passing lowercase HTTP method "post" is deprecated. Use uppercase HTTP method like "POST".', 16384)
 2 APPPATH/Config/Routes.php(135): CodeIgniter\Router\RouteCollection->match([...], 'locations/generarPDF', 'LocationsPdfController::generarPDF')
 3 SYSTEMPATH/Router/RouteCollection.php(339): require('/home/u976386866/domains/servipro.site/public_html/app/app/Config/Routes.php')
 4 SYSTEMPATH/CodeIgniter.php(821): CodeIgniter\Router\RouteCollection->loadRoutes()
 5 SYSTEMPATH/CodeIgniter.php(455): CodeIgniter\CodeIgniter->tryToRouteIt(null)
 6 SYSTEMPATH/CodeIgniter.php(354): CodeIgniter\CodeIgniter->handleRequest(null, Object(Config\Cache), false)
 7 SYSTEMPATH/Boot.php(334): CodeIgniter\CodeIgniter->run()
 8 SYSTEMPATH/Boot.php(67): CodeIgniter\Boot::runCodeIgniter(Object(CodeIgniter\CodeIgniter))
 9 FCPATH/index.php(56): CodeIgniter\Boot::bootWeb(Object(Config\Paths))
DEBUG - 2026-02-17 10:37:13 --> Session: Class initialized using 'CodeIgniter\Session\Handlers\FileHandler' driver.
WARNING - 2026-02-17 10:37:26 --> [DEPRECATED] Passing lowercase HTTP method "get" is deprecated. Use uppercase HTTP method like "GET". in SYSTEMPATH/Router/RouteCollection.php on line 1026.
 1 SYSTEMPATH/Router/RouteCollection.php(1026): trigger_error('Passing lowercase HTTP method "get" is deprecated. Use uppercase HTTP method like "GET".', 16384)
 2 APPPATH/Config/Routes.php(135): CodeIgniter\Router\RouteCollection->match([...], 'locations/generarPDF', 'LocationsPdfController::generarPDF')
 3 SYSTEMPATH/Router/RouteCollection.php(339): require('/home/u976386866/domains/servipro.site/public_html/app/app/Config/Routes.php')
 4 SYSTEMPATH/CodeIgniter.php(821): CodeIgniter\Router\RouteCollection->loadRoutes()
 5 SYSTEMPATH/CodeIgniter.php(455): CodeIgniter\CodeIgniter->tryToRouteIt(null)
 6 SYSTEMPATH/CodeIgniter.php(354): CodeIgniter\CodeIgniter->handleRequest(null, Object(Config\Cache), false)
 7 SYSTEMPATH/Boot.php(334): CodeIgniter\CodeIgniter->run()
 8 SYSTEMPATH/Boot.php(67): CodeIgniter\Boot::runCodeIgniter(Object(CodeIgniter\CodeIgniter))
 9 FCPATH/index.php(56): CodeIgniter\Boot::bootWeb(Object(Config\Paths))
WARNING - 2026-02-17 10:37:26 --> [DEPRECATED] Passing lowercase HTTP method "post" is deprecated. Use uppercase HTTP method like "POST". in SYSTEMPATH/Router/RouteCollection.php on line 1026.
 1 SYSTEMPATH/Router/RouteCollection.php(1026): trigger_error('Passing lowercase HTTP method "post" is deprecated. Use uppercase HTTP method like "POST".', 16384)
 2 APPPATH/Config/Routes.php(135): CodeIgniter\Router\RouteCollection->match([...], 'locations/generarPDF', 'LocationsPdfController::generarPDF')
 3 SYSTEMPATH/Router/RouteCollection.php(339): require('/home/u976386866/domains/servipro.site/public_html/app/app/Config/Routes.php')
 4 SYSTEMPATH/CodeIgniter.php(821): CodeIgniter\Router\RouteCollection->loadRoutes()
 5 SYSTEMPATH/CodeIgniter.php(455): CodeIgniter\CodeIgniter->tryToRouteIt(null)
 6 SYSTEMPATH/CodeIgniter.php(354): CodeIgniter\CodeIgniter->handleRequest(null, Object(Config\Cache), false)
 7 SYSTEMPATH/Boot.php(334): CodeIgniter\CodeIgniter->run()
 8 SYSTEMPATH/Boot.php(67): CodeIgniter\Boot::runCodeIgniter(Object(CodeIgniter\CodeIgniter))
 9 FCPATH/index.php(56): CodeIgniter\Boot::bootWeb(Object(Config\Paths))
DEBUG - 2026-02-17 10:37:26 --> Session: Class initialized using 'CodeIgniter\Session\Handlers\FileHandler' driver.
DEBUG - 2026-02-17 10:37:26 --> Iniciando carga de sedes
DEBUG - 2026-02-17 10:37:26 --> Sedes cargadas: [{"id":"18","nombre":"Bimbo Azcapotzalco","direccion":"Av San Pablo Xalpa 520, San Martin Xochinahuac, Azcapotzalco, 02120 Ciudad de M\u00e9xico, CDMX","ciudad":"CDMC","pais":"M\u00e9xico","fecha_creacion":"2025-04-07 12:06:45","estatus":"1"},{"id":"21","nombre":"Bimbo Villahermosa","direccion":"Av. Cobre 105, Cd Industrial, 86010 Villahermosa, Tabasco","ciudad":"Villahermosa, Tabasco","pais":"M\u00e9xico","fecha_creacion":"2025-05-12 12:11:50","estatus":"1"},{"id":"22","nombre":"Totis Planta uno Botana","direccion":"Av. San Pablo Xalpa 520, San Mart\u00edn Xochinahuac, Azcapotzalco, 02120 Ciudad de M\u00e9xico, CDMX","ciudad":"CDMX","pais":"Mexico","fecha_creacion":"2025-05-28 09:41:53","estatus":"1"},{"id":"23","nombre":"BIMBO YUCAT\u00c1N","direccion":"CALLE 21, #426, INT 0, COL. CIUDAD INDUSTRIAL","ciudad":"M\u00c9RIDA","pais":"M\u00c9XICO","fecha_creacion":"2025-07-14 17:00:19","estatus":"1"},{"id":"24","nombre":"Bimbo Toluca","direccion":"Corredor Industrial, Mz 2, Lote E, Ex Rancho El Coecillo","ciudad":"Toluca","pais":"M\u00e9xico","fecha_creacion":"2025-07-28 13:39:14","estatus":"1"},{"id":"26","nombre":"Totis planta dos","direccion":"Eje oriente poniente no. 38, col. Ciudad industrial, CP 43800, Tizayuca, Hidalgo","ciudad":"Tizayuca","pais":"M\u00e9xico","fecha_creacion":"2025-10-27 16:30:54","estatus":"1"},{"id":"27","nombre":"Bimbo M\u00e9xico Santa Mar\u00eda ","direccion":"Mimosas 117, 118 Col. Santa Mar\u00eda Insurgentes Cuauht\u00e9moc CDMX ","ciudad":"CDMX","pais":"M\u00e9xico","fecha_creacion":"2025-11-02 10:48:40","estatus":"1"},{"id":"28","nombre":"HAZPAN-LONCHIBON","direccion":"EMILIANO ZAPATA 25, PQUE. IND. LERMA","ciudad":"TOLUCA","pais":"M\u00e9xico","fecha_creacion":"2025-11-27 11:43:59","estatus":"1"},{"id":"29","nombre":"Suandy Marinela Toluca","direccion":"Emiliano Zapata 25, Pque. Ind. Lerma","ciudad":"TOLUCA","pais":"M\u00e9xico","fecha_creacion":"2025-11-27 11:55:24","estatus":"1"},{"id":"30","nombre":"T\u00eda Rosa, Toluca ","direccion":"Benito Juarez Mz. 027","ciudad":"Sta. Ma. Totoltepec, Toluca","pais":"M\u00e9xico","fecha_creacion":"2025-11-27 11:56:59","estatus":"1"},{"id":"31","nombre":"Bimbo Norte","direccion":"Av. F\u00e9lix U. G\u00f3mez 4203, Coyoac\u00e1n, C.P. 64510","ciudad":"Monterrey N.L.","pais":"M\u00e9xico","fecha_creacion":"2025-11-28 15:45:37","estatus":"1"},{"id":"32","nombre":"PLANTA DE PRUEBA","direccion":"PRUEBAS","ciudad":"DCDS","pais":"MEXICO","fecha_creacion":"2025-12-07 18:59:44","estatus":"1"},{"id":"33","nombre":"BSL","direccion":"Eje 128 #135 manzana 3, zona industrial segunda secci\u00f3n ","ciudad":"San Luis Potos\u00ed","pais":"M\u00e9xico","fecha_creacion":"2025-12-08 21:23:56","estatus":"1"},{"id":"34","nombre":"Sanissimo Monterrey","direccion":"Manuel de la Pe\u00f1a y Pe\u00f1a #1020-5, Bella Vista","ciudad":"Monterrey N.L.","pais":"M\u00e9xico","fecha_creacion":"2025-12-08 21:28:12","estatus":"1"},{"id":"36","nombre":"Bimbo Yucat\u00e1n Prueba 2025","direccion":"Calle 21, Villas M\u00e9rida, C.P. 97288, M\u00e9rida Yucat\u00e1n","ciudad":"M\u00e9rida Yucat\u00e1n","pais":"Mexico","fecha_creacion":"2025-12-16 10:43:55","estatus":"1"},{"id":"37","nombre":"BIMBO YUCATAN","direccion":"CALLE 21 CD. INDUSTRIAL","ciudad":"MERIDA YUCATAN","pais":"MEXICO","fecha_creacion":"2025-12-16 17:13:12","estatus":"1"},{"id":"38","nombre":"Bimbo Pac\u00edfico","direccion":"Av. Luis Donaldo Colosio Murrieta, No. 18900","ciudad":"Mazatl\u00e1n","pais":"M\u00e9xico","fecha_creacion":"2025-12-17 11:28:47","estatus":"1"},{"id":"39","nombre":"Bimbo Golfo","direccion":"Km 441 Carretera M\u00e9xico - Veracruz V\u00eda Xalapa, Colonia Francisco Villa, Veracruz, Veracruz, C.P: 91960","ciudad":"Veracruz","pais":"M\u00e9xico","fecha_creacion":"2025-12-17 20:05:59","estatus":"1"},{"id":"40","nombre":"Bimbo Tijuana","direccion":"Av. de Todos los santos S\/N, Industrial Pac\u00edfico, 22643. Tijuana, Baja California.","ciudad":"Tijuana","pais":"M\u00e9xico","fecha_creacion":"2026-01-02 13:33:01","estatus":"1"},{"id":"41","nombre":"PLANTA PRUEBA N","direccion":"SERVIPRO MX","ciudad":"Ciudad de M\u00e9xico","pais":"M\u00e9xico","fecha_creacion":"2026-01-06 17:57:01","estatus":"1"}]
WARNING - 2026-02-17 10:38:30 --> [DEPRECATED] Passing lowercase HTTP method "get" is deprecated. Use uppercase HTTP method like "GET". in SYSTEMPATH/Router/RouteCollection.php on line 1026.
 1 SYSTEMPATH/Router/RouteCollection.php(1026): trigger_error('Passing lowercase HTTP method "get" is deprecated. Use uppercase HTTP method like "GET".', 16384)
 2 APPPATH/Config/Routes.php(135): CodeIgniter\Router\RouteCollection->match([...], 'locations/generarPDF', 'LocationsPdfController::generarPDF')
 3 SYSTEMPATH/Router/RouteCollection.php(339): require('/home/u976386866/domains/servipro.site/public_html/app/app/Config/Routes.php')
 4 SYSTEMPATH/CodeIgniter.php(821): CodeIgniter\Router\RouteCollection->loadRoutes()
 5 SYSTEMPATH/CodeIgniter.php(455): CodeIgniter\CodeIgniter->tryToRouteIt(null)
 6 SYSTEMPATH/CodeIgniter.php(354): CodeIgniter\CodeIgniter->handleRequest(null, Object(Config\Cache), false)
 7 SYSTEMPATH/Boot.php(334): CodeIgniter\CodeIgniter->run()
 8 SYSTEMPATH/Boot.php(67): CodeIgniter\Boot::runCodeIgniter(Object(CodeIgniter\CodeIgniter))
 9 FCPATH/index.php(56): CodeIgniter\Boot::bootWeb(Object(Config\Paths))
WARNING - 2026-02-17 10:38:30 --> [DEPRECATED] Passing lowercase HTTP method "post" is deprecated. Use uppercase HTTP method like "POST". in SYSTEMPATH/Router/RouteCollection.php on line 1026.
 1 SYSTEMPATH/Router/RouteCollection.php(1026): trigger_error('Passing lowercase HTTP method "post" is deprecated. Use uppercase HTTP method like "POST".', 16384)
 2 APPPATH/Config/Routes.php(135): CodeIgniter\Router\RouteCollection->match([...], 'locations/generarPDF', 'LocationsPdfController::generarPDF')
 3 SYSTEMPATH/Router/RouteCollection.php(339): require('/home/u976386866/domains/servipro.site/public_html/app/app/Config/Routes.php')
 4 SYSTEMPATH/CodeIgniter.php(821): CodeIgniter\Router\RouteCollection->loadRoutes()
 5 SYSTEMPATH/CodeIgniter.php(455): CodeIgniter\CodeIgniter->tryToRouteIt(null)
 6 SYSTEMPATH/CodeIgniter.php(354): CodeIgniter\CodeIgniter->handleRequest(null, Object(Config\Cache), false)
 7 SYSTEMPATH/Boot.php(334): CodeIgniter\CodeIgniter->run()
 8 SYSTEMPATH/Boot.php(67): CodeIgniter\Boot::runCodeIgniter(Object(CodeIgniter\CodeIgniter))
 9 FCPATH/index.php(56): CodeIgniter\Boot::bootWeb(Object(Config\Paths))
DEBUG - 2026-02-17 10:38:30 --> Session: Class initialized using 'CodeIgniter\Session\Handlers\FileHandler' driver.
WARNING - 2026-02-17 10:38:31 --> [DEPRECATED] Passing lowercase HTTP method "get" is deprecated. Use uppercase HTTP method like "GET". in SYSTEMPATH/Router/RouteCollection.php on line 1026.
 1 SYSTEMPATH/Router/RouteCollection.php(1026): trigger_error('Passing lowercase HTTP method "get" is deprecated. Use uppercase HTTP method like "GET".', 16384)
 2 APPPATH/Config/Routes.php(135): CodeIgniter\Router\RouteCollection->match([...], 'locations/generarPDF', 'LocationsPdfController::generarPDF')
 3 SYSTEMPATH/Router/RouteCollection.php(339): require('/home/u976386866/domains/servipro.site/public_html/app/app/Config/Routes.php')
 4 SYSTEMPATH/CodeIgniter.php(821): CodeIgniter\Router\RouteCollection->loadRoutes()
 5 SYSTEMPATH/CodeIgniter.php(455): CodeIgniter\CodeIgniter->tryToRouteIt(null)
 6 SYSTEMPATH/CodeIgniter.php(354): CodeIgniter\CodeIgniter->handleRequest(null, Object(Config\Cache), false)
 7 SYSTEMPATH/Boot.php(334): CodeIgniter\CodeIgniter->run()
 8 SYSTEMPATH/Boot.php(67): CodeIgniter\Boot::runCodeIgniter(Object(CodeIgniter\CodeIgniter))
 9 FCPATH/index.php(56): CodeIgniter\Boot::bootWeb(Object(Config\Paths))
WARNING - 2026-02-17 10:38:31 --> [DEPRECATED] Passing lowercase HTTP method "post" is deprecated. Use uppercase HTTP method like "POST". in SYSTEMPATH/Router/RouteCollection.php on line 1026.
 1 SYSTEMPATH/Router/RouteCollection.php(1026): trigger_error('Passing lowercase HTTP method "post" is deprecated. Use uppercase HTTP method like "POST".', 16384)
 2 APPPATH/Config/Routes.php(135): CodeIgniter\Router\RouteCollection->match([...], 'locations/generarPDF', 'LocationsPdfController::generarPDF')
 3 SYSTEMPATH/Router/RouteCollection.php(339): require('/home/u976386866/domains/servipro.site/public_html/app/app/Config/Routes.php')
 4 SYSTEMPATH/CodeIgniter.php(821): CodeIgniter\Router\RouteCollection->loadRoutes()
 5 SYSTEMPATH/CodeIgniter.php(455): CodeIgniter\CodeIgniter->tryToRouteIt(null)
 6 SYSTEMPATH/CodeIgniter.php(354): CodeIgniter\CodeIgniter->handleRequest(null, Object(Config\Cache), false)
 7 SYSTEMPATH/Boot.php(334): CodeIgniter\CodeIgniter->run()
 8 SYSTEMPATH/Boot.php(67): CodeIgniter\Boot::runCodeIgniter(Object(CodeIgniter\CodeIgniter))
 9 FCPATH/index.php(56): CodeIgniter\Boot::bootWeb(Object(Config\Paths))
DEBUG - 2026-02-17 10:38:31 --> Session: Class initialized using 'CodeIgniter\Session\Handlers\FileHandler' driver.
WARNING - 2026-02-17 10:38:35 --> [DEPRECATED] Passing lowercase HTTP method "get" is deprecated. Use uppercase HTTP method like "GET". in SYSTEMPATH/Router/RouteCollection.php on line 1026.
 1 SYSTEMPATH/Router/RouteCollection.php(1026): trigger_error('Passing lowercase HTTP method "get" is deprecated. Use uppercase HTTP method like "GET".', 16384)
 2 APPPATH/Config/Routes.php(135): CodeIgniter\Router\RouteCollection->match([...], 'locations/generarPDF', 'LocationsPdfController::generarPDF')
 3 SYSTEMPATH/Router/RouteCollection.php(339): require('/home/u976386866/domains/servipro.site/public_html/app/app/Config/Routes.php')
 4 SYSTEMPATH/CodeIgniter.php(821): CodeIgniter\Router\RouteCollection->loadRoutes()
 5 SYSTEMPATH/CodeIgniter.php(455): CodeIgniter\CodeIgniter->tryToRouteIt(null)
 6 SYSTEMPATH/CodeIgniter.php(354): CodeIgniter\CodeIgniter->handleRequest(null, Object(Config\Cache), false)
 7 SYSTEMPATH/Boot.php(334): CodeIgniter\CodeIgniter->run()
 8 SYSTEMPATH/Boot.php(67): CodeIgniter\Boot::runCodeIgniter(Object(CodeIgniter\CodeIgniter))
 9 FCPATH/index.php(56): CodeIgniter\Boot::bootWeb(Object(Config\Paths))
WARNING - 2026-02-17 10:38:35 --> [DEPRECATED] Passing lowercase HTTP method "post" is deprecated. Use uppercase HTTP method like "POST". in SYSTEMPATH/Router/RouteCollection.php on line 1026.
 1 SYSTEMPATH/Router/RouteCollection.php(1026): trigger_error('Passing lowercase HTTP method "post" is deprecated. Use uppercase HTTP method like "POST".', 16384)
 2 APPPATH/Config/Routes.php(135): CodeIgniter\Router\RouteCollection->match([...], 'locations/generarPDF', 'LocationsPdfController::generarPDF')
 3 SYSTEMPATH/Router/RouteCollection.php(339): require('/home/u976386866/domains/servipro.site/public_html/app/app/Config/Routes.php')
 4 SYSTEMPATH/CodeIgniter.php(821): CodeIgniter\Router\RouteCollection->loadRoutes()
 5 SYSTEMPATH/CodeIgniter.php(455): CodeIgniter\CodeIgniter->tryToRouteIt(null)
 6 SYSTEMPATH/CodeIgniter.php(354): CodeIgniter\CodeIgniter->handleRequest(null, Object(Config\Cache), false)
 7 SYSTEMPATH/Boot.php(334): CodeIgniter\CodeIgniter->run()
 8 SYSTEMPATH/Boot.php(67): CodeIgniter\Boot::runCodeIgniter(Object(CodeIgniter\CodeIgniter))
 9 FCPATH/index.php(56): CodeIgniter\Boot::bootWeb(Object(Config\Paths))
DEBUG - 2026-02-17 10:38:35 --> Session: Class initialized using 'CodeIgniter\Session\Handlers\FileHandler' driver.
WARNING - 2026-02-17 10:38:37 --> [DEPRECATED] Passing lowercase HTTP method "get" is deprecated. Use uppercase HTTP method like "GET". in SYSTEMPATH/Router/RouteCollection.php on line 1026.
 1 SYSTEMPATH/Router/RouteCollection.php(1026): trigger_error('Passing lowercase HTTP method "get" is deprecated. Use uppercase HTTP method like "GET".', 16384)
 2 APPPATH/Config/Routes.php(135): CodeIgniter\Router\RouteCollection->match([...], 'locations/generarPDF', 'LocationsPdfController::generarPDF')
 3 SYSTEMPATH/Router/RouteCollection.php(339): require('/home/u976386866/domains/servipro.site/public_html/app/app/Config/Routes.php')
 4 SYSTEMPATH/CodeIgniter.php(821): CodeIgniter\Router\RouteCollection->loadRoutes()
 5 SYSTEMPATH/CodeIgniter.php(455): CodeIgniter\CodeIgniter->tryToRouteIt(null)
 6 SYSTEMPATH/CodeIgniter.php(354): CodeIgniter\CodeIgniter->handleRequest(null, Object(Config\Cache), false)
 7 SYSTEMPATH/Boot.php(334): CodeIgniter\CodeIgniter->run()
 8 SYSTEMPATH/Boot.php(67): CodeIgniter\Boot::runCodeIgniter(Object(CodeIgniter\CodeIgniter))
 9 FCPATH/index.php(56): CodeIgniter\Boot::bootWeb(Object(Config\Paths))
WARNING - 2026-02-17 10:38:37 --> [DEPRECATED] Passing lowercase HTTP method "post" is deprecated. Use uppercase HTTP method like "POST". in SYSTEMPATH/Router/RouteCollection.php on line 1026.
 1 SYSTEMPATH/Router/RouteCollection.php(1026): trigger_error('Passing lowercase HTTP method "post" is deprecated. Use uppercase HTTP method like "POST".', 16384)
 2 APPPATH/Config/Routes.php(135): CodeIgniter\Router\RouteCollection->match([...], 'locations/generarPDF', 'LocationsPdfController::generarPDF')
 3 SYSTEMPATH/Router/RouteCollection.php(339): require('/home/u976386866/domains/servipro.site/public_html/app/app/Config/Routes.php')
 4 SYSTEMPATH/CodeIgniter.php(821): CodeIgniter\Router\RouteCollection->loadRoutes()
 5 SYSTEMPATH/CodeIgniter.php(455): CodeIgniter\CodeIgniter->tryToRouteIt(null)
 6 SYSTEMPATH/CodeIgniter.php(354): CodeIgniter\CodeIgniter->handleRequest(null, Object(Config\Cache), false)
 7 SYSTEMPATH/Boot.php(334): CodeIgniter\CodeIgniter->run()
 8 SYSTEMPATH/Boot.php(67): CodeIgniter\Boot::runCodeIgniter(Object(CodeIgniter\CodeIgniter))
 9 FCPATH/index.php(56): CodeIgniter\Boot::bootWeb(Object(Config\Paths))
DEBUG - 2026-02-17 10:38:37 --> Session: Class initialized using 'CodeIgniter\Session\Handlers\FileHandler' driver.
WARNING - 2026-02-17 10:38:48 --> [DEPRECATED] Passing lowercase HTTP method "get" is deprecated. Use uppercase HTTP method like "GET". in SYSTEMPATH/Router/RouteCollection.php on line 1026.
 1 SYSTEMPATH/Router/RouteCollection.php(1026): trigger_error('Passing lowercase HTTP method "get" is deprecated. Use uppercase HTTP method like "GET".', 16384)
 2 APPPATH/Config/Routes.php(135): CodeIgniter\Router\RouteCollection->match([...], 'locations/generarPDF', 'LocationsPdfController::generarPDF')
 3 SYSTEMPATH/Router/RouteCollection.php(339): require('/home/u976386866/domains/servipro.site/public_html/app/app/Config/Routes.php')
 4 SYSTEMPATH/CodeIgniter.php(821): CodeIgniter\Router\RouteCollection->loadRoutes()
 5 SYSTEMPATH/CodeIgniter.php(455): CodeIgniter\CodeIgniter->tryToRouteIt(null)
 6 SYSTEMPATH/CodeIgniter.php(354): CodeIgniter\CodeIgniter->handleRequest(null, Object(Config\Cache), false)
 7 SYSTEMPATH/Boot.php(334): CodeIgniter\CodeIgniter->run()
 8 SYSTEMPATH/Boot.php(67): CodeIgniter\Boot::runCodeIgniter(Object(CodeIgniter\CodeIgniter))
 9 FCPATH/index.php(56): CodeIgniter\Boot::bootWeb(Object(Config\Paths))
WARNING - 2026-02-17 10:38:48 --> [DEPRECATED] Passing lowercase HTTP method "post" is deprecated. Use uppercase HTTP method like "POST". in SYSTEMPATH/Router/RouteCollection.php on line 1026.
 1 SYSTEMPATH/Router/RouteCollection.php(1026): trigger_error('Passing lowercase HTTP method "post" is deprecated. Use uppercase HTTP method like "POST".', 16384)
 2 APPPATH/Config/Routes.php(135): CodeIgniter\Router\RouteCollection->match([...], 'locations/generarPDF', 'LocationsPdfController::generarPDF')
 3 SYSTEMPATH/Router/RouteCollection.php(339): require('/home/u976386866/domains/servipro.site/public_html/app/app/Config/Routes.php')
 4 SYSTEMPATH/CodeIgniter.php(821): CodeIgniter\Router\RouteCollection->loadRoutes()
 5 SYSTEMPATH/CodeIgniter.php(455): CodeIgniter\CodeIgniter->tryToRouteIt(null)
 6 SYSTEMPATH/CodeIgniter.php(354): CodeIgniter\CodeIgniter->handleRequest(null, Object(Config\Cache), false)
 7 SYSTEMPATH/Boot.php(334): CodeIgniter\CodeIgniter->run()
 8 SYSTEMPATH/Boot.php(67): CodeIgniter\Boot::runCodeIgniter(Object(CodeIgniter\CodeIgniter))
 9 FCPATH/index.php(56): CodeIgniter\Boot::bootWeb(Object(Config\Paths))
DEBUG - 2026-02-17 10:38:48 --> Session: Class initialized using 'CodeIgniter\Session\Handlers\FileHandler' driver.
DEBUG - 2026-02-17 10:38:48 --> Iniciando carga de sedes
DEBUG - 2026-02-17 10:38:48 --> Sedes cargadas: [{"id":"18","nombre":"Bimbo Azcapotzalco","direccion":"Av San Pablo Xalpa 520, San Martin Xochinahuac, Azcapotzalco, 02120 Ciudad de M\u00e9xico, CDMX","ciudad":"CDMC","pais":"M\u00e9xico","fecha_creacion":"2025-04-07 12:06:45","estatus":"1"},{"id":"21","nombre":"Bimbo Villahermosa","direccion":"Av. Cobre 105, Cd Industrial, 86010 Villahermosa, Tabasco","ciudad":"Villahermosa, Tabasco","pais":"M\u00e9xico","fecha_creacion":"2025-05-12 12:11:50","estatus":"1"},{"id":"22","nombre":"Totis Planta uno Botana","direccion":"Av. San Pablo Xalpa 520, San Mart\u00edn Xochinahuac, Azcapotzalco, 02120 Ciudad de M\u00e9xico, CDMX","ciudad":"CDMX","pais":"Mexico","fecha_creacion":"2025-05-28 09:41:53","estatus":"1"},{"id":"23","nombre":"BIMBO YUCAT\u00c1N","direccion":"CALLE 21, #426, INT 0, COL. CIUDAD INDUSTRIAL","ciudad":"M\u00c9RIDA","pais":"M\u00c9XICO","fecha_creacion":"2025-07-14 17:00:19","estatus":"1"},{"id":"24","nombre":"Bimbo Toluca","direccion":"Corredor Industrial, Mz 2, Lote E, Ex Rancho El Coecillo","ciudad":"Toluca","pais":"M\u00e9xico","fecha_creacion":"2025-07-28 13:39:14","estatus":"1"},{"id":"26","nombre":"Totis planta dos","direccion":"Eje oriente poniente no. 38, col. Ciudad industrial, CP 43800, Tizayuca, Hidalgo","ciudad":"Tizayuca","pais":"M\u00e9xico","fecha_creacion":"2025-10-27 16:30:54","estatus":"1"},{"id":"27","nombre":"Bimbo M\u00e9xico Santa Mar\u00eda ","direccion":"Mimosas 117, 118 Col. Santa Mar\u00eda Insurgentes Cuauht\u00e9moc CDMX ","ciudad":"CDMX","pais":"M\u00e9xico","fecha_creacion":"2025-11-02 10:48:40","estatus":"1"},{"id":"28","nombre":"HAZPAN-LONCHIBON","direccion":"EMILIANO ZAPATA 25, PQUE. IND. LERMA","ciudad":"TOLUCA","pais":"M\u00e9xico","fecha_creacion":"2025-11-27 11:43:59","estatus":"1"},{"id":"29","nombre":"Suandy Marinela Toluca","direccion":"Emiliano Zapata 25, Pque. Ind. Lerma","ciudad":"TOLUCA","pais":"M\u00e9xico","fecha_creacion":"2025-11-27 11:55:24","estatus":"1"},{"id":"30","nombre":"T\u00eda Rosa, Toluca ","direccion":"Benito Juarez Mz. 027","ciudad":"Sta. Ma. Totoltepec, Toluca","pais":"M\u00e9xico","fecha_creacion":"2025-11-27 11:56:59","estatus":"1"},{"id":"31","nombre":"Bimbo Norte","direccion":"Av. F\u00e9lix U. G\u00f3mez 4203, Coyoac\u00e1n, C.P. 64510","ciudad":"Monterrey N.L.","pais":"M\u00e9xico","fecha_creacion":"2025-11-28 15:45:37","estatus":"1"},{"id":"32","nombre":"PLANTA DE PRUEBA","direccion":"PRUEBAS","ciudad":"DCDS","pais":"MEXICO","fecha_creacion":"2025-12-07 18:59:44","estatus":"1"},{"id":"33","nombre":"BSL","direccion":"Eje 128 #135 manzana 3, zona industrial segunda secci\u00f3n ","ciudad":"San Luis Potos\u00ed","pais":"M\u00e9xico","fecha_creacion":"2025-12-08 21:23:56","estatus":"1"},{"id":"34","nombre":"Sanissimo Monterrey","direccion":"Manuel de la Pe\u00f1a y Pe\u00f1a #1020-5, Bella Vista","ciudad":"Monterrey N.L.","pais":"M\u00e9xico","fecha_creacion":"2025-12-08 21:28:12","estatus":"1"},{"id":"36","nombre":"Bimbo Yucat\u00e1n Prueba 2025","direccion":"Calle 21, Villas M\u00e9rida, C.P. 97288, M\u00e9rida Yucat\u00e1n","ciudad":"M\u00e9rida Yucat\u00e1n","pais":"Mexico","fecha_creacion":"2025-12-16 10:43:55","estatus":"1"},{"id":"37","nombre":"BIMBO YUCATAN","direccion":"CALLE 21 CD. INDUSTRIAL","ciudad":"MERIDA YUCATAN","pais":"MEXICO","fecha_creacion":"2025-12-16 17:13:12","estatus":"1"},{"id":"38","nombre":"Bimbo Pac\u00edfico","direccion":"Av. Luis Donaldo Colosio Murrieta, No. 18900","ciudad":"Mazatl\u00e1n","pais":"M\u00e9xico","fecha_creacion":"2025-12-17 11:28:47","estatus":"1"},{"id":"39","nombre":"Bimbo Golfo","direccion":"Km 441 Carretera M\u00e9xico - Veracruz V\u00eda Xalapa, Colonia Francisco Villa, Veracruz, Veracruz, C.P: 91960","ciudad":"Veracruz","pais":"M\u00e9xico","fecha_creacion":"2025-12-17 20:05:59","estatus":"1"},{"id":"40","nombre":"Bimbo Tijuana","direccion":"Av. de Todos los santos S\/N, Industrial Pac\u00edfico, 22643. Tijuana, Baja California.","ciudad":"Tijuana","pais":"M\u00e9xico","fecha_creacion":"2026-01-02 13:33:01","estatus":"1"},{"id":"41","nombre":"PLANTA PRUEBA N","direccion":"SERVIPRO MX","ciudad":"Ciudad de M\u00e9xico","pais":"M\u00e9xico","fecha_creacion":"2026-01-06 17:57:01","estatus":"1"}]
WARNING - 2026-02-17 10:38:58 --> [DEPRECATED] Passing lowercase HTTP method "get" is deprecated. Use uppercase HTTP method like "GET". in SYSTEMPATH/Router/RouteCollection.php on line 1026.
 1 SYSTEMPATH/Router/RouteCollection.php(1026): trigger_error('Passing lowercase HTTP method "get" is deprecated. Use uppercase HTTP method like "GET".', 16384)
 2 APPPATH/Config/Routes.php(135): CodeIgniter\Router\RouteCollection->match([...], 'locations/generarPDF', 'LocationsPdfController::generarPDF')
 3 SYSTEMPATH/Router/RouteCollection.php(339): require('/home/u976386866/domains/servipro.site/public_html/app/app/Config/Routes.php')
 4 SYSTEMPATH/CodeIgniter.php(821): CodeIgniter\Router\RouteCollection->loadRoutes()
 5 SYSTEMPATH/CodeIgniter.php(455): CodeIgniter\CodeIgniter->tryToRouteIt(null)
 6 SYSTEMPATH/CodeIgniter.php(354): CodeIgniter\CodeIgniter->handleRequest(null, Object(Config\Cache), false)
 7 SYSTEMPATH/Boot.php(334): CodeIgniter\CodeIgniter->run()
 8 SYSTEMPATH/Boot.php(67): CodeIgniter\Boot::runCodeIgniter(Object(CodeIgniter\CodeIgniter))
 9 FCPATH/index.php(56): CodeIgniter\Boot::bootWeb(Object(Config\Paths))
WARNING - 2026-02-17 10:38:58 --> [DEPRECATED] Passing lowercase HTTP method "post" is deprecated. Use uppercase HTTP method like "POST". in SYSTEMPATH/Router/RouteCollection.php on line 1026.
 1 SYSTEMPATH/Router/RouteCollection.php(1026): trigger_error('Passing lowercase HTTP method "post" is deprecated. Use uppercase HTTP method like "POST".', 16384)
 2 APPPATH/Config/Routes.php(135): CodeIgniter\Router\RouteCollection->match([...], 'locations/generarPDF', 'LocationsPdfController::generarPDF')
 3 SYSTEMPATH/Router/RouteCollection.php(339): require('/home/u976386866/domains/servipro.site/public_html/app/app/Config/Routes.php')
 4 SYSTEMPATH/CodeIgniter.php(821): CodeIgniter\Router\RouteCollection->loadRoutes()
 5 SYSTEMPATH/CodeIgniter.php(455): CodeIgniter\CodeIgniter->tryToRouteIt(null)
 6 SYSTEMPATH/CodeIgniter.php(354): CodeIgniter\CodeIgniter->handleRequest(null, Object(Config\Cache), false)
 7 SYSTEMPATH/Boot.php(334): CodeIgniter\CodeIgniter->run()
 8 SYSTEMPATH/Boot.php(67): CodeIgniter\Boot::runCodeIgniter(Object(CodeIgniter\CodeIgniter))
 9 FCPATH/index.php(56): CodeIgniter\Boot::bootWeb(Object(Config\Paths))
DEBUG - 2026-02-17 10:38:58 --> Session: Class initialized using 'CodeIgniter\Session\Handlers\FileHandler' driver.
DEBUG - 2026-02-17 10:38:58 --> Iniciando carga de sedes
DEBUG - 2026-02-17 10:38:59 --> Sedes cargadas: [{"id":"18","nombre":"Bimbo Azcapotzalco","direccion":"Av San Pablo Xalpa 520, San Martin Xochinahuac, Azcapotzalco, 02120 Ciudad de M\u00e9xico, CDMX","ciudad":"CDMC","pais":"M\u00e9xico","fecha_creacion":"2025-04-07 12:06:45","estatus":"1"},{"id":"21","nombre":"Bimbo Villahermosa","direccion":"Av. Cobre 105, Cd Industrial, 86010 Villahermosa, Tabasco","ciudad":"Villahermosa, Tabasco","pais":"M\u00e9xico","fecha_creacion":"2025-05-12 12:11:50","estatus":"1"},{"id":"22","nombre":"Totis Planta uno Botana","direccion":"Av. San Pablo Xalpa 520, San Mart\u00edn Xochinahuac, Azcapotzalco, 02120 Ciudad de M\u00e9xico, CDMX","ciudad":"CDMX","pais":"Mexico","fecha_creacion":"2025-05-28 09:41:53","estatus":"1"},{"id":"23","nombre":"BIMBO YUCAT\u00c1N","direccion":"CALLE 21, #426, INT 0, COL. CIUDAD INDUSTRIAL","ciudad":"M\u00c9RIDA","pais":"M\u00c9XICO","fecha_creacion":"2025-07-14 17:00:19","estatus":"1"},{"id":"24","nombre":"Bimbo Toluca","direccion":"Corredor Industrial, Mz 2, Lote E, Ex Rancho El Coecillo","ciudad":"Toluca","pais":"M\u00e9xico","fecha_creacion":"2025-07-28 13:39:14","estatus":"1"},{"id":"26","nombre":"Totis planta dos","direccion":"Eje oriente poniente no. 38, col. Ciudad industrial, CP 43800, Tizayuca, Hidalgo","ciudad":"Tizayuca","pais":"M\u00e9xico","fecha_creacion":"2025-10-27 16:30:54","estatus":"1"},{"id":"27","nombre":"Bimbo M\u00e9xico Santa Mar\u00eda ","direccion":"Mimosas 117, 118 Col. Santa Mar\u00eda Insurgentes Cuauht\u00e9moc CDMX ","ciudad":"CDMX","pais":"M\u00e9xico","fecha_creacion":"2025-11-02 10:48:40","estatus":"1"},{"id":"28","nombre":"HAZPAN-LONCHIBON","direccion":"EMILIANO ZAPATA 25, PQUE. IND. LERMA","ciudad":"TOLUCA","pais":"M\u00e9xico","fecha_creacion":"2025-11-27 11:43:59","estatus":"1"},{"id":"29","nombre":"Suandy Marinela Toluca","direccion":"Emiliano Zapata 25, Pque. Ind. Lerma","ciudad":"TOLUCA","pais":"M\u00e9xico","fecha_creacion":"2025-11-27 11:55:24","estatus":"1"},{"id":"30","nombre":"T\u00eda Rosa, Toluca ","direccion":"Benito Juarez Mz. 027","ciudad":"Sta. Ma. Totoltepec, Toluca","pais":"M\u00e9xico","fecha_creacion":"2025-11-27 11:56:59","estatus":"1"},{"id":"31","nombre":"Bimbo Norte","direccion":"Av. F\u00e9lix U. G\u00f3mez 4203, Coyoac\u00e1n, C.P. 64510","ciudad":"Monterrey N.L.","pais":"M\u00e9xico","fecha_creacion":"2025-11-28 15:45:37","estatus":"1"},{"id":"32","nombre":"PLANTA DE PRUEBA","direccion":"PRUEBAS","ciudad":"DCDS","pais":"MEXICO","fecha_creacion":"2025-12-07 18:59:44","estatus":"1"},{"id":"33","nombre":"BSL","direccion":"Eje 128 #135 manzana 3, zona industrial segunda secci\u00f3n ","ciudad":"San Luis Potos\u00ed","pais":"M\u00e9xico","fecha_creacion":"2025-12-08 21:23:56","estatus":"1"},{"id":"34","nombre":"Sanissimo Monterrey","direccion":"Manuel de la Pe\u00f1a y Pe\u00f1a #1020-5, Bella Vista","ciudad":"Monterrey N.L.","pais":"M\u00e9xico","fecha_creacion":"2025-12-08 21:28:12","estatus":"1"},{"id":"36","nombre":"Bimbo Yucat\u00e1n Prueba 2025","direccion":"Calle 21, Villas M\u00e9rida, C.P. 97288, M\u00e9rida Yucat\u00e1n","ciudad":"M\u00e9rida Yucat\u00e1n","pais":"Mexico","fecha_creacion":"2025-12-16 10:43:55","estatus":"1"},{"id":"37","nombre":"BIMBO YUCATAN","direccion":"CALLE 21 CD. INDUSTRIAL","ciudad":"MERIDA YUCATAN","pais":"MEXICO","fecha_creacion":"2025-12-16 17:13:12","estatus":"1"},{"id":"38","nombre":"Bimbo Pac\u00edfico","direccion":"Av. Luis Donaldo Colosio Murrieta, No. 18900","ciudad":"Mazatl\u00e1n","pais":"M\u00e9xico","fecha_creacion":"2025-12-17 11:28:47","estatus":"1"},{"id":"39","nombre":"Bimbo Golfo","direccion":"Km 441 Carretera M\u00e9xico - Veracruz V\u00eda Xalapa, Colonia Francisco Villa, Veracruz, Veracruz, C.P: 91960","ciudad":"Veracruz","pais":"M\u00e9xico","fecha_creacion":"2025-12-17 20:05:59","estatus":"1"},{"id":"40","nombre":"Bimbo Tijuana","direccion":"Av. de Todos los santos S\/N, Industrial Pac\u00edfico, 22643. Tijuana, Baja California.","ciudad":"Tijuana","pais":"M\u00e9xico","fecha_creacion":"2026-01-02 13:33:01","estatus":"1"},{"id":"41","nombre":"PLANTA PRUEBA N","direccion":"SERVIPRO MX","ciudad":"Ciudad de M\u00e9xico","pais":"M\u00e9xico","fecha_creacion":"2026-01-06 17:57:01","estatus":"1"}]
WARNING - 2026-02-17 10:39:00 --> [DEPRECATED] Passing lowercase HTTP method "get" is deprecated. Use uppercase HTTP method like "GET". in SYSTEMPATH/Router/RouteCollection.php on line 1026.
 1 SYSTEMPATH/Router/RouteCollection.php(1026): trigger_error('Passing lowercase HTTP method "get" is deprecated. Use uppercase HTTP method like "GET".', 16384)
 2 APPPATH/Config/Routes.php(135): CodeIgniter\Router\RouteCollection->match([...], 'locations/generarPDF', 'LocationsPdfController::generarPDF')
 3 SYSTEMPATH/Router/RouteCollection.php(339): require('/home/u976386866/domains/servipro.site/public_html/app/app/Config/Routes.php')
 4 SYSTEMPATH/CodeIgniter.php(821): CodeIgniter\Router\RouteCollection->loadRoutes()
 5 SYSTEMPATH/CodeIgniter.php(455): CodeIgniter\CodeIgniter->tryToRouteIt(null)
 6 SYSTEMPATH/CodeIgniter.php(354): CodeIgniter\CodeIgniter->handleRequest(null, Object(Config\Cache), false)
 7 SYSTEMPATH/Boot.php(334): CodeIgniter\CodeIgniter->run()
 8 SYSTEMPATH/Boot.php(67): CodeIgniter\Boot::runCodeIgniter(Object(CodeIgniter\CodeIgniter))
 9 FCPATH/index.php(56): CodeIgniter\Boot::bootWeb(Object(Config\Paths))
WARNING - 2026-02-17 10:39:00 --> [DEPRECATED] Passing lowercase HTTP method "post" is deprecated. Use uppercase HTTP method like "POST". in SYSTEMPATH/Router/RouteCollection.php on line 1026.
 1 SYSTEMPATH/Router/RouteCollection.php(1026): trigger_error('Passing lowercase HTTP method "post" is deprecated. Use uppercase HTTP method like "POST".', 16384)
 2 APPPATH/Config/Routes.php(135): CodeIgniter\Router\RouteCollection->match([...], 'locations/generarPDF', 'LocationsPdfController::generarPDF')
 3 SYSTEMPATH/Router/RouteCollection.php(339): require('/home/u976386866/domains/servipro.site/public_html/app/app/Config/Routes.php')
 4 SYSTEMPATH/CodeIgniter.php(821): CodeIgniter\Router\RouteCollection->loadRoutes()
 5 SYSTEMPATH/CodeIgniter.php(455): CodeIgniter\CodeIgniter->tryToRouteIt(null)
 6 SYSTEMPATH/CodeIgniter.php(354): CodeIgniter\CodeIgniter->handleRequest(null, Object(Config\Cache), false)
 7 SYSTEMPATH/Boot.php(334): CodeIgniter\CodeIgniter->run()
 8 SYSTEMPATH/Boot.php(67): CodeIgniter\Boot::runCodeIgniter(Object(CodeIgniter\CodeIgniter))
 9 FCPATH/index.php(56): CodeIgniter\Boot::bootWeb(Object(Config\Paths))
DEBUG - 2026-02-17 10:39:00 --> Session: Class initialized using 'CodeIgniter\Session\Handlers\FileHandler' driver.
WARNING - 2026-02-17 13:22:34 --> [DEPRECATED] Passing lowercase HTTP method "get" is deprecated. Use uppercase HTTP method like "GET". in SYSTEMPATH/Router/RouteCollection.php on line 1026.
 1 SYSTEMPATH/Router/RouteCollection.php(1026): trigger_error('Passing lowercase HTTP method "get" is deprecated. Use uppercase HTTP method like "GET".', 16384)
 2 APPPATH/Config/Routes.php(135): CodeIgniter\Router\RouteCollection->match([...], 'locations/generarPDF', 'LocationsPdfController::generarPDF')
 3 SYSTEMPATH/Router/RouteCollection.php(339): require('/home/u976386866/domains/servipro.site/public_html/app/app/Config/Routes.php')
 4 SYSTEMPATH/CodeIgniter.php(821): CodeIgniter\Router\RouteCollection->loadRoutes()
 5 SYSTEMPATH/CodeIgniter.php(455): CodeIgniter\CodeIgniter->tryToRouteIt(null)
 6 SYSTEMPATH/CodeIgniter.php(354): CodeIgniter\CodeIgniter->handleRequest(null, Object(Config\Cache), false)
 7 SYSTEMPATH/Boot.php(334): CodeIgniter\CodeIgniter->run()
 8 SYSTEMPATH/Boot.php(67): CodeIgniter\Boot::runCodeIgniter(Object(CodeIgniter\CodeIgniter))
 9 FCPATH/index.php(56): CodeIgniter\Boot::bootWeb(Object(Config\Paths))
WARNING - 2026-02-17 13:22:34 --> [DEPRECATED] Passing lowercase HTTP method "post" is deprecated. Use uppercase HTTP method like "POST". in SYSTEMPATH/Router/RouteCollection.php on line 1026.
 1 SYSTEMPATH/Router/RouteCollection.php(1026): trigger_error('Passing lowercase HTTP method "post" is deprecated. Use uppercase HTTP method like "POST".', 16384)
 2 APPPATH/Config/Routes.php(135): CodeIgniter\Router\RouteCollection->match([...], 'locations/generarPDF', 'LocationsPdfController::generarPDF')
 3 SYSTEMPATH/Router/RouteCollection.php(339): require('/home/u976386866/domains/servipro.site/public_html/app/app/Config/Routes.php')
 4 SYSTEMPATH/CodeIgniter.php(821): CodeIgniter\Router\RouteCollection->loadRoutes()
 5 SYSTEMPATH/CodeIgniter.php(455): CodeIgniter\CodeIgniter->tryToRouteIt(null)
 6 SYSTEMPATH/CodeIgniter.php(354): CodeIgniter\CodeIgniter->handleRequest(null, Object(Config\Cache), false)
 7 SYSTEMPATH/Boot.php(334): CodeIgniter\CodeIgniter->run()
 8 SYSTEMPATH/Boot.php(67): CodeIgniter\Boot::runCodeIgniter(Object(CodeIgniter\CodeIgniter))
 9 FCPATH/index.php(56): CodeIgniter\Boot::bootWeb(Object(Config\Paths))
WARNING - 2026-02-17 14:03:07 --> [DEPRECATED] Passing lowercase HTTP method "get" is deprecated. Use uppercase HTTP method like "GET". in SYSTEMPATH/Router/RouteCollection.php on line 1026.
 1 SYSTEMPATH/Router/RouteCollection.php(1026): trigger_error('Passing lowercase HTTP method "get" is deprecated. Use uppercase HTTP method like "GET".', 16384)
 2 APPPATH/Config/Routes.php(135): CodeIgniter\Router\RouteCollection->match([...], 'locations/generarPDF', 'LocationsPdfController::generarPDF')
 3 SYSTEMPATH/Router/RouteCollection.php(339): require('/home/u976386866/domains/servipro.site/public_html/app/app/Config/Routes.php')
 4 SYSTEMPATH/CodeIgniter.php(821): CodeIgniter\Router\RouteCollection->loadRoutes()
 5 SYSTEMPATH/CodeIgniter.php(455): CodeIgniter\CodeIgniter->tryToRouteIt(null)
 6 SYSTEMPATH/CodeIgniter.php(354): CodeIgniter\CodeIgniter->handleRequest(null, Object(Config\Cache), false)
 7 SYSTEMPATH/Boot.php(334): CodeIgniter\CodeIgniter->run()
 8 SYSTEMPATH/Boot.php(67): CodeIgniter\Boot::runCodeIgniter(Object(CodeIgniter\CodeIgniter))
 9 FCPATH/index.php(56): CodeIgniter\Boot::bootWeb(Object(Config\Paths))
WARNING - 2026-02-17 14:03:07 --> [DEPRECATED] Passing lowercase HTTP method "post" is deprecated. Use uppercase HTTP method like "POST". in SYSTEMPATH/Router/RouteCollection.php on line 1026.
 1 SYSTEMPATH/Router/RouteCollection.php(1026): trigger_error('Passing lowercase HTTP method "post" is deprecated. Use uppercase HTTP method like "POST".', 16384)
 2 APPPATH/Config/Routes.php(135): CodeIgniter\Router\RouteCollection->match([...], 'locations/generarPDF', 'LocationsPdfController::generarPDF')
 3 SYSTEMPATH/Router/RouteCollection.php(339): require('/home/u976386866/domains/servipro.site/public_html/app/app/Config/Routes.php')
 4 SYSTEMPATH/CodeIgniter.php(821): CodeIgniter\Router\RouteCollection->loadRoutes()
 5 SYSTEMPATH/CodeIgniter.php(455): CodeIgniter\CodeIgniter->tryToRouteIt(null)
 6 SYSTEMPATH/CodeIgniter.php(354): CodeIgniter\CodeIgniter->handleRequest(null, Object(Config\Cache), false)
 7 SYSTEMPATH/Boot.php(334): CodeIgniter\CodeIgniter->run()
 8 SYSTEMPATH/Boot.php(67): CodeIgniter\Boot::runCodeIgniter(Object(CodeIgniter\CodeIgniter))
 9 FCPATH/index.php(56): CodeIgniter\Boot::bootWeb(Object(Config\Paths))
DEBUG - 2026-02-17 14:03:07 --> Session: Class initialized using 'CodeIgniter\Session\Handlers\FileHandler' driver.
WARNING - 2026-02-17 14:36:35 --> [DEPRECATED] Passing lowercase HTTP method "get" is deprecated. Use uppercase HTTP method like "GET". in SYSTEMPATH/Router/RouteCollection.php on line 1026.
 1 SYSTEMPATH/Router/RouteCollection.php(1026): trigger_error('Passing lowercase HTTP method "get" is deprecated. Use uppercase HTTP method like "GET".', 16384)
 2 APPPATH/Config/Routes.php(135): CodeIgniter\Router\RouteCollection->match([...], 'locations/generarPDF', 'LocationsPdfController::generarPDF')
 3 SYSTEMPATH/Router/RouteCollection.php(339): require('/home/u976386866/domains/servipro.site/public_html/app/app/Config/Routes.php')
 4 SYSTEMPATH/CodeIgniter.php(821): CodeIgniter\Router\RouteCollection->loadRoutes()
 5 SYSTEMPATH/CodeIgniter.php(455): CodeIgniter\CodeIgniter->tryToRouteIt(null)
 6 SYSTEMPATH/CodeIgniter.php(354): CodeIgniter\CodeIgniter->handleRequest(null, Object(Config\Cache), false)
 7 SYSTEMPATH/Boot.php(334): CodeIgniter\CodeIgniter->run()
 8 SYSTEMPATH/Boot.php(67): CodeIgniter\Boot::runCodeIgniter(Object(CodeIgniter\CodeIgniter))
 9 FCPATH/index.php(56): CodeIgniter\Boot::bootWeb(Object(Config\Paths))
WARNING - 2026-02-17 14:36:35 --> [DEPRECATED] Passing lowercase HTTP method "post" is deprecated. Use uppercase HTTP method like "POST". in SYSTEMPATH/Router/RouteCollection.php on line 1026.
 1 SYSTEMPATH/Router/RouteCollection.php(1026): trigger_error('Passing lowercase HTTP method "post" is deprecated. Use uppercase HTTP method like "POST".', 16384)
 2 APPPATH/Config/Routes.php(135): CodeIgniter\Router\RouteCollection->match([...], 'locations/generarPDF', 'LocationsPdfController::generarPDF')
 3 SYSTEMPATH/Router/RouteCollection.php(339): require('/home/u976386866/domains/servipro.site/public_html/app/app/Config/Routes.php')
 4 SYSTEMPATH/CodeIgniter.php(821): CodeIgniter\Router\RouteCollection->loadRoutes()
 5 SYSTEMPATH/CodeIgniter.php(455): CodeIgniter\CodeIgniter->tryToRouteIt(null)
 6 SYSTEMPATH/CodeIgniter.php(354): CodeIgniter\CodeIgniter->handleRequest(null, Object(Config\Cache), false)
 7 SYSTEMPATH/Boot.php(334): CodeIgniter\CodeIgniter->run()
 8 SYSTEMPATH/Boot.php(67): CodeIgniter\Boot::runCodeIgniter(Object(CodeIgniter\CodeIgniter))
 9 FCPATH/index.php(56): CodeIgniter\Boot::bootWeb(Object(Config\Paths))
DEBUG - 2026-02-17 14:36:35 --> Session: Class initialized using 'CodeIgniter\Session\Handlers\FileHandler' driver.
WARNING - 2026-02-17 14:36:35 --> [DEPRECATED] Passing lowercase HTTP method "get" is deprecated. Use uppercase HTTP method like "GET". in SYSTEMPATH/Router/RouteCollection.php on line 1026.
 1 SYSTEMPATH/Router/RouteCollection.php(1026): trigger_error('Passing lowercase HTTP method "get" is deprecated. Use uppercase HTTP method like "GET".', 16384)
 2 APPPATH/Config/Routes.php(135): CodeIgniter\Router\RouteCollection->match([...], 'locations/generarPDF', 'LocationsPdfController::generarPDF')
 3 SYSTEMPATH/Router/RouteCollection.php(339): require('/home/u976386866/domains/servipro.site/public_html/app/app/Config/Routes.php')
 4 SYSTEMPATH/CodeIgniter.php(821): CodeIgniter\Router\RouteCollection->loadRoutes()
 5 SYSTEMPATH/CodeIgniter.php(455): CodeIgniter\CodeIgniter->tryToRouteIt(null)
 6 SYSTEMPATH/CodeIgniter.php(354): CodeIgniter\CodeIgniter->handleRequest(null, Object(Config\Cache), false)
 7 SYSTEMPATH/Boot.php(334): CodeIgniter\CodeIgniter->run()
 8 SYSTEMPATH/Boot.php(67): CodeIgniter\Boot::runCodeIgniter(Object(CodeIgniter\CodeIgniter))
 9 FCPATH/index.php(56): CodeIgniter\Boot::bootWeb(Object(Config\Paths))
WARNING - 2026-02-17 14:36:35 --> [DEPRECATED] Passing lowercase HTTP method "post" is deprecated. Use uppercase HTTP method like "POST". in SYSTEMPATH/Router/RouteCollection.php on line 1026.
 1 SYSTEMPATH/Router/RouteCollection.php(1026): trigger_error('Passing lowercase HTTP method "post" is deprecated. Use uppercase HTTP method like "POST".', 16384)
 2 APPPATH/Config/Routes.php(135): CodeIgniter\Router\RouteCollection->match([...], 'locations/generarPDF', 'LocationsPdfController::generarPDF')
 3 SYSTEMPATH/Router/RouteCollection.php(339): require('/home/u976386866/domains/servipro.site/public_html/app/app/Config/Routes.php')
 4 SYSTEMPATH/CodeIgniter.php(821): CodeIgniter\Router\RouteCollection->loadRoutes()
 5 SYSTEMPATH/CodeIgniter.php(455): CodeIgniter\CodeIgniter->tryToRouteIt(null)
 6 SYSTEMPATH/CodeIgniter.php(354): CodeIgniter\CodeIgniter->handleRequest(null, Object(Config\Cache), false)
 7 SYSTEMPATH/Boot.php(334): CodeIgniter\CodeIgniter->run()
 8 SYSTEMPATH/Boot.php(67): CodeIgniter\Boot::runCodeIgniter(Object(CodeIgniter\CodeIgniter))
 9 FCPATH/index.php(56): CodeIgniter\Boot::bootWeb(Object(Config\Paths))
DEBUG - 2026-02-17 14:36:35 --> Session: Class initialized using 'CodeIgniter\Session\Handlers\FileHandler' driver.
WARNING - 2026-02-17 14:36:38 --> [DEPRECATED] Passing lowercase HTTP method "get" is deprecated. Use uppercase HTTP method like "GET". in SYSTEMPATH/Router/RouteCollection.php on line 1026.
 1 SYSTEMPATH/Router/RouteCollection.php(1026): trigger_error('Passing lowercase HTTP method "get" is deprecated. Use uppercase HTTP method like "GET".', 16384)
 2 APPPATH/Config/Routes.php(135): CodeIgniter\Router\RouteCollection->match([...], 'locations/generarPDF', 'LocationsPdfController::generarPDF')
 3 SYSTEMPATH/Router/RouteCollection.php(339): require('/home/u976386866/domains/servipro.site/public_html/app/app/Config/Routes.php')
 4 SYSTEMPATH/CodeIgniter.php(821): CodeIgniter\Router\RouteCollection->loadRoutes()
 5 SYSTEMPATH/CodeIgniter.php(455): CodeIgniter\CodeIgniter->tryToRouteIt(null)
 6 SYSTEMPATH/CodeIgniter.php(354): CodeIgniter\CodeIgniter->handleRequest(null, Object(Config\Cache), false)
 7 SYSTEMPATH/Boot.php(334): CodeIgniter\CodeIgniter->run()
 8 SYSTEMPATH/Boot.php(67): CodeIgniter\Boot::runCodeIgniter(Object(CodeIgniter\CodeIgniter))
 9 FCPATH/index.php(56): CodeIgniter\Boot::bootWeb(Object(Config\Paths))
WARNING - 2026-02-17 14:36:38 --> [DEPRECATED] Passing lowercase HTTP method "post" is deprecated. Use uppercase HTTP method like "POST". in SYSTEMPATH/Router/RouteCollection.php on line 1026.
 1 SYSTEMPATH/Router/RouteCollection.php(1026): trigger_error('Passing lowercase HTTP method "post" is deprecated. Use uppercase HTTP method like "POST".', 16384)
 2 APPPATH/Config/Routes.php(135): CodeIgniter\Router\RouteCollection->match([...], 'locations/generarPDF', 'LocationsPdfController::generarPDF')
 3 SYSTEMPATH/Router/RouteCollection.php(339): require('/home/u976386866/domains/servipro.site/public_html/app/app/Config/Routes.php')
 4 SYSTEMPATH/CodeIgniter.php(821): CodeIgniter\Router\RouteCollection->loadRoutes()
 5 SYSTEMPATH/CodeIgniter.php(455): CodeIgniter\CodeIgniter->tryToRouteIt(null)
 6 SYSTEMPATH/CodeIgniter.php(354): CodeIgniter\CodeIgniter->handleRequest(null, Object(Config\Cache), false)
 7 SYSTEMPATH/Boot.php(334): CodeIgniter\CodeIgniter->run()
 8 SYSTEMPATH/Boot.php(67): CodeIgniter\Boot::runCodeIgniter(Object(CodeIgniter\CodeIgniter))
 9 FCPATH/index.php(56): CodeIgniter\Boot::bootWeb(Object(Config\Paths))
DEBUG - 2026-02-17 14:36:38 --> Session: Class initialized using 'CodeIgniter\Session\Handlers\FileHandler' driver.
WARNING - 2026-02-17 14:36:39 --> [DEPRECATED] Passing lowercase HTTP method "get" is deprecated. Use uppercase HTTP method like "GET". in SYSTEMPATH/Router/RouteCollection.php on line 1026.
 1 SYSTEMPATH/Router/RouteCollection.php(1026): trigger_error('Passing lowercase HTTP method "get" is deprecated. Use uppercase HTTP method like "GET".', 16384)
 2 APPPATH/Config/Routes.php(135): CodeIgniter\Router\RouteCollection->match([...], 'locations/generarPDF', 'LocationsPdfController::generarPDF')
 3 SYSTEMPATH/Router/RouteCollection.php(339): require('/home/u976386866/domains/servipro.site/public_html/app/app/Config/Routes.php')
 4 SYSTEMPATH/CodeIgniter.php(821): CodeIgniter\Router\RouteCollection->loadRoutes()
 5 SYSTEMPATH/CodeIgniter.php(455): CodeIgniter\CodeIgniter->tryToRouteIt(null)
 6 SYSTEMPATH/CodeIgniter.php(354): CodeIgniter\CodeIgniter->handleRequest(null, Object(Config\Cache), false)
 7 SYSTEMPATH/Boot.php(334): CodeIgniter\CodeIgniter->run()
 8 SYSTEMPATH/Boot.php(67): CodeIgniter\Boot::runCodeIgniter(Object(CodeIgniter\CodeIgniter))
 9 FCPATH/index.php(56): CodeIgniter\Boot::bootWeb(Object(Config\Paths))
WARNING - 2026-02-17 14:36:39 --> [DEPRECATED] Passing lowercase HTTP method "post" is deprecated. Use uppercase HTTP method like "POST". in SYSTEMPATH/Router/RouteCollection.php on line 1026.
 1 SYSTEMPATH/Router/RouteCollection.php(1026): trigger_error('Passing lowercase HTTP method "post" is deprecated. Use uppercase HTTP method like "POST".', 16384)
 2 APPPATH/Config/Routes.php(135): CodeIgniter\Router\RouteCollection->match([...], 'locations/generarPDF', 'LocationsPdfController::generarPDF')
 3 SYSTEMPATH/Router/RouteCollection.php(339): require('/home/u976386866/domains/servipro.site/public_html/app/app/Config/Routes.php')
 4 SYSTEMPATH/CodeIgniter.php(821): CodeIgniter\Router\RouteCollection->loadRoutes()
 5 SYSTEMPATH/CodeIgniter.php(455): CodeIgniter\CodeIgniter->tryToRouteIt(null)
 6 SYSTEMPATH/CodeIgniter.php(354): CodeIgniter\CodeIgniter->handleRequest(null, Object(Config\Cache), false)
 7 SYSTEMPATH/Boot.php(334): CodeIgniter\CodeIgniter->run()
 8 SYSTEMPATH/Boot.php(67): CodeIgniter\Boot::runCodeIgniter(Object(CodeIgniter\CodeIgniter))
 9 FCPATH/index.php(56): CodeIgniter\Boot::bootWeb(Object(Config\Paths))
DEBUG - 2026-02-17 14:36:39 --> Session: Class initialized using 'CodeIgniter\Session\Handlers\FileHandler' driver.
WARNING - 2026-02-17 14:37:17 --> [DEPRECATED] Passing lowercase HTTP method "get" is deprecated. Use uppercase HTTP method like "GET". in SYSTEMPATH/Router/RouteCollection.php on line 1026.
 1 SYSTEMPATH/Router/RouteCollection.php(1026): trigger_error('Passing lowercase HTTP method "get" is deprecated. Use uppercase HTTP method like "GET".', 16384)
 2 APPPATH/Config/Routes.php(135): CodeIgniter\Router\RouteCollection->match([...], 'locations/generarPDF', 'LocationsPdfController::generarPDF')
 3 SYSTEMPATH/Router/RouteCollection.php(339): require('/home/u976386866/domains/servipro.site/public_html/app/app/Config/Routes.php')
 4 SYSTEMPATH/CodeIgniter.php(821): CodeIgniter\Router\RouteCollection->loadRoutes()
 5 SYSTEMPATH/CodeIgniter.php(455): CodeIgniter\CodeIgniter->tryToRouteIt(null)
 6 SYSTEMPATH/CodeIgniter.php(354): CodeIgniter\CodeIgniter->handleRequest(null, Object(Config\Cache), false)
 7 SYSTEMPATH/Boot.php(334): CodeIgniter\CodeIgniter->run()
 8 SYSTEMPATH/Boot.php(67): CodeIgniter\Boot::runCodeIgniter(Object(CodeIgniter\CodeIgniter))
 9 FCPATH/index.php(56): CodeIgniter\Boot::bootWeb(Object(Config\Paths))
WARNING - 2026-02-17 14:37:17 --> [DEPRECATED] Passing lowercase HTTP method "post" is deprecated. Use uppercase HTTP method like "POST". in SYSTEMPATH/Router/RouteCollection.php on line 1026.
 1 SYSTEMPATH/Router/RouteCollection.php(1026): trigger_error('Passing lowercase HTTP method "post" is deprecated. Use uppercase HTTP method like "POST".', 16384)
 2 APPPATH/Config/Routes.php(135): CodeIgniter\Router\RouteCollection->match([...], 'locations/generarPDF', 'LocationsPdfController::generarPDF')
 3 SYSTEMPATH/Router/RouteCollection.php(339): require('/home/u976386866/domains/servipro.site/public_html/app/app/Config/Routes.php')
 4 SYSTEMPATH/CodeIgniter.php(821): CodeIgniter\Router\RouteCollection->loadRoutes()
 5 SYSTEMPATH/CodeIgniter.php(455): CodeIgniter\CodeIgniter->tryToRouteIt(null)
 6 SYSTEMPATH/CodeIgniter.php(354): CodeIgniter\CodeIgniter->handleRequest(null, Object(Config\Cache), false)
 7 SYSTEMPATH/Boot.php(334): CodeIgniter\CodeIgniter->run()
 8 SYSTEMPATH/Boot.php(67): CodeIgniter\Boot::runCodeIgniter(Object(CodeIgniter\CodeIgniter))
 9 FCPATH/index.php(56): CodeIgniter\Boot::bootWeb(Object(Config\Paths))
DEBUG - 2026-02-17 14:37:17 --> Session: Class initialized using 'CodeIgniter\Session\Handlers\FileHandler' driver.
DEBUG - 2026-02-17 14:37:17 --> Iniciando carga de sedes
DEBUG - 2026-02-17 14:37:17 --> Sedes cargadas: [{"id":"18","nombre":"Bimbo Azcapotzalco","direccion":"Av San Pablo Xalpa 520, San Martin Xochinahuac, Azcapotzalco, 02120 Ciudad de M\u00e9xico, CDMX","ciudad":"CDMC","pais":"M\u00e9xico","fecha_creacion":"2025-04-07 12:06:45","estatus":"1"},{"id":"21","nombre":"Bimbo Villahermosa","direccion":"Av. Cobre 105, Cd Industrial, 86010 Villahermosa, Tabasco","ciudad":"Villahermosa, Tabasco","pais":"M\u00e9xico","fecha_creacion":"2025-05-12 12:11:50","estatus":"1"},{"id":"22","nombre":"Totis Planta uno Botana","direccion":"Av. San Pablo Xalpa 520, San Mart\u00edn Xochinahuac, Azcapotzalco, 02120 Ciudad de M\u00e9xico, CDMX","ciudad":"CDMX","pais":"Mexico","fecha_creacion":"2025-05-28 09:41:53","estatus":"1"},{"id":"23","nombre":"BIMBO YUCAT\u00c1N","direccion":"CALLE 21, #426, INT 0, COL. CIUDAD INDUSTRIAL","ciudad":"M\u00c9RIDA","pais":"M\u00c9XICO","fecha_creacion":"2025-07-14 17:00:19","estatus":"1"},{"id":"24","nombre":"Bimbo Toluca","direccion":"Corredor Industrial, Mz 2, Lote E, Ex Rancho El Coecillo","ciudad":"Toluca","pais":"M\u00e9xico","fecha_creacion":"2025-07-28 13:39:14","estatus":"1"},{"id":"26","nombre":"Totis planta dos","direccion":"Eje oriente poniente no. 38, col. Ciudad industrial, CP 43800, Tizayuca, Hidalgo","ciudad":"Tizayuca","pais":"M\u00e9xico","fecha_creacion":"2025-10-27 16:30:54","estatus":"1"},{"id":"27","nombre":"Bimbo M\u00e9xico Santa Mar\u00eda ","direccion":"Mimosas 117, 118 Col. Santa Mar\u00eda Insurgentes Cuauht\u00e9moc CDMX ","ciudad":"CDMX","pais":"M\u00e9xico","fecha_creacion":"2025-11-02 10:48:40","estatus":"1"},{"id":"28","nombre":"HAZPAN-LONCHIBON","direccion":"EMILIANO ZAPATA 25, PQUE. IND. LERMA","ciudad":"TOLUCA","pais":"M\u00e9xico","fecha_creacion":"2025-11-27 11:43:59","estatus":"1"},{"id":"29","nombre":"Suandy Marinela Toluca","direccion":"Emiliano Zapata 25, Pque. Ind. Lerma","ciudad":"TOLUCA","pais":"M\u00e9xico","fecha_creacion":"2025-11-27 11:55:24","estatus":"1"},{"id":"30","nombre":"T\u00eda Rosa, Toluca ","direccion":"Benito Juarez Mz. 027","ciudad":"Sta. Ma. Totoltepec, Toluca","pais":"M\u00e9xico","fecha_creacion":"2025-11-27 11:56:59","estatus":"1"},{"id":"31","nombre":"Bimbo Norte","direccion":"Av. F\u00e9lix U. G\u00f3mez 4203, Coyoac\u00e1n, C.P. 64510","ciudad":"Monterrey N.L.","pais":"M\u00e9xico","fecha_creacion":"2025-11-28 15:45:37","estatus":"1"},{"id":"32","nombre":"PLANTA DE PRUEBA","direccion":"PRUEBAS","ciudad":"DCDS","pais":"MEXICO","fecha_creacion":"2025-12-07 18:59:44","estatus":"1"},{"id":"33","nombre":"BSL","direccion":"Eje 128 #135 manzana 3, zona industrial segunda secci\u00f3n ","ciudad":"San Luis Potos\u00ed","pais":"M\u00e9xico","fecha_creacion":"2025-12-08 21:23:56","estatus":"1"},{"id":"34","nombre":"Sanissimo Monterrey","direccion":"Manuel de la Pe\u00f1a y Pe\u00f1a #1020-5, Bella Vista","ciudad":"Monterrey N.L.","pais":"M\u00e9xico","fecha_creacion":"2025-12-08 21:28:12","estatus":"1"},{"id":"36","nombre":"Bimbo Yucat\u00e1n Prueba 2025","direccion":"Calle 21, Villas M\u00e9rida, C.P. 97288, M\u00e9rida Yucat\u00e1n","ciudad":"M\u00e9rida Yucat\u00e1n","pais":"Mexico","fecha_creacion":"2025-12-16 10:43:55","estatus":"1"},{"id":"37","nombre":"BIMBO YUCATAN","direccion":"CALLE 21 CD. INDUSTRIAL","ciudad":"MERIDA YUCATAN","pais":"MEXICO","fecha_creacion":"2025-12-16 17:13:12","estatus":"1"},{"id":"38","nombre":"Bimbo Pac\u00edfico","direccion":"Av. Luis Donaldo Colosio Murrieta, No. 18900","ciudad":"Mazatl\u00e1n","pais":"M\u00e9xico","fecha_creacion":"2025-12-17 11:28:47","estatus":"1"},{"id":"39","nombre":"Bimbo Golfo","direccion":"Km 441 Carretera M\u00e9xico - Veracruz V\u00eda Xalapa, Colonia Francisco Villa, Veracruz, Veracruz, C.P: 91960","ciudad":"Veracruz","pais":"M\u00e9xico","fecha_creacion":"2025-12-17 20:05:59","estatus":"1"},{"id":"40","nombre":"Bimbo Tijuana","direccion":"Av. de Todos los santos S\/N, Industrial Pac\u00edfico, 22643. Tijuana, Baja California.","ciudad":"Tijuana","pais":"M\u00e9xico","fecha_creacion":"2026-01-02 13:33:01","estatus":"1"},{"id":"41","nombre":"PLANTA PRUEBA N","direccion":"SERVIPRO MX","ciudad":"Ciudad de M\u00e9xico","pais":"M\u00e9xico","fecha_creacion":"2026-01-06 17:57:01","estatus":"1"}]
WARNING - 2026-02-17 14:38:53 --> [DEPRECATED] Passing lowercase HTTP method "get" is deprecated. Use uppercase HTTP method like "GET". in SYSTEMPATH/Router/RouteCollection.php on line 1026.
 1 SYSTEMPATH/Router/RouteCollection.php(1026): trigger_error('Passing lowercase HTTP method "get" is deprecated. Use uppercase HTTP method like "GET".', 16384)
 2 APPPATH/Config/Routes.php(135): CodeIgniter\Router\RouteCollection->match([...], 'locations/generarPDF', 'LocationsPdfController::generarPDF')
 3 SYSTEMPATH/Router/RouteCollection.php(339): require('/home/u976386866/domains/servipro.site/public_html/app/app/Config/Routes.php')
 4 SYSTEMPATH/CodeIgniter.php(821): CodeIgniter\Router\RouteCollection->loadRoutes()
 5 SYSTEMPATH/CodeIgniter.php(455): CodeIgniter\CodeIgniter->tryToRouteIt(null)
 6 SYSTEMPATH/CodeIgniter.php(354): CodeIgniter\CodeIgniter->handleRequest(null, Object(Config\Cache), false)
 7 SYSTEMPATH/Boot.php(334): CodeIgniter\CodeIgniter->run()
 8 SYSTEMPATH/Boot.php(67): CodeIgniter\Boot::runCodeIgniter(Object(CodeIgniter\CodeIgniter))
 9 FCPATH/index.php(56): CodeIgniter\Boot::bootWeb(Object(Config\Paths))
WARNING - 2026-02-17 14:38:53 --> [DEPRECATED] Passing lowercase HTTP method "post" is deprecated. Use uppercase HTTP method like "POST". in SYSTEMPATH/Router/RouteCollection.php on line 1026.
 1 SYSTEMPATH/Router/RouteCollection.php(1026): trigger_error('Passing lowercase HTTP method "post" is deprecated. Use uppercase HTTP method like "POST".', 16384)
 2 APPPATH/Config/Routes.php(135): CodeIgniter\Router\RouteCollection->match([...], 'locations/generarPDF', 'LocationsPdfController::generarPDF')
 3 SYSTEMPATH/Router/RouteCollection.php(339): require('/home/u976386866/domains/servipro.site/public_html/app/app/Config/Routes.php')
 4 SYSTEMPATH/CodeIgniter.php(821): CodeIgniter\Router\RouteCollection->loadRoutes()
 5 SYSTEMPATH/CodeIgniter.php(455): CodeIgniter\CodeIgniter->tryToRouteIt(null)
 6 SYSTEMPATH/CodeIgniter.php(354): CodeIgniter\CodeIgniter->handleRequest(null, Object(Config\Cache), false)
 7 SYSTEMPATH/Boot.php(334): CodeIgniter\CodeIgniter->run()
 8 SYSTEMPATH/Boot.php(67): CodeIgniter\Boot::runCodeIgniter(Object(CodeIgniter\CodeIgniter))
 9 FCPATH/index.php(56): CodeIgniter\Boot::bootWeb(Object(Config\Paths))
DEBUG - 2026-02-17 14:38:53 --> Session: Class initialized using 'CodeIgniter\Session\Handlers\FileHandler' driver.
DEBUG - 2026-02-17 14:38:53 --> Iniciando carga de sedes
DEBUG - 2026-02-17 14:38:53 --> Sedes cargadas: [{"id":"18","nombre":"Bimbo Azcapotzalco","direccion":"Av San Pablo Xalpa 520, San Martin Xochinahuac, Azcapotzalco, 02120 Ciudad de M\u00e9xico, CDMX","ciudad":"CDMC","pais":"M\u00e9xico","fecha_creacion":"2025-04-07 12:06:45","estatus":"1"},{"id":"21","nombre":"Bimbo Villahermosa","direccion":"Av. Cobre 105, Cd Industrial, 86010 Villahermosa, Tabasco","ciudad":"Villahermosa, Tabasco","pais":"M\u00e9xico","fecha_creacion":"2025-05-12 12:11:50","estatus":"1"},{"id":"22","nombre":"Totis Planta uno Botana","direccion":"Av. San Pablo Xalpa 520, San Mart\u00edn Xochinahuac, Azcapotzalco, 02120 Ciudad de M\u00e9xico, CDMX","ciudad":"CDMX","pais":"Mexico","fecha_creacion":"2025-05-28 09:41:53","estatus":"1"},{"id":"23","nombre":"BIMBO YUCAT\u00c1N","direccion":"CALLE 21, #426, INT 0, COL. CIUDAD INDUSTRIAL","ciudad":"M\u00c9RIDA","pais":"M\u00c9XICO","fecha_creacion":"2025-07-14 17:00:19","estatus":"1"},{"id":"24","nombre":"Bimbo Toluca","direccion":"Corredor Industrial, Mz 2, Lote E, Ex Rancho El Coecillo","ciudad":"Toluca","pais":"M\u00e9xico","fecha_creacion":"2025-07-28 13:39:14","estatus":"1"},{"id":"26","nombre":"Totis planta dos","direccion":"Eje oriente poniente no. 38, col. Ciudad industrial, CP 43800, Tizayuca, Hidalgo","ciudad":"Tizayuca","pais":"M\u00e9xico","fecha_creacion":"2025-10-27 16:30:54","estatus":"1"},{"id":"27","nombre":"Bimbo M\u00e9xico Santa Mar\u00eda ","direccion":"Mimosas 117, 118 Col. Santa Mar\u00eda Insurgentes Cuauht\u00e9moc CDMX ","ciudad":"CDMX","pais":"M\u00e9xico","fecha_creacion":"2025-11-02 10:48:40","estatus":"1"},{"id":"28","nombre":"HAZPAN-LONCHIBON","direccion":"EMILIANO ZAPATA 25, PQUE. IND. LERMA","ciudad":"TOLUCA","pais":"M\u00e9xico","fecha_creacion":"2025-11-27 11:43:59","estatus":"1"},{"id":"29","nombre":"Suandy Marinela Toluca","direccion":"Emiliano Zapata 25, Pque. Ind. Lerma","ciudad":"TOLUCA","pais":"M\u00e9xico","fecha_creacion":"2025-11-27 11:55:24","estatus":"1"},{"id":"30","nombre":"T\u00eda Rosa, Toluca ","direccion":"Benito Juarez Mz. 027","ciudad":"Sta. Ma. Totoltepec, Toluca","pais":"M\u00e9xico","fecha_creacion":"2025-11-27 11:56:59","estatus":"1"},{"id":"31","nombre":"Bimbo Norte","direccion":"Av. F\u00e9lix U. G\u00f3mez 4203, Coyoac\u00e1n, C.P. 64510","ciudad":"Monterrey N.L.","pais":"M\u00e9xico","fecha_creacion":"2025-11-28 15:45:37","estatus":"1"},{"id":"32","nombre":"PLANTA DE PRUEBA","direccion":"PRUEBAS","ciudad":"DCDS","pais":"MEXICO","fecha_creacion":"2025-12-07 18:59:44","estatus":"1"},{"id":"33","nombre":"BSL","direccion":"Eje 128 #135 manzana 3, zona industrial segunda secci\u00f3n ","ciudad":"San Luis Potos\u00ed","pais":"M\u00e9xico","fecha_creacion":"2025-12-08 21:23:56","estatus":"1"},{"id":"34","nombre":"Sanissimo Monterrey","direccion":"Manuel de la Pe\u00f1a y Pe\u00f1a #1020-5, Bella Vista","ciudad":"Monterrey N.L.","pais":"M\u00e9xico","fecha_creacion":"2025-12-08 21:28:12","estatus":"1"},{"id":"36","nombre":"Bimbo Yucat\u00e1n Prueba 2025","direccion":"Calle 21, Villas M\u00e9rida, C.P. 97288, M\u00e9rida Yucat\u00e1n","ciudad":"M\u00e9rida Yucat\u00e1n","pais":"Mexico","fecha_creacion":"2025-12-16 10:43:55","estatus":"1"},{"id":"37","nombre":"BIMBO YUCATAN","direccion":"CALLE 21 CD. INDUSTRIAL","ciudad":"MERIDA YUCATAN","pais":"MEXICO","fecha_creacion":"2025-12-16 17:13:12","estatus":"1"},{"id":"38","nombre":"Bimbo Pac\u00edfico","direccion":"Av. Luis Donaldo Colosio Murrieta, No. 18900","ciudad":"Mazatl\u00e1n","pais":"M\u00e9xico","fecha_creacion":"2025-12-17 11:28:47","estatus":"1"},{"id":"39","nombre":"Bimbo Golfo","direccion":"Km 441 Carretera M\u00e9xico - Veracruz V\u00eda Xalapa, Colonia Francisco Villa, Veracruz, Veracruz, C.P: 91960","ciudad":"Veracruz","pais":"M\u00e9xico","fecha_creacion":"2025-12-17 20:05:59","estatus":"1"},{"id":"40","nombre":"Bimbo Tijuana","direccion":"Av. de Todos los santos S\/N, Industrial Pac\u00edfico, 22643. Tijuana, Baja California.","ciudad":"Tijuana","pais":"M\u00e9xico","fecha_creacion":"2026-01-02 13:33:01","estatus":"1"},{"id":"41","nombre":"PLANTA PRUEBA N","direccion":"SERVIPRO MX","ciudad":"Ciudad de M\u00e9xico","pais":"M\u00e9xico","fecha_creacion":"2026-01-06 17:57:01","estatus":"1"}]
WARNING - 2026-02-17 14:38:58 --> [DEPRECATED] Passing lowercase HTTP method "get" is deprecated. Use uppercase HTTP method like "GET". in SYSTEMPATH/Router/RouteCollection.php on line 1026.
 1 SYSTEMPATH/Router/RouteCollection.php(1026): trigger_error('Passing lowercase HTTP method "get" is deprecated. Use uppercase HTTP method like "GET".', 16384)
 2 APPPATH/Config/Routes.php(135): CodeIgniter\Router\RouteCollection->match([...], 'locations/generarPDF', 'LocationsPdfController::generarPDF')
 3 SYSTEMPATH/Router/RouteCollection.php(339): require('/home/u976386866/domains/servipro.site/public_html/app/app/Config/Routes.php')
 4 SYSTEMPATH/CodeIgniter.php(821): CodeIgniter\Router\RouteCollection->loadRoutes()
 5 SYSTEMPATH/CodeIgniter.php(455): CodeIgniter\CodeIgniter->tryToRouteIt(null)
 6 SYSTEMPATH/CodeIgniter.php(354): CodeIgniter\CodeIgniter->handleRequest(null, Object(Config\Cache), false)
 7 SYSTEMPATH/Boot.php(334): CodeIgniter\CodeIgniter->run()
 8 SYSTEMPATH/Boot.php(67): CodeIgniter\Boot::runCodeIgniter(Object(CodeIgniter\CodeIgniter))
 9 FCPATH/index.php(56): CodeIgniter\Boot::bootWeb(Object(Config\Paths))
WARNING - 2026-02-17 14:38:58 --> [DEPRECATED] Passing lowercase HTTP method "post" is deprecated. Use uppercase HTTP method like "POST". in SYSTEMPATH/Router/RouteCollection.php on line 1026.
 1 SYSTEMPATH/Router/RouteCollection.php(1026): trigger_error('Passing lowercase HTTP method "post" is deprecated. Use uppercase HTTP method like "POST".', 16384)
 2 APPPATH/Config/Routes.php(135): CodeIgniter\Router\RouteCollection->match([...], 'locations/generarPDF', 'LocationsPdfController::generarPDF')
 3 SYSTEMPATH/Router/RouteCollection.php(339): require('/home/u976386866/domains/servipro.site/public_html/app/app/Config/Routes.php')
 4 SYSTEMPATH/CodeIgniter.php(821): CodeIgniter\Router\RouteCollection->loadRoutes()
 5 SYSTEMPATH/CodeIgniter.php(455): CodeIgniter\CodeIgniter->tryToRouteIt(null)
 6 SYSTEMPATH/CodeIgniter.php(354): CodeIgniter\CodeIgniter->handleRequest(null, Object(Config\Cache), false)
 7 SYSTEMPATH/Boot.php(334): CodeIgniter\CodeIgniter->run()
 8 SYSTEMPATH/Boot.php(67): CodeIgniter\Boot::runCodeIgniter(Object(CodeIgniter\CodeIgniter))
 9 FCPATH/index.php(56): CodeIgniter\Boot::bootWeb(Object(Config\Paths))
DEBUG - 2026-02-17 14:38:58 --> Session: Class initialized using 'CodeIgniter\Session\Handlers\FileHandler' driver.
WARNING - 2026-02-17 14:38:59 --> [DEPRECATED] Passing lowercase HTTP method "get" is deprecated. Use uppercase HTTP method like "GET". in SYSTEMPATH/Router/RouteCollection.php on line 1026.
 1 SYSTEMPATH/Router/RouteCollection.php(1026): trigger_error('Passing lowercase HTTP method "get" is deprecated. Use uppercase HTTP method like "GET".', 16384)
 2 APPPATH/Config/Routes.php(135): CodeIgniter\Router\RouteCollection->match([...], 'locations/generarPDF', 'LocationsPdfController::generarPDF')
 3 SYSTEMPATH/Router/RouteCollection.php(339): require('/home/u976386866/domains/servipro.site/public_html/app/app/Config/Routes.php')
 4 SYSTEMPATH/CodeIgniter.php(821): CodeIgniter\Router\RouteCollection->loadRoutes()
 5 SYSTEMPATH/CodeIgniter.php(455): CodeIgniter\CodeIgniter->tryToRouteIt(null)
 6 SYSTEMPATH/CodeIgniter.php(354): CodeIgniter\CodeIgniter->handleRequest(null, Object(Config\Cache), false)
 7 SYSTEMPATH/Boot.php(334): CodeIgniter\CodeIgniter->run()
 8 SYSTEMPATH/Boot.php(67): CodeIgniter\Boot::runCodeIgniter(Object(CodeIgniter\CodeIgniter))
 9 FCPATH/index.php(56): CodeIgniter\Boot::bootWeb(Object(Config\Paths))
WARNING - 2026-02-17 14:38:59 --> [DEPRECATED] Passing lowercase HTTP method "post" is deprecated. Use uppercase HTTP method like "POST". in SYSTEMPATH/Router/RouteCollection.php on line 1026.
 1 SYSTEMPATH/Router/RouteCollection.php(1026): trigger_error('Passing lowercase HTTP method "post" is deprecated. Use uppercase HTTP method like "POST".', 16384)
 2 APPPATH/Config/Routes.php(135): CodeIgniter\Router\RouteCollection->match([...], 'locations/generarPDF', 'LocationsPdfController::generarPDF')
 3 SYSTEMPATH/Router/RouteCollection.php(339): require('/home/u976386866/domains/servipro.site/public_html/app/app/Config/Routes.php')
 4 SYSTEMPATH/CodeIgniter.php(821): CodeIgniter\Router\RouteCollection->loadRoutes()
 5 SYSTEMPATH/CodeIgniter.php(455): CodeIgniter\CodeIgniter->tryToRouteIt(null)
 6 SYSTEMPATH/CodeIgniter.php(354): CodeIgniter\CodeIgniter->handleRequest(null, Object(Config\Cache), false)
 7 SYSTEMPATH/Boot.php(334): CodeIgniter\CodeIgniter->run()
 8 SYSTEMPATH/Boot.php(67): CodeIgniter\Boot::runCodeIgniter(Object(CodeIgniter\CodeIgniter))
 9 FCPATH/index.php(56): CodeIgniter\Boot::bootWeb(Object(Config\Paths))
DEBUG - 2026-02-17 14:38:59 --> Session: Class initialized using 'CodeIgniter\Session\Handlers\FileHandler' driver.
WARNING - 2026-02-17 14:39:04 --> [DEPRECATED] Passing lowercase HTTP method "get" is deprecated. Use uppercase HTTP method like "GET". in SYSTEMPATH/Router/RouteCollection.php on line 1026.
 1 SYSTEMPATH/Router/RouteCollection.php(1026): trigger_error('Passing lowercase HTTP method "get" is deprecated. Use uppercase HTTP method like "GET".', 16384)
 2 APPPATH/Config/Routes.php(135): CodeIgniter\Router\RouteCollection->match([...], 'locations/generarPDF', 'LocationsPdfController::generarPDF')
 3 SYSTEMPATH/Router/RouteCollection.php(339): require('/home/u976386866/domains/servipro.site/public_html/app/app/Config/Routes.php')
 4 SYSTEMPATH/CodeIgniter.php(821): CodeIgniter\Router\RouteCollection->loadRoutes()
 5 SYSTEMPATH/CodeIgniter.php(455): CodeIgniter\CodeIgniter->tryToRouteIt(null)
 6 SYSTEMPATH/CodeIgniter.php(354): CodeIgniter\CodeIgniter->handleRequest(null, Object(Config\Cache), false)
 7 SYSTEMPATH/Boot.php(334): CodeIgniter\CodeIgniter->run()
 8 SYSTEMPATH/Boot.php(67): CodeIgniter\Boot::runCodeIgniter(Object(CodeIgniter\CodeIgniter))
 9 FCPATH/index.php(56): CodeIgniter\Boot::bootWeb(Object(Config\Paths))
WARNING - 2026-02-17 14:39:04 --> [DEPRECATED] Passing lowercase HTTP method "post" is deprecated. Use uppercase HTTP method like "POST". in SYSTEMPATH/Router/RouteCollection.php on line 1026.
 1 SYSTEMPATH/Router/RouteCollection.php(1026): trigger_error('Passing lowercase HTTP method "post" is deprecated. Use uppercase HTTP method like "POST".', 16384)
 2 APPPATH/Config/Routes.php(135): CodeIgniter\Router\RouteCollection->match([...], 'locations/generarPDF', 'LocationsPdfController::generarPDF')
 3 SYSTEMPATH/Router/RouteCollection.php(339): require('/home/u976386866/domains/servipro.site/public_html/app/app/Config/Routes.php')
 4 SYSTEMPATH/CodeIgniter.php(821): CodeIgniter\Router\RouteCollection->loadRoutes()
 5 SYSTEMPATH/CodeIgniter.php(455): CodeIgniter\CodeIgniter->tryToRouteIt(null)
 6 SYSTEMPATH/CodeIgniter.php(354): CodeIgniter\CodeIgniter->handleRequest(null, Object(Config\Cache), false)
 7 SYSTEMPATH/Boot.php(334): CodeIgniter\CodeIgniter->run()
 8 SYSTEMPATH/Boot.php(67): CodeIgniter\Boot::runCodeIgniter(Object(CodeIgniter\CodeIgniter))
 9 FCPATH/index.php(56): CodeIgniter\Boot::bootWeb(Object(Config\Paths))
DEBUG - 2026-02-17 14:39:04 --> Session: Class initialized using 'CodeIgniter\Session\Handlers\FileHandler' driver.
WARNING - 2026-02-17 14:39:16 --> [DEPRECATED] Passing lowercase HTTP method "get" is deprecated. Use uppercase HTTP method like "GET". in SYSTEMPATH/Router/RouteCollection.php on line 1026.
 1 SYSTEMPATH/Router/RouteCollection.php(1026): trigger_error('Passing lowercase HTTP method "get" is deprecated. Use uppercase HTTP method like "GET".', 16384)
 2 APPPATH/Config/Routes.php(135): CodeIgniter\Router\RouteCollection->match([...], 'locations/generarPDF', 'LocationsPdfController::generarPDF')
 3 SYSTEMPATH/Router/RouteCollection.php(339): require('/home/u976386866/domains/servipro.site/public_html/app/app/Config/Routes.php')
 4 SYSTEMPATH/CodeIgniter.php(821): CodeIgniter\Router\RouteCollection->loadRoutes()
 5 SYSTEMPATH/CodeIgniter.php(455): CodeIgniter\CodeIgniter->tryToRouteIt(null)
 6 SYSTEMPATH/CodeIgniter.php(354): CodeIgniter\CodeIgniter->handleRequest(null, Object(Config\Cache), false)
 7 SYSTEMPATH/Boot.php(334): CodeIgniter\CodeIgniter->run()
 8 SYSTEMPATH/Boot.php(67): CodeIgniter\Boot::runCodeIgniter(Object(CodeIgniter\CodeIgniter))
 9 FCPATH/index.php(56): CodeIgniter\Boot::bootWeb(Object(Config\Paths))
WARNING - 2026-02-17 14:39:16 --> [DEPRECATED] Passing lowercase HTTP method "post" is deprecated. Use uppercase HTTP method like "POST". in SYSTEMPATH/Router/RouteCollection.php on line 1026.
 1 SYSTEMPATH/Router/RouteCollection.php(1026): trigger_error('Passing lowercase HTTP method "post" is deprecated. Use uppercase HTTP method like "POST".', 16384)
 2 APPPATH/Config/Routes.php(135): CodeIgniter\Router\RouteCollection->match([...], 'locations/generarPDF', 'LocationsPdfController::generarPDF')
 3 SYSTEMPATH/Router/RouteCollection.php(339): require('/home/u976386866/domains/servipro.site/public_html/app/app/Config/Routes.php')
 4 SYSTEMPATH/CodeIgniter.php(821): CodeIgniter\Router\RouteCollection->loadRoutes()
 5 SYSTEMPATH/CodeIgniter.php(455): CodeIgniter\CodeIgniter->tryToRouteIt(null)
 6 SYSTEMPATH/CodeIgniter.php(354): CodeIgniter\CodeIgniter->handleRequest(null, Object(Config\Cache), false)
 7 SYSTEMPATH/Boot.php(334): CodeIgniter\CodeIgniter->run()
 8 SYSTEMPATH/Boot.php(67): CodeIgniter\Boot::runCodeIgniter(Object(CodeIgniter\CodeIgniter))
 9 FCPATH/index.php(56): CodeIgniter\Boot::bootWeb(Object(Config\Paths))
DEBUG - 2026-02-17 14:39:16 --> Session: Class initialized using 'CodeIgniter\Session\Handlers\FileHandler' driver.
WARNING - 2026-02-17 14:39:53 --> [DEPRECATED] Passing lowercase HTTP method "get" is deprecated. Use uppercase HTTP method like "GET". in SYSTEMPATH/Router/RouteCollection.php on line 1026.
 1 SYSTEMPATH/Router/RouteCollection.php(1026): trigger_error('Passing lowercase HTTP method "get" is deprecated. Use uppercase HTTP method like "GET".', 16384)
 2 APPPATH/Config/Routes.php(135): CodeIgniter\Router\RouteCollection->match([...], 'locations/generarPDF', 'LocationsPdfController::generarPDF')
 3 SYSTEMPATH/Router/RouteCollection.php(339): require('/home/u976386866/domains/servipro.site/public_html/app/app/Config/Routes.php')
 4 SYSTEMPATH/CodeIgniter.php(821): CodeIgniter\Router\RouteCollection->loadRoutes()
 5 SYSTEMPATH/CodeIgniter.php(455): CodeIgniter\CodeIgniter->tryToRouteIt(null)
 6 SYSTEMPATH/CodeIgniter.php(354): CodeIgniter\CodeIgniter->handleRequest(null, Object(Config\Cache), false)
 7 SYSTEMPATH/Boot.php(334): CodeIgniter\CodeIgniter->run()
 8 SYSTEMPATH/Boot.php(67): CodeIgniter\Boot::runCodeIgniter(Object(CodeIgniter\CodeIgniter))
 9 FCPATH/index.php(56): CodeIgniter\Boot::bootWeb(Object(Config\Paths))
WARNING - 2026-02-17 14:39:53 --> [DEPRECATED] Passing lowercase HTTP method "post" is deprecated. Use uppercase HTTP method like "POST". in SYSTEMPATH/Router/RouteCollection.php on line 1026.
 1 SYSTEMPATH/Router/RouteCollection.php(1026): trigger_error('Passing lowercase HTTP method "post" is deprecated. Use uppercase HTTP method like "POST".', 16384)
 2 APPPATH/Config/Routes.php(135): CodeIgniter\Router\RouteCollection->match([...], 'locations/generarPDF', 'LocationsPdfController::generarPDF')
 3 SYSTEMPATH/Router/RouteCollection.php(339): require('/home/u976386866/domains/servipro.site/public_html/app/app/Config/Routes.php')
 4 SYSTEMPATH/CodeIgniter.php(821): CodeIgniter\Router\RouteCollection->loadRoutes()
 5 SYSTEMPATH/CodeIgniter.php(455): CodeIgniter\CodeIgniter->tryToRouteIt(null)
 6 SYSTEMPATH/CodeIgniter.php(354): CodeIgniter\CodeIgniter->handleRequest(null, Object(Config\Cache), false)
 7 SYSTEMPATH/Boot.php(334): CodeIgniter\CodeIgniter->run()
 8 SYSTEMPATH/Boot.php(67): CodeIgniter\Boot::runCodeIgniter(Object(CodeIgniter\CodeIgniter))
 9 FCPATH/index.php(56): CodeIgniter\Boot::bootWeb(Object(Config\Paths))
DEBUG - 2026-02-17 14:39:53 --> Session: Class initialized using 'CodeIgniter\Session\Handlers\FileHandler' driver.
WARNING - 2026-02-17 14:39:57 --> [DEPRECATED] Passing lowercase HTTP method "get" is deprecated. Use uppercase HTTP method like "GET". in SYSTEMPATH/Router/RouteCollection.php on line 1026.
 1 SYSTEMPATH/Router/RouteCollection.php(1026): trigger_error('Passing lowercase HTTP method "get" is deprecated. Use uppercase HTTP method like "GET".', 16384)
 2 APPPATH/Config/Routes.php(135): CodeIgniter\Router\RouteCollection->match([...], 'locations/generarPDF', 'LocationsPdfController::generarPDF')
 3 SYSTEMPATH/Router/RouteCollection.php(339): require('/home/u976386866/domains/servipro.site/public_html/app/app/Config/Routes.php')
 4 SYSTEMPATH/CodeIgniter.php(821): CodeIgniter\Router\RouteCollection->loadRoutes()
 5 SYSTEMPATH/CodeIgniter.php(455): CodeIgniter\CodeIgniter->tryToRouteIt(null)
 6 SYSTEMPATH/CodeIgniter.php(354): CodeIgniter\CodeIgniter->handleRequest(null, Object(Config\Cache), false)
 7 SYSTEMPATH/Boot.php(334): CodeIgniter\CodeIgniter->run()
 8 SYSTEMPATH/Boot.php(67): CodeIgniter\Boot::runCodeIgniter(Object(CodeIgniter\CodeIgniter))
 9 FCPATH/index.php(56): CodeIgniter\Boot::bootWeb(Object(Config\Paths))
WARNING - 2026-02-17 14:39:57 --> [DEPRECATED] Passing lowercase HTTP method "post" is deprecated. Use uppercase HTTP method like "POST". in SYSTEMPATH/Router/RouteCollection.php on line 1026.
 1 SYSTEMPATH/Router/RouteCollection.php(1026): trigger_error('Passing lowercase HTTP method "post" is deprecated. Use uppercase HTTP method like "POST".', 16384)
 2 APPPATH/Config/Routes.php(135): CodeIgniter\Router\RouteCollection->match([...], 'locations/generarPDF', 'LocationsPdfController::generarPDF')
 3 SYSTEMPATH/Router/RouteCollection.php(339): require('/home/u976386866/domains/servipro.site/public_html/app/app/Config/Routes.php')
 4 SYSTEMPATH/CodeIgniter.php(821): CodeIgniter\Router\RouteCollection->loadRoutes()
 5 SYSTEMPATH/CodeIgniter.php(455): CodeIgniter\CodeIgniter->tryToRouteIt(null)
 6 SYSTEMPATH/CodeIgniter.php(354): CodeIgniter\CodeIgniter->handleRequest(null, Object(Config\Cache), false)
 7 SYSTEMPATH/Boot.php(334): CodeIgniter\CodeIgniter->run()
 8 SYSTEMPATH/Boot.php(67): CodeIgniter\Boot::runCodeIgniter(Object(CodeIgniter\CodeIgniter))
 9 FCPATH/index.php(56): CodeIgniter\Boot::bootWeb(Object(Config\Paths))
DEBUG - 2026-02-17 14:39:57 --> Session: Class initialized using 'CodeIgniter\Session\Handlers\FileHandler' driver.
WARNING - 2026-02-17 14:40:04 --> [DEPRECATED] Passing lowercase HTTP method "get" is deprecated. Use uppercase HTTP method like "GET". in SYSTEMPATH/Router/RouteCollection.php on line 1026.
 1 SYSTEMPATH/Router/RouteCollection.php(1026): trigger_error('Passing lowercase HTTP method "get" is deprecated. Use uppercase HTTP method like "GET".', 16384)
 2 APPPATH/Config/Routes.php(135): CodeIgniter\Router\RouteCollection->match([...], 'locations/generarPDF', 'LocationsPdfController::generarPDF')
 3 SYSTEMPATH/Router/RouteCollection.php(339): require('/home/u976386866/domains/servipro.site/public_html/app/app/Config/Routes.php')
 4 SYSTEMPATH/CodeIgniter.php(821): CodeIgniter\Router\RouteCollection->loadRoutes()
 5 SYSTEMPATH/CodeIgniter.php(455): CodeIgniter\CodeIgniter->tryToRouteIt(null)
 6 SYSTEMPATH/CodeIgniter.php(354): CodeIgniter\CodeIgniter->handleRequest(null, Object(Config\Cache), false)
 7 SYSTEMPATH/Boot.php(334): CodeIgniter\CodeIgniter->run()
 8 SYSTEMPATH/Boot.php(67): CodeIgniter\Boot::runCodeIgniter(Object(CodeIgniter\CodeIgniter))
 9 FCPATH/index.php(56): CodeIgniter\Boot::bootWeb(Object(Config\Paths))
WARNING - 2026-02-17 14:40:04 --> [DEPRECATED] Passing lowercase HTTP method "post" is deprecated. Use uppercase HTTP method like "POST". in SYSTEMPATH/Router/RouteCollection.php on line 1026.
 1 SYSTEMPATH/Router/RouteCollection.php(1026): trigger_error('Passing lowercase HTTP method "post" is deprecated. Use uppercase HTTP method like "POST".', 16384)
 2 APPPATH/Config/Routes.php(135): CodeIgniter\Router\RouteCollection->match([...], 'locations/generarPDF', 'LocationsPdfController::generarPDF')
 3 SYSTEMPATH/Router/RouteCollection.php(339): require('/home/u976386866/domains/servipro.site/public_html/app/app/Config/Routes.php')
 4 SYSTEMPATH/CodeIgniter.php(821): CodeIgniter\Router\RouteCollection->loadRoutes()
 5 SYSTEMPATH/CodeIgniter.php(455): CodeIgniter\CodeIgniter->tryToRouteIt(null)
 6 SYSTEMPATH/CodeIgniter.php(354): CodeIgniter\CodeIgniter->handleRequest(null, Object(Config\Cache), false)
 7 SYSTEMPATH/Boot.php(334): CodeIgniter\CodeIgniter->run()
 8 SYSTEMPATH/Boot.php(67): CodeIgniter\Boot::runCodeIgniter(Object(CodeIgniter\CodeIgniter))
 9 FCPATH/index.php(56): CodeIgniter\Boot::bootWeb(Object(Config\Paths))
DEBUG - 2026-02-17 14:40:04 --> Session: Class initialized using 'CodeIgniter\Session\Handlers\FileHandler' driver.
WARNING - 2026-02-17 14:40:04 --> [DEPRECATED] Passing lowercase HTTP method "get" is deprecated. Use uppercase HTTP method like "GET". in SYSTEMPATH/Router/RouteCollection.php on line 1026.
 1 SYSTEMPATH/Router/RouteCollection.php(1026): trigger_error('Passing lowercase HTTP method "get" is deprecated. Use uppercase HTTP method like "GET".', 16384)
 2 APPPATH/Config/Routes.php(135): CodeIgniter\Router\RouteCollection->match([...], 'locations/generarPDF', 'LocationsPdfController::generarPDF')
 3 SYSTEMPATH/Router/RouteCollection.php(339): require('/home/u976386866/domains/servipro.site/public_html/app/app/Config/Routes.php')
 4 SYSTEMPATH/CodeIgniter.php(821): CodeIgniter\Router\RouteCollection->loadRoutes()
 5 SYSTEMPATH/CodeIgniter.php(455): CodeIgniter\CodeIgniter->tryToRouteIt(null)
 6 SYSTEMPATH/CodeIgniter.php(354): CodeIgniter\CodeIgniter->handleRequest(null, Object(Config\Cache), false)
 7 SYSTEMPATH/Boot.php(334): CodeIgniter\CodeIgniter->run()
 8 SYSTEMPATH/Boot.php(67): CodeIgniter\Boot::runCodeIgniter(Object(CodeIgniter\CodeIgniter))
 9 FCPATH/index.php(56): CodeIgniter\Boot::bootWeb(Object(Config\Paths))
WARNING - 2026-02-17 14:40:04 --> [DEPRECATED] Passing lowercase HTTP method "post" is deprecated. Use uppercase HTTP method like "POST". in SYSTEMPATH/Router/RouteCollection.php on line 1026.
 1 SYSTEMPATH/Router/RouteCollection.php(1026): trigger_error('Passing lowercase HTTP method "post" is deprecated. Use uppercase HTTP method like "POST".', 16384)
 2 APPPATH/Config/Routes.php(135): CodeIgniter\Router\RouteCollection->match([...], 'locations/generarPDF', 'LocationsPdfController::generarPDF')
 3 SYSTEMPATH/Router/RouteCollection.php(339): require('/home/u976386866/domains/servipro.site/public_html/app/app/Config/Routes.php')
 4 SYSTEMPATH/CodeIgniter.php(821): CodeIgniter\Router\RouteCollection->loadRoutes()
 5 SYSTEMPATH/CodeIgniter.php(455): CodeIgniter\CodeIgniter->tryToRouteIt(null)
 6 SYSTEMPATH/CodeIgniter.php(354): CodeIgniter\CodeIgniter->handleRequest(null, Object(Config\Cache), false)
 7 SYSTEMPATH/Boot.php(334): CodeIgniter\CodeIgniter->run()
 8 SYSTEMPATH/Boot.php(67): CodeIgniter\Boot::runCodeIgniter(Object(CodeIgniter\CodeIgniter))
 9 FCPATH/index.php(56): CodeIgniter\Boot::bootWeb(Object(Config\Paths))
DEBUG - 2026-02-17 14:40:04 --> Session: Class initialized using 'CodeIgniter\Session\Handlers\FileHandler' driver.
WARNING - 2026-02-17 14:40:11 --> [DEPRECATED] Passing lowercase HTTP method "get" is deprecated. Use uppercase HTTP method like "GET". in SYSTEMPATH/Router/RouteCollection.php on line 1026.
 1 SYSTEMPATH/Router/RouteCollection.php(1026): trigger_error('Passing lowercase HTTP method "get" is deprecated. Use uppercase HTTP method like "GET".', 16384)
 2 APPPATH/Config/Routes.php(135): CodeIgniter\Router\RouteCollection->match([...], 'locations/generarPDF', 'LocationsPdfController::generarPDF')
 3 SYSTEMPATH/Router/RouteCollection.php(339): require('/home/u976386866/domains/servipro.site/public_html/app/app/Config/Routes.php')
 4 SYSTEMPATH/CodeIgniter.php(821): CodeIgniter\Router\RouteCollection->loadRoutes()
 5 SYSTEMPATH/CodeIgniter.php(455): CodeIgniter\CodeIgniter->tryToRouteIt(null)
 6 SYSTEMPATH/CodeIgniter.php(354): CodeIgniter\CodeIgniter->handleRequest(null, Object(Config\Cache), false)
 7 SYSTEMPATH/Boot.php(334): CodeIgniter\CodeIgniter->run()
 8 SYSTEMPATH/Boot.php(67): CodeIgniter\Boot::runCodeIgniter(Object(CodeIgniter\CodeIgniter))
 9 FCPATH/index.php(56): CodeIgniter\Boot::bootWeb(Object(Config\Paths))
WARNING - 2026-02-17 14:40:11 --> [DEPRECATED] Passing lowercase HTTP method "post" is deprecated. Use uppercase HTTP method like "POST". in SYSTEMPATH/Router/RouteCollection.php on line 1026.
 1 SYSTEMPATH/Router/RouteCollection.php(1026): trigger_error('Passing lowercase HTTP method "post" is deprecated. Use uppercase HTTP method like "POST".', 16384)
 2 APPPATH/Config/Routes.php(135): CodeIgniter\Router\RouteCollection->match([...], 'locations/generarPDF', 'LocationsPdfController::generarPDF')
 3 SYSTEMPATH/Router/RouteCollection.php(339): require('/home/u976386866/domains/servipro.site/public_html/app/app/Config/Routes.php')
 4 SYSTEMPATH/CodeIgniter.php(821): CodeIgniter\Router\RouteCollection->loadRoutes()
 5 SYSTEMPATH/CodeIgniter.php(455): CodeIgniter\CodeIgniter->tryToRouteIt(null)
 6 SYSTEMPATH/CodeIgniter.php(354): CodeIgniter\CodeIgniter->handleRequest(null, Object(Config\Cache), false)
 7 SYSTEMPATH/Boot.php(334): CodeIgniter\CodeIgniter->run()
 8 SYSTEMPATH/Boot.php(67): CodeIgniter\Boot::runCodeIgniter(Object(CodeIgniter\CodeIgniter))
 9 FCPATH/index.php(56): CodeIgniter\Boot::bootWeb(Object(Config\Paths))
DEBUG - 2026-02-17 14:40:11 --> Session: Class initialized using 'CodeIgniter\Session\Handlers\FileHandler' driver.
WARNING - 2026-02-17 14:40:36 --> [DEPRECATED] Passing lowercase HTTP method "get" is deprecated. Use uppercase HTTP method like "GET". in SYSTEMPATH/Router/RouteCollection.php on line 1026.
 1 SYSTEMPATH/Router/RouteCollection.php(1026): trigger_error('Passing lowercase HTTP method "get" is deprecated. Use uppercase HTTP method like "GET".', 16384)
 2 APPPATH/Config/Routes.php(135): CodeIgniter\Router\RouteCollection->match([...], 'locations/generarPDF', 'LocationsPdfController::generarPDF')
 3 SYSTEMPATH/Router/RouteCollection.php(339): require('/home/u976386866/domains/servipro.site/public_html/app/app/Config/Routes.php')
 4 SYSTEMPATH/CodeIgniter.php(821): CodeIgniter\Router\RouteCollection->loadRoutes()
 5 SYSTEMPATH/CodeIgniter.php(455): CodeIgniter\CodeIgniter->tryToRouteIt(null)
 6 SYSTEMPATH/CodeIgniter.php(354): CodeIgniter\CodeIgniter->handleRequest(null, Object(Config\Cache), false)
 7 SYSTEMPATH/Boot.php(334): CodeIgniter\CodeIgniter->run()
 8 SYSTEMPATH/Boot.php(67): CodeIgniter\Boot::runCodeIgniter(Object(CodeIgniter\CodeIgniter))
 9 FCPATH/index.php(56): CodeIgniter\Boot::bootWeb(Object(Config\Paths))
WARNING - 2026-02-17 14:40:36 --> [DEPRECATED] Passing lowercase HTTP method "post" is deprecated. Use uppercase HTTP method like "POST". in SYSTEMPATH/Router/RouteCollection.php on line 1026.
 1 SYSTEMPATH/Router/RouteCollection.php(1026): trigger_error('Passing lowercase HTTP method "post" is deprecated. Use uppercase HTTP method like "POST".', 16384)
 2 APPPATH/Config/Routes.php(135): CodeIgniter\Router\RouteCollection->match([...], 'locations/generarPDF', 'LocationsPdfController::generarPDF')
 3 SYSTEMPATH/Router/RouteCollection.php(339): require('/home/u976386866/domains/servipro.site/public_html/app/app/Config/Routes.php')
 4 SYSTEMPATH/CodeIgniter.php(821): CodeIgniter\Router\RouteCollection->loadRoutes()
 5 SYSTEMPATH/CodeIgniter.php(455): CodeIgniter\CodeIgniter->tryToRouteIt(null)
 6 SYSTEMPATH/CodeIgniter.php(354): CodeIgniter\CodeIgniter->handleRequest(null, Object(Config\Cache), false)
 7 SYSTEMPATH/Boot.php(334): CodeIgniter\CodeIgniter->run()
 8 SYSTEMPATH/Boot.php(67): CodeIgniter\Boot::runCodeIgniter(Object(CodeIgniter\CodeIgniter))
 9 FCPATH/index.php(56): CodeIgniter\Boot::bootWeb(Object(Config\Paths))
DEBUG - 2026-02-17 14:40:36 --> Session: Class initialized using 'CodeIgniter\Session\Handlers\FileHandler' driver.
WARNING - 2026-02-17 14:41:03 --> [DEPRECATED] Passing lowercase HTTP method "get" is deprecated. Use uppercase HTTP method like "GET". in SYSTEMPATH/Router/RouteCollection.php on line 1026.
 1 SYSTEMPATH/Router/RouteCollection.php(1026): trigger_error('Passing lowercase HTTP method "get" is deprecated. Use uppercase HTTP method like "GET".', 16384)
 2 APPPATH/Config/Routes.php(135): CodeIgniter\Router\RouteCollection->match([...], 'locations/generarPDF', 'LocationsPdfController::generarPDF')
 3 SYSTEMPATH/Router/RouteCollection.php(339): require('/home/u976386866/domains/servipro.site/public_html/app/app/Config/Routes.php')
 4 SYSTEMPATH/CodeIgniter.php(821): CodeIgniter\Router\RouteCollection->loadRoutes()
 5 SYSTEMPATH/CodeIgniter.php(455): CodeIgniter\CodeIgniter->tryToRouteIt(null)
 6 SYSTEMPATH/CodeIgniter.php(354): CodeIgniter\CodeIgniter->handleRequest(null, Object(Config\Cache), false)
 7 SYSTEMPATH/Boot.php(334): CodeIgniter\CodeIgniter->run()
 8 SYSTEMPATH/Boot.php(67): CodeIgniter\Boot::runCodeIgniter(Object(CodeIgniter\CodeIgniter))
 9 FCPATH/index.php(56): CodeIgniter\Boot::bootWeb(Object(Config\Paths))
WARNING - 2026-02-17 14:41:03 --> [DEPRECATED] Passing lowercase HTTP method "post" is deprecated. Use uppercase HTTP method like "POST". in SYSTEMPATH/Router/RouteCollection.php on line 1026.
 1 SYSTEMPATH/Router/RouteCollection.php(1026): trigger_error('Passing lowercase HTTP method "post" is deprecated. Use uppercase HTTP method like "POST".', 16384)
 2 APPPATH/Config/Routes.php(135): CodeIgniter\Router\RouteCollection->match([...], 'locations/generarPDF', 'LocationsPdfController::generarPDF')
 3 SYSTEMPATH/Router/RouteCollection.php(339): require('/home/u976386866/domains/servipro.site/public_html/app/app/Config/Routes.php')
 4 SYSTEMPATH/CodeIgniter.php(821): CodeIgniter\Router\RouteCollection->loadRoutes()
 5 SYSTEMPATH/CodeIgniter.php(455): CodeIgniter\CodeIgniter->tryToRouteIt(null)
 6 SYSTEMPATH/CodeIgniter.php(354): CodeIgniter\CodeIgniter->handleRequest(null, Object(Config\Cache), false)
 7 SYSTEMPATH/Boot.php(334): CodeIgniter\CodeIgniter->run()
 8 SYSTEMPATH/Boot.php(67): CodeIgniter\Boot::runCodeIgniter(Object(CodeIgniter\CodeIgniter))
 9 FCPATH/index.php(56): CodeIgniter\Boot::bootWeb(Object(Config\Paths))
DEBUG - 2026-02-17 14:41:03 --> Session: Class initialized using 'CodeIgniter\Session\Handlers\FileHandler' driver.
WARNING - 2026-02-17 14:41:11 --> [DEPRECATED] Passing lowercase HTTP method "get" is deprecated. Use uppercase HTTP method like "GET". in SYSTEMPATH/Router/RouteCollection.php on line 1026.
 1 SYSTEMPATH/Router/RouteCollection.php(1026): trigger_error('Passing lowercase HTTP method "get" is deprecated. Use uppercase HTTP method like "GET".', 16384)
 2 APPPATH/Config/Routes.php(135): CodeIgniter\Router\RouteCollection->match([...], 'locations/generarPDF', 'LocationsPdfController::generarPDF')
 3 SYSTEMPATH/Router/RouteCollection.php(339): require('/home/u976386866/domains/servipro.site/public_html/app/app/Config/Routes.php')
 4 SYSTEMPATH/CodeIgniter.php(821): CodeIgniter\Router\RouteCollection->loadRoutes()
 5 SYSTEMPATH/CodeIgniter.php(455): CodeIgniter\CodeIgniter->tryToRouteIt(null)
 6 SYSTEMPATH/CodeIgniter.php(354): CodeIgniter\CodeIgniter->handleRequest(null, Object(Config\Cache), false)
 7 SYSTEMPATH/Boot.php(334): CodeIgniter\CodeIgniter->run()
 8 SYSTEMPATH/Boot.php(67): CodeIgniter\Boot::runCodeIgniter(Object(CodeIgniter\CodeIgniter))
 9 FCPATH/index.php(56): CodeIgniter\Boot::bootWeb(Object(Config\Paths))
WARNING - 2026-02-17 14:41:11 --> [DEPRECATED] Passing lowercase HTTP method "post" is deprecated. Use uppercase HTTP method like "POST". in SYSTEMPATH/Router/RouteCollection.php on line 1026.
 1 SYSTEMPATH/Router/RouteCollection.php(1026): trigger_error('Passing lowercase HTTP method "post" is deprecated. Use uppercase HTTP method like "POST".', 16384)
 2 APPPATH/Config/Routes.php(135): CodeIgniter\Router\RouteCollection->match([...], 'locations/generarPDF', 'LocationsPdfController::generarPDF')
 3 SYSTEMPATH/Router/RouteCollection.php(339): require('/home/u976386866/domains/servipro.site/public_html/app/app/Config/Routes.php')
 4 SYSTEMPATH/CodeIgniter.php(821): CodeIgniter\Router\RouteCollection->loadRoutes()
 5 SYSTEMPATH/CodeIgniter.php(455): CodeIgniter\CodeIgniter->tryToRouteIt(null)
 6 SYSTEMPATH/CodeIgniter.php(354): CodeIgniter\CodeIgniter->handleRequest(null, Object(Config\Cache), false)
 7 SYSTEMPATH/Boot.php(334): CodeIgniter\CodeIgniter->run()
 8 SYSTEMPATH/Boot.php(67): CodeIgniter\Boot::runCodeIgniter(Object(CodeIgniter\CodeIgniter))
 9 FCPATH/index.php(56): CodeIgniter\Boot::bootWeb(Object(Config\Paths))
DEBUG - 2026-02-17 14:41:11 --> Session: Class initialized using 'CodeIgniter\Session\Handlers\FileHandler' driver.
WARNING - 2026-02-17 14:41:18 --> [DEPRECATED] Passing lowercase HTTP method "get" is deprecated. Use uppercase HTTP method like "GET". in SYSTEMPATH/Router/RouteCollection.php on line 1026.
 1 SYSTEMPATH/Router/RouteCollection.php(1026): trigger_error('Passing lowercase HTTP method "get" is deprecated. Use uppercase HTTP method like "GET".', 16384)
 2 APPPATH/Config/Routes.php(135): CodeIgniter\Router\RouteCollection->match([...], 'locations/generarPDF', 'LocationsPdfController::generarPDF')
 3 SYSTEMPATH/Router/RouteCollection.php(339): require('/home/u976386866/domains/servipro.site/public_html/app/app/Config/Routes.php')
 4 SYSTEMPATH/CodeIgniter.php(821): CodeIgniter\Router\RouteCollection->loadRoutes()
 5 SYSTEMPATH/CodeIgniter.php(455): CodeIgniter\CodeIgniter->tryToRouteIt(null)
 6 SYSTEMPATH/CodeIgniter.php(354): CodeIgniter\CodeIgniter->handleRequest(null, Object(Config\Cache), false)
 7 SYSTEMPATH/Boot.php(334): CodeIgniter\CodeIgniter->run()
 8 SYSTEMPATH/Boot.php(67): CodeIgniter\Boot::runCodeIgniter(Object(CodeIgniter\CodeIgniter))
 9 FCPATH/index.php(56): CodeIgniter\Boot::bootWeb(Object(Config\Paths))
WARNING - 2026-02-17 14:41:18 --> [DEPRECATED] Passing lowercase HTTP method "post" is deprecated. Use uppercase HTTP method like "POST". in SYSTEMPATH/Router/RouteCollection.php on line 1026.
 1 SYSTEMPATH/Router/RouteCollection.php(1026): trigger_error('Passing lowercase HTTP method "post" is deprecated. Use uppercase HTTP method like "POST".', 16384)
 2 APPPATH/Config/Routes.php(135): CodeIgniter\Router\RouteCollection->match([...], 'locations/generarPDF', 'LocationsPdfController::generarPDF')
 3 SYSTEMPATH/Router/RouteCollection.php(339): require('/home/u976386866/domains/servipro.site/public_html/app/app/Config/Routes.php')
 4 SYSTEMPATH/CodeIgniter.php(821): CodeIgniter\Router\RouteCollection->loadRoutes()
 5 SYSTEMPATH/CodeIgniter.php(455): CodeIgniter\CodeIgniter->tryToRouteIt(null)
 6 SYSTEMPATH/CodeIgniter.php(354): CodeIgniter\CodeIgniter->handleRequest(null, Object(Config\Cache), false)
 7 SYSTEMPATH/Boot.php(334): CodeIgniter\CodeIgniter->run()
 8 SYSTEMPATH/Boot.php(67): CodeIgniter\Boot::runCodeIgniter(Object(CodeIgniter\CodeIgniter))
 9 FCPATH/index.php(56): CodeIgniter\Boot::bootWeb(Object(Config\Paths))
DEBUG - 2026-02-17 14:41:18 --> Session: Class initialized using 'CodeIgniter\Session\Handlers\FileHandler' driver.
DEBUG - 2026-02-17 14:41:18 --> Iniciando carga de sedes
DEBUG - 2026-02-17 14:41:18 --> Sedes cargadas: [{"id":"18","nombre":"Bimbo Azcapotzalco","direccion":"Av San Pablo Xalpa 520, San Martin Xochinahuac, Azcapotzalco, 02120 Ciudad de M\u00e9xico, CDMX","ciudad":"CDMC","pais":"M\u00e9xico","fecha_creacion":"2025-04-07 12:06:45","estatus":"1"},{"id":"21","nombre":"Bimbo Villahermosa","direccion":"Av. Cobre 105, Cd Industrial, 86010 Villahermosa, Tabasco","ciudad":"Villahermosa, Tabasco","pais":"M\u00e9xico","fecha_creacion":"2025-05-12 12:11:50","estatus":"1"},{"id":"22","nombre":"Totis Planta uno Botana","direccion":"Av. San Pablo Xalpa 520, San Mart\u00edn Xochinahuac, Azcapotzalco, 02120 Ciudad de M\u00e9xico, CDMX","ciudad":"CDMX","pais":"Mexico","fecha_creacion":"2025-05-28 09:41:53","estatus":"1"},{"id":"23","nombre":"BIMBO YUCAT\u00c1N","direccion":"CALLE 21, #426, INT 0, COL. CIUDAD INDUSTRIAL","ciudad":"M\u00c9RIDA","pais":"M\u00c9XICO","fecha_creacion":"2025-07-14 17:00:19","estatus":"1"},{"id":"24","nombre":"Bimbo Toluca","direccion":"Corredor Industrial, Mz 2, Lote E, Ex Rancho El Coecillo","ciudad":"Toluca","pais":"M\u00e9xico","fecha_creacion":"2025-07-28 13:39:14","estatus":"1"},{"id":"26","nombre":"Totis planta dos","direccion":"Eje oriente poniente no. 38, col. Ciudad industrial, CP 43800, Tizayuca, Hidalgo","ciudad":"Tizayuca","pais":"M\u00e9xico","fecha_creacion":"2025-10-27 16:30:54","estatus":"1"},{"id":"27","nombre":"Bimbo M\u00e9xico Santa Mar\u00eda ","direccion":"Mimosas 117, 118 Col. Santa Mar\u00eda Insurgentes Cuauht\u00e9moc CDMX ","ciudad":"CDMX","pais":"M\u00e9xico","fecha_creacion":"2025-11-02 10:48:40","estatus":"1"},{"id":"28","nombre":"HAZPAN-LONCHIBON","direccion":"EMILIANO ZAPATA 25, PQUE. IND. LERMA","ciudad":"TOLUCA","pais":"M\u00e9xico","fecha_creacion":"2025-11-27 11:43:59","estatus":"1"},{"id":"29","nombre":"Suandy Marinela Toluca","direccion":"Emiliano Zapata 25, Pque. Ind. Lerma","ciudad":"TOLUCA","pais":"M\u00e9xico","fecha_creacion":"2025-11-27 11:55:24","estatus":"1"},{"id":"30","nombre":"T\u00eda Rosa, Toluca ","direccion":"Benito Juarez Mz. 027","ciudad":"Sta. Ma. Totoltepec, Toluca","pais":"M\u00e9xico","fecha_creacion":"2025-11-27 11:56:59","estatus":"1"},{"id":"31","nombre":"Bimbo Norte","direccion":"Av. F\u00e9lix U. G\u00f3mez 4203, Coyoac\u00e1n, C.P. 64510","ciudad":"Monterrey N.L.","pais":"M\u00e9xico","fecha_creacion":"2025-11-28 15:45:37","estatus":"1"},{"id":"32","nombre":"PLANTA DE PRUEBA","direccion":"PRUEBAS","ciudad":"DCDS","pais":"MEXICO","fecha_creacion":"2025-12-07 18:59:44","estatus":"1"},{"id":"33","nombre":"BSL","direccion":"Eje 128 #135 manzana 3, zona industrial segunda secci\u00f3n ","ciudad":"San Luis Potos\u00ed","pais":"M\u00e9xico","fecha_creacion":"2025-12-08 21:23:56","estatus":"1"},{"id":"34","nombre":"Sanissimo Monterrey","direccion":"Manuel de la Pe\u00f1a y Pe\u00f1a #1020-5, Bella Vista","ciudad":"Monterrey N.L.","pais":"M\u00e9xico","fecha_creacion":"2025-12-08 21:28:12","estatus":"1"},{"id":"36","nombre":"Bimbo Yucat\u00e1n Prueba 2025","direccion":"Calle 21, Villas M\u00e9rida, C.P. 97288, M\u00e9rida Yucat\u00e1n","ciudad":"M\u00e9rida Yucat\u00e1n","pais":"Mexico","fecha_creacion":"2025-12-16 10:43:55","estatus":"1"},{"id":"37","nombre":"BIMBO YUCATAN","direccion":"CALLE 21 CD. INDUSTRIAL","ciudad":"MERIDA YUCATAN","pais":"MEXICO","fecha_creacion":"2025-12-16 17:13:12","estatus":"1"},{"id":"38","nombre":"Bimbo Pac\u00edfico","direccion":"Av. Luis Donaldo Colosio Murrieta, No. 18900","ciudad":"Mazatl\u00e1n","pais":"M\u00e9xico","fecha_creacion":"2025-12-17 11:28:47","estatus":"1"},{"id":"39","nombre":"Bimbo Golfo","direccion":"Km 441 Carretera M\u00e9xico - Veracruz V\u00eda Xalapa, Colonia Francisco Villa, Veracruz, Veracruz, C.P: 91960","ciudad":"Veracruz","pais":"M\u00e9xico","fecha_creacion":"2025-12-17 20:05:59","estatus":"1"},{"id":"40","nombre":"Bimbo Tijuana","direccion":"Av. de Todos los santos S\/N, Industrial Pac\u00edfico, 22643. Tijuana, Baja California.","ciudad":"Tijuana","pais":"M\u00e9xico","fecha_creacion":"2026-01-02 13:33:01","estatus":"1"},{"id":"41","nombre":"PLANTA PRUEBA N","direccion":"SERVIPRO MX","ciudad":"Ciudad de M\u00e9xico","pais":"M\u00e9xico","fecha_creacion":"2026-01-06 17:57:01","estatus":"1"}]
WARNING - 2026-02-17 14:41:37 --> [DEPRECATED] Passing lowercase HTTP method "get" is deprecated. Use uppercase HTTP method like "GET". in SYSTEMPATH/Router/RouteCollection.php on line 1026.
 1 SYSTEMPATH/Router/RouteCollection.php(1026): trigger_error('Passing lowercase HTTP method "get" is deprecated. Use uppercase HTTP method like "GET".', 16384)
 2 APPPATH/Config/Routes.php(135): CodeIgniter\Router\RouteCollection->match([...], 'locations/generarPDF', 'LocationsPdfController::generarPDF')
 3 SYSTEMPATH/Router/RouteCollection.php(339): require('/home/u976386866/domains/servipro.site/public_html/app/app/Config/Routes.php')
 4 SYSTEMPATH/CodeIgniter.php(821): CodeIgniter\Router\RouteCollection->loadRoutes()
 5 SYSTEMPATH/CodeIgniter.php(455): CodeIgniter\CodeIgniter->tryToRouteIt(null)
 6 SYSTEMPATH/CodeIgniter.php(354): CodeIgniter\CodeIgniter->handleRequest(null, Object(Config\Cache), false)
 7 SYSTEMPATH/Boot.php(334): CodeIgniter\CodeIgniter->run()
 8 SYSTEMPATH/Boot.php(67): CodeIgniter\Boot::runCodeIgniter(Object(CodeIgniter\CodeIgniter))
 9 FCPATH/index.php(56): CodeIgniter\Boot::bootWeb(Object(Config\Paths))
WARNING - 2026-02-17 14:41:37 --> [DEPRECATED] Passing lowercase HTTP method "post" is deprecated. Use uppercase HTTP method like "POST". in SYSTEMPATH/Router/RouteCollection.php on line 1026.
 1 SYSTEMPATH/Router/RouteCollection.php(1026): trigger_error('Passing lowercase HTTP method "post" is deprecated. Use uppercase HTTP method like "POST".', 16384)
 2 APPPATH/Config/Routes.php(135): CodeIgniter\Router\RouteCollection->match([...], 'locations/generarPDF', 'LocationsPdfController::generarPDF')
 3 SYSTEMPATH/Router/RouteCollection.php(339): require('/home/u976386866/domains/servipro.site/public_html/app/app/Config/Routes.php')
 4 SYSTEMPATH/CodeIgniter.php(821): CodeIgniter\Router\RouteCollection->loadRoutes()
 5 SYSTEMPATH/CodeIgniter.php(455): CodeIgniter\CodeIgniter->tryToRouteIt(null)
 6 SYSTEMPATH/CodeIgniter.php(354): CodeIgniter\CodeIgniter->handleRequest(null, Object(Config\Cache), false)
 7 SYSTEMPATH/Boot.php(334): CodeIgniter\CodeIgniter->run()
 8 SYSTEMPATH/Boot.php(67): CodeIgniter\Boot::runCodeIgniter(Object(CodeIgniter\CodeIgniter))
 9 FCPATH/index.php(56): CodeIgniter\Boot::bootWeb(Object(Config\Paths))
DEBUG - 2026-02-17 14:41:37 --> Session: Class initialized using 'CodeIgniter\Session\Handlers\FileHandler' driver.
WARNING - 2026-02-17 14:42:11 --> [DEPRECATED] Passing lowercase HTTP method "get" is deprecated. Use uppercase HTTP method like "GET". in SYSTEMPATH/Router/RouteCollection.php on line 1026.
 1 SYSTEMPATH/Router/RouteCollection.php(1026): trigger_error('Passing lowercase HTTP method "get" is deprecated. Use uppercase HTTP method like "GET".', 16384)
 2 APPPATH/Config/Routes.php(135): CodeIgniter\Router\RouteCollection->match([...], 'locations/generarPDF', 'LocationsPdfController::generarPDF')
 3 SYSTEMPATH/Router/RouteCollection.php(339): require('/home/u976386866/domains/servipro.site/public_html/app/app/Config/Routes.php')
 4 SYSTEMPATH/CodeIgniter.php(821): CodeIgniter\Router\RouteCollection->loadRoutes()
 5 SYSTEMPATH/CodeIgniter.php(455): CodeIgniter\CodeIgniter->tryToRouteIt(null)
 6 SYSTEMPATH/CodeIgniter.php(354): CodeIgniter\CodeIgniter->handleRequest(null, Object(Config\Cache), false)
 7 SYSTEMPATH/Boot.php(334): CodeIgniter\CodeIgniter->run()
 8 SYSTEMPATH/Boot.php(67): CodeIgniter\Boot::runCodeIgniter(Object(CodeIgniter\CodeIgniter))
 9 FCPATH/index.php(56): CodeIgniter\Boot::bootWeb(Object(Config\Paths))
WARNING - 2026-02-17 14:42:11 --> [DEPRECATED] Passing lowercase HTTP method "post" is deprecated. Use uppercase HTTP method like "POST". in SYSTEMPATH/Router/RouteCollection.php on line 1026.
 1 SYSTEMPATH/Router/RouteCollection.php(1026): trigger_error('Passing lowercase HTTP method "post" is deprecated. Use uppercase HTTP method like "POST".', 16384)
 2 APPPATH/Config/Routes.php(135): CodeIgniter\Router\RouteCollection->match([...], 'locations/generarPDF', 'LocationsPdfController::generarPDF')
 3 SYSTEMPATH/Router/RouteCollection.php(339): require('/home/u976386866/domains/servipro.site/public_html/app/app/Config/Routes.php')
 4 SYSTEMPATH/CodeIgniter.php(821): CodeIgniter\Router\RouteCollection->loadRoutes()
 5 SYSTEMPATH/CodeIgniter.php(455): CodeIgniter\CodeIgniter->tryToRouteIt(null)
 6 SYSTEMPATH/CodeIgniter.php(354): CodeIgniter\CodeIgniter->handleRequest(null, Object(Config\Cache), false)
 7 SYSTEMPATH/Boot.php(334): CodeIgniter\CodeIgniter->run()
 8 SYSTEMPATH/Boot.php(67): CodeIgniter\Boot::runCodeIgniter(Object(CodeIgniter\CodeIgniter))
 9 FCPATH/index.php(56): CodeIgniter\Boot::bootWeb(Object(Config\Paths))
DEBUG - 2026-02-17 14:42:11 --> Session: Class initialized using 'CodeIgniter\Session\Handlers\FileHandler' driver.
WARNING - 2026-02-17 14:43:46 --> [DEPRECATED] Passing lowercase HTTP method "get" is deprecated. Use uppercase HTTP method like "GET". in SYSTEMPATH/Router/RouteCollection.php on line 1026.
 1 SYSTEMPATH/Router/RouteCollection.php(1026): trigger_error('Passing lowercase HTTP method "get" is deprecated. Use uppercase HTTP method like "GET".', 16384)
 2 APPPATH/Config/Routes.php(135): CodeIgniter\Router\RouteCollection->match([...], 'locations/generarPDF', 'LocationsPdfController::generarPDF')
 3 SYSTEMPATH/Router/RouteCollection.php(339): require('/home/u976386866/domains/servipro.site/public_html/app/app/Config/Routes.php')
 4 SYSTEMPATH/CodeIgniter.php(821): CodeIgniter\Router\RouteCollection->loadRoutes()
 5 SYSTEMPATH/CodeIgniter.php(455): CodeIgniter\CodeIgniter->tryToRouteIt(null)
 6 SYSTEMPATH/CodeIgniter.php(354): CodeIgniter\CodeIgniter->handleRequest(null, Object(Config\Cache), false)
 7 SYSTEMPATH/Boot.php(334): CodeIgniter\CodeIgniter->run()
 8 SYSTEMPATH/Boot.php(67): CodeIgniter\Boot::runCodeIgniter(Object(CodeIgniter\CodeIgniter))
 9 FCPATH/index.php(56): CodeIgniter\Boot::bootWeb(Object(Config\Paths))
WARNING - 2026-02-17 14:43:46 --> [DEPRECATED] Passing lowercase HTTP method "post" is deprecated. Use uppercase HTTP method like "POST". in SYSTEMPATH/Router/RouteCollection.php on line 1026.
 1 SYSTEMPATH/Router/RouteCollection.php(1026): trigger_error('Passing lowercase HTTP method "post" is deprecated. Use uppercase HTTP method like "POST".', 16384)
 2 APPPATH/Config/Routes.php(135): CodeIgniter\Router\RouteCollection->match([...], 'locations/generarPDF', 'LocationsPdfController::generarPDF')
 3 SYSTEMPATH/Router/RouteCollection.php(339): require('/home/u976386866/domains/servipro.site/public_html/app/app/Config/Routes.php')
 4 SYSTEMPATH/CodeIgniter.php(821): CodeIgniter\Router\RouteCollection->loadRoutes()
 5 SYSTEMPATH/CodeIgniter.php(455): CodeIgniter\CodeIgniter->tryToRouteIt(null)
 6 SYSTEMPATH/CodeIgniter.php(354): CodeIgniter\CodeIgniter->handleRequest(null, Object(Config\Cache), false)
 7 SYSTEMPATH/Boot.php(334): CodeIgniter\CodeIgniter->run()
 8 SYSTEMPATH/Boot.php(67): CodeIgniter\Boot::runCodeIgniter(Object(CodeIgniter\CodeIgniter))
 9 FCPATH/index.php(56): CodeIgniter\Boot::bootWeb(Object(Config\Paths))
DEBUG - 2026-02-17 14:43:46 --> Session: Class initialized using 'CodeIgniter\Session\Handlers\FileHandler' driver.
WARNING - 2026-02-17 14:44:08 --> [DEPRECATED] Passing lowercase HTTP method "get" is deprecated. Use uppercase HTTP method like "GET". in SYSTEMPATH/Router/RouteCollection.php on line 1026.
 1 SYSTEMPATH/Router/RouteCollection.php(1026): trigger_error('Passing lowercase HTTP method "get" is deprecated. Use uppercase HTTP method like "GET".', 16384)
 2 APPPATH/Config/Routes.php(135): CodeIgniter\Router\RouteCollection->match([...], 'locations/generarPDF', 'LocationsPdfController::generarPDF')
 3 SYSTEMPATH/Router/RouteCollection.php(339): require('/home/u976386866/domains/servipro.site/public_html/app/app/Config/Routes.php')
 4 SYSTEMPATH/CodeIgniter.php(821): CodeIgniter\Router\RouteCollection->loadRoutes()
 5 SYSTEMPATH/CodeIgniter.php(455): CodeIgniter\CodeIgniter->tryToRouteIt(null)
 6 SYSTEMPATH/CodeIgniter.php(354): CodeIgniter\CodeIgniter->handleRequest(null, Object(Config\Cache), false)
 7 SYSTEMPATH/Boot.php(334): CodeIgniter\CodeIgniter->run()
 8 SYSTEMPATH/Boot.php(67): CodeIgniter\Boot::runCodeIgniter(Object(CodeIgniter\CodeIgniter))
 9 FCPATH/index.php(56): CodeIgniter\Boot::bootWeb(Object(Config\Paths))
WARNING - 2026-02-17 14:44:08 --> [DEPRECATED] Passing lowercase HTTP method "post" is deprecated. Use uppercase HTTP method like "POST". in SYSTEMPATH/Router/RouteCollection.php on line 1026.
 1 SYSTEMPATH/Router/RouteCollection.php(1026): trigger_error('Passing lowercase HTTP method "post" is deprecated. Use uppercase HTTP method like "POST".', 16384)
 2 APPPATH/Config/Routes.php(135): CodeIgniter\Router\RouteCollection->match([...], 'locations/generarPDF', 'LocationsPdfController::generarPDF')
 3 SYSTEMPATH/Router/RouteCollection.php(339): require('/home/u976386866/domains/servipro.site/public_html/app/app/Config/Routes.php')
 4 SYSTEMPATH/CodeIgniter.php(821): CodeIgniter\Router\RouteCollection->loadRoutes()
 5 SYSTEMPATH/CodeIgniter.php(455): CodeIgniter\CodeIgniter->tryToRouteIt(null)
 6 SYSTEMPATH/CodeIgniter.php(354): CodeIgniter\CodeIgniter->handleRequest(null, Object(Config\Cache), false)
 7 SYSTEMPATH/Boot.php(334): CodeIgniter\CodeIgniter->run()
 8 SYSTEMPATH/Boot.php(67): CodeIgniter\Boot::runCodeIgniter(Object(CodeIgniter\CodeIgniter))
 9 FCPATH/index.php(56): CodeIgniter\Boot::bootWeb(Object(Config\Paths))
DEBUG - 2026-02-17 14:44:08 --> Session: Class initialized using 'CodeIgniter\Session\Handlers\FileHandler' driver.
DEBUG - 2026-02-17 14:44:08 --> Iniciando carga de sedes
DEBUG - 2026-02-17 14:44:08 --> Sedes cargadas: [{"id":"18","nombre":"Bimbo Azcapotzalco","direccion":"Av San Pablo Xalpa 520, San Martin Xochinahuac, Azcapotzalco, 02120 Ciudad de M\u00e9xico, CDMX","ciudad":"CDMC","pais":"M\u00e9xico","fecha_creacion":"2025-04-07 12:06:45","estatus":"1"},{"id":"21","nombre":"Bimbo Villahermosa","direccion":"Av. Cobre 105, Cd Industrial, 86010 Villahermosa, Tabasco","ciudad":"Villahermosa, Tabasco","pais":"M\u00e9xico","fecha_creacion":"2025-05-12 12:11:50","estatus":"1"},{"id":"22","nombre":"Totis Planta uno Botana","direccion":"Av. San Pablo Xalpa 520, San Mart\u00edn Xochinahuac, Azcapotzalco, 02120 Ciudad de M\u00e9xico, CDMX","ciudad":"CDMX","pais":"Mexico","fecha_creacion":"2025-05-28 09:41:53","estatus":"1"},{"id":"23","nombre":"BIMBO YUCAT\u00c1N","direccion":"CALLE 21, #426, INT 0, COL. CIUDAD INDUSTRIAL","ciudad":"M\u00c9RIDA","pais":"M\u00c9XICO","fecha_creacion":"2025-07-14 17:00:19","estatus":"1"},{"id":"24","nombre":"Bimbo Toluca","direccion":"Corredor Industrial, Mz 2, Lote E, Ex Rancho El Coecillo","ciudad":"Toluca","pais":"M\u00e9xico","fecha_creacion":"2025-07-28 13:39:14","estatus":"1"},{"id":"26","nombre":"Totis planta dos","direccion":"Eje oriente poniente no. 38, col. Ciudad industrial, CP 43800, Tizayuca, Hidalgo","ciudad":"Tizayuca","pais":"M\u00e9xico","fecha_creacion":"2025-10-27 16:30:54","estatus":"1"},{"id":"27","nombre":"Bimbo M\u00e9xico Santa Mar\u00eda ","direccion":"Mimosas 117, 118 Col. Santa Mar\u00eda Insurgentes Cuauht\u00e9moc CDMX ","ciudad":"CDMX","pais":"M\u00e9xico","fecha_creacion":"2025-11-02 10:48:40","estatus":"1"},{"id":"28","nombre":"HAZPAN-LONCHIBON","direccion":"EMILIANO ZAPATA 25, PQUE. IND. LERMA","ciudad":"TOLUCA","pais":"M\u00e9xico","fecha_creacion":"2025-11-27 11:43:59","estatus":"1"},{"id":"29","nombre":"Suandy Marinela Toluca","direccion":"Emiliano Zapata 25, Pque. Ind. Lerma","ciudad":"TOLUCA","pais":"M\u00e9xico","fecha_creacion":"2025-11-27 11:55:24","estatus":"1"},{"id":"30","nombre":"T\u00eda Rosa, Toluca ","direccion":"Benito Juarez Mz. 027","ciudad":"Sta. Ma. Totoltepec, Toluca","pais":"M\u00e9xico","fecha_creacion":"2025-11-27 11:56:59","estatus":"1"},{"id":"31","nombre":"Bimbo Norte","direccion":"Av. F\u00e9lix U. G\u00f3mez 4203, Coyoac\u00e1n, C.P. 64510","ciudad":"Monterrey N.L.","pais":"M\u00e9xico","fecha_creacion":"2025-11-28 15:45:37","estatus":"1"},{"id":"32","nombre":"PLANTA DE PRUEBA","direccion":"PRUEBAS","ciudad":"DCDS","pais":"MEXICO","fecha_creacion":"2025-12-07 18:59:44","estatus":"1"},{"id":"33","nombre":"BSL","direccion":"Eje 128 #135 manzana 3, zona industrial segunda secci\u00f3n ","ciudad":"San Luis Potos\u00ed","pais":"M\u00e9xico","fecha_creacion":"2025-12-08 21:23:56","estatus":"1"},{"id":"34","nombre":"Sanissimo Monterrey","direccion":"Manuel de la Pe\u00f1a y Pe\u00f1a #1020-5, Bella Vista","ciudad":"Monterrey N.L.","pais":"M\u00e9xico","fecha_creacion":"2025-12-08 21:28:12","estatus":"1"},{"id":"36","nombre":"Bimbo Yucat\u00e1n Prueba 2025","direccion":"Calle 21, Villas M\u00e9rida, C.P. 97288, M\u00e9rida Yucat\u00e1n","ciudad":"M\u00e9rida Yucat\u00e1n","pais":"Mexico","fecha_creacion":"2025-12-16 10:43:55","estatus":"1"},{"id":"37","nombre":"BIMBO YUCATAN","direccion":"CALLE 21 CD. INDUSTRIAL","ciudad":"MERIDA YUCATAN","pais":"MEXICO","fecha_creacion":"2025-12-16 17:13:12","estatus":"1"},{"id":"38","nombre":"Bimbo Pac\u00edfico","direccion":"Av. Luis Donaldo Colosio Murrieta, No. 18900","ciudad":"Mazatl\u00e1n","pais":"M\u00e9xico","fecha_creacion":"2025-12-17 11:28:47","estatus":"1"},{"id":"39","nombre":"Bimbo Golfo","direccion":"Km 441 Carretera M\u00e9xico - Veracruz V\u00eda Xalapa, Colonia Francisco Villa, Veracruz, Veracruz, C.P: 91960","ciudad":"Veracruz","pais":"M\u00e9xico","fecha_creacion":"2025-12-17 20:05:59","estatus":"1"},{"id":"40","nombre":"Bimbo Tijuana","direccion":"Av. de Todos los santos S\/N, Industrial Pac\u00edfico, 22643. Tijuana, Baja California.","ciudad":"Tijuana","pais":"M\u00e9xico","fecha_creacion":"2026-01-02 13:33:01","estatus":"1"},{"id":"41","nombre":"PLANTA PRUEBA N","direccion":"SERVIPRO MX","ciudad":"Ciudad de M\u00e9xico","pais":"M\u00e9xico","fecha_creacion":"2026-01-06 17:57:01","estatus":"1"}]
WARNING - 2026-02-17 14:44:22 --> [DEPRECATED] Passing lowercase HTTP method "get" is deprecated. Use uppercase HTTP method like "GET". in SYSTEMPATH/Router/RouteCollection.php on line 1026.
 1 SYSTEMPATH/Router/RouteCollection.php(1026): trigger_error('Passing lowercase HTTP method "get" is deprecated. Use uppercase HTTP method like "GET".', 16384)
 2 APPPATH/Config/Routes.php(135): CodeIgniter\Router\RouteCollection->match([...], 'locations/generarPDF', 'LocationsPdfController::generarPDF')
 3 SYSTEMPATH/Router/RouteCollection.php(339): require('/home/u976386866/domains/servipro.site/public_html/app/app/Config/Routes.php')
 4 SYSTEMPATH/CodeIgniter.php(821): CodeIgniter\Router\RouteCollection->loadRoutes()
 5 SYSTEMPATH/CodeIgniter.php(455): CodeIgniter\CodeIgniter->tryToRouteIt(null)
 6 SYSTEMPATH/CodeIgniter.php(354): CodeIgniter\CodeIgniter->handleRequest(null, Object(Config\Cache), false)
 7 SYSTEMPATH/Boot.php(334): CodeIgniter\CodeIgniter->run()
 8 SYSTEMPATH/Boot.php(67): CodeIgniter\Boot::runCodeIgniter(Object(CodeIgniter\CodeIgniter))
 9 FCPATH/index.php(56): CodeIgniter\Boot::bootWeb(Object(Config\Paths))
WARNING - 2026-02-17 14:44:22 --> [DEPRECATED] Passing lowercase HTTP method "post" is deprecated. Use uppercase HTTP method like "POST". in SYSTEMPATH/Router/RouteCollection.php on line 1026.
 1 SYSTEMPATH/Router/RouteCollection.php(1026): trigger_error('Passing lowercase HTTP method "post" is deprecated. Use uppercase HTTP method like "POST".', 16384)
 2 APPPATH/Config/Routes.php(135): CodeIgniter\Router\RouteCollection->match([...], 'locations/generarPDF', 'LocationsPdfController::generarPDF')
 3 SYSTEMPATH/Router/RouteCollection.php(339): require('/home/u976386866/domains/servipro.site/public_html/app/app/Config/Routes.php')
 4 SYSTEMPATH/CodeIgniter.php(821): CodeIgniter\Router\RouteCollection->loadRoutes()
 5 SYSTEMPATH/CodeIgniter.php(455): CodeIgniter\CodeIgniter->tryToRouteIt(null)
 6 SYSTEMPATH/CodeIgniter.php(354): CodeIgniter\CodeIgniter->handleRequest(null, Object(Config\Cache), false)
 7 SYSTEMPATH/Boot.php(334): CodeIgniter\CodeIgniter->run()
 8 SYSTEMPATH/Boot.php(67): CodeIgniter\Boot::runCodeIgniter(Object(CodeIgniter\CodeIgniter))
 9 FCPATH/index.php(56): CodeIgniter\Boot::bootWeb(Object(Config\Paths))
DEBUG - 2026-02-17 14:44:22 --> Session: Class initialized using 'CodeIgniter\Session\Handlers\FileHandler' driver.
WARNING - 2026-02-17 14:44:54 --> [DEPRECATED] Passing lowercase HTTP method "get" is deprecated. Use uppercase HTTP method like "GET". in SYSTEMPATH/Router/RouteCollection.php on line 1026.
 1 SYSTEMPATH/Router/RouteCollection.php(1026): trigger_error('Passing lowercase HTTP method "get" is deprecated. Use uppercase HTTP method like "GET".', 16384)
 2 APPPATH/Config/Routes.php(135): CodeIgniter\Router\RouteCollection->match([...], 'locations/generarPDF', 'LocationsPdfController::generarPDF')
 3 SYSTEMPATH/Router/RouteCollection.php(339): require('/home/u976386866/domains/servipro.site/public_html/app/app/Config/Routes.php')
 4 SYSTEMPATH/CodeIgniter.php(821): CodeIgniter\Router\RouteCollection->loadRoutes()
 5 SYSTEMPATH/CodeIgniter.php(455): CodeIgniter\CodeIgniter->tryToRouteIt(null)
 6 SYSTEMPATH/CodeIgniter.php(354): CodeIgniter\CodeIgniter->handleRequest(null, Object(Config\Cache), false)
 7 SYSTEMPATH/Boot.php(334): CodeIgniter\CodeIgniter->run()
 8 SYSTEMPATH/Boot.php(67): CodeIgniter\Boot::runCodeIgniter(Object(CodeIgniter\CodeIgniter))
 9 FCPATH/index.php(56): CodeIgniter\Boot::bootWeb(Object(Config\Paths))
WARNING - 2026-02-17 14:44:54 --> [DEPRECATED] Passing lowercase HTTP method "post" is deprecated. Use uppercase HTTP method like "POST". in SYSTEMPATH/Router/RouteCollection.php on line 1026.
 1 SYSTEMPATH/Router/RouteCollection.php(1026): trigger_error('Passing lowercase HTTP method "post" is deprecated. Use uppercase HTTP method like "POST".', 16384)
 2 APPPATH/Config/Routes.php(135): CodeIgniter\Router\RouteCollection->match([...], 'locations/generarPDF', 'LocationsPdfController::generarPDF')
 3 SYSTEMPATH/Router/RouteCollection.php(339): require('/home/u976386866/domains/servipro.site/public_html/app/app/Config/Routes.php')
 4 SYSTEMPATH/CodeIgniter.php(821): CodeIgniter\Router\RouteCollection->loadRoutes()
 5 SYSTEMPATH/CodeIgniter.php(455): CodeIgniter\CodeIgniter->tryToRouteIt(null)
 6 SYSTEMPATH/CodeIgniter.php(354): CodeIgniter\CodeIgniter->handleRequest(null, Object(Config\Cache), false)
 7 SYSTEMPATH/Boot.php(334): CodeIgniter\CodeIgniter->run()
 8 SYSTEMPATH/Boot.php(67): CodeIgniter\Boot::runCodeIgniter(Object(CodeIgniter\CodeIgniter))
 9 FCPATH/index.php(56): CodeIgniter\Boot::bootWeb(Object(Config\Paths))
DEBUG - 2026-02-17 14:44:54 --> Session: Class initialized using 'CodeIgniter\Session\Handlers\FileHandler' driver.
WARNING - 2026-02-17 14:45:58 --> [DEPRECATED] Passing lowercase HTTP method "get" is deprecated. Use uppercase HTTP method like "GET". in SYSTEMPATH/Router/RouteCollection.php on line 1026.
 1 SYSTEMPATH/Router/RouteCollection.php(1026): trigger_error('Passing lowercase HTTP method "get" is deprecated. Use uppercase HTTP method like "GET".', 16384)
 2 APPPATH/Config/Routes.php(135): CodeIgniter\Router\RouteCollection->match([...], 'locations/generarPDF', 'LocationsPdfController::generarPDF')
 3 SYSTEMPATH/Router/RouteCollection.php(339): require('/home/u976386866/domains/servipro.site/public_html/app/app/Config/Routes.php')
 4 SYSTEMPATH/CodeIgniter.php(821): CodeIgniter\Router\RouteCollection->loadRoutes()
 5 SYSTEMPATH/CodeIgniter.php(455): CodeIgniter\CodeIgniter->tryToRouteIt(null)
 6 SYSTEMPATH/CodeIgniter.php(354): CodeIgniter\CodeIgniter->handleRequest(null, Object(Config\Cache), false)
 7 SYSTEMPATH/Boot.php(334): CodeIgniter\CodeIgniter->run()
 8 SYSTEMPATH/Boot.php(67): CodeIgniter\Boot::runCodeIgniter(Object(CodeIgniter\CodeIgniter))
 9 FCPATH/index.php(56): CodeIgniter\Boot::bootWeb(Object(Config\Paths))
WARNING - 2026-02-17 14:45:58 --> [DEPRECATED] Passing lowercase HTTP method "post" is deprecated. Use uppercase HTTP method like "POST". in SYSTEMPATH/Router/RouteCollection.php on line 1026.
 1 SYSTEMPATH/Router/RouteCollection.php(1026): trigger_error('Passing lowercase HTTP method "post" is deprecated. Use uppercase HTTP method like "POST".', 16384)
 2 APPPATH/Config/Routes.php(135): CodeIgniter\Router\RouteCollection->match([...], 'locations/generarPDF', 'LocationsPdfController::generarPDF')
 3 SYSTEMPATH/Router/RouteCollection.php(339): require('/home/u976386866/domains/servipro.site/public_html/app/app/Config/Routes.php')
 4 SYSTEMPATH/CodeIgniter.php(821): CodeIgniter\Router\RouteCollection->loadRoutes()
 5 SYSTEMPATH/CodeIgniter.php(455): CodeIgniter\CodeIgniter->tryToRouteIt(null)
 6 SYSTEMPATH/CodeIgniter.php(354): CodeIgniter\CodeIgniter->handleRequest(null, Object(Config\Cache), false)
 7 SYSTEMPATH/Boot.php(334): CodeIgniter\CodeIgniter->run()
 8 SYSTEMPATH/Boot.php(67): CodeIgniter\Boot::runCodeIgniter(Object(CodeIgniter\CodeIgniter))
 9 FCPATH/index.php(56): CodeIgniter\Boot::bootWeb(Object(Config\Paths))
DEBUG - 2026-02-17 14:45:58 --> Session: Class initialized using 'CodeIgniter\Session\Handlers\FileHandler' driver.
WARNING - 2026-02-17 14:46:11 --> [DEPRECATED] Passing lowercase HTTP method "get" is deprecated. Use uppercase HTTP method like "GET". in SYSTEMPATH/Router/RouteCollection.php on line 1026.
 1 SYSTEMPATH/Router/RouteCollection.php(1026): trigger_error('Passing lowercase HTTP method "get" is deprecated. Use uppercase HTTP method like "GET".', 16384)
 2 APPPATH/Config/Routes.php(135): CodeIgniter\Router\RouteCollection->match([...], 'locations/generarPDF', 'LocationsPdfController::generarPDF')
 3 SYSTEMPATH/Router/RouteCollection.php(339): require('/home/u976386866/domains/servipro.site/public_html/app/app/Config/Routes.php')
 4 SYSTEMPATH/CodeIgniter.php(821): CodeIgniter\Router\RouteCollection->loadRoutes()
 5 SYSTEMPATH/CodeIgniter.php(455): CodeIgniter\CodeIgniter->tryToRouteIt(null)
 6 SYSTEMPATH/CodeIgniter.php(354): CodeIgniter\CodeIgniter->handleRequest(null, Object(Config\Cache), false)
 7 SYSTEMPATH/Boot.php(334): CodeIgniter\CodeIgniter->run()
 8 SYSTEMPATH/Boot.php(67): CodeIgniter\Boot::runCodeIgniter(Object(CodeIgniter\CodeIgniter))
 9 FCPATH/index.php(56): CodeIgniter\Boot::bootWeb(Object(Config\Paths))
WARNING - 2026-02-17 14:46:11 --> [DEPRECATED] Passing lowercase HTTP method "post" is deprecated. Use uppercase HTTP method like "POST". in SYSTEMPATH/Router/RouteCollection.php on line 1026.
 1 SYSTEMPATH/Router/RouteCollection.php(1026): trigger_error('Passing lowercase HTTP method "post" is deprecated. Use uppercase HTTP method like "POST".', 16384)
 2 APPPATH/Config/Routes.php(135): CodeIgniter\Router\RouteCollection->match([...], 'locations/generarPDF', 'LocationsPdfController::generarPDF')
 3 SYSTEMPATH/Router/RouteCollection.php(339): require('/home/u976386866/domains/servipro.site/public_html/app/app/Config/Routes.php')
 4 SYSTEMPATH/CodeIgniter.php(821): CodeIgniter\Router\RouteCollection->loadRoutes()
 5 SYSTEMPATH/CodeIgniter.php(455): CodeIgniter\CodeIgniter->tryToRouteIt(null)
 6 SYSTEMPATH/CodeIgniter.php(354): CodeIgniter\CodeIgniter->handleRequest(null, Object(Config\Cache), false)
 7 SYSTEMPATH/Boot.php(334): CodeIgniter\CodeIgniter->run()
 8 SYSTEMPATH/Boot.php(67): CodeIgniter\Boot::runCodeIgniter(Object(CodeIgniter\CodeIgniter))
 9 FCPATH/index.php(56): CodeIgniter\Boot::bootWeb(Object(Config\Paths))
DEBUG - 2026-02-17 14:46:11 --> Session: Class initialized using 'CodeIgniter\Session\Handlers\FileHandler' driver.
DEBUG - 2026-02-17 14:46:11 --> Iniciando carga de sedes
DEBUG - 2026-02-17 14:46:11 --> Sedes cargadas: [{"id":"18","nombre":"Bimbo Azcapotzalco","direccion":"Av San Pablo Xalpa 520, San Martin Xochinahuac, Azcapotzalco, 02120 Ciudad de M\u00e9xico, CDMX","ciudad":"CDMC","pais":"M\u00e9xico","fecha_creacion":"2025-04-07 12:06:45","estatus":"1"},{"id":"21","nombre":"Bimbo Villahermosa","direccion":"Av. Cobre 105, Cd Industrial, 86010 Villahermosa, Tabasco","ciudad":"Villahermosa, Tabasco","pais":"M\u00e9xico","fecha_creacion":"2025-05-12 12:11:50","estatus":"1"},{"id":"22","nombre":"Totis Planta uno Botana","direccion":"Av. San Pablo Xalpa 520, San Mart\u00edn Xochinahuac, Azcapotzalco, 02120 Ciudad de M\u00e9xico, CDMX","ciudad":"CDMX","pais":"Mexico","fecha_creacion":"2025-05-28 09:41:53","estatus":"1"},{"id":"23","nombre":"BIMBO YUCAT\u00c1N","direccion":"CALLE 21, #426, INT 0, COL. CIUDAD INDUSTRIAL","ciudad":"M\u00c9RIDA","pais":"M\u00c9XICO","fecha_creacion":"2025-07-14 17:00:19","estatus":"1"},{"id":"24","nombre":"Bimbo Toluca","direccion":"Corredor Industrial, Mz 2, Lote E, Ex Rancho El Coecillo","ciudad":"Toluca","pais":"M\u00e9xico","fecha_creacion":"2025-07-28 13:39:14","estatus":"1"},{"id":"26","nombre":"Totis planta dos","direccion":"Eje oriente poniente no. 38, col. Ciudad industrial, CP 43800, Tizayuca, Hidalgo","ciudad":"Tizayuca","pais":"M\u00e9xico","fecha_creacion":"2025-10-27 16:30:54","estatus":"1"},{"id":"27","nombre":"Bimbo M\u00e9xico Santa Mar\u00eda ","direccion":"Mimosas 117, 118 Col. Santa Mar\u00eda Insurgentes Cuauht\u00e9moc CDMX ","ciudad":"CDMX","pais":"M\u00e9xico","fecha_creacion":"2025-11-02 10:48:40","estatus":"1"},{"id":"28","nombre":"HAZPAN-LONCHIBON","direccion":"EMILIANO ZAPATA 25, PQUE. IND. LERMA","ciudad":"TOLUCA","pais":"M\u00e9xico","fecha_creacion":"2025-11-27 11:43:59","estatus":"1"},{"id":"29","nombre":"Suandy Marinela Toluca","direccion":"Emiliano Zapata 25, Pque. Ind. Lerma","ciudad":"TOLUCA","pais":"M\u00e9xico","fecha_creacion":"2025-11-27 11:55:24","estatus":"1"},{"id":"30","nombre":"T\u00eda Rosa, Toluca ","direccion":"Benito Juarez Mz. 027","ciudad":"Sta. Ma. Totoltepec, Toluca","pais":"M\u00e9xico","fecha_creacion":"2025-11-27 11:56:59","estatus":"1"},{"id":"31","nombre":"Bimbo Norte","direccion":"Av. F\u00e9lix U. G\u00f3mez 4203, Coyoac\u00e1n, C.P. 64510","ciudad":"Monterrey N.L.","pais":"M\u00e9xico","fecha_creacion":"2025-11-28 15:45:37","estatus":"1"},{"id":"32","nombre":"PLANTA DE PRUEBA","direccion":"PRUEBAS","ciudad":"DCDS","pais":"MEXICO","fecha_creacion":"2025-12-07 18:59:44","estatus":"1"},{"id":"33","nombre":"BSL","direccion":"Eje 128 #135 manzana 3, zona industrial segunda secci\u00f3n ","ciudad":"San Luis Potos\u00ed","pais":"M\u00e9xico","fecha_creacion":"2025-12-08 21:23:56","estatus":"1"},{"id":"34","nombre":"Sanissimo Monterrey","direccion":"Manuel de la Pe\u00f1a y Pe\u00f1a #1020-5, Bella Vista","ciudad":"Monterrey N.L.","pais":"M\u00e9xico","fecha_creacion":"2025-12-08 21:28:12","estatus":"1"},{"id":"36","nombre":"Bimbo Yucat\u00e1n Prueba 2025","direccion":"Calle 21, Villas M\u00e9rida, C.P. 97288, M\u00e9rida Yucat\u00e1n","ciudad":"M\u00e9rida Yucat\u00e1n","pais":"Mexico","fecha_creacion":"2025-12-16 10:43:55","estatus":"1"},{"id":"37","nombre":"BIMBO YUCATAN","direccion":"CALLE 21 CD. INDUSTRIAL","ciudad":"MERIDA YUCATAN","pais":"MEXICO","fecha_creacion":"2025-12-16 17:13:12","estatus":"1"},{"id":"38","nombre":"Bimbo Pac\u00edfico","direccion":"Av. Luis Donaldo Colosio Murrieta, No. 18900","ciudad":"Mazatl\u00e1n","pais":"M\u00e9xico","fecha_creacion":"2025-12-17 11:28:47","estatus":"1"},{"id":"39","nombre":"Bimbo Golfo","direccion":"Km 441 Carretera M\u00e9xico - Veracruz V\u00eda Xalapa, Colonia Francisco Villa, Veracruz, Veracruz, C.P: 91960","ciudad":"Veracruz","pais":"M\u00e9xico","fecha_creacion":"2025-12-17 20:05:59","estatus":"1"},{"id":"40","nombre":"Bimbo Tijuana","direccion":"Av. de Todos los santos S\/N, Industrial Pac\u00edfico, 22643. Tijuana, Baja California.","ciudad":"Tijuana","pais":"M\u00e9xico","fecha_creacion":"2026-01-02 13:33:01","estatus":"1"},{"id":"41","nombre":"PLANTA PRUEBA N","direccion":"SERVIPRO MX","ciudad":"Ciudad de M\u00e9xico","pais":"M\u00e9xico","fecha_creacion":"2026-01-06 17:57:01","estatus":"1"}]
WARNING - 2026-02-17 15:41:44 --> [DEPRECATED] Passing lowercase HTTP method "get" is deprecated. Use uppercase HTTP method like "GET". in SYSTEMPATH/Router/RouteCollection.php on line 1026.
 1 SYSTEMPATH/Router/RouteCollection.php(1026): trigger_error('Passing lowercase HTTP method "get" is deprecated. Use uppercase HTTP method like "GET".', 16384)
 2 APPPATH/Config/Routes.php(135): CodeIgniter\Router\RouteCollection->match([...], 'locations/generarPDF', 'LocationsPdfController::generarPDF')
 3 SYSTEMPATH/Router/RouteCollection.php(339): require('/home/u976386866/domains/servipro.site/public_html/app/app/Config/Routes.php')
 4 SYSTEMPATH/CodeIgniter.php(821): CodeIgniter\Router\RouteCollection->loadRoutes()
 5 SYSTEMPATH/CodeIgniter.php(455): CodeIgniter\CodeIgniter->tryToRouteIt(null)
 6 SYSTEMPATH/CodeIgniter.php(354): CodeIgniter\CodeIgniter->handleRequest(null, Object(Config\Cache), false)
 7 SYSTEMPATH/Boot.php(334): CodeIgniter\CodeIgniter->run()
 8 SYSTEMPATH/Boot.php(67): CodeIgniter\Boot::runCodeIgniter(Object(CodeIgniter\CodeIgniter))
 9 FCPATH/index.php(56): CodeIgniter\Boot::bootWeb(Object(Config\Paths))
WARNING - 2026-02-17 15:41:44 --> [DEPRECATED] Passing lowercase HTTP method "post" is deprecated. Use uppercase HTTP method like "POST". in SYSTEMPATH/Router/RouteCollection.php on line 1026.
 1 SYSTEMPATH/Router/RouteCollection.php(1026): trigger_error('Passing lowercase HTTP method "post" is deprecated. Use uppercase HTTP method like "POST".', 16384)
 2 APPPATH/Config/Routes.php(135): CodeIgniter\Router\RouteCollection->match([...], 'locations/generarPDF', 'LocationsPdfController::generarPDF')
 3 SYSTEMPATH/Router/RouteCollection.php(339): require('/home/u976386866/domains/servipro.site/public_html/app/app/Config/Routes.php')
 4 SYSTEMPATH/CodeIgniter.php(821): CodeIgniter\Router\RouteCollection->loadRoutes()
 5 SYSTEMPATH/CodeIgniter.php(455): CodeIgniter\CodeIgniter->tryToRouteIt(null)
 6 SYSTEMPATH/CodeIgniter.php(354): CodeIgniter\CodeIgniter->handleRequest(null, Object(Config\Cache), false)
 7 SYSTEMPATH/Boot.php(334): CodeIgniter\CodeIgniter->run()
 8 SYSTEMPATH/Boot.php(67): CodeIgniter\Boot::runCodeIgniter(Object(CodeIgniter\CodeIgniter))
 9 FCPATH/index.php(56): CodeIgniter\Boot::bootWeb(Object(Config\Paths))
DEBUG - 2026-02-17 15:41:44 --> Session: Class initialized using 'CodeIgniter\Session\Handlers\FileHandler' driver.
WARNING - 2026-02-17 19:56:23 --> [DEPRECATED] Passing lowercase HTTP method "get" is deprecated. Use uppercase HTTP method like "GET". in SYSTEMPATH/Router/RouteCollection.php on line 1026.
 1 SYSTEMPATH/Router/RouteCollection.php(1026): trigger_error('Passing lowercase HTTP method "get" is deprecated. Use uppercase HTTP method like "GET".', 16384)
 2 APPPATH/Config/Routes.php(135): CodeIgniter\Router\RouteCollection->match([...], 'locations/generarPDF', 'LocationsPdfController::generarPDF')
 3 SYSTEMPATH/Router/RouteCollection.php(339): require('/home/u976386866/domains/servipro.site/public_html/app/app/Config/Routes.php')
 4 SYSTEMPATH/CodeIgniter.php(821): CodeIgniter\Router\RouteCollection->loadRoutes()
 5 SYSTEMPATH/CodeIgniter.php(455): CodeIgniter\CodeIgniter->tryToRouteIt(null)
 6 SYSTEMPATH/CodeIgniter.php(354): CodeIgniter\CodeIgniter->handleRequest(null, Object(Config\Cache), false)
 7 SYSTEMPATH/Boot.php(334): CodeIgniter\CodeIgniter->run()
 8 SYSTEMPATH/Boot.php(67): CodeIgniter\Boot::runCodeIgniter(Object(CodeIgniter\CodeIgniter))
 9 FCPATH/index.php(56): CodeIgniter\Boot::bootWeb(Object(Config\Paths))
WARNING - 2026-02-17 19:56:23 --> [DEPRECATED] Passing lowercase HTTP method "post" is deprecated. Use uppercase HTTP method like "POST". in SYSTEMPATH/Router/RouteCollection.php on line 1026.
 1 SYSTEMPATH/Router/RouteCollection.php(1026): trigger_error('Passing lowercase HTTP method "post" is deprecated. Use uppercase HTTP method like "POST".', 16384)
 2 APPPATH/Config/Routes.php(135): CodeIgniter\Router\RouteCollection->match([...], 'locations/generarPDF', 'LocationsPdfController::generarPDF')
 3 SYSTEMPATH/Router/RouteCollection.php(339): require('/home/u976386866/domains/servipro.site/public_html/app/app/Config/Routes.php')
 4 SYSTEMPATH/CodeIgniter.php(821): CodeIgniter\Router\RouteCollection->loadRoutes()
 5 SYSTEMPATH/CodeIgniter.php(455): CodeIgniter\CodeIgniter->tryToRouteIt(null)
 6 SYSTEMPATH/CodeIgniter.php(354): CodeIgniter\CodeIgniter->handleRequest(null, Object(Config\Cache), false)
 7 SYSTEMPATH/Boot.php(334): CodeIgniter\CodeIgniter->run()
 8 SYSTEMPATH/Boot.php(67): CodeIgniter\Boot::runCodeIgniter(Object(CodeIgniter\CodeIgniter))
 9 FCPATH/index.php(56): CodeIgniter\Boot::bootWeb(Object(Config\Paths))
WARNING - 2026-02-17 19:56:24 --> [DEPRECATED] Passing lowercase HTTP method "get" is deprecated. Use uppercase HTTP method like "GET". in SYSTEMPATH/Router/RouteCollection.php on line 1026.
 1 SYSTEMPATH/Router/RouteCollection.php(1026): trigger_error('Passing lowercase HTTP method "get" is deprecated. Use uppercase HTTP method like "GET".', 16384)
 2 APPPATH/Config/Routes.php(135): CodeIgniter\Router\RouteCollection->match([...], 'locations/generarPDF', 'LocationsPdfController::generarPDF')
 3 SYSTEMPATH/Router/RouteCollection.php(339): require('/home/u976386866/domains/servipro.site/public_html/app/app/Config/Routes.php')
 4 SYSTEMPATH/CodeIgniter.php(821): CodeIgniter\Router\RouteCollection->loadRoutes()
 5 SYSTEMPATH/CodeIgniter.php(455): CodeIgniter\CodeIgniter->tryToRouteIt(null)
 6 SYSTEMPATH/CodeIgniter.php(354): CodeIgniter\CodeIgniter->handleRequest(null, Object(Config\Cache), false)
 7 SYSTEMPATH/Boot.php(334): CodeIgniter\CodeIgniter->run()
 8 SYSTEMPATH/Boot.php(67): CodeIgniter\Boot::runCodeIgniter(Object(CodeIgniter\CodeIgniter))
 9 FCPATH/index.php(56): CodeIgniter\Boot::bootWeb(Object(Config\Paths))
WARNING - 2026-02-17 19:56:24 --> [DEPRECATED] Passing lowercase HTTP method "post" is deprecated. Use uppercase HTTP method like "POST". in SYSTEMPATH/Router/RouteCollection.php on line 1026.
 1 SYSTEMPATH/Router/RouteCollection.php(1026): trigger_error('Passing lowercase HTTP method "post" is deprecated. Use uppercase HTTP method like "POST".', 16384)
 2 APPPATH/Config/Routes.php(135): CodeIgniter\Router\RouteCollection->match([...], 'locations/generarPDF', 'LocationsPdfController::generarPDF')
 3 SYSTEMPATH/Router/RouteCollection.php(339): require('/home/u976386866/domains/servipro.site/public_html/app/app/Config/Routes.php')
 4 SYSTEMPATH/CodeIgniter.php(821): CodeIgniter\Router\RouteCollection->loadRoutes()
 5 SYSTEMPATH/CodeIgniter.php(455): CodeIgniter\CodeIgniter->tryToRouteIt(null)
 6 SYSTEMPATH/CodeIgniter.php(354): CodeIgniter\CodeIgniter->handleRequest(null, Object(Config\Cache), false)
 7 SYSTEMPATH/Boot.php(334): CodeIgniter\CodeIgniter->run()
 8 SYSTEMPATH/Boot.php(67): CodeIgniter\Boot::runCodeIgniter(Object(CodeIgniter\CodeIgniter))
 9 FCPATH/index.php(56): CodeIgniter\Boot::bootWeb(Object(Config\Paths))
WARNING - 2026-02-17 20:01:40 --> [DEPRECATED] Passing lowercase HTTP method "get" is deprecated. Use uppercase HTTP method like "GET". in SYSTEMPATH/Router/RouteCollection.php on line 1026.
 1 SYSTEMPATH/Router/RouteCollection.php(1026): trigger_error('Passing lowercase HTTP method "get" is deprecated. Use uppercase HTTP method like "GET".', 16384)
 2 APPPATH/Config/Routes.php(135): CodeIgniter\Router\RouteCollection->match([...], 'locations/generarPDF', 'LocationsPdfController::generarPDF')
 3 SYSTEMPATH/Router/RouteCollection.php(339): require('/home/u976386866/domains/servipro.site/public_html/app/app/Config/Routes.php')
 4 SYSTEMPATH/CodeIgniter.php(821): CodeIgniter\Router\RouteCollection->loadRoutes()
 5 SYSTEMPATH/CodeIgniter.php(455): CodeIgniter\CodeIgniter->tryToRouteIt(null)
 6 SYSTEMPATH/CodeIgniter.php(354): CodeIgniter\CodeIgniter->handleRequest(null, Object(Config\Cache), false)
 7 SYSTEMPATH/Boot.php(334): CodeIgniter\CodeIgniter->run()
 8 SYSTEMPATH/Boot.php(67): CodeIgniter\Boot::runCodeIgniter(Object(CodeIgniter\CodeIgniter))
 9 FCPATH/index.php(56): CodeIgniter\Boot::bootWeb(Object(Config\Paths))
WARNING - 2026-02-17 20:01:40 --> [DEPRECATED] Passing lowercase HTTP method "post" is deprecated. Use uppercase HTTP method like "POST". in SYSTEMPATH/Router/RouteCollection.php on line 1026.
 1 SYSTEMPATH/Router/RouteCollection.php(1026): trigger_error('Passing lowercase HTTP method "post" is deprecated. Use uppercase HTTP method like "POST".', 16384)
 2 APPPATH/Config/Routes.php(135): CodeIgniter\Router\RouteCollection->match([...], 'locations/generarPDF', 'LocationsPdfController::generarPDF')
 3 SYSTEMPATH/Router/RouteCollection.php(339): require('/home/u976386866/domains/servipro.site/public_html/app/app/Config/Routes.php')
 4 SYSTEMPATH/CodeIgniter.php(821): CodeIgniter\Router\RouteCollection->loadRoutes()
 5 SYSTEMPATH/CodeIgniter.php(455): CodeIgniter\CodeIgniter->tryToRouteIt(null)
 6 SYSTEMPATH/CodeIgniter.php(354): CodeIgniter\CodeIgniter->handleRequest(null, Object(Config\Cache), false)
 7 SYSTEMPATH/Boot.php(334): CodeIgniter\CodeIgniter->run()
 8 SYSTEMPATH/Boot.php(67): CodeIgniter\Boot::runCodeIgniter(Object(CodeIgniter\CodeIgniter))
 9 FCPATH/index.php(56): CodeIgniter\Boot::bootWeb(Object(Config\Paths))
WARNING - 2026-02-17 20:01:41 --> [DEPRECATED] Passing lowercase HTTP method "get" is deprecated. Use uppercase HTTP method like "GET". in SYSTEMPATH/Router/RouteCollection.php on line 1026.
 1 SYSTEMPATH/Router/RouteCollection.php(1026): trigger_error('Passing lowercase HTTP method "get" is deprecated. Use uppercase HTTP method like "GET".', 16384)
 2 APPPATH/Config/Routes.php(135): CodeIgniter\Router\RouteCollection->match([...], 'locations/generarPDF', 'LocationsPdfController::generarPDF')
 3 SYSTEMPATH/Router/RouteCollection.php(339): require('/home/u976386866/domains/servipro.site/public_html/app/app/Config/Routes.php')
 4 SYSTEMPATH/CodeIgniter.php(821): CodeIgniter\Router\RouteCollection->loadRoutes()
 5 SYSTEMPATH/CodeIgniter.php(455): CodeIgniter\CodeIgniter->tryToRouteIt(null)
 6 SYSTEMPATH/CodeIgniter.php(354): CodeIgniter\CodeIgniter->handleRequest(null, Object(Config\Cache), false)
 7 SYSTEMPATH/Boot.php(334): CodeIgniter\CodeIgniter->run()
 8 SYSTEMPATH/Boot.php(67): CodeIgniter\Boot::runCodeIgniter(Object(CodeIgniter\CodeIgniter))
 9 FCPATH/index.php(56): CodeIgniter\Boot::bootWeb(Object(Config\Paths))
WARNING - 2026-02-17 20:01:41 --> [DEPRECATED] Passing lowercase HTTP method "post" is deprecated. Use uppercase HTTP method like "POST". in SYSTEMPATH/Router/RouteCollection.php on line 1026.
 1 SYSTEMPATH/Router/RouteCollection.php(1026): trigger_error('Passing lowercase HTTP method "post" is deprecated. Use uppercase HTTP method like "POST".', 16384)
 2 APPPATH/Config/Routes.php(135): CodeIgniter\Router\RouteCollection->match([...], 'locations/generarPDF', 'LocationsPdfController::generarPDF')
 3 SYSTEMPATH/Router/RouteCollection.php(339): require('/home/u976386866/domains/servipro.site/public_html/app/app/Config/Routes.php')
 4 SYSTEMPATH/CodeIgniter.php(821): CodeIgniter\Router\RouteCollection->loadRoutes()
 5 SYSTEMPATH/CodeIgniter.php(455): CodeIgniter\CodeIgniter->tryToRouteIt(null)
 6 SYSTEMPATH/CodeIgniter.php(354): CodeIgniter\CodeIgniter->handleRequest(null, Object(Config\Cache), false)
 7 SYSTEMPATH/Boot.php(334): CodeIgniter\CodeIgniter->run()
 8 SYSTEMPATH/Boot.php(67): CodeIgniter\Boot::runCodeIgniter(Object(CodeIgniter\CodeIgniter))
 9 FCPATH/index.php(56): CodeIgniter\Boot::bootWeb(Object(Config\Paths))
WARNING - 2026-02-17 20:04:19 --> [DEPRECATED] Passing lowercase HTTP method "get" is deprecated. Use uppercase HTTP method like "GET". in SYSTEMPATH/Router/RouteCollection.php on line 1026.
 1 SYSTEMPATH/Router/RouteCollection.php(1026): trigger_error('Passing lowercase HTTP method "get" is deprecated. Use uppercase HTTP method like "GET".', 16384)
 2 APPPATH/Config/Routes.php(135): CodeIgniter\Router\RouteCollection->match([...], 'locations/generarPDF', 'LocationsPdfController::generarPDF')
 3 SYSTEMPATH/Router/RouteCollection.php(339): require('/home/u976386866/domains/servipro.site/public_html/app/app/Config/Routes.php')
 4 SYSTEMPATH/CodeIgniter.php(821): CodeIgniter\Router\RouteCollection->loadRoutes()
 5 SYSTEMPATH/CodeIgniter.php(455): CodeIgniter\CodeIgniter->tryToRouteIt(null)
 6 SYSTEMPATH/CodeIgniter.php(354): CodeIgniter\CodeIgniter->handleRequest(null, Object(Config\Cache), false)
 7 SYSTEMPATH/Boot.php(334): CodeIgniter\CodeIgniter->run()
 8 SYSTEMPATH/Boot.php(67): CodeIgniter\Boot::runCodeIgniter(Object(CodeIgniter\CodeIgniter))
 9 FCPATH/index.php(56): CodeIgniter\Boot::bootWeb(Object(Config\Paths))
WARNING - 2026-02-17 20:04:19 --> [DEPRECATED] Passing lowercase HTTP method "post" is deprecated. Use uppercase HTTP method like "POST". in SYSTEMPATH/Router/RouteCollection.php on line 1026.
 1 SYSTEMPATH/Router/RouteCollection.php(1026): trigger_error('Passing lowercase HTTP method "post" is deprecated. Use uppercase HTTP method like "POST".', 16384)
 2 APPPATH/Config/Routes.php(135): CodeIgniter\Router\RouteCollection->match([...], 'locations/generarPDF', 'LocationsPdfController::generarPDF')
 3 SYSTEMPATH/Router/RouteCollection.php(339): require('/home/u976386866/domains/servipro.site/public_html/app/app/Config/Routes.php')
 4 SYSTEMPATH/CodeIgniter.php(821): CodeIgniter\Router\RouteCollection->loadRoutes()
 5 SYSTEMPATH/CodeIgniter.php(455): CodeIgniter\CodeIgniter->tryToRouteIt(null)
 6 SYSTEMPATH/CodeIgniter.php(354): CodeIgniter\CodeIgniter->handleRequest(null, Object(Config\Cache), false)
 7 SYSTEMPATH/Boot.php(334): CodeIgniter\CodeIgniter->run()
 8 SYSTEMPATH/Boot.php(67): CodeIgniter\Boot::runCodeIgniter(Object(CodeIgniter\CodeIgniter))
 9 FCPATH/index.php(56): CodeIgniter\Boot::bootWeb(Object(Config\Paths))
DEBUG - 2026-02-17 20:04:19 --> Session: Class initialized using 'CodeIgniter\Session\Handlers\FileHandler' driver.
WARNING - 2026-02-17 21:18:07 --> [DEPRECATED] Passing lowercase HTTP method "get" is deprecated. Use uppercase HTTP method like "GET". in SYSTEMPATH/Router/RouteCollection.php on line 1026.
 1 SYSTEMPATH/Router/RouteCollection.php(1026): trigger_error('Passing lowercase HTTP method "get" is deprecated. Use uppercase HTTP method like "GET".', 16384)
 2 APPPATH/Config/Routes.php(135): CodeIgniter\Router\RouteCollection->match([...], 'locations/generarPDF', 'LocationsPdfController::generarPDF')
 3 SYSTEMPATH/Router/RouteCollection.php(339): require('/home/u976386866/domains/servipro.site/public_html/app/app/Config/Routes.php')
 4 SYSTEMPATH/CodeIgniter.php(821): CodeIgniter\Router\RouteCollection->loadRoutes()
 5 SYSTEMPATH/CodeIgniter.php(455): CodeIgniter\CodeIgniter->tryToRouteIt(null)
 6 SYSTEMPATH/CodeIgniter.php(354): CodeIgniter\CodeIgniter->handleRequest(null, Object(Config\Cache), false)
 7 SYSTEMPATH/Boot.php(334): CodeIgniter\CodeIgniter->run()
 8 SYSTEMPATH/Boot.php(67): CodeIgniter\Boot::runCodeIgniter(Object(CodeIgniter\CodeIgniter))
 9 FCPATH/index.php(56): CodeIgniter\Boot::bootWeb(Object(Config\Paths))
WARNING - 2026-02-17 21:18:07 --> [DEPRECATED] Passing lowercase HTTP method "post" is deprecated. Use uppercase HTTP method like "POST". in SYSTEMPATH/Router/RouteCollection.php on line 1026.
 1 SYSTEMPATH/Router/RouteCollection.php(1026): trigger_error('Passing lowercase HTTP method "post" is deprecated. Use uppercase HTTP method like "POST".', 16384)
 2 APPPATH/Config/Routes.php(135): CodeIgniter\Router\RouteCollection->match([...], 'locations/generarPDF', 'LocationsPdfController::generarPDF')
 3 SYSTEMPATH/Router/RouteCollection.php(339): require('/home/u976386866/domains/servipro.site/public_html/app/app/Config/Routes.php')
 4 SYSTEMPATH/CodeIgniter.php(821): CodeIgniter\Router\RouteCollection->loadRoutes()
 5 SYSTEMPATH/CodeIgniter.php(455): CodeIgniter\CodeIgniter->tryToRouteIt(null)
 6 SYSTEMPATH/CodeIgniter.php(354): CodeIgniter\CodeIgniter->handleRequest(null, Object(Config\Cache), false)
 7 SYSTEMPATH/Boot.php(334): CodeIgniter\CodeIgniter->run()
 8 SYSTEMPATH/Boot.php(67): CodeIgniter\Boot::runCodeIgniter(Object(CodeIgniter\CodeIgniter))
 9 FCPATH/index.php(56): CodeIgniter\Boot::bootWeb(Object(Config\Paths))
DEBUG - 2026-02-17 21:18:07 --> Session: Class initialized using 'CodeIgniter\Session\Handlers\FileHandler' driver.
WARNING - 2026-02-17 23:30:32 --> [DEPRECATED] Passing lowercase HTTP method "get" is deprecated. Use uppercase HTTP method like "GET". in SYSTEMPATH/Router/RouteCollection.php on line 1026.
 1 SYSTEMPATH/Router/RouteCollection.php(1026): trigger_error('Passing lowercase HTTP method "get" is deprecated. Use uppercase HTTP method like "GET".', 16384)
 2 APPPATH/Config/Routes.php(135): CodeIgniter\Router\RouteCollection->match([...], 'locations/generarPDF', 'LocationsPdfController::generarPDF')
 3 SYSTEMPATH/Router/RouteCollection.php(339): require('/home/u976386866/domains/servipro.site/public_html/app/app/Config/Routes.php')
 4 SYSTEMPATH/CodeIgniter.php(821): CodeIgniter\Router\RouteCollection->loadRoutes()
 5 SYSTEMPATH/CodeIgniter.php(455): CodeIgniter\CodeIgniter->tryToRouteIt(null)
 6 SYSTEMPATH/CodeIgniter.php(354): CodeIgniter\CodeIgniter->handleRequest(null, Object(Config\Cache), false)
 7 SYSTEMPATH/Boot.php(334): CodeIgniter\CodeIgniter->run()
 8 SYSTEMPATH/Boot.php(67): CodeIgniter\Boot::runCodeIgniter(Object(CodeIgniter\CodeIgniter))
 9 FCPATH/index.php(56): CodeIgniter\Boot::bootWeb(Object(Config\Paths))
WARNING - 2026-02-17 23:30:32 --> [DEPRECATED] Passing lowercase HTTP method "post" is deprecated. Use uppercase HTTP method like "POST". in SYSTEMPATH/Router/RouteCollection.php on line 1026.
 1 SYSTEMPATH/Router/RouteCollection.php(1026): trigger_error('Passing lowercase HTTP method "post" is deprecated. Use uppercase HTTP method like "POST".', 16384)
 2 APPPATH/Config/Routes.php(135): CodeIgniter\Router\RouteCollection->match([...], 'locations/generarPDF', 'LocationsPdfController::generarPDF')
 3 SYSTEMPATH/Router/RouteCollection.php(339): require('/home/u976386866/domains/servipro.site/public_html/app/app/Config/Routes.php')
 4 SYSTEMPATH/CodeIgniter.php(821): CodeIgniter\Router\RouteCollection->loadRoutes()
 5 SYSTEMPATH/CodeIgniter.php(455): CodeIgniter\CodeIgniter->tryToRouteIt(null)
 6 SYSTEMPATH/CodeIgniter.php(354): CodeIgniter\CodeIgniter->handleRequest(null, Object(Config\Cache), false)
 7 SYSTEMPATH/Boot.php(334): CodeIgniter\CodeIgniter->run()
 8 SYSTEMPATH/Boot.php(67): CodeIgniter\Boot::runCodeIgniter(Object(CodeIgniter\CodeIgniter))
 9 FCPATH/index.php(56): CodeIgniter\Boot::bootWeb(Object(Config\Paths))
