WARNING - 2025-12-15 08:10:05 --> [DEPRECATED] Passing lowercase HTTP method "get" is deprecated. Use uppercase HTTP method like "GET". in SYSTEMPATH/Router/RouteCollection.php on line 1026.
 1 SYSTEMPATH/Router/RouteCollection.php(1026): trigger_error('Passing lowercase HTTP method "get" is deprecated. Use uppercase HTTP method like "GET".', 16384)
 2 APPPATH/Config/Routes.php(131): CodeIgniter\Router\RouteCollection->match([...], 'locations/generarPDF', 'LocationsPdfController::generarPDF')
 3 SYSTEMPATH/Router/RouteCollection.php(339): require('/home/u976386866/domains/servipro.site/public_html/app/app/Config/Routes.php')
 4 SYSTEMPATH/CodeIgniter.php(821): CodeIgniter\Router\RouteCollection->loadRoutes()
 5 SYSTEMPATH/CodeIgniter.php(455): CodeIgniter\CodeIgniter->tryToRouteIt(null)
 6 SYSTEMPATH/CodeIgniter.php(354): CodeIgniter\CodeIgniter->handleRequest(null, Object(Config\Cache), false)
 7 SYSTEMPATH/Boot.php(334): CodeIgniter\CodeIgniter->run()
 8 SYSTEMPATH/Boot.php(67): CodeIgniter\Boot::runCodeIgniter(Object(CodeIgniter\CodeIgniter))
 9 FCPATH/index.php(56): CodeIgniter\Boot::bootWeb(Object(Config\Paths))
WARNING - 2025-12-15 08:10:05 --> [DEPRECATED] Passing lowercase HTTP method "post" is deprecated. Use uppercase HTTP method like "POST". in SYSTEMPATH/Router/RouteCollection.php on line 1026.
 1 SYSTEMPATH/Router/RouteCollection.php(1026): trigger_error('Passing lowercase HTTP method "post" is deprecated. Use uppercase HTTP method like "POST".', 16384)
 2 APPPATH/Config/Routes.php(131): CodeIgniter\Router\RouteCollection->match([...], 'locations/generarPDF', 'LocationsPdfController::generarPDF')
 3 SYSTEMPATH/Router/RouteCollection.php(339): require('/home/u976386866/domains/servipro.site/public_html/app/app/Config/Routes.php')
 4 SYSTEMPATH/CodeIgniter.php(821): CodeIgniter\Router\RouteCollection->loadRoutes()
 5 SYSTEMPATH/CodeIgniter.php(455): CodeIgniter\CodeIgniter->tryToRouteIt(null)
 6 SYSTEMPATH/CodeIgniter.php(354): CodeIgniter\CodeIgniter->handleRequest(null, Object(Config\Cache), false)
 7 SYSTEMPATH/Boot.php(334): CodeIgniter\CodeIgniter->run()
 8 SYSTEMPATH/Boot.php(67): CodeIgniter\Boot::runCodeIgniter(Object(CodeIgniter\CodeIgniter))
 9 FCPATH/index.php(56): CodeIgniter\Boot::bootWeb(Object(Config\Paths))
DEBUG - 2025-12-15 08:10:05 --> Session: Class initialized using 'CodeIgniter\Session\Handlers\FileHandler' driver.
WARNING - 2025-12-15 09:59:49 --> [DEPRECATED] Passing lowercase HTTP method "get" is deprecated. Use uppercase HTTP method like "GET". in SYSTEMPATH/Router/RouteCollection.php on line 1026.
 1 SYSTEMPATH/Router/RouteCollection.php(1026): trigger_error('Passing lowercase HTTP method "get" is deprecated. Use uppercase HTTP method like "GET".', 16384)
 2 APPPATH/Config/Routes.php(131): CodeIgniter\Router\RouteCollection->match([...], 'locations/generarPDF', 'LocationsPdfController::generarPDF')
 3 SYSTEMPATH/Router/RouteCollection.php(339): require('/home/u976386866/domains/servipro.site/public_html/app/app/Config/Routes.php')
 4 SYSTEMPATH/CodeIgniter.php(821): CodeIgniter\Router\RouteCollection->loadRoutes()
 5 SYSTEMPATH/CodeIgniter.php(455): CodeIgniter\CodeIgniter->tryToRouteIt(null)
 6 SYSTEMPATH/CodeIgniter.php(354): CodeIgniter\CodeIgniter->handleRequest(null, Object(Config\Cache), false)
 7 SYSTEMPATH/Boot.php(334): CodeIgniter\CodeIgniter->run()
 8 SYSTEMPATH/Boot.php(67): CodeIgniter\Boot::runCodeIgniter(Object(CodeIgniter\CodeIgniter))
 9 FCPATH/index.php(56): CodeIgniter\Boot::bootWeb(Object(Config\Paths))
WARNING - 2025-12-15 09:59:49 --> [DEPRECATED] Passing lowercase HTTP method "post" is deprecated. Use uppercase HTTP method like "POST". in SYSTEMPATH/Router/RouteCollection.php on line 1026.
 1 SYSTEMPATH/Router/RouteCollection.php(1026): trigger_error('Passing lowercase HTTP method "post" is deprecated. Use uppercase HTTP method like "POST".', 16384)
 2 APPPATH/Config/Routes.php(131): CodeIgniter\Router\RouteCollection->match([...], 'locations/generarPDF', 'LocationsPdfController::generarPDF')
 3 SYSTEMPATH/Router/RouteCollection.php(339): require('/home/u976386866/domains/servipro.site/public_html/app/app/Config/Routes.php')
 4 SYSTEMPATH/CodeIgniter.php(821): CodeIgniter\Router\RouteCollection->loadRoutes()
 5 SYSTEMPATH/CodeIgniter.php(455): CodeIgniter\CodeIgniter->tryToRouteIt(null)
 6 SYSTEMPATH/CodeIgniter.php(354): CodeIgniter\CodeIgniter->handleRequest(null, Object(Config\Cache), false)
 7 SYSTEMPATH/Boot.php(334): CodeIgniter\CodeIgniter->run()
 8 SYSTEMPATH/Boot.php(67): CodeIgniter\Boot::runCodeIgniter(Object(CodeIgniter\CodeIgniter))
 9 FCPATH/index.php(56): CodeIgniter\Boot::bootWeb(Object(Config\Paths))
DEBUG - 2025-12-15 09:59:50 --> Session: Class initialized using 'CodeIgniter\Session\Handlers\FileHandler' driver.
WARNING - 2025-12-15 09:59:50 --> [DEPRECATED] Passing lowercase HTTP method "get" is deprecated. Use uppercase HTTP method like "GET". in SYSTEMPATH/Router/RouteCollection.php on line 1026.
 1 SYSTEMPATH/Router/RouteCollection.php(1026): trigger_error('Passing lowercase HTTP method "get" is deprecated. Use uppercase HTTP method like "GET".', 16384)
 2 APPPATH/Config/Routes.php(131): CodeIgniter\Router\RouteCollection->match([...], 'locations/generarPDF', 'LocationsPdfController::generarPDF')
 3 SYSTEMPATH/Router/RouteCollection.php(339): require('/home/u976386866/domains/servipro.site/public_html/app/app/Config/Routes.php')
 4 SYSTEMPATH/CodeIgniter.php(821): CodeIgniter\Router\RouteCollection->loadRoutes()
 5 SYSTEMPATH/CodeIgniter.php(455): CodeIgniter\CodeIgniter->tryToRouteIt(null)
 6 SYSTEMPATH/CodeIgniter.php(354): CodeIgniter\CodeIgniter->handleRequest(null, Object(Config\Cache), false)
 7 SYSTEMPATH/Boot.php(334): CodeIgniter\CodeIgniter->run()
 8 SYSTEMPATH/Boot.php(67): CodeIgniter\Boot::runCodeIgniter(Object(CodeIgniter\CodeIgniter))
 9 FCPATH/index.php(56): CodeIgniter\Boot::bootWeb(Object(Config\Paths))
WARNING - 2025-12-15 09:59:50 --> [DEPRECATED] Passing lowercase HTTP method "post" is deprecated. Use uppercase HTTP method like "POST". in SYSTEMPATH/Router/RouteCollection.php on line 1026.
 1 SYSTEMPATH/Router/RouteCollection.php(1026): trigger_error('Passing lowercase HTTP method "post" is deprecated. Use uppercase HTTP method like "POST".', 16384)
 2 APPPATH/Config/Routes.php(131): CodeIgniter\Router\RouteCollection->match([...], 'locations/generarPDF', 'LocationsPdfController::generarPDF')
 3 SYSTEMPATH/Router/RouteCollection.php(339): require('/home/u976386866/domains/servipro.site/public_html/app/app/Config/Routes.php')
 4 SYSTEMPATH/CodeIgniter.php(821): CodeIgniter\Router\RouteCollection->loadRoutes()
 5 SYSTEMPATH/CodeIgniter.php(455): CodeIgniter\CodeIgniter->tryToRouteIt(null)
 6 SYSTEMPATH/CodeIgniter.php(354): CodeIgniter\CodeIgniter->handleRequest(null, Object(Config\Cache), false)
 7 SYSTEMPATH/Boot.php(334): CodeIgniter\CodeIgniter->run()
 8 SYSTEMPATH/Boot.php(67): CodeIgniter\Boot::runCodeIgniter(Object(CodeIgniter\CodeIgniter))
 9 FCPATH/index.php(56): CodeIgniter\Boot::bootWeb(Object(Config\Paths))
DEBUG - 2025-12-15 09:59:50 --> Session: Class initialized using 'CodeIgniter\Session\Handlers\FileHandler' driver.
WARNING - 2025-12-15 09:59:54 --> [DEPRECATED] Passing lowercase HTTP method "get" is deprecated. Use uppercase HTTP method like "GET". in SYSTEMPATH/Router/RouteCollection.php on line 1026.
 1 SYSTEMPATH/Router/RouteCollection.php(1026): trigger_error('Passing lowercase HTTP method "get" is deprecated. Use uppercase HTTP method like "GET".', 16384)
 2 APPPATH/Config/Routes.php(131): CodeIgniter\Router\RouteCollection->match([...], 'locations/generarPDF', 'LocationsPdfController::generarPDF')
 3 SYSTEMPATH/Router/RouteCollection.php(339): require('/home/u976386866/domains/servipro.site/public_html/app/app/Config/Routes.php')
 4 SYSTEMPATH/CodeIgniter.php(821): CodeIgniter\Router\RouteCollection->loadRoutes()
 5 SYSTEMPATH/CodeIgniter.php(455): CodeIgniter\CodeIgniter->tryToRouteIt(null)
 6 SYSTEMPATH/CodeIgniter.php(354): CodeIgniter\CodeIgniter->handleRequest(null, Object(Config\Cache), false)
 7 SYSTEMPATH/Boot.php(334): CodeIgniter\CodeIgniter->run()
 8 SYSTEMPATH/Boot.php(67): CodeIgniter\Boot::runCodeIgniter(Object(CodeIgniter\CodeIgniter))
 9 FCPATH/index.php(56): CodeIgniter\Boot::bootWeb(Object(Config\Paths))
WARNING - 2025-12-15 09:59:54 --> [DEPRECATED] Passing lowercase HTTP method "post" is deprecated. Use uppercase HTTP method like "POST". in SYSTEMPATH/Router/RouteCollection.php on line 1026.
 1 SYSTEMPATH/Router/RouteCollection.php(1026): trigger_error('Passing lowercase HTTP method "post" is deprecated. Use uppercase HTTP method like "POST".', 16384)
 2 APPPATH/Config/Routes.php(131): CodeIgniter\Router\RouteCollection->match([...], 'locations/generarPDF', 'LocationsPdfController::generarPDF')
 3 SYSTEMPATH/Router/RouteCollection.php(339): require('/home/u976386866/domains/servipro.site/public_html/app/app/Config/Routes.php')
 4 SYSTEMPATH/CodeIgniter.php(821): CodeIgniter\Router\RouteCollection->loadRoutes()
 5 SYSTEMPATH/CodeIgniter.php(455): CodeIgniter\CodeIgniter->tryToRouteIt(null)
 6 SYSTEMPATH/CodeIgniter.php(354): CodeIgniter\CodeIgniter->handleRequest(null, Object(Config\Cache), false)
 7 SYSTEMPATH/Boot.php(334): CodeIgniter\CodeIgniter->run()
 8 SYSTEMPATH/Boot.php(67): CodeIgniter\Boot::runCodeIgniter(Object(CodeIgniter\CodeIgniter))
 9 FCPATH/index.php(56): CodeIgniter\Boot::bootWeb(Object(Config\Paths))
DEBUG - 2025-12-15 09:59:54 --> Session: Class initialized using 'CodeIgniter\Session\Handlers\FileHandler' driver.
WARNING - 2025-12-15 09:59:56 --> [DEPRECATED] Passing lowercase HTTP method "get" is deprecated. Use uppercase HTTP method like "GET". in SYSTEMPATH/Router/RouteCollection.php on line 1026.
 1 SYSTEMPATH/Router/RouteCollection.php(1026): trigger_error('Passing lowercase HTTP method "get" is deprecated. Use uppercase HTTP method like "GET".', 16384)
 2 APPPATH/Config/Routes.php(131): CodeIgniter\Router\RouteCollection->match([...], 'locations/generarPDF', 'LocationsPdfController::generarPDF')
 3 SYSTEMPATH/Router/RouteCollection.php(339): require('/home/u976386866/domains/servipro.site/public_html/app/app/Config/Routes.php')
 4 SYSTEMPATH/CodeIgniter.php(821): CodeIgniter\Router\RouteCollection->loadRoutes()
 5 SYSTEMPATH/CodeIgniter.php(455): CodeIgniter\CodeIgniter->tryToRouteIt(null)
 6 SYSTEMPATH/CodeIgniter.php(354): CodeIgniter\CodeIgniter->handleRequest(null, Object(Config\Cache), false)
 7 SYSTEMPATH/Boot.php(334): CodeIgniter\CodeIgniter->run()
 8 SYSTEMPATH/Boot.php(67): CodeIgniter\Boot::runCodeIgniter(Object(CodeIgniter\CodeIgniter))
 9 FCPATH/index.php(56): CodeIgniter\Boot::bootWeb(Object(Config\Paths))
WARNING - 2025-12-15 09:59:56 --> [DEPRECATED] Passing lowercase HTTP method "post" is deprecated. Use uppercase HTTP method like "POST". in SYSTEMPATH/Router/RouteCollection.php on line 1026.
 1 SYSTEMPATH/Router/RouteCollection.php(1026): trigger_error('Passing lowercase HTTP method "post" is deprecated. Use uppercase HTTP method like "POST".', 16384)
 2 APPPATH/Config/Routes.php(131): CodeIgniter\Router\RouteCollection->match([...], 'locations/generarPDF', 'LocationsPdfController::generarPDF')
 3 SYSTEMPATH/Router/RouteCollection.php(339): require('/home/u976386866/domains/servipro.site/public_html/app/app/Config/Routes.php')
 4 SYSTEMPATH/CodeIgniter.php(821): CodeIgniter\Router\RouteCollection->loadRoutes()
 5 SYSTEMPATH/CodeIgniter.php(455): CodeIgniter\CodeIgniter->tryToRouteIt(null)
 6 SYSTEMPATH/CodeIgniter.php(354): CodeIgniter\CodeIgniter->handleRequest(null, Object(Config\Cache), false)
 7 SYSTEMPATH/Boot.php(334): CodeIgniter\CodeIgniter->run()
 8 SYSTEMPATH/Boot.php(67): CodeIgniter\Boot::runCodeIgniter(Object(CodeIgniter\CodeIgniter))
 9 FCPATH/index.php(56): CodeIgniter\Boot::bootWeb(Object(Config\Paths))
DEBUG - 2025-12-15 09:59:56 --> Session: Class initialized using 'CodeIgniter\Session\Handlers\FileHandler' driver.
WARNING - 2025-12-15 10:01:42 --> [DEPRECATED] Passing lowercase HTTP method "get" is deprecated. Use uppercase HTTP method like "GET". in SYSTEMPATH/Router/RouteCollection.php on line 1026.
 1 SYSTEMPATH/Router/RouteCollection.php(1026): trigger_error('Passing lowercase HTTP method "get" is deprecated. Use uppercase HTTP method like "GET".', 16384)
 2 APPPATH/Config/Routes.php(131): CodeIgniter\Router\RouteCollection->match([...], 'locations/generarPDF', 'LocationsPdfController::generarPDF')
 3 SYSTEMPATH/Router/RouteCollection.php(339): require('/home/u976386866/domains/servipro.site/public_html/app/app/Config/Routes.php')
 4 SYSTEMPATH/CodeIgniter.php(821): CodeIgniter\Router\RouteCollection->loadRoutes()
 5 SYSTEMPATH/CodeIgniter.php(455): CodeIgniter\CodeIgniter->tryToRouteIt(null)
 6 SYSTEMPATH/CodeIgniter.php(354): CodeIgniter\CodeIgniter->handleRequest(null, Object(Config\Cache), false)
 7 SYSTEMPATH/Boot.php(334): CodeIgniter\CodeIgniter->run()
 8 SYSTEMPATH/Boot.php(67): CodeIgniter\Boot::runCodeIgniter(Object(CodeIgniter\CodeIgniter))
 9 FCPATH/index.php(56): CodeIgniter\Boot::bootWeb(Object(Config\Paths))
WARNING - 2025-12-15 10:01:42 --> [DEPRECATED] Passing lowercase HTTP method "post" is deprecated. Use uppercase HTTP method like "POST". in SYSTEMPATH/Router/RouteCollection.php on line 1026.
 1 SYSTEMPATH/Router/RouteCollection.php(1026): trigger_error('Passing lowercase HTTP method "post" is deprecated. Use uppercase HTTP method like "POST".', 16384)
 2 APPPATH/Config/Routes.php(131): CodeIgniter\Router\RouteCollection->match([...], 'locations/generarPDF', 'LocationsPdfController::generarPDF')
 3 SYSTEMPATH/Router/RouteCollection.php(339): require('/home/u976386866/domains/servipro.site/public_html/app/app/Config/Routes.php')
 4 SYSTEMPATH/CodeIgniter.php(821): CodeIgniter\Router\RouteCollection->loadRoutes()
 5 SYSTEMPATH/CodeIgniter.php(455): CodeIgniter\CodeIgniter->tryToRouteIt(null)
 6 SYSTEMPATH/CodeIgniter.php(354): CodeIgniter\CodeIgniter->handleRequest(null, Object(Config\Cache), false)
 7 SYSTEMPATH/Boot.php(334): CodeIgniter\CodeIgniter->run()
 8 SYSTEMPATH/Boot.php(67): CodeIgniter\Boot::runCodeIgniter(Object(CodeIgniter\CodeIgniter))
 9 FCPATH/index.php(56): CodeIgniter\Boot::bootWeb(Object(Config\Paths))
DEBUG - 2025-12-15 10:01:42 --> Session: Class initialized using 'CodeIgniter\Session\Handlers\FileHandler' driver.
WARNING - 2025-12-15 10:16:12 --> [DEPRECATED] Passing lowercase HTTP method "get" is deprecated. Use uppercase HTTP method like "GET". in SYSTEMPATH/Router/RouteCollection.php on line 1026.
 1 SYSTEMPATH/Router/RouteCollection.php(1026): trigger_error('Passing lowercase HTTP method "get" is deprecated. Use uppercase HTTP method like "GET".', 16384)
 2 APPPATH/Config/Routes.php(131): CodeIgniter\Router\RouteCollection->match([...], 'locations/generarPDF', 'LocationsPdfController::generarPDF')
 3 SYSTEMPATH/Router/RouteCollection.php(339): require('/home/u976386866/domains/servipro.site/public_html/app/app/Config/Routes.php')
 4 SYSTEMPATH/CodeIgniter.php(821): CodeIgniter\Router\RouteCollection->loadRoutes()
 5 SYSTEMPATH/CodeIgniter.php(455): CodeIgniter\CodeIgniter->tryToRouteIt(null)
 6 SYSTEMPATH/CodeIgniter.php(354): CodeIgniter\CodeIgniter->handleRequest(null, Object(Config\Cache), false)
 7 SYSTEMPATH/Boot.php(334): CodeIgniter\CodeIgniter->run()
 8 SYSTEMPATH/Boot.php(67): CodeIgniter\Boot::runCodeIgniter(Object(CodeIgniter\CodeIgniter))
 9 FCPATH/index.php(56): CodeIgniter\Boot::bootWeb(Object(Config\Paths))
WARNING - 2025-12-15 10:16:12 --> [DEPRECATED] Passing lowercase HTTP method "post" is deprecated. Use uppercase HTTP method like "POST". in SYSTEMPATH/Router/RouteCollection.php on line 1026.
 1 SYSTEMPATH/Router/RouteCollection.php(1026): trigger_error('Passing lowercase HTTP method "post" is deprecated. Use uppercase HTTP method like "POST".', 16384)
 2 APPPATH/Config/Routes.php(131): CodeIgniter\Router\RouteCollection->match([...], 'locations/generarPDF', 'LocationsPdfController::generarPDF')
 3 SYSTEMPATH/Router/RouteCollection.php(339): require('/home/u976386866/domains/servipro.site/public_html/app/app/Config/Routes.php')
 4 SYSTEMPATH/CodeIgniter.php(821): CodeIgniter\Router\RouteCollection->loadRoutes()
 5 SYSTEMPATH/CodeIgniter.php(455): CodeIgniter\CodeIgniter->tryToRouteIt(null)
 6 SYSTEMPATH/CodeIgniter.php(354): CodeIgniter\CodeIgniter->handleRequest(null, Object(Config\Cache), false)
 7 SYSTEMPATH/Boot.php(334): CodeIgniter\CodeIgniter->run()
 8 SYSTEMPATH/Boot.php(67): CodeIgniter\Boot::runCodeIgniter(Object(CodeIgniter\CodeIgniter))
 9 FCPATH/index.php(56): CodeIgniter\Boot::bootWeb(Object(Config\Paths))
DEBUG - 2025-12-15 10:16:12 --> Session: Class initialized using 'CodeIgniter\Session\Handlers\FileHandler' driver.
WARNING - 2025-12-15 10:16:14 --> [DEPRECATED] Passing lowercase HTTP method "get" is deprecated. Use uppercase HTTP method like "GET". in SYSTEMPATH/Router/RouteCollection.php on line 1026.
 1 SYSTEMPATH/Router/RouteCollection.php(1026): trigger_error('Passing lowercase HTTP method "get" is deprecated. Use uppercase HTTP method like "GET".', 16384)
 2 APPPATH/Config/Routes.php(131): CodeIgniter\Router\RouteCollection->match([...], 'locations/generarPDF', 'LocationsPdfController::generarPDF')
 3 SYSTEMPATH/Router/RouteCollection.php(339): require('/home/u976386866/domains/servipro.site/public_html/app/app/Config/Routes.php')
 4 SYSTEMPATH/CodeIgniter.php(821): CodeIgniter\Router\RouteCollection->loadRoutes()
 5 SYSTEMPATH/CodeIgniter.php(455): CodeIgniter\CodeIgniter->tryToRouteIt(null)
 6 SYSTEMPATH/CodeIgniter.php(354): CodeIgniter\CodeIgniter->handleRequest(null, Object(Config\Cache), false)
 7 SYSTEMPATH/Boot.php(334): CodeIgniter\CodeIgniter->run()
 8 SYSTEMPATH/Boot.php(67): CodeIgniter\Boot::runCodeIgniter(Object(CodeIgniter\CodeIgniter))
 9 FCPATH/index.php(56): CodeIgniter\Boot::bootWeb(Object(Config\Paths))
WARNING - 2025-12-15 10:16:14 --> [DEPRECATED] Passing lowercase HTTP method "post" is deprecated. Use uppercase HTTP method like "POST". in SYSTEMPATH/Router/RouteCollection.php on line 1026.
 1 SYSTEMPATH/Router/RouteCollection.php(1026): trigger_error('Passing lowercase HTTP method "post" is deprecated. Use uppercase HTTP method like "POST".', 16384)
 2 APPPATH/Config/Routes.php(131): CodeIgniter\Router\RouteCollection->match([...], 'locations/generarPDF', 'LocationsPdfController::generarPDF')
 3 SYSTEMPATH/Router/RouteCollection.php(339): require('/home/u976386866/domains/servipro.site/public_html/app/app/Config/Routes.php')
 4 SYSTEMPATH/CodeIgniter.php(821): CodeIgniter\Router\RouteCollection->loadRoutes()
 5 SYSTEMPATH/CodeIgniter.php(455): CodeIgniter\CodeIgniter->tryToRouteIt(null)
 6 SYSTEMPATH/CodeIgniter.php(354): CodeIgniter\CodeIgniter->handleRequest(null, Object(Config\Cache), false)
 7 SYSTEMPATH/Boot.php(334): CodeIgniter\CodeIgniter->run()
 8 SYSTEMPATH/Boot.php(67): CodeIgniter\Boot::runCodeIgniter(Object(CodeIgniter\CodeIgniter))
 9 FCPATH/index.php(56): CodeIgniter\Boot::bootWeb(Object(Config\Paths))
DEBUG - 2025-12-15 10:16:14 --> Session: Class initialized using 'CodeIgniter\Session\Handlers\FileHandler' driver.
DEBUG - 2025-12-15 10:16:14 --> Iniciando carga de sedes
DEBUG - 2025-12-15 10:16:14 --> Sedes cargadas: [{"id":"17","nombre":"Bimbo Santa Maria","direccion":"Avenida ServiPro","ciudad":"CDMX","pais":"Mexico","fecha_creacion":"2025-04-03 13:01:50","estatus":"1"},{"id":"18","nombre":"Bimbo Azcapotzalco","direccion":"Av San Pablo Xalpa 520, San Martin Xochinahuac, Azcapotzalco, 02120 Ciudad de M\u00e9xico, CDMX","ciudad":"CDMC","pais":"M\u00e9xico","fecha_creacion":"2025-04-07 12:06:45","estatus":"1"},{"id":"21","nombre":"Bimbo Villahermosa","direccion":"Av. Cobre 105, Cd Industrial, 86010 Villahermosa, Tabasco","ciudad":"Villahermosa, Tabasco","pais":"M\u00e9xico","fecha_creacion":"2025-05-12 12:11:50","estatus":"1"},{"id":"22","nombre":"Totis Planta uno Botana","direccion":"Av. San Pablo Xalpa 520, San Mart\u00edn Xochinahuac, Azcapotzalco, 02120 Ciudad de M\u00e9xico, CDMX","ciudad":"CDMX","pais":"Mexico","fecha_creacion":"2025-05-28 09:41:53","estatus":"1"},{"id":"23","nombre":"BIMBO YUCAT\u00c1N","direccion":"CALLE 21, #426, INT 0, COL. CIUDAD INDUSTRIAL","ciudad":"M\u00c9RIDA","pais":"M\u00c9XICO","fecha_creacion":"2025-07-14 17:00:19","estatus":"1"},{"id":"24","nombre":"Bimbo Toluca","direccion":"Corredor Industrial, Mz 2, Lote E, Ex Rancho El Coecillo","ciudad":"Toluca","pais":"M\u00e9xico","fecha_creacion":"2025-07-28 13:39:14","estatus":"1"},{"id":"26","nombre":"Totis planta dos","direccion":"Eje oriente poniente no. 38, col. Ciudad industrial, CP 43800, Tizayuca, Hidalgo","ciudad":"Tizayuca","pais":"M\u00e9xico","fecha_creacion":"2025-10-27 16:30:54","estatus":"1"},{"id":"27","nombre":"Bimbo M\u00e9xico Santa Mar\u00eda ","direccion":"Mimosas 117, 118 Col. Santa Mar\u00eda Insurgentes Cuauht\u00e9moc CDMX ","ciudad":"CDMX","pais":"M\u00e9xico","fecha_creacion":"2025-11-02 10:48:40","estatus":"1"},{"id":"28","nombre":"HAZPAN-LONCHIBON","direccion":"EMILIANO ZAPATA 25, PQUE. IND. LERMA","ciudad":"TOLUCA","pais":"M\u00e9xico","fecha_creacion":"2025-11-27 11:43:59","estatus":"1"},{"id":"29","nombre":"Suandy Marinela Toluca","direccion":"Emiliano Zapata 25, Pque. Ind. Lerma","ciudad":"TOLUCA","pais":"M\u00e9xico","fecha_creacion":"2025-11-27 11:55:24","estatus":"1"},{"id":"30","nombre":"T\u00eda Rosa, Toluca ","direccion":"Benito Juarez Mz. 027","ciudad":"Sta. Ma. Totoltepec, Toluca","pais":"M\u00e9xico","fecha_creacion":"2025-11-27 11:56:59","estatus":"1"},{"id":"31","nombre":"Bimbo Norte","direccion":"Av. F\u00e9lix U. G\u00f3mez 4203, Coyoac\u00e1n, C.P. 64510","ciudad":"Monterrey N.L.","pais":"M\u00e9xico","fecha_creacion":"2025-11-28 15:45:37","estatus":"1"},{"id":"32","nombre":"PLANTA DE PRUEBA","direccion":"PRUEBAS","ciudad":"DCDS","pais":"MEXICO","fecha_creacion":"2025-12-07 18:59:44","estatus":"1"},{"id":"33","nombre":"BSL","direccion":"Eje 128 #135 manzana 3, zona industrial segunda secci\u00f3n ","ciudad":"San Luis Potos\u00ed","pais":"M\u00e9xico","fecha_creacion":"2025-12-08 21:23:56","estatus":"1"},{"id":"34","nombre":"Sanissimo Monterrey","direccion":"Manuel de la Pe\u00f1a y Pe\u00f1a #1020-5, Bella Vista","ciudad":"Monterrey N.L.","pais":"M\u00e9xico","fecha_creacion":"2025-12-08 21:28:12","estatus":"1"}]
WARNING - 2025-12-15 10:34:14 --> [DEPRECATED] Passing lowercase HTTP method "get" is deprecated. Use uppercase HTTP method like "GET". in SYSTEMPATH/Router/RouteCollection.php on line 1026.
 1 SYSTEMPATH/Router/RouteCollection.php(1026): trigger_error('Passing lowercase HTTP method "get" is deprecated. Use uppercase HTTP method like "GET".', 16384)
 2 APPPATH/Config/Routes.php(131): CodeIgniter\Router\RouteCollection->match([...], 'locations/generarPDF', 'LocationsPdfController::generarPDF')
 3 SYSTEMPATH/Router/RouteCollection.php(339): require('/home/u976386866/domains/servipro.site/public_html/app/app/Config/Routes.php')
 4 SYSTEMPATH/CodeIgniter.php(821): CodeIgniter\Router\RouteCollection->loadRoutes()
 5 SYSTEMPATH/CodeIgniter.php(455): CodeIgniter\CodeIgniter->tryToRouteIt(null)
 6 SYSTEMPATH/CodeIgniter.php(354): CodeIgniter\CodeIgniter->handleRequest(null, Object(Config\Cache), false)
 7 SYSTEMPATH/Boot.php(334): CodeIgniter\CodeIgniter->run()
 8 SYSTEMPATH/Boot.php(67): CodeIgniter\Boot::runCodeIgniter(Object(CodeIgniter\CodeIgniter))
 9 FCPATH/index.php(56): CodeIgniter\Boot::bootWeb(Object(Config\Paths))
WARNING - 2025-12-15 10:34:14 --> [DEPRECATED] Passing lowercase HTTP method "post" is deprecated. Use uppercase HTTP method like "POST". in SYSTEMPATH/Router/RouteCollection.php on line 1026.
 1 SYSTEMPATH/Router/RouteCollection.php(1026): trigger_error('Passing lowercase HTTP method "post" is deprecated. Use uppercase HTTP method like "POST".', 16384)
 2 APPPATH/Config/Routes.php(131): CodeIgniter\Router\RouteCollection->match([...], 'locations/generarPDF', 'LocationsPdfController::generarPDF')
 3 SYSTEMPATH/Router/RouteCollection.php(339): require('/home/u976386866/domains/servipro.site/public_html/app/app/Config/Routes.php')
 4 SYSTEMPATH/CodeIgniter.php(821): CodeIgniter\Router\RouteCollection->loadRoutes()
 5 SYSTEMPATH/CodeIgniter.php(455): CodeIgniter\CodeIgniter->tryToRouteIt(null)
 6 SYSTEMPATH/CodeIgniter.php(354): CodeIgniter\CodeIgniter->handleRequest(null, Object(Config\Cache), false)
 7 SYSTEMPATH/Boot.php(334): CodeIgniter\CodeIgniter->run()
 8 SYSTEMPATH/Boot.php(67): CodeIgniter\Boot::runCodeIgniter(Object(CodeIgniter\CodeIgniter))
 9 FCPATH/index.php(56): CodeIgniter\Boot::bootWeb(Object(Config\Paths))
DEBUG - 2025-12-15 10:34:14 --> Session: Class initialized using 'CodeIgniter\Session\Handlers\FileHandler' driver.
WARNING - 2025-12-15 10:34:17 --> [DEPRECATED] Passing lowercase HTTP method "get" is deprecated. Use uppercase HTTP method like "GET". in SYSTEMPATH/Router/RouteCollection.php on line 1026.
 1 SYSTEMPATH/Router/RouteCollection.php(1026): trigger_error('Passing lowercase HTTP method "get" is deprecated. Use uppercase HTTP method like "GET".', 16384)
 2 APPPATH/Config/Routes.php(131): CodeIgniter\Router\RouteCollection->match([...], 'locations/generarPDF', 'LocationsPdfController::generarPDF')
 3 SYSTEMPATH/Router/RouteCollection.php(339): require('/home/u976386866/domains/servipro.site/public_html/app/app/Config/Routes.php')
 4 SYSTEMPATH/CodeIgniter.php(821): CodeIgniter\Router\RouteCollection->loadRoutes()
 5 SYSTEMPATH/CodeIgniter.php(455): CodeIgniter\CodeIgniter->tryToRouteIt(null)
 6 SYSTEMPATH/CodeIgniter.php(354): CodeIgniter\CodeIgniter->handleRequest(null, Object(Config\Cache), false)
 7 SYSTEMPATH/Boot.php(334): CodeIgniter\CodeIgniter->run()
 8 SYSTEMPATH/Boot.php(67): CodeIgniter\Boot::runCodeIgniter(Object(CodeIgniter\CodeIgniter))
 9 FCPATH/index.php(56): CodeIgniter\Boot::bootWeb(Object(Config\Paths))
WARNING - 2025-12-15 10:34:17 --> [DEPRECATED] Passing lowercase HTTP method "post" is deprecated. Use uppercase HTTP method like "POST". in SYSTEMPATH/Router/RouteCollection.php on line 1026.
 1 SYSTEMPATH/Router/RouteCollection.php(1026): trigger_error('Passing lowercase HTTP method "post" is deprecated. Use uppercase HTTP method like "POST".', 16384)
 2 APPPATH/Config/Routes.php(131): CodeIgniter\Router\RouteCollection->match([...], 'locations/generarPDF', 'LocationsPdfController::generarPDF')
 3 SYSTEMPATH/Router/RouteCollection.php(339): require('/home/u976386866/domains/servipro.site/public_html/app/app/Config/Routes.php')
 4 SYSTEMPATH/CodeIgniter.php(821): CodeIgniter\Router\RouteCollection->loadRoutes()
 5 SYSTEMPATH/CodeIgniter.php(455): CodeIgniter\CodeIgniter->tryToRouteIt(null)
 6 SYSTEMPATH/CodeIgniter.php(354): CodeIgniter\CodeIgniter->handleRequest(null, Object(Config\Cache), false)
 7 SYSTEMPATH/Boot.php(334): CodeIgniter\CodeIgniter->run()
 8 SYSTEMPATH/Boot.php(67): CodeIgniter\Boot::runCodeIgniter(Object(CodeIgniter\CodeIgniter))
 9 FCPATH/index.php(56): CodeIgniter\Boot::bootWeb(Object(Config\Paths))
DEBUG - 2025-12-15 10:34:17 --> Session: Class initialized using 'CodeIgniter\Session\Handlers\FileHandler' driver.
DEBUG - 2025-12-15 10:34:17 --> Iniciando carga de sedes
DEBUG - 2025-12-15 10:34:17 --> Sedes cargadas: [{"id":"17","nombre":"Bimbo Santa Maria","direccion":"Avenida ServiPro","ciudad":"CDMX","pais":"Mexico","fecha_creacion":"2025-04-03 13:01:50","estatus":"1"},{"id":"18","nombre":"Bimbo Azcapotzalco","direccion":"Av San Pablo Xalpa 520, San Martin Xochinahuac, Azcapotzalco, 02120 Ciudad de M\u00e9xico, CDMX","ciudad":"CDMC","pais":"M\u00e9xico","fecha_creacion":"2025-04-07 12:06:45","estatus":"1"},{"id":"21","nombre":"Bimbo Villahermosa","direccion":"Av. Cobre 105, Cd Industrial, 86010 Villahermosa, Tabasco","ciudad":"Villahermosa, Tabasco","pais":"M\u00e9xico","fecha_creacion":"2025-05-12 12:11:50","estatus":"1"},{"id":"22","nombre":"Totis Planta uno Botana","direccion":"Av. San Pablo Xalpa 520, San Mart\u00edn Xochinahuac, Azcapotzalco, 02120 Ciudad de M\u00e9xico, CDMX","ciudad":"CDMX","pais":"Mexico","fecha_creacion":"2025-05-28 09:41:53","estatus":"1"},{"id":"23","nombre":"BIMBO YUCAT\u00c1N","direccion":"CALLE 21, #426, INT 0, COL. CIUDAD INDUSTRIAL","ciudad":"M\u00c9RIDA","pais":"M\u00c9XICO","fecha_creacion":"2025-07-14 17:00:19","estatus":"1"},{"id":"24","nombre":"Bimbo Toluca","direccion":"Corredor Industrial, Mz 2, Lote E, Ex Rancho El Coecillo","ciudad":"Toluca","pais":"M\u00e9xico","fecha_creacion":"2025-07-28 13:39:14","estatus":"1"},{"id":"26","nombre":"Totis planta dos","direccion":"Eje oriente poniente no. 38, col. Ciudad industrial, CP 43800, Tizayuca, Hidalgo","ciudad":"Tizayuca","pais":"M\u00e9xico","fecha_creacion":"2025-10-27 16:30:54","estatus":"1"},{"id":"27","nombre":"Bimbo M\u00e9xico Santa Mar\u00eda ","direccion":"Mimosas 117, 118 Col. Santa Mar\u00eda Insurgentes Cuauht\u00e9moc CDMX ","ciudad":"CDMX","pais":"M\u00e9xico","fecha_creacion":"2025-11-02 10:48:40","estatus":"1"},{"id":"28","nombre":"HAZPAN-LONCHIBON","direccion":"EMILIANO ZAPATA 25, PQUE. IND. LERMA","ciudad":"TOLUCA","pais":"M\u00e9xico","fecha_creacion":"2025-11-27 11:43:59","estatus":"1"},{"id":"29","nombre":"Suandy Marinela Toluca","direccion":"Emiliano Zapata 25, Pque. Ind. Lerma","ciudad":"TOLUCA","pais":"M\u00e9xico","fecha_creacion":"2025-11-27 11:55:24","estatus":"1"},{"id":"30","nombre":"T\u00eda Rosa, Toluca ","direccion":"Benito Juarez Mz. 027","ciudad":"Sta. Ma. Totoltepec, Toluca","pais":"M\u00e9xico","fecha_creacion":"2025-11-27 11:56:59","estatus":"1"},{"id":"31","nombre":"Bimbo Norte","direccion":"Av. F\u00e9lix U. G\u00f3mez 4203, Coyoac\u00e1n, C.P. 64510","ciudad":"Monterrey N.L.","pais":"M\u00e9xico","fecha_creacion":"2025-11-28 15:45:37","estatus":"1"},{"id":"32","nombre":"PLANTA DE PRUEBA","direccion":"PRUEBAS","ciudad":"DCDS","pais":"MEXICO","fecha_creacion":"2025-12-07 18:59:44","estatus":"1"},{"id":"33","nombre":"BSL","direccion":"Eje 128 #135 manzana 3, zona industrial segunda secci\u00f3n ","ciudad":"San Luis Potos\u00ed","pais":"M\u00e9xico","fecha_creacion":"2025-12-08 21:23:56","estatus":"1"},{"id":"34","nombre":"Sanissimo Monterrey","direccion":"Manuel de la Pe\u00f1a y Pe\u00f1a #1020-5, Bella Vista","ciudad":"Monterrey N.L.","pais":"M\u00e9xico","fecha_creacion":"2025-12-08 21:28:12","estatus":"1"}]
WARNING - 2025-12-15 10:37:09 --> [DEPRECATED] Passing lowercase HTTP method "get" is deprecated. Use uppercase HTTP method like "GET". in SYSTEMPATH/Router/RouteCollection.php on line 1026.
 1 SYSTEMPATH/Router/RouteCollection.php(1026): trigger_error('Passing lowercase HTTP method "get" is deprecated. Use uppercase HTTP method like "GET".', 16384)
 2 APPPATH/Config/Routes.php(131): CodeIgniter\Router\RouteCollection->match([...], 'locations/generarPDF', 'LocationsPdfController::generarPDF')
 3 SYSTEMPATH/Router/RouteCollection.php(339): require('/home/u976386866/domains/servipro.site/public_html/app/app/Config/Routes.php')
 4 SYSTEMPATH/CodeIgniter.php(821): CodeIgniter\Router\RouteCollection->loadRoutes()
 5 SYSTEMPATH/CodeIgniter.php(455): CodeIgniter\CodeIgniter->tryToRouteIt(null)
 6 SYSTEMPATH/CodeIgniter.php(354): CodeIgniter\CodeIgniter->handleRequest(null, Object(Config\Cache), false)
 7 SYSTEMPATH/Boot.php(334): CodeIgniter\CodeIgniter->run()
 8 SYSTEMPATH/Boot.php(67): CodeIgniter\Boot::runCodeIgniter(Object(CodeIgniter\CodeIgniter))
 9 FCPATH/index.php(56): CodeIgniter\Boot::bootWeb(Object(Config\Paths))
WARNING - 2025-12-15 10:37:09 --> [DEPRECATED] Passing lowercase HTTP method "post" is deprecated. Use uppercase HTTP method like "POST". in SYSTEMPATH/Router/RouteCollection.php on line 1026.
 1 SYSTEMPATH/Router/RouteCollection.php(1026): trigger_error('Passing lowercase HTTP method "post" is deprecated. Use uppercase HTTP method like "POST".', 16384)
 2 APPPATH/Config/Routes.php(131): CodeIgniter\Router\RouteCollection->match([...], 'locations/generarPDF', 'LocationsPdfController::generarPDF')
 3 SYSTEMPATH/Router/RouteCollection.php(339): require('/home/u976386866/domains/servipro.site/public_html/app/app/Config/Routes.php')
 4 SYSTEMPATH/CodeIgniter.php(821): CodeIgniter\Router\RouteCollection->loadRoutes()
 5 SYSTEMPATH/CodeIgniter.php(455): CodeIgniter\CodeIgniter->tryToRouteIt(null)
 6 SYSTEMPATH/CodeIgniter.php(354): CodeIgniter\CodeIgniter->handleRequest(null, Object(Config\Cache), false)
 7 SYSTEMPATH/Boot.php(334): CodeIgniter\CodeIgniter->run()
 8 SYSTEMPATH/Boot.php(67): CodeIgniter\Boot::runCodeIgniter(Object(CodeIgniter\CodeIgniter))
 9 FCPATH/index.php(56): CodeIgniter\Boot::bootWeb(Object(Config\Paths))
DEBUG - 2025-12-15 10:37:09 --> Session: Class initialized using 'CodeIgniter\Session\Handlers\FileHandler' driver.
DEBUG - 2025-12-15 10:37:09 --> Iniciando carga de sedes
DEBUG - 2025-12-15 10:37:09 --> Sedes cargadas: [{"id":"17","nombre":"Bimbo Santa Maria","direccion":"Avenida ServiPro","ciudad":"CDMX","pais":"Mexico","fecha_creacion":"2025-04-03 13:01:50","estatus":"1"},{"id":"18","nombre":"Bimbo Azcapotzalco","direccion":"Av San Pablo Xalpa 520, San Martin Xochinahuac, Azcapotzalco, 02120 Ciudad de M\u00e9xico, CDMX","ciudad":"CDMC","pais":"M\u00e9xico","fecha_creacion":"2025-04-07 12:06:45","estatus":"1"},{"id":"21","nombre":"Bimbo Villahermosa","direccion":"Av. Cobre 105, Cd Industrial, 86010 Villahermosa, Tabasco","ciudad":"Villahermosa, Tabasco","pais":"M\u00e9xico","fecha_creacion":"2025-05-12 12:11:50","estatus":"1"},{"id":"22","nombre":"Totis Planta uno Botana","direccion":"Av. San Pablo Xalpa 520, San Mart\u00edn Xochinahuac, Azcapotzalco, 02120 Ciudad de M\u00e9xico, CDMX","ciudad":"CDMX","pais":"Mexico","fecha_creacion":"2025-05-28 09:41:53","estatus":"1"},{"id":"23","nombre":"BIMBO YUCAT\u00c1N","direccion":"CALLE 21, #426, INT 0, COL. CIUDAD INDUSTRIAL","ciudad":"M\u00c9RIDA","pais":"M\u00c9XICO","fecha_creacion":"2025-07-14 17:00:19","estatus":"1"},{"id":"24","nombre":"Bimbo Toluca","direccion":"Corredor Industrial, Mz 2, Lote E, Ex Rancho El Coecillo","ciudad":"Toluca","pais":"M\u00e9xico","fecha_creacion":"2025-07-28 13:39:14","estatus":"1"},{"id":"26","nombre":"Totis planta dos","direccion":"Eje oriente poniente no. 38, col. Ciudad industrial, CP 43800, Tizayuca, Hidalgo","ciudad":"Tizayuca","pais":"M\u00e9xico","fecha_creacion":"2025-10-27 16:30:54","estatus":"1"},{"id":"27","nombre":"Bimbo M\u00e9xico Santa Mar\u00eda ","direccion":"Mimosas 117, 118 Col. Santa Mar\u00eda Insurgentes Cuauht\u00e9moc CDMX ","ciudad":"CDMX","pais":"M\u00e9xico","fecha_creacion":"2025-11-02 10:48:40","estatus":"1"},{"id":"28","nombre":"HAZPAN-LONCHIBON","direccion":"EMILIANO ZAPATA 25, PQUE. IND. LERMA","ciudad":"TOLUCA","pais":"M\u00e9xico","fecha_creacion":"2025-11-27 11:43:59","estatus":"1"},{"id":"29","nombre":"Suandy Marinela Toluca","direccion":"Emiliano Zapata 25, Pque. Ind. Lerma","ciudad":"TOLUCA","pais":"M\u00e9xico","fecha_creacion":"2025-11-27 11:55:24","estatus":"1"},{"id":"30","nombre":"T\u00eda Rosa, Toluca ","direccion":"Benito Juarez Mz. 027","ciudad":"Sta. Ma. Totoltepec, Toluca","pais":"M\u00e9xico","fecha_creacion":"2025-11-27 11:56:59","estatus":"1"},{"id":"31","nombre":"Bimbo Norte","direccion":"Av. F\u00e9lix U. G\u00f3mez 4203, Coyoac\u00e1n, C.P. 64510","ciudad":"Monterrey N.L.","pais":"M\u00e9xico","fecha_creacion":"2025-11-28 15:45:37","estatus":"1"},{"id":"32","nombre":"PLANTA DE PRUEBA","direccion":"PRUEBAS","ciudad":"DCDS","pais":"MEXICO","fecha_creacion":"2025-12-07 18:59:44","estatus":"1"},{"id":"33","nombre":"BSL","direccion":"Eje 128 #135 manzana 3, zona industrial segunda secci\u00f3n ","ciudad":"San Luis Potos\u00ed","pais":"M\u00e9xico","fecha_creacion":"2025-12-08 21:23:56","estatus":"1"},{"id":"34","nombre":"Sanissimo Monterrey","direccion":"Manuel de la Pe\u00f1a y Pe\u00f1a #1020-5, Bella Vista","ciudad":"Monterrey N.L.","pais":"M\u00e9xico","fecha_creacion":"2025-12-08 21:28:12","estatus":"1"}]
WARNING - 2025-12-15 10:37:16 --> [DEPRECATED] Passing lowercase HTTP method "get" is deprecated. Use uppercase HTTP method like "GET". in SYSTEMPATH/Router/RouteCollection.php on line 1026.
 1 SYSTEMPATH/Router/RouteCollection.php(1026): trigger_error('Passing lowercase HTTP method "get" is deprecated. Use uppercase HTTP method like "GET".', 16384)
 2 APPPATH/Config/Routes.php(131): CodeIgniter\Router\RouteCollection->match([...], 'locations/generarPDF', 'LocationsPdfController::generarPDF')
 3 SYSTEMPATH/Router/RouteCollection.php(339): require('/home/u976386866/domains/servipro.site/public_html/app/app/Config/Routes.php')
 4 SYSTEMPATH/CodeIgniter.php(821): CodeIgniter\Router\RouteCollection->loadRoutes()
 5 SYSTEMPATH/CodeIgniter.php(455): CodeIgniter\CodeIgniter->tryToRouteIt(null)
 6 SYSTEMPATH/CodeIgniter.php(354): CodeIgniter\CodeIgniter->handleRequest(null, Object(Config\Cache), false)
 7 SYSTEMPATH/Boot.php(334): CodeIgniter\CodeIgniter->run()
 8 SYSTEMPATH/Boot.php(67): CodeIgniter\Boot::runCodeIgniter(Object(CodeIgniter\CodeIgniter))
 9 FCPATH/index.php(56): CodeIgniter\Boot::bootWeb(Object(Config\Paths))
WARNING - 2025-12-15 10:37:16 --> [DEPRECATED] Passing lowercase HTTP method "post" is deprecated. Use uppercase HTTP method like "POST". in SYSTEMPATH/Router/RouteCollection.php on line 1026.
 1 SYSTEMPATH/Router/RouteCollection.php(1026): trigger_error('Passing lowercase HTTP method "post" is deprecated. Use uppercase HTTP method like "POST".', 16384)
 2 APPPATH/Config/Routes.php(131): CodeIgniter\Router\RouteCollection->match([...], 'locations/generarPDF', 'LocationsPdfController::generarPDF')
 3 SYSTEMPATH/Router/RouteCollection.php(339): require('/home/u976386866/domains/servipro.site/public_html/app/app/Config/Routes.php')
 4 SYSTEMPATH/CodeIgniter.php(821): CodeIgniter\Router\RouteCollection->loadRoutes()
 5 SYSTEMPATH/CodeIgniter.php(455): CodeIgniter\CodeIgniter->tryToRouteIt(null)
 6 SYSTEMPATH/CodeIgniter.php(354): CodeIgniter\CodeIgniter->handleRequest(null, Object(Config\Cache), false)
 7 SYSTEMPATH/Boot.php(334): CodeIgniter\CodeIgniter->run()
 8 SYSTEMPATH/Boot.php(67): CodeIgniter\Boot::runCodeIgniter(Object(CodeIgniter\CodeIgniter))
 9 FCPATH/index.php(56): CodeIgniter\Boot::bootWeb(Object(Config\Paths))
DEBUG - 2025-12-15 10:37:16 --> Session: Class initialized using 'CodeIgniter\Session\Handlers\FileHandler' driver.
WARNING - 2025-12-15 10:37:19 --> [DEPRECATED] Passing lowercase HTTP method "get" is deprecated. Use uppercase HTTP method like "GET". in SYSTEMPATH/Router/RouteCollection.php on line 1026.
 1 SYSTEMPATH/Router/RouteCollection.php(1026): trigger_error('Passing lowercase HTTP method "get" is deprecated. Use uppercase HTTP method like "GET".', 16384)
 2 APPPATH/Config/Routes.php(131): CodeIgniter\Router\RouteCollection->match([...], 'locations/generarPDF', 'LocationsPdfController::generarPDF')
 3 SYSTEMPATH/Router/RouteCollection.php(339): require('/home/u976386866/domains/servipro.site/public_html/app/app/Config/Routes.php')
 4 SYSTEMPATH/CodeIgniter.php(821): CodeIgniter\Router\RouteCollection->loadRoutes()
 5 SYSTEMPATH/CodeIgniter.php(455): CodeIgniter\CodeIgniter->tryToRouteIt(null)
 6 SYSTEMPATH/CodeIgniter.php(354): CodeIgniter\CodeIgniter->handleRequest(null, Object(Config\Cache), false)
 7 SYSTEMPATH/Boot.php(334): CodeIgniter\CodeIgniter->run()
 8 SYSTEMPATH/Boot.php(67): CodeIgniter\Boot::runCodeIgniter(Object(CodeIgniter\CodeIgniter))
 9 FCPATH/index.php(56): CodeIgniter\Boot::bootWeb(Object(Config\Paths))
WARNING - 2025-12-15 10:37:19 --> [DEPRECATED] Passing lowercase HTTP method "post" is deprecated. Use uppercase HTTP method like "POST". in SYSTEMPATH/Router/RouteCollection.php on line 1026.
 1 SYSTEMPATH/Router/RouteCollection.php(1026): trigger_error('Passing lowercase HTTP method "post" is deprecated. Use uppercase HTTP method like "POST".', 16384)
 2 APPPATH/Config/Routes.php(131): CodeIgniter\Router\RouteCollection->match([...], 'locations/generarPDF', 'LocationsPdfController::generarPDF')
 3 SYSTEMPATH/Router/RouteCollection.php(339): require('/home/u976386866/domains/servipro.site/public_html/app/app/Config/Routes.php')
 4 SYSTEMPATH/CodeIgniter.php(821): CodeIgniter\Router\RouteCollection->loadRoutes()
 5 SYSTEMPATH/CodeIgniter.php(455): CodeIgniter\CodeIgniter->tryToRouteIt(null)
 6 SYSTEMPATH/CodeIgniter.php(354): CodeIgniter\CodeIgniter->handleRequest(null, Object(Config\Cache), false)
 7 SYSTEMPATH/Boot.php(334): CodeIgniter\CodeIgniter->run()
 8 SYSTEMPATH/Boot.php(67): CodeIgniter\Boot::runCodeIgniter(Object(CodeIgniter\CodeIgniter))
 9 FCPATH/index.php(56): CodeIgniter\Boot::bootWeb(Object(Config\Paths))
DEBUG - 2025-12-15 10:37:19 --> Session: Class initialized using 'CodeIgniter\Session\Handlers\FileHandler' driver.
WARNING - 2025-12-15 10:37:32 --> [DEPRECATED] Passing lowercase HTTP method "get" is deprecated. Use uppercase HTTP method like "GET". in SYSTEMPATH/Router/RouteCollection.php on line 1026.
 1 SYSTEMPATH/Router/RouteCollection.php(1026): trigger_error('Passing lowercase HTTP method "get" is deprecated. Use uppercase HTTP method like "GET".', 16384)
 2 APPPATH/Config/Routes.php(131): CodeIgniter\Router\RouteCollection->match([...], 'locations/generarPDF', 'LocationsPdfController::generarPDF')
 3 SYSTEMPATH/Router/RouteCollection.php(339): require('/home/u976386866/domains/servipro.site/public_html/app/app/Config/Routes.php')
 4 SYSTEMPATH/CodeIgniter.php(821): CodeIgniter\Router\RouteCollection->loadRoutes()
 5 SYSTEMPATH/CodeIgniter.php(455): CodeIgniter\CodeIgniter->tryToRouteIt(null)
 6 SYSTEMPATH/CodeIgniter.php(354): CodeIgniter\CodeIgniter->handleRequest(null, Object(Config\Cache), false)
 7 SYSTEMPATH/Boot.php(334): CodeIgniter\CodeIgniter->run()
 8 SYSTEMPATH/Boot.php(67): CodeIgniter\Boot::runCodeIgniter(Object(CodeIgniter\CodeIgniter))
 9 FCPATH/index.php(56): CodeIgniter\Boot::bootWeb(Object(Config\Paths))
WARNING - 2025-12-15 10:37:32 --> [DEPRECATED] Passing lowercase HTTP method "post" is deprecated. Use uppercase HTTP method like "POST". in SYSTEMPATH/Router/RouteCollection.php on line 1026.
 1 SYSTEMPATH/Router/RouteCollection.php(1026): trigger_error('Passing lowercase HTTP method "post" is deprecated. Use uppercase HTTP method like "POST".', 16384)
 2 APPPATH/Config/Routes.php(131): CodeIgniter\Router\RouteCollection->match([...], 'locations/generarPDF', 'LocationsPdfController::generarPDF')
 3 SYSTEMPATH/Router/RouteCollection.php(339): require('/home/u976386866/domains/servipro.site/public_html/app/app/Config/Routes.php')
 4 SYSTEMPATH/CodeIgniter.php(821): CodeIgniter\Router\RouteCollection->loadRoutes()
 5 SYSTEMPATH/CodeIgniter.php(455): CodeIgniter\CodeIgniter->tryToRouteIt(null)
 6 SYSTEMPATH/CodeIgniter.php(354): CodeIgniter\CodeIgniter->handleRequest(null, Object(Config\Cache), false)
 7 SYSTEMPATH/Boot.php(334): CodeIgniter\CodeIgniter->run()
 8 SYSTEMPATH/Boot.php(67): CodeIgniter\Boot::runCodeIgniter(Object(CodeIgniter\CodeIgniter))
 9 FCPATH/index.php(56): CodeIgniter\Boot::bootWeb(Object(Config\Paths))
WARNING - 2025-12-15 10:37:52 --> [DEPRECATED] Passing lowercase HTTP method "get" is deprecated. Use uppercase HTTP method like "GET". in SYSTEMPATH/Router/RouteCollection.php on line 1026.
 1 SYSTEMPATH/Router/RouteCollection.php(1026): trigger_error('Passing lowercase HTTP method "get" is deprecated. Use uppercase HTTP method like "GET".', 16384)
 2 APPPATH/Config/Routes.php(131): CodeIgniter\Router\RouteCollection->match([...], 'locations/generarPDF', 'LocationsPdfController::generarPDF')
 3 SYSTEMPATH/Router/RouteCollection.php(339): require('/home/u976386866/domains/servipro.site/public_html/app/app/Config/Routes.php')
 4 SYSTEMPATH/CodeIgniter.php(821): CodeIgniter\Router\RouteCollection->loadRoutes()
 5 SYSTEMPATH/CodeIgniter.php(455): CodeIgniter\CodeIgniter->tryToRouteIt(null)
 6 SYSTEMPATH/CodeIgniter.php(354): CodeIgniter\CodeIgniter->handleRequest(null, Object(Config\Cache), false)
 7 SYSTEMPATH/Boot.php(334): CodeIgniter\CodeIgniter->run()
 8 SYSTEMPATH/Boot.php(67): CodeIgniter\Boot::runCodeIgniter(Object(CodeIgniter\CodeIgniter))
 9 FCPATH/index.php(56): CodeIgniter\Boot::bootWeb(Object(Config\Paths))
WARNING - 2025-12-15 10:37:52 --> [DEPRECATED] Passing lowercase HTTP method "post" is deprecated. Use uppercase HTTP method like "POST". in SYSTEMPATH/Router/RouteCollection.php on line 1026.
 1 SYSTEMPATH/Router/RouteCollection.php(1026): trigger_error('Passing lowercase HTTP method "post" is deprecated. Use uppercase HTTP method like "POST".', 16384)
 2 APPPATH/Config/Routes.php(131): CodeIgniter\Router\RouteCollection->match([...], 'locations/generarPDF', 'LocationsPdfController::generarPDF')
 3 SYSTEMPATH/Router/RouteCollection.php(339): require('/home/u976386866/domains/servipro.site/public_html/app/app/Config/Routes.php')
 4 SYSTEMPATH/CodeIgniter.php(821): CodeIgniter\Router\RouteCollection->loadRoutes()
 5 SYSTEMPATH/CodeIgniter.php(455): CodeIgniter\CodeIgniter->tryToRouteIt(null)
 6 SYSTEMPATH/CodeIgniter.php(354): CodeIgniter\CodeIgniter->handleRequest(null, Object(Config\Cache), false)
 7 SYSTEMPATH/Boot.php(334): CodeIgniter\CodeIgniter->run()
 8 SYSTEMPATH/Boot.php(67): CodeIgniter\Boot::runCodeIgniter(Object(CodeIgniter\CodeIgniter))
 9 FCPATH/index.php(56): CodeIgniter\Boot::bootWeb(Object(Config\Paths))
DEBUG - 2025-12-15 10:37:52 --> Session: Class initialized using 'CodeIgniter\Session\Handlers\FileHandler' driver.
WARNING - 2025-12-15 10:39:41 --> [DEPRECATED] Passing lowercase HTTP method "get" is deprecated. Use uppercase HTTP method like "GET". in SYSTEMPATH/Router/RouteCollection.php on line 1026.
 1 SYSTEMPATH/Router/RouteCollection.php(1026): trigger_error('Passing lowercase HTTP method "get" is deprecated. Use uppercase HTTP method like "GET".', 16384)
 2 APPPATH/Config/Routes.php(131): CodeIgniter\Router\RouteCollection->match([...], 'locations/generarPDF', 'LocationsPdfController::generarPDF')
 3 SYSTEMPATH/Router/RouteCollection.php(339): require('/home/u976386866/domains/servipro.site/public_html/app/app/Config/Routes.php')
 4 SYSTEMPATH/CodeIgniter.php(821): CodeIgniter\Router\RouteCollection->loadRoutes()
 5 SYSTEMPATH/CodeIgniter.php(455): CodeIgniter\CodeIgniter->tryToRouteIt(null)
 6 SYSTEMPATH/CodeIgniter.php(354): CodeIgniter\CodeIgniter->handleRequest(null, Object(Config\Cache), false)
 7 SYSTEMPATH/Boot.php(334): CodeIgniter\CodeIgniter->run()
 8 SYSTEMPATH/Boot.php(67): CodeIgniter\Boot::runCodeIgniter(Object(CodeIgniter\CodeIgniter))
 9 FCPATH/index.php(56): CodeIgniter\Boot::bootWeb(Object(Config\Paths))
WARNING - 2025-12-15 10:39:41 --> [DEPRECATED] Passing lowercase HTTP method "post" is deprecated. Use uppercase HTTP method like "POST". in SYSTEMPATH/Router/RouteCollection.php on line 1026.
 1 SYSTEMPATH/Router/RouteCollection.php(1026): trigger_error('Passing lowercase HTTP method "post" is deprecated. Use uppercase HTTP method like "POST".', 16384)
 2 APPPATH/Config/Routes.php(131): CodeIgniter\Router\RouteCollection->match([...], 'locations/generarPDF', 'LocationsPdfController::generarPDF')
 3 SYSTEMPATH/Router/RouteCollection.php(339): require('/home/u976386866/domains/servipro.site/public_html/app/app/Config/Routes.php')
 4 SYSTEMPATH/CodeIgniter.php(821): CodeIgniter\Router\RouteCollection->loadRoutes()
 5 SYSTEMPATH/CodeIgniter.php(455): CodeIgniter\CodeIgniter->tryToRouteIt(null)
 6 SYSTEMPATH/CodeIgniter.php(354): CodeIgniter\CodeIgniter->handleRequest(null, Object(Config\Cache), false)
 7 SYSTEMPATH/Boot.php(334): CodeIgniter\CodeIgniter->run()
 8 SYSTEMPATH/Boot.php(67): CodeIgniter\Boot::runCodeIgniter(Object(CodeIgniter\CodeIgniter))
 9 FCPATH/index.php(56): CodeIgniter\Boot::bootWeb(Object(Config\Paths))
DEBUG - 2025-12-15 10:39:41 --> Session: Class initialized using 'CodeIgniter\Session\Handlers\FileHandler' driver.
WARNING - 2025-12-15 10:40:11 --> [DEPRECATED] Passing lowercase HTTP method "get" is deprecated. Use uppercase HTTP method like "GET". in SYSTEMPATH/Router/RouteCollection.php on line 1026.
 1 SYSTEMPATH/Router/RouteCollection.php(1026): trigger_error('Passing lowercase HTTP method "get" is deprecated. Use uppercase HTTP method like "GET".', 16384)
 2 APPPATH/Config/Routes.php(131): CodeIgniter\Router\RouteCollection->match([...], 'locations/generarPDF', 'LocationsPdfController::generarPDF')
 3 SYSTEMPATH/Router/RouteCollection.php(339): require('/home/u976386866/domains/servipro.site/public_html/app/app/Config/Routes.php')
 4 SYSTEMPATH/CodeIgniter.php(821): CodeIgniter\Router\RouteCollection->loadRoutes()
 5 SYSTEMPATH/CodeIgniter.php(455): CodeIgniter\CodeIgniter->tryToRouteIt(null)
 6 SYSTEMPATH/CodeIgniter.php(354): CodeIgniter\CodeIgniter->handleRequest(null, Object(Config\Cache), false)
 7 SYSTEMPATH/Boot.php(334): CodeIgniter\CodeIgniter->run()
 8 SYSTEMPATH/Boot.php(67): CodeIgniter\Boot::runCodeIgniter(Object(CodeIgniter\CodeIgniter))
 9 FCPATH/index.php(56): CodeIgniter\Boot::bootWeb(Object(Config\Paths))
WARNING - 2025-12-15 10:40:11 --> [DEPRECATED] Passing lowercase HTTP method "post" is deprecated. Use uppercase HTTP method like "POST". in SYSTEMPATH/Router/RouteCollection.php on line 1026.
 1 SYSTEMPATH/Router/RouteCollection.php(1026): trigger_error('Passing lowercase HTTP method "post" is deprecated. Use uppercase HTTP method like "POST".', 16384)
 2 APPPATH/Config/Routes.php(131): CodeIgniter\Router\RouteCollection->match([...], 'locations/generarPDF', 'LocationsPdfController::generarPDF')
 3 SYSTEMPATH/Router/RouteCollection.php(339): require('/home/u976386866/domains/servipro.site/public_html/app/app/Config/Routes.php')
 4 SYSTEMPATH/CodeIgniter.php(821): CodeIgniter\Router\RouteCollection->loadRoutes()
 5 SYSTEMPATH/CodeIgniter.php(455): CodeIgniter\CodeIgniter->tryToRouteIt(null)
 6 SYSTEMPATH/CodeIgniter.php(354): CodeIgniter\CodeIgniter->handleRequest(null, Object(Config\Cache), false)
 7 SYSTEMPATH/Boot.php(334): CodeIgniter\CodeIgniter->run()
 8 SYSTEMPATH/Boot.php(67): CodeIgniter\Boot::runCodeIgniter(Object(CodeIgniter\CodeIgniter))
 9 FCPATH/index.php(56): CodeIgniter\Boot::bootWeb(Object(Config\Paths))
DEBUG - 2025-12-15 10:40:11 --> Session: Class initialized using 'CodeIgniter\Session\Handlers\FileHandler' driver.
DEBUG - 2025-12-15 10:40:11 --> Iniciando carga de sedes
DEBUG - 2025-12-15 10:40:11 --> Sedes cargadas: [{"id":"17","nombre":"Bimbo Santa Maria","direccion":"Avenida ServiPro","ciudad":"CDMX","pais":"Mexico","fecha_creacion":"2025-04-03 13:01:50","estatus":"1"},{"id":"18","nombre":"Bimbo Azcapotzalco","direccion":"Av San Pablo Xalpa 520, San Martin Xochinahuac, Azcapotzalco, 02120 Ciudad de M\u00e9xico, CDMX","ciudad":"CDMC","pais":"M\u00e9xico","fecha_creacion":"2025-04-07 12:06:45","estatus":"1"},{"id":"21","nombre":"Bimbo Villahermosa","direccion":"Av. Cobre 105, Cd Industrial, 86010 Villahermosa, Tabasco","ciudad":"Villahermosa, Tabasco","pais":"M\u00e9xico","fecha_creacion":"2025-05-12 12:11:50","estatus":"1"},{"id":"22","nombre":"Totis Planta uno Botana","direccion":"Av. San Pablo Xalpa 520, San Mart\u00edn Xochinahuac, Azcapotzalco, 02120 Ciudad de M\u00e9xico, CDMX","ciudad":"CDMX","pais":"Mexico","fecha_creacion":"2025-05-28 09:41:53","estatus":"1"},{"id":"23","nombre":"BIMBO YUCAT\u00c1N","direccion":"CALLE 21, #426, INT 0, COL. CIUDAD INDUSTRIAL","ciudad":"M\u00c9RIDA","pais":"M\u00c9XICO","fecha_creacion":"2025-07-14 17:00:19","estatus":"1"},{"id":"24","nombre":"Bimbo Toluca","direccion":"Corredor Industrial, Mz 2, Lote E, Ex Rancho El Coecillo","ciudad":"Toluca","pais":"M\u00e9xico","fecha_creacion":"2025-07-28 13:39:14","estatus":"1"},{"id":"26","nombre":"Totis planta dos","direccion":"Eje oriente poniente no. 38, col. Ciudad industrial, CP 43800, Tizayuca, Hidalgo","ciudad":"Tizayuca","pais":"M\u00e9xico","fecha_creacion":"2025-10-27 16:30:54","estatus":"1"},{"id":"27","nombre":"Bimbo M\u00e9xico Santa Mar\u00eda ","direccion":"Mimosas 117, 118 Col. Santa Mar\u00eda Insurgentes Cuauht\u00e9moc CDMX ","ciudad":"CDMX","pais":"M\u00e9xico","fecha_creacion":"2025-11-02 10:48:40","estatus":"1"},{"id":"28","nombre":"HAZPAN-LONCHIBON","direccion":"EMILIANO ZAPATA 25, PQUE. IND. LERMA","ciudad":"TOLUCA","pais":"M\u00e9xico","fecha_creacion":"2025-11-27 11:43:59","estatus":"1"},{"id":"29","nombre":"Suandy Marinela Toluca","direccion":"Emiliano Zapata 25, Pque. Ind. Lerma","ciudad":"TOLUCA","pais":"M\u00e9xico","fecha_creacion":"2025-11-27 11:55:24","estatus":"1"},{"id":"30","nombre":"T\u00eda Rosa, Toluca ","direccion":"Benito Juarez Mz. 027","ciudad":"Sta. Ma. Totoltepec, Toluca","pais":"M\u00e9xico","fecha_creacion":"2025-11-27 11:56:59","estatus":"1"},{"id":"31","nombre":"Bimbo Norte","direccion":"Av. F\u00e9lix U. G\u00f3mez 4203, Coyoac\u00e1n, C.P. 64510","ciudad":"Monterrey N.L.","pais":"M\u00e9xico","fecha_creacion":"2025-11-28 15:45:37","estatus":"1"},{"id":"32","nombre":"PLANTA DE PRUEBA","direccion":"PRUEBAS","ciudad":"DCDS","pais":"MEXICO","fecha_creacion":"2025-12-07 18:59:44","estatus":"1"},{"id":"33","nombre":"BSL","direccion":"Eje 128 #135 manzana 3, zona industrial segunda secci\u00f3n ","ciudad":"San Luis Potos\u00ed","pais":"M\u00e9xico","fecha_creacion":"2025-12-08 21:23:56","estatus":"1"},{"id":"34","nombre":"Sanissimo Monterrey","direccion":"Manuel de la Pe\u00f1a y Pe\u00f1a #1020-5, Bella Vista","ciudad":"Monterrey N.L.","pais":"M\u00e9xico","fecha_creacion":"2025-12-08 21:28:12","estatus":"1"}]
WARNING - 2025-12-15 10:40:55 --> [DEPRECATED] Passing lowercase HTTP method "get" is deprecated. Use uppercase HTTP method like "GET". in SYSTEMPATH/Router/RouteCollection.php on line 1026.
 1 SYSTEMPATH/Router/RouteCollection.php(1026): trigger_error('Passing lowercase HTTP method "get" is deprecated. Use uppercase HTTP method like "GET".', 16384)
 2 APPPATH/Config/Routes.php(131): CodeIgniter\Router\RouteCollection->match([...], 'locations/generarPDF', 'LocationsPdfController::generarPDF')
 3 SYSTEMPATH/Router/RouteCollection.php(339): require('/home/u976386866/domains/servipro.site/public_html/app/app/Config/Routes.php')
 4 SYSTEMPATH/CodeIgniter.php(821): CodeIgniter\Router\RouteCollection->loadRoutes()
 5 SYSTEMPATH/CodeIgniter.php(455): CodeIgniter\CodeIgniter->tryToRouteIt(null)
 6 SYSTEMPATH/CodeIgniter.php(354): CodeIgniter\CodeIgniter->handleRequest(null, Object(Config\Cache), false)
 7 SYSTEMPATH/Boot.php(334): CodeIgniter\CodeIgniter->run()
 8 SYSTEMPATH/Boot.php(67): CodeIgniter\Boot::runCodeIgniter(Object(CodeIgniter\CodeIgniter))
 9 FCPATH/index.php(56): CodeIgniter\Boot::bootWeb(Object(Config\Paths))
WARNING - 2025-12-15 10:40:55 --> [DEPRECATED] Passing lowercase HTTP method "post" is deprecated. Use uppercase HTTP method like "POST". in SYSTEMPATH/Router/RouteCollection.php on line 1026.
 1 SYSTEMPATH/Router/RouteCollection.php(1026): trigger_error('Passing lowercase HTTP method "post" is deprecated. Use uppercase HTTP method like "POST".', 16384)
 2 APPPATH/Config/Routes.php(131): CodeIgniter\Router\RouteCollection->match([...], 'locations/generarPDF', 'LocationsPdfController::generarPDF')
 3 SYSTEMPATH/Router/RouteCollection.php(339): require('/home/u976386866/domains/servipro.site/public_html/app/app/Config/Routes.php')
 4 SYSTEMPATH/CodeIgniter.php(821): CodeIgniter\Router\RouteCollection->loadRoutes()
 5 SYSTEMPATH/CodeIgniter.php(455): CodeIgniter\CodeIgniter->tryToRouteIt(null)
 6 SYSTEMPATH/CodeIgniter.php(354): CodeIgniter\CodeIgniter->handleRequest(null, Object(Config\Cache), false)
 7 SYSTEMPATH/Boot.php(334): CodeIgniter\CodeIgniter->run()
 8 SYSTEMPATH/Boot.php(67): CodeIgniter\Boot::runCodeIgniter(Object(CodeIgniter\CodeIgniter))
 9 FCPATH/index.php(56): CodeIgniter\Boot::bootWeb(Object(Config\Paths))
DEBUG - 2025-12-15 10:40:55 --> Session: Class initialized using 'CodeIgniter\Session\Handlers\FileHandler' driver.
WARNING - 2025-12-15 10:41:10 --> [DEPRECATED] Passing lowercase HTTP method "get" is deprecated. Use uppercase HTTP method like "GET". in SYSTEMPATH/Router/RouteCollection.php on line 1026.
 1 SYSTEMPATH/Router/RouteCollection.php(1026): trigger_error('Passing lowercase HTTP method "get" is deprecated. Use uppercase HTTP method like "GET".', 16384)
 2 APPPATH/Config/Routes.php(131): CodeIgniter\Router\RouteCollection->match([...], 'locations/generarPDF', 'LocationsPdfController::generarPDF')
 3 SYSTEMPATH/Router/RouteCollection.php(339): require('/home/u976386866/domains/servipro.site/public_html/app/app/Config/Routes.php')
 4 SYSTEMPATH/CodeIgniter.php(821): CodeIgniter\Router\RouteCollection->loadRoutes()
 5 SYSTEMPATH/CodeIgniter.php(455): CodeIgniter\CodeIgniter->tryToRouteIt(null)
 6 SYSTEMPATH/CodeIgniter.php(354): CodeIgniter\CodeIgniter->handleRequest(null, Object(Config\Cache), false)
 7 SYSTEMPATH/Boot.php(334): CodeIgniter\CodeIgniter->run()
 8 SYSTEMPATH/Boot.php(67): CodeIgniter\Boot::runCodeIgniter(Object(CodeIgniter\CodeIgniter))
 9 FCPATH/index.php(56): CodeIgniter\Boot::bootWeb(Object(Config\Paths))
WARNING - 2025-12-15 10:41:10 --> [DEPRECATED] Passing lowercase HTTP method "post" is deprecated. Use uppercase HTTP method like "POST". in SYSTEMPATH/Router/RouteCollection.php on line 1026.
 1 SYSTEMPATH/Router/RouteCollection.php(1026): trigger_error('Passing lowercase HTTP method "post" is deprecated. Use uppercase HTTP method like "POST".', 16384)
 2 APPPATH/Config/Routes.php(131): CodeIgniter\Router\RouteCollection->match([...], 'locations/generarPDF', 'LocationsPdfController::generarPDF')
 3 SYSTEMPATH/Router/RouteCollection.php(339): require('/home/u976386866/domains/servipro.site/public_html/app/app/Config/Routes.php')
 4 SYSTEMPATH/CodeIgniter.php(821): CodeIgniter\Router\RouteCollection->loadRoutes()
 5 SYSTEMPATH/CodeIgniter.php(455): CodeIgniter\CodeIgniter->tryToRouteIt(null)
 6 SYSTEMPATH/CodeIgniter.php(354): CodeIgniter\CodeIgniter->handleRequest(null, Object(Config\Cache), false)
 7 SYSTEMPATH/Boot.php(334): CodeIgniter\CodeIgniter->run()
 8 SYSTEMPATH/Boot.php(67): CodeIgniter\Boot::runCodeIgniter(Object(CodeIgniter\CodeIgniter))
 9 FCPATH/index.php(56): CodeIgniter\Boot::bootWeb(Object(Config\Paths))
DEBUG - 2025-12-15 10:41:10 --> Session: Class initialized using 'CodeIgniter\Session\Handlers\FileHandler' driver.
WARNING - 2025-12-15 10:41:11 --> [DEPRECATED] Passing lowercase HTTP method "get" is deprecated. Use uppercase HTTP method like "GET". in SYSTEMPATH/Router/RouteCollection.php on line 1026.
 1 SYSTEMPATH/Router/RouteCollection.php(1026): trigger_error('Passing lowercase HTTP method "get" is deprecated. Use uppercase HTTP method like "GET".', 16384)
 2 APPPATH/Config/Routes.php(131): CodeIgniter\Router\RouteCollection->match([...], 'locations/generarPDF', 'LocationsPdfController::generarPDF')
 3 SYSTEMPATH/Router/RouteCollection.php(339): require('/home/u976386866/domains/servipro.site/public_html/app/app/Config/Routes.php')
 4 SYSTEMPATH/CodeIgniter.php(821): CodeIgniter\Router\RouteCollection->loadRoutes()
 5 SYSTEMPATH/CodeIgniter.php(455): CodeIgniter\CodeIgniter->tryToRouteIt(null)
 6 SYSTEMPATH/CodeIgniter.php(354): CodeIgniter\CodeIgniter->handleRequest(null, Object(Config\Cache), false)
 7 SYSTEMPATH/Boot.php(334): CodeIgniter\CodeIgniter->run()
 8 SYSTEMPATH/Boot.php(67): CodeIgniter\Boot::runCodeIgniter(Object(CodeIgniter\CodeIgniter))
 9 FCPATH/index.php(56): CodeIgniter\Boot::bootWeb(Object(Config\Paths))
WARNING - 2025-12-15 10:41:11 --> [DEPRECATED] Passing lowercase HTTP method "post" is deprecated. Use uppercase HTTP method like "POST". in SYSTEMPATH/Router/RouteCollection.php on line 1026.
 1 SYSTEMPATH/Router/RouteCollection.php(1026): trigger_error('Passing lowercase HTTP method "post" is deprecated. Use uppercase HTTP method like "POST".', 16384)
 2 APPPATH/Config/Routes.php(131): CodeIgniter\Router\RouteCollection->match([...], 'locations/generarPDF', 'LocationsPdfController::generarPDF')
 3 SYSTEMPATH/Router/RouteCollection.php(339): require('/home/u976386866/domains/servipro.site/public_html/app/app/Config/Routes.php')
 4 SYSTEMPATH/CodeIgniter.php(821): CodeIgniter\Router\RouteCollection->loadRoutes()
 5 SYSTEMPATH/CodeIgniter.php(455): CodeIgniter\CodeIgniter->tryToRouteIt(null)
 6 SYSTEMPATH/CodeIgniter.php(354): CodeIgniter\CodeIgniter->handleRequest(null, Object(Config\Cache), false)
 7 SYSTEMPATH/Boot.php(334): CodeIgniter\CodeIgniter->run()
 8 SYSTEMPATH/Boot.php(67): CodeIgniter\Boot::runCodeIgniter(Object(CodeIgniter\CodeIgniter))
 9 FCPATH/index.php(56): CodeIgniter\Boot::bootWeb(Object(Config\Paths))
DEBUG - 2025-12-15 10:41:11 --> Session: Class initialized using 'CodeIgniter\Session\Handlers\FileHandler' driver.
WARNING - 2025-12-15 10:41:20 --> [DEPRECATED] Passing lowercase HTTP method "get" is deprecated. Use uppercase HTTP method like "GET". in SYSTEMPATH/Router/RouteCollection.php on line 1026.
 1 SYSTEMPATH/Router/RouteCollection.php(1026): trigger_error('Passing lowercase HTTP method "get" is deprecated. Use uppercase HTTP method like "GET".', 16384)
 2 APPPATH/Config/Routes.php(131): CodeIgniter\Router\RouteCollection->match([...], 'locations/generarPDF', 'LocationsPdfController::generarPDF')
 3 SYSTEMPATH/Router/RouteCollection.php(339): require('/home/u976386866/domains/servipro.site/public_html/app/app/Config/Routes.php')
 4 SYSTEMPATH/CodeIgniter.php(821): CodeIgniter\Router\RouteCollection->loadRoutes()
 5 SYSTEMPATH/CodeIgniter.php(455): CodeIgniter\CodeIgniter->tryToRouteIt(null)
 6 SYSTEMPATH/CodeIgniter.php(354): CodeIgniter\CodeIgniter->handleRequest(null, Object(Config\Cache), false)
 7 SYSTEMPATH/Boot.php(334): CodeIgniter\CodeIgniter->run()
 8 SYSTEMPATH/Boot.php(67): CodeIgniter\Boot::runCodeIgniter(Object(CodeIgniter\CodeIgniter))
 9 FCPATH/index.php(56): CodeIgniter\Boot::bootWeb(Object(Config\Paths))
WARNING - 2025-12-15 10:41:20 --> [DEPRECATED] Passing lowercase HTTP method "post" is deprecated. Use uppercase HTTP method like "POST". in SYSTEMPATH/Router/RouteCollection.php on line 1026.
 1 SYSTEMPATH/Router/RouteCollection.php(1026): trigger_error('Passing lowercase HTTP method "post" is deprecated. Use uppercase HTTP method like "POST".', 16384)
 2 APPPATH/Config/Routes.php(131): CodeIgniter\Router\RouteCollection->match([...], 'locations/generarPDF', 'LocationsPdfController::generarPDF')
 3 SYSTEMPATH/Router/RouteCollection.php(339): require('/home/u976386866/domains/servipro.site/public_html/app/app/Config/Routes.php')
 4 SYSTEMPATH/CodeIgniter.php(821): CodeIgniter\Router\RouteCollection->loadRoutes()
 5 SYSTEMPATH/CodeIgniter.php(455): CodeIgniter\CodeIgniter->tryToRouteIt(null)
 6 SYSTEMPATH/CodeIgniter.php(354): CodeIgniter\CodeIgniter->handleRequest(null, Object(Config\Cache), false)
 7 SYSTEMPATH/Boot.php(334): CodeIgniter\CodeIgniter->run()
 8 SYSTEMPATH/Boot.php(67): CodeIgniter\Boot::runCodeIgniter(Object(CodeIgniter\CodeIgniter))
 9 FCPATH/index.php(56): CodeIgniter\Boot::bootWeb(Object(Config\Paths))
DEBUG - 2025-12-15 10:41:20 --> Session: Class initialized using 'CodeIgniter\Session\Handlers\FileHandler' driver.
WARNING - 2025-12-15 10:41:33 --> [DEPRECATED] Passing lowercase HTTP method "get" is deprecated. Use uppercase HTTP method like "GET". in SYSTEMPATH/Router/RouteCollection.php on line 1026.
 1 SYSTEMPATH/Router/RouteCollection.php(1026): trigger_error('Passing lowercase HTTP method "get" is deprecated. Use uppercase HTTP method like "GET".', 16384)
 2 APPPATH/Config/Routes.php(131): CodeIgniter\Router\RouteCollection->match([...], 'locations/generarPDF', 'LocationsPdfController::generarPDF')
 3 SYSTEMPATH/Router/RouteCollection.php(339): require('/home/u976386866/domains/servipro.site/public_html/app/app/Config/Routes.php')
 4 SYSTEMPATH/CodeIgniter.php(821): CodeIgniter\Router\RouteCollection->loadRoutes()
 5 SYSTEMPATH/CodeIgniter.php(455): CodeIgniter\CodeIgniter->tryToRouteIt(null)
 6 SYSTEMPATH/CodeIgniter.php(354): CodeIgniter\CodeIgniter->handleRequest(null, Object(Config\Cache), false)
 7 SYSTEMPATH/Boot.php(334): CodeIgniter\CodeIgniter->run()
 8 SYSTEMPATH/Boot.php(67): CodeIgniter\Boot::runCodeIgniter(Object(CodeIgniter\CodeIgniter))
 9 FCPATH/index.php(56): CodeIgniter\Boot::bootWeb(Object(Config\Paths))
WARNING - 2025-12-15 10:41:33 --> [DEPRECATED] Passing lowercase HTTP method "post" is deprecated. Use uppercase HTTP method like "POST". in SYSTEMPATH/Router/RouteCollection.php on line 1026.
 1 SYSTEMPATH/Router/RouteCollection.php(1026): trigger_error('Passing lowercase HTTP method "post" is deprecated. Use uppercase HTTP method like "POST".', 16384)
 2 APPPATH/Config/Routes.php(131): CodeIgniter\Router\RouteCollection->match([...], 'locations/generarPDF', 'LocationsPdfController::generarPDF')
 3 SYSTEMPATH/Router/RouteCollection.php(339): require('/home/u976386866/domains/servipro.site/public_html/app/app/Config/Routes.php')
 4 SYSTEMPATH/CodeIgniter.php(821): CodeIgniter\Router\RouteCollection->loadRoutes()
 5 SYSTEMPATH/CodeIgniter.php(455): CodeIgniter\CodeIgniter->tryToRouteIt(null)
 6 SYSTEMPATH/CodeIgniter.php(354): CodeIgniter\CodeIgniter->handleRequest(null, Object(Config\Cache), false)
 7 SYSTEMPATH/Boot.php(334): CodeIgniter\CodeIgniter->run()
 8 SYSTEMPATH/Boot.php(67): CodeIgniter\Boot::runCodeIgniter(Object(CodeIgniter\CodeIgniter))
 9 FCPATH/index.php(56): CodeIgniter\Boot::bootWeb(Object(Config\Paths))
DEBUG - 2025-12-15 10:41:33 --> Session: Class initialized using 'CodeIgniter\Session\Handlers\FileHandler' driver.
WARNING - 2025-12-15 10:41:53 --> [DEPRECATED] Passing lowercase HTTP method "get" is deprecated. Use uppercase HTTP method like "GET". in SYSTEMPATH/Router/RouteCollection.php on line 1026.
 1 SYSTEMPATH/Router/RouteCollection.php(1026): trigger_error('Passing lowercase HTTP method "get" is deprecated. Use uppercase HTTP method like "GET".', 16384)
 2 APPPATH/Config/Routes.php(131): CodeIgniter\Router\RouteCollection->match([...], 'locations/generarPDF', 'LocationsPdfController::generarPDF')
 3 SYSTEMPATH/Router/RouteCollection.php(339): require('/home/u976386866/domains/servipro.site/public_html/app/app/Config/Routes.php')
 4 SYSTEMPATH/CodeIgniter.php(821): CodeIgniter\Router\RouteCollection->loadRoutes()
 5 SYSTEMPATH/CodeIgniter.php(455): CodeIgniter\CodeIgniter->tryToRouteIt(null)
 6 SYSTEMPATH/CodeIgniter.php(354): CodeIgniter\CodeIgniter->handleRequest(null, Object(Config\Cache), false)
 7 SYSTEMPATH/Boot.php(334): CodeIgniter\CodeIgniter->run()
 8 SYSTEMPATH/Boot.php(67): CodeIgniter\Boot::runCodeIgniter(Object(CodeIgniter\CodeIgniter))
 9 FCPATH/index.php(56): CodeIgniter\Boot::bootWeb(Object(Config\Paths))
WARNING - 2025-12-15 10:41:53 --> [DEPRECATED] Passing lowercase HTTP method "post" is deprecated. Use uppercase HTTP method like "POST". in SYSTEMPATH/Router/RouteCollection.php on line 1026.
 1 SYSTEMPATH/Router/RouteCollection.php(1026): trigger_error('Passing lowercase HTTP method "post" is deprecated. Use uppercase HTTP method like "POST".', 16384)
 2 APPPATH/Config/Routes.php(131): CodeIgniter\Router\RouteCollection->match([...], 'locations/generarPDF', 'LocationsPdfController::generarPDF')
 3 SYSTEMPATH/Router/RouteCollection.php(339): require('/home/u976386866/domains/servipro.site/public_html/app/app/Config/Routes.php')
 4 SYSTEMPATH/CodeIgniter.php(821): CodeIgniter\Router\RouteCollection->loadRoutes()
 5 SYSTEMPATH/CodeIgniter.php(455): CodeIgniter\CodeIgniter->tryToRouteIt(null)
 6 SYSTEMPATH/CodeIgniter.php(354): CodeIgniter\CodeIgniter->handleRequest(null, Object(Config\Cache), false)
 7 SYSTEMPATH/Boot.php(334): CodeIgniter\CodeIgniter->run()
 8 SYSTEMPATH/Boot.php(67): CodeIgniter\Boot::runCodeIgniter(Object(CodeIgniter\CodeIgniter))
 9 FCPATH/index.php(56): CodeIgniter\Boot::bootWeb(Object(Config\Paths))
WARNING - 2025-12-15 10:41:58 --> [DEPRECATED] Passing lowercase HTTP method "get" is deprecated. Use uppercase HTTP method like "GET". in SYSTEMPATH/Router/RouteCollection.php on line 1026.
 1 SYSTEMPATH/Router/RouteCollection.php(1026): trigger_error('Passing lowercase HTTP method "get" is deprecated. Use uppercase HTTP method like "GET".', 16384)
 2 APPPATH/Config/Routes.php(131): CodeIgniter\Router\RouteCollection->match([...], 'locations/generarPDF', 'LocationsPdfController::generarPDF')
 3 SYSTEMPATH/Router/RouteCollection.php(339): require('/home/u976386866/domains/servipro.site/public_html/app/app/Config/Routes.php')
 4 SYSTEMPATH/CodeIgniter.php(821): CodeIgniter\Router\RouteCollection->loadRoutes()
 5 SYSTEMPATH/CodeIgniter.php(455): CodeIgniter\CodeIgniter->tryToRouteIt(null)
 6 SYSTEMPATH/CodeIgniter.php(354): CodeIgniter\CodeIgniter->handleRequest(null, Object(Config\Cache), false)
 7 SYSTEMPATH/Boot.php(334): CodeIgniter\CodeIgniter->run()
 8 SYSTEMPATH/Boot.php(67): CodeIgniter\Boot::runCodeIgniter(Object(CodeIgniter\CodeIgniter))
 9 FCPATH/index.php(56): CodeIgniter\Boot::bootWeb(Object(Config\Paths))
WARNING - 2025-12-15 10:41:58 --> [DEPRECATED] Passing lowercase HTTP method "post" is deprecated. Use uppercase HTTP method like "POST". in SYSTEMPATH/Router/RouteCollection.php on line 1026.
 1 SYSTEMPATH/Router/RouteCollection.php(1026): trigger_error('Passing lowercase HTTP method "post" is deprecated. Use uppercase HTTP method like "POST".', 16384)
 2 APPPATH/Config/Routes.php(131): CodeIgniter\Router\RouteCollection->match([...], 'locations/generarPDF', 'LocationsPdfController::generarPDF')
 3 SYSTEMPATH/Router/RouteCollection.php(339): require('/home/u976386866/domains/servipro.site/public_html/app/app/Config/Routes.php')
 4 SYSTEMPATH/CodeIgniter.php(821): CodeIgniter\Router\RouteCollection->loadRoutes()
 5 SYSTEMPATH/CodeIgniter.php(455): CodeIgniter\CodeIgniter->tryToRouteIt(null)
 6 SYSTEMPATH/CodeIgniter.php(354): CodeIgniter\CodeIgniter->handleRequest(null, Object(Config\Cache), false)
 7 SYSTEMPATH/Boot.php(334): CodeIgniter\CodeIgniter->run()
 8 SYSTEMPATH/Boot.php(67): CodeIgniter\Boot::runCodeIgniter(Object(CodeIgniter\CodeIgniter))
 9 FCPATH/index.php(56): CodeIgniter\Boot::bootWeb(Object(Config\Paths))
WARNING - 2025-12-15 10:42:03 --> [DEPRECATED] Passing lowercase HTTP method "get" is deprecated. Use uppercase HTTP method like "GET". in SYSTEMPATH/Router/RouteCollection.php on line 1026.
 1 SYSTEMPATH/Router/RouteCollection.php(1026): trigger_error('Passing lowercase HTTP method "get" is deprecated. Use uppercase HTTP method like "GET".', 16384)
 2 APPPATH/Config/Routes.php(131): CodeIgniter\Router\RouteCollection->match([...], 'locations/generarPDF', 'LocationsPdfController::generarPDF')
 3 SYSTEMPATH/Router/RouteCollection.php(339): require('/home/u976386866/domains/servipro.site/public_html/app/app/Config/Routes.php')
 4 SYSTEMPATH/CodeIgniter.php(821): CodeIgniter\Router\RouteCollection->loadRoutes()
 5 SYSTEMPATH/CodeIgniter.php(455): CodeIgniter\CodeIgniter->tryToRouteIt(null)
 6 SYSTEMPATH/CodeIgniter.php(354): CodeIgniter\CodeIgniter->handleRequest(null, Object(Config\Cache), false)
 7 SYSTEMPATH/Boot.php(334): CodeIgniter\CodeIgniter->run()
 8 SYSTEMPATH/Boot.php(67): CodeIgniter\Boot::runCodeIgniter(Object(CodeIgniter\CodeIgniter))
 9 FCPATH/index.php(56): CodeIgniter\Boot::bootWeb(Object(Config\Paths))
WARNING - 2025-12-15 10:42:03 --> [DEPRECATED] Passing lowercase HTTP method "post" is deprecated. Use uppercase HTTP method like "POST". in SYSTEMPATH/Router/RouteCollection.php on line 1026.
 1 SYSTEMPATH/Router/RouteCollection.php(1026): trigger_error('Passing lowercase HTTP method "post" is deprecated. Use uppercase HTTP method like "POST".', 16384)
 2 APPPATH/Config/Routes.php(131): CodeIgniter\Router\RouteCollection->match([...], 'locations/generarPDF', 'LocationsPdfController::generarPDF')
 3 SYSTEMPATH/Router/RouteCollection.php(339): require('/home/u976386866/domains/servipro.site/public_html/app/app/Config/Routes.php')
 4 SYSTEMPATH/CodeIgniter.php(821): CodeIgniter\Router\RouteCollection->loadRoutes()
 5 SYSTEMPATH/CodeIgniter.php(455): CodeIgniter\CodeIgniter->tryToRouteIt(null)
 6 SYSTEMPATH/CodeIgniter.php(354): CodeIgniter\CodeIgniter->handleRequest(null, Object(Config\Cache), false)
 7 SYSTEMPATH/Boot.php(334): CodeIgniter\CodeIgniter->run()
 8 SYSTEMPATH/Boot.php(67): CodeIgniter\Boot::runCodeIgniter(Object(CodeIgniter\CodeIgniter))
 9 FCPATH/index.php(56): CodeIgniter\Boot::bootWeb(Object(Config\Paths))
WARNING - 2025-12-15 10:42:32 --> [DEPRECATED] Passing lowercase HTTP method "get" is deprecated. Use uppercase HTTP method like "GET". in SYSTEMPATH/Router/RouteCollection.php on line 1026.
 1 SYSTEMPATH/Router/RouteCollection.php(1026): trigger_error('Passing lowercase HTTP method "get" is deprecated. Use uppercase HTTP method like "GET".', 16384)
 2 APPPATH/Config/Routes.php(131): CodeIgniter\Router\RouteCollection->match([...], 'locations/generarPDF', 'LocationsPdfController::generarPDF')
 3 SYSTEMPATH/Router/RouteCollection.php(339): require('/home/u976386866/domains/servipro.site/public_html/app/app/Config/Routes.php')
 4 SYSTEMPATH/CodeIgniter.php(821): CodeIgniter\Router\RouteCollection->loadRoutes()
 5 SYSTEMPATH/CodeIgniter.php(455): CodeIgniter\CodeIgniter->tryToRouteIt(null)
 6 SYSTEMPATH/CodeIgniter.php(354): CodeIgniter\CodeIgniter->handleRequest(null, Object(Config\Cache), false)
 7 SYSTEMPATH/Boot.php(334): CodeIgniter\CodeIgniter->run()
 8 SYSTEMPATH/Boot.php(67): CodeIgniter\Boot::runCodeIgniter(Object(CodeIgniter\CodeIgniter))
 9 FCPATH/index.php(56): CodeIgniter\Boot::bootWeb(Object(Config\Paths))
WARNING - 2025-12-15 10:42:32 --> [DEPRECATED] Passing lowercase HTTP method "post" is deprecated. Use uppercase HTTP method like "POST". in SYSTEMPATH/Router/RouteCollection.php on line 1026.
 1 SYSTEMPATH/Router/RouteCollection.php(1026): trigger_error('Passing lowercase HTTP method "post" is deprecated. Use uppercase HTTP method like "POST".', 16384)
 2 APPPATH/Config/Routes.php(131): CodeIgniter\Router\RouteCollection->match([...], 'locations/generarPDF', 'LocationsPdfController::generarPDF')
 3 SYSTEMPATH/Router/RouteCollection.php(339): require('/home/u976386866/domains/servipro.site/public_html/app/app/Config/Routes.php')
 4 SYSTEMPATH/CodeIgniter.php(821): CodeIgniter\Router\RouteCollection->loadRoutes()
 5 SYSTEMPATH/CodeIgniter.php(455): CodeIgniter\CodeIgniter->tryToRouteIt(null)
 6 SYSTEMPATH/CodeIgniter.php(354): CodeIgniter\CodeIgniter->handleRequest(null, Object(Config\Cache), false)
 7 SYSTEMPATH/Boot.php(334): CodeIgniter\CodeIgniter->run()
 8 SYSTEMPATH/Boot.php(67): CodeIgniter\Boot::runCodeIgniter(Object(CodeIgniter\CodeIgniter))
 9 FCPATH/index.php(56): CodeIgniter\Boot::bootWeb(Object(Config\Paths))
WARNING - 2025-12-15 10:42:34 --> [DEPRECATED] Passing lowercase HTTP method "get" is deprecated. Use uppercase HTTP method like "GET". in SYSTEMPATH/Router/RouteCollection.php on line 1026.
 1 SYSTEMPATH/Router/RouteCollection.php(1026): trigger_error('Passing lowercase HTTP method "get" is deprecated. Use uppercase HTTP method like "GET".', 16384)
 2 APPPATH/Config/Routes.php(131): CodeIgniter\Router\RouteCollection->match([...], 'locations/generarPDF', 'LocationsPdfController::generarPDF')
 3 SYSTEMPATH/Router/RouteCollection.php(339): require('/home/u976386866/domains/servipro.site/public_html/app/app/Config/Routes.php')
 4 SYSTEMPATH/CodeIgniter.php(821): CodeIgniter\Router\RouteCollection->loadRoutes()
 5 SYSTEMPATH/CodeIgniter.php(455): CodeIgniter\CodeIgniter->tryToRouteIt(null)
 6 SYSTEMPATH/CodeIgniter.php(354): CodeIgniter\CodeIgniter->handleRequest(null, Object(Config\Cache), false)
 7 SYSTEMPATH/Boot.php(334): CodeIgniter\CodeIgniter->run()
 8 SYSTEMPATH/Boot.php(67): CodeIgniter\Boot::runCodeIgniter(Object(CodeIgniter\CodeIgniter))
 9 FCPATH/index.php(56): CodeIgniter\Boot::bootWeb(Object(Config\Paths))
WARNING - 2025-12-15 10:42:34 --> [DEPRECATED] Passing lowercase HTTP method "post" is deprecated. Use uppercase HTTP method like "POST". in SYSTEMPATH/Router/RouteCollection.php on line 1026.
 1 SYSTEMPATH/Router/RouteCollection.php(1026): trigger_error('Passing lowercase HTTP method "post" is deprecated. Use uppercase HTTP method like "POST".', 16384)
 2 APPPATH/Config/Routes.php(131): CodeIgniter\Router\RouteCollection->match([...], 'locations/generarPDF', 'LocationsPdfController::generarPDF')
 3 SYSTEMPATH/Router/RouteCollection.php(339): require('/home/u976386866/domains/servipro.site/public_html/app/app/Config/Routes.php')
 4 SYSTEMPATH/CodeIgniter.php(821): CodeIgniter\Router\RouteCollection->loadRoutes()
 5 SYSTEMPATH/CodeIgniter.php(455): CodeIgniter\CodeIgniter->tryToRouteIt(null)
 6 SYSTEMPATH/CodeIgniter.php(354): CodeIgniter\CodeIgniter->handleRequest(null, Object(Config\Cache), false)
 7 SYSTEMPATH/Boot.php(334): CodeIgniter\CodeIgniter->run()
 8 SYSTEMPATH/Boot.php(67): CodeIgniter\Boot::runCodeIgniter(Object(CodeIgniter\CodeIgniter))
 9 FCPATH/index.php(56): CodeIgniter\Boot::bootWeb(Object(Config\Paths))
DEBUG - 2025-12-15 10:42:34 --> Session: Class initialized using 'CodeIgniter\Session\Handlers\FileHandler' driver.
WARNING - 2025-12-15 10:42:38 --> [DEPRECATED] Passing lowercase HTTP method "get" is deprecated. Use uppercase HTTP method like "GET". in SYSTEMPATH/Router/RouteCollection.php on line 1026.
 1 SYSTEMPATH/Router/RouteCollection.php(1026): trigger_error('Passing lowercase HTTP method "get" is deprecated. Use uppercase HTTP method like "GET".', 16384)
 2 APPPATH/Config/Routes.php(131): CodeIgniter\Router\RouteCollection->match([...], 'locations/generarPDF', 'LocationsPdfController::generarPDF')
 3 SYSTEMPATH/Router/RouteCollection.php(339): require('/home/u976386866/domains/servipro.site/public_html/app/app/Config/Routes.php')
 4 SYSTEMPATH/CodeIgniter.php(821): CodeIgniter\Router\RouteCollection->loadRoutes()
 5 SYSTEMPATH/CodeIgniter.php(455): CodeIgniter\CodeIgniter->tryToRouteIt(null)
 6 SYSTEMPATH/CodeIgniter.php(354): CodeIgniter\CodeIgniter->handleRequest(null, Object(Config\Cache), false)
 7 SYSTEMPATH/Boot.php(334): CodeIgniter\CodeIgniter->run()
 8 SYSTEMPATH/Boot.php(67): CodeIgniter\Boot::runCodeIgniter(Object(CodeIgniter\CodeIgniter))
 9 FCPATH/index.php(56): CodeIgniter\Boot::bootWeb(Object(Config\Paths))
WARNING - 2025-12-15 10:42:38 --> [DEPRECATED] Passing lowercase HTTP method "post" is deprecated. Use uppercase HTTP method like "POST". in SYSTEMPATH/Router/RouteCollection.php on line 1026.
 1 SYSTEMPATH/Router/RouteCollection.php(1026): trigger_error('Passing lowercase HTTP method "post" is deprecated. Use uppercase HTTP method like "POST".', 16384)
 2 APPPATH/Config/Routes.php(131): CodeIgniter\Router\RouteCollection->match([...], 'locations/generarPDF', 'LocationsPdfController::generarPDF')
 3 SYSTEMPATH/Router/RouteCollection.php(339): require('/home/u976386866/domains/servipro.site/public_html/app/app/Config/Routes.php')
 4 SYSTEMPATH/CodeIgniter.php(821): CodeIgniter\Router\RouteCollection->loadRoutes()
 5 SYSTEMPATH/CodeIgniter.php(455): CodeIgniter\CodeIgniter->tryToRouteIt(null)
 6 SYSTEMPATH/CodeIgniter.php(354): CodeIgniter\CodeIgniter->handleRequest(null, Object(Config\Cache), false)
 7 SYSTEMPATH/Boot.php(334): CodeIgniter\CodeIgniter->run()
 8 SYSTEMPATH/Boot.php(67): CodeIgniter\Boot::runCodeIgniter(Object(CodeIgniter\CodeIgniter))
 9 FCPATH/index.php(56): CodeIgniter\Boot::bootWeb(Object(Config\Paths))
DEBUG - 2025-12-15 10:42:38 --> Session: Class initialized using 'CodeIgniter\Session\Handlers\FileHandler' driver.
DEBUG - 2025-12-15 10:42:38 --> Iniciando carga de sedes
DEBUG - 2025-12-15 10:42:38 --> Sedes cargadas: [{"id":"17","nombre":"Bimbo Santa Maria","direccion":"Avenida ServiPro","ciudad":"CDMX","pais":"Mexico","fecha_creacion":"2025-04-03 13:01:50","estatus":"1"},{"id":"18","nombre":"Bimbo Azcapotzalco","direccion":"Av San Pablo Xalpa 520, San Martin Xochinahuac, Azcapotzalco, 02120 Ciudad de M\u00e9xico, CDMX","ciudad":"CDMC","pais":"M\u00e9xico","fecha_creacion":"2025-04-07 12:06:45","estatus":"1"},{"id":"21","nombre":"Bimbo Villahermosa","direccion":"Av. Cobre 105, Cd Industrial, 86010 Villahermosa, Tabasco","ciudad":"Villahermosa, Tabasco","pais":"M\u00e9xico","fecha_creacion":"2025-05-12 12:11:50","estatus":"1"},{"id":"22","nombre":"Totis Planta uno Botana","direccion":"Av. San Pablo Xalpa 520, San Mart\u00edn Xochinahuac, Azcapotzalco, 02120 Ciudad de M\u00e9xico, CDMX","ciudad":"CDMX","pais":"Mexico","fecha_creacion":"2025-05-28 09:41:53","estatus":"1"},{"id":"23","nombre":"BIMBO YUCAT\u00c1N","direccion":"CALLE 21, #426, INT 0, COL. CIUDAD INDUSTRIAL","ciudad":"M\u00c9RIDA","pais":"M\u00c9XICO","fecha_creacion":"2025-07-14 17:00:19","estatus":"1"},{"id":"24","nombre":"Bimbo Toluca","direccion":"Corredor Industrial, Mz 2, Lote E, Ex Rancho El Coecillo","ciudad":"Toluca","pais":"M\u00e9xico","fecha_creacion":"2025-07-28 13:39:14","estatus":"1"},{"id":"26","nombre":"Totis planta dos","direccion":"Eje oriente poniente no. 38, col. Ciudad industrial, CP 43800, Tizayuca, Hidalgo","ciudad":"Tizayuca","pais":"M\u00e9xico","fecha_creacion":"2025-10-27 16:30:54","estatus":"1"},{"id":"27","nombre":"Bimbo M\u00e9xico Santa Mar\u00eda ","direccion":"Mimosas 117, 118 Col. Santa Mar\u00eda Insurgentes Cuauht\u00e9moc CDMX ","ciudad":"CDMX","pais":"M\u00e9xico","fecha_creacion":"2025-11-02 10:48:40","estatus":"1"},{"id":"28","nombre":"HAZPAN-LONCHIBON","direccion":"EMILIANO ZAPATA 25, PQUE. IND. LERMA","ciudad":"TOLUCA","pais":"M\u00e9xico","fecha_creacion":"2025-11-27 11:43:59","estatus":"1"},{"id":"29","nombre":"Suandy Marinela Toluca","direccion":"Emiliano Zapata 25, Pque. Ind. Lerma","ciudad":"TOLUCA","pais":"M\u00e9xico","fecha_creacion":"2025-11-27 11:55:24","estatus":"1"},{"id":"30","nombre":"T\u00eda Rosa, Toluca ","direccion":"Benito Juarez Mz. 027","ciudad":"Sta. Ma. Totoltepec, Toluca","pais":"M\u00e9xico","fecha_creacion":"2025-11-27 11:56:59","estatus":"1"},{"id":"31","nombre":"Bimbo Norte","direccion":"Av. F\u00e9lix U. G\u00f3mez 4203, Coyoac\u00e1n, C.P. 64510","ciudad":"Monterrey N.L.","pais":"M\u00e9xico","fecha_creacion":"2025-11-28 15:45:37","estatus":"1"},{"id":"32","nombre":"PLANTA DE PRUEBA","direccion":"PRUEBAS","ciudad":"DCDS","pais":"MEXICO","fecha_creacion":"2025-12-07 18:59:44","estatus":"1"},{"id":"33","nombre":"BSL","direccion":"Eje 128 #135 manzana 3, zona industrial segunda secci\u00f3n ","ciudad":"San Luis Potos\u00ed","pais":"M\u00e9xico","fecha_creacion":"2025-12-08 21:23:56","estatus":"1"},{"id":"34","nombre":"Sanissimo Monterrey","direccion":"Manuel de la Pe\u00f1a y Pe\u00f1a #1020-5, Bella Vista","ciudad":"Monterrey N.L.","pais":"M\u00e9xico","fecha_creacion":"2025-12-08 21:28:12","estatus":"1"}]
WARNING - 2025-12-15 10:42:40 --> [DEPRECATED] Passing lowercase HTTP method "get" is deprecated. Use uppercase HTTP method like "GET". in SYSTEMPATH/Router/RouteCollection.php on line 1026.
 1 SYSTEMPATH/Router/RouteCollection.php(1026): trigger_error('Passing lowercase HTTP method "get" is deprecated. Use uppercase HTTP method like "GET".', 16384)
 2 APPPATH/Config/Routes.php(131): CodeIgniter\Router\RouteCollection->match([...], 'locations/generarPDF', 'LocationsPdfController::generarPDF')
 3 SYSTEMPATH/Router/RouteCollection.php(339): require('/home/u976386866/domains/servipro.site/public_html/app/app/Config/Routes.php')
 4 SYSTEMPATH/CodeIgniter.php(821): CodeIgniter\Router\RouteCollection->loadRoutes()
 5 SYSTEMPATH/CodeIgniter.php(455): CodeIgniter\CodeIgniter->tryToRouteIt(null)
 6 SYSTEMPATH/CodeIgniter.php(354): CodeIgniter\CodeIgniter->handleRequest(null, Object(Config\Cache), false)
 7 SYSTEMPATH/Boot.php(334): CodeIgniter\CodeIgniter->run()
 8 SYSTEMPATH/Boot.php(67): CodeIgniter\Boot::runCodeIgniter(Object(CodeIgniter\CodeIgniter))
 9 FCPATH/index.php(56): CodeIgniter\Boot::bootWeb(Object(Config\Paths))
WARNING - 2025-12-15 10:42:40 --> [DEPRECATED] Passing lowercase HTTP method "post" is deprecated. Use uppercase HTTP method like "POST". in SYSTEMPATH/Router/RouteCollection.php on line 1026.
 1 SYSTEMPATH/Router/RouteCollection.php(1026): trigger_error('Passing lowercase HTTP method "post" is deprecated. Use uppercase HTTP method like "POST".', 16384)
 2 APPPATH/Config/Routes.php(131): CodeIgniter\Router\RouteCollection->match([...], 'locations/generarPDF', 'LocationsPdfController::generarPDF')
 3 SYSTEMPATH/Router/RouteCollection.php(339): require('/home/u976386866/domains/servipro.site/public_html/app/app/Config/Routes.php')
 4 SYSTEMPATH/CodeIgniter.php(821): CodeIgniter\Router\RouteCollection->loadRoutes()
 5 SYSTEMPATH/CodeIgniter.php(455): CodeIgniter\CodeIgniter->tryToRouteIt(null)
 6 SYSTEMPATH/CodeIgniter.php(354): CodeIgniter\CodeIgniter->handleRequest(null, Object(Config\Cache), false)
 7 SYSTEMPATH/Boot.php(334): CodeIgniter\CodeIgniter->run()
 8 SYSTEMPATH/Boot.php(67): CodeIgniter\Boot::runCodeIgniter(Object(CodeIgniter\CodeIgniter))
 9 FCPATH/index.php(56): CodeIgniter\Boot::bootWeb(Object(Config\Paths))
DEBUG - 2025-12-15 10:42:40 --> Session: Class initialized using 'CodeIgniter\Session\Handlers\FileHandler' driver.
WARNING - 2025-12-15 10:43:00 --> [DEPRECATED] Passing lowercase HTTP method "get" is deprecated. Use uppercase HTTP method like "GET". in SYSTEMPATH/Router/RouteCollection.php on line 1026.
 1 SYSTEMPATH/Router/RouteCollection.php(1026): trigger_error('Passing lowercase HTTP method "get" is deprecated. Use uppercase HTTP method like "GET".', 16384)
 2 APPPATH/Config/Routes.php(131): CodeIgniter\Router\RouteCollection->match([...], 'locations/generarPDF', 'LocationsPdfController::generarPDF')
 3 SYSTEMPATH/Router/RouteCollection.php(339): require('/home/u976386866/domains/servipro.site/public_html/app/app/Config/Routes.php')
 4 SYSTEMPATH/CodeIgniter.php(821): CodeIgniter\Router\RouteCollection->loadRoutes()
 5 SYSTEMPATH/CodeIgniter.php(455): CodeIgniter\CodeIgniter->tryToRouteIt(null)
 6 SYSTEMPATH/CodeIgniter.php(354): CodeIgniter\CodeIgniter->handleRequest(null, Object(Config\Cache), false)
 7 SYSTEMPATH/Boot.php(334): CodeIgniter\CodeIgniter->run()
 8 SYSTEMPATH/Boot.php(67): CodeIgniter\Boot::runCodeIgniter(Object(CodeIgniter\CodeIgniter))
 9 FCPATH/index.php(56): CodeIgniter\Boot::bootWeb(Object(Config\Paths))
WARNING - 2025-12-15 10:43:00 --> [DEPRECATED] Passing lowercase HTTP method "post" is deprecated. Use uppercase HTTP method like "POST". in SYSTEMPATH/Router/RouteCollection.php on line 1026.
 1 SYSTEMPATH/Router/RouteCollection.php(1026): trigger_error('Passing lowercase HTTP method "post" is deprecated. Use uppercase HTTP method like "POST".', 16384)
 2 APPPATH/Config/Routes.php(131): CodeIgniter\Router\RouteCollection->match([...], 'locations/generarPDF', 'LocationsPdfController::generarPDF')
 3 SYSTEMPATH/Router/RouteCollection.php(339): require('/home/u976386866/domains/servipro.site/public_html/app/app/Config/Routes.php')
 4 SYSTEMPATH/CodeIgniter.php(821): CodeIgniter\Router\RouteCollection->loadRoutes()
 5 SYSTEMPATH/CodeIgniter.php(455): CodeIgniter\CodeIgniter->tryToRouteIt(null)
 6 SYSTEMPATH/CodeIgniter.php(354): CodeIgniter\CodeIgniter->handleRequest(null, Object(Config\Cache), false)
 7 SYSTEMPATH/Boot.php(334): CodeIgniter\CodeIgniter->run()
 8 SYSTEMPATH/Boot.php(67): CodeIgniter\Boot::runCodeIgniter(Object(CodeIgniter\CodeIgniter))
 9 FCPATH/index.php(56): CodeIgniter\Boot::bootWeb(Object(Config\Paths))
DEBUG - 2025-12-15 10:43:00 --> Session: Class initialized using 'CodeIgniter\Session\Handlers\FileHandler' driver.
WARNING - 2025-12-15 10:43:05 --> [DEPRECATED] Passing lowercase HTTP method "get" is deprecated. Use uppercase HTTP method like "GET". in SYSTEMPATH/Router/RouteCollection.php on line 1026.
 1 SYSTEMPATH/Router/RouteCollection.php(1026): trigger_error('Passing lowercase HTTP method "get" is deprecated. Use uppercase HTTP method like "GET".', 16384)
 2 APPPATH/Config/Routes.php(131): CodeIgniter\Router\RouteCollection->match([...], 'locations/generarPDF', 'LocationsPdfController::generarPDF')
 3 SYSTEMPATH/Router/RouteCollection.php(339): require('/home/u976386866/domains/servipro.site/public_html/app/app/Config/Routes.php')
 4 SYSTEMPATH/CodeIgniter.php(821): CodeIgniter\Router\RouteCollection->loadRoutes()
 5 SYSTEMPATH/CodeIgniter.php(455): CodeIgniter\CodeIgniter->tryToRouteIt(null)
 6 SYSTEMPATH/CodeIgniter.php(354): CodeIgniter\CodeIgniter->handleRequest(null, Object(Config\Cache), false)
 7 SYSTEMPATH/Boot.php(334): CodeIgniter\CodeIgniter->run()
 8 SYSTEMPATH/Boot.php(67): CodeIgniter\Boot::runCodeIgniter(Object(CodeIgniter\CodeIgniter))
 9 FCPATH/index.php(56): CodeIgniter\Boot::bootWeb(Object(Config\Paths))
WARNING - 2025-12-15 10:43:05 --> [DEPRECATED] Passing lowercase HTTP method "post" is deprecated. Use uppercase HTTP method like "POST". in SYSTEMPATH/Router/RouteCollection.php on line 1026.
 1 SYSTEMPATH/Router/RouteCollection.php(1026): trigger_error('Passing lowercase HTTP method "post" is deprecated. Use uppercase HTTP method like "POST".', 16384)
 2 APPPATH/Config/Routes.php(131): CodeIgniter\Router\RouteCollection->match([...], 'locations/generarPDF', 'LocationsPdfController::generarPDF')
 3 SYSTEMPATH/Router/RouteCollection.php(339): require('/home/u976386866/domains/servipro.site/public_html/app/app/Config/Routes.php')
 4 SYSTEMPATH/CodeIgniter.php(821): CodeIgniter\Router\RouteCollection->loadRoutes()
 5 SYSTEMPATH/CodeIgniter.php(455): CodeIgniter\CodeIgniter->tryToRouteIt(null)
 6 SYSTEMPATH/CodeIgniter.php(354): CodeIgniter\CodeIgniter->handleRequest(null, Object(Config\Cache), false)
 7 SYSTEMPATH/Boot.php(334): CodeIgniter\CodeIgniter->run()
 8 SYSTEMPATH/Boot.php(67): CodeIgniter\Boot::runCodeIgniter(Object(CodeIgniter\CodeIgniter))
 9 FCPATH/index.php(56): CodeIgniter\Boot::bootWeb(Object(Config\Paths))
DEBUG - 2025-12-15 10:43:05 --> Session: Class initialized using 'CodeIgniter\Session\Handlers\FileHandler' driver.
DEBUG - 2025-12-15 10:43:05 --> Iniciando carga de sedes
DEBUG - 2025-12-15 10:43:06 --> Sedes cargadas: [{"id":"17","nombre":"Bimbo Santa Maria","direccion":"Avenida ServiPro","ciudad":"CDMX","pais":"Mexico","fecha_creacion":"2025-04-03 13:01:50","estatus":"1"},{"id":"18","nombre":"Bimbo Azcapotzalco","direccion":"Av San Pablo Xalpa 520, San Martin Xochinahuac, Azcapotzalco, 02120 Ciudad de M\u00e9xico, CDMX","ciudad":"CDMC","pais":"M\u00e9xico","fecha_creacion":"2025-04-07 12:06:45","estatus":"1"},{"id":"21","nombre":"Bimbo Villahermosa","direccion":"Av. Cobre 105, Cd Industrial, 86010 Villahermosa, Tabasco","ciudad":"Villahermosa, Tabasco","pais":"M\u00e9xico","fecha_creacion":"2025-05-12 12:11:50","estatus":"1"},{"id":"22","nombre":"Totis Planta uno Botana","direccion":"Av. San Pablo Xalpa 520, San Mart\u00edn Xochinahuac, Azcapotzalco, 02120 Ciudad de M\u00e9xico, CDMX","ciudad":"CDMX","pais":"Mexico","fecha_creacion":"2025-05-28 09:41:53","estatus":"1"},{"id":"23","nombre":"BIMBO YUCAT\u00c1N","direccion":"CALLE 21, #426, INT 0, COL. CIUDAD INDUSTRIAL","ciudad":"M\u00c9RIDA","pais":"M\u00c9XICO","fecha_creacion":"2025-07-14 17:00:19","estatus":"1"},{"id":"24","nombre":"Bimbo Toluca","direccion":"Corredor Industrial, Mz 2, Lote E, Ex Rancho El Coecillo","ciudad":"Toluca","pais":"M\u00e9xico","fecha_creacion":"2025-07-28 13:39:14","estatus":"1"},{"id":"26","nombre":"Totis planta dos","direccion":"Eje oriente poniente no. 38, col. Ciudad industrial, CP 43800, Tizayuca, Hidalgo","ciudad":"Tizayuca","pais":"M\u00e9xico","fecha_creacion":"2025-10-27 16:30:54","estatus":"1"},{"id":"27","nombre":"Bimbo M\u00e9xico Santa Mar\u00eda ","direccion":"Mimosas 117, 118 Col. Santa Mar\u00eda Insurgentes Cuauht\u00e9moc CDMX ","ciudad":"CDMX","pais":"M\u00e9xico","fecha_creacion":"2025-11-02 10:48:40","estatus":"1"},{"id":"28","nombre":"HAZPAN-LONCHIBON","direccion":"EMILIANO ZAPATA 25, PQUE. IND. LERMA","ciudad":"TOLUCA","pais":"M\u00e9xico","fecha_creacion":"2025-11-27 11:43:59","estatus":"1"},{"id":"29","nombre":"Suandy Marinela Toluca","direccion":"Emiliano Zapata 25, Pque. Ind. Lerma","ciudad":"TOLUCA","pais":"M\u00e9xico","fecha_creacion":"2025-11-27 11:55:24","estatus":"1"},{"id":"30","nombre":"T\u00eda Rosa, Toluca ","direccion":"Benito Juarez Mz. 027","ciudad":"Sta. Ma. Totoltepec, Toluca","pais":"M\u00e9xico","fecha_creacion":"2025-11-27 11:56:59","estatus":"1"},{"id":"31","nombre":"Bimbo Norte","direccion":"Av. F\u00e9lix U. G\u00f3mez 4203, Coyoac\u00e1n, C.P. 64510","ciudad":"Monterrey N.L.","pais":"M\u00e9xico","fecha_creacion":"2025-11-28 15:45:37","estatus":"1"},{"id":"32","nombre":"PLANTA DE PRUEBA","direccion":"PRUEBAS","ciudad":"DCDS","pais":"MEXICO","fecha_creacion":"2025-12-07 18:59:44","estatus":"1"},{"id":"33","nombre":"BSL","direccion":"Eje 128 #135 manzana 3, zona industrial segunda secci\u00f3n ","ciudad":"San Luis Potos\u00ed","pais":"M\u00e9xico","fecha_creacion":"2025-12-08 21:23:56","estatus":"1"},{"id":"34","nombre":"Sanissimo Monterrey","direccion":"Manuel de la Pe\u00f1a y Pe\u00f1a #1020-5, Bella Vista","ciudad":"Monterrey N.L.","pais":"M\u00e9xico","fecha_creacion":"2025-12-08 21:28:12","estatus":"1"}]
WARNING - 2025-12-15 10:43:11 --> [DEPRECATED] Passing lowercase HTTP method "get" is deprecated. Use uppercase HTTP method like "GET". in SYSTEMPATH/Router/RouteCollection.php on line 1026.
 1 SYSTEMPATH/Router/RouteCollection.php(1026): trigger_error('Passing lowercase HTTP method "get" is deprecated. Use uppercase HTTP method like "GET".', 16384)
 2 APPPATH/Config/Routes.php(131): CodeIgniter\Router\RouteCollection->match([...], 'locations/generarPDF', 'LocationsPdfController::generarPDF')
 3 SYSTEMPATH/Router/RouteCollection.php(339): require('/home/u976386866/domains/servipro.site/public_html/app/app/Config/Routes.php')
 4 SYSTEMPATH/CodeIgniter.php(821): CodeIgniter\Router\RouteCollection->loadRoutes()
 5 SYSTEMPATH/CodeIgniter.php(455): CodeIgniter\CodeIgniter->tryToRouteIt(null)
 6 SYSTEMPATH/CodeIgniter.php(354): CodeIgniter\CodeIgniter->handleRequest(null, Object(Config\Cache), false)
 7 SYSTEMPATH/Boot.php(334): CodeIgniter\CodeIgniter->run()
 8 SYSTEMPATH/Boot.php(67): CodeIgniter\Boot::runCodeIgniter(Object(CodeIgniter\CodeIgniter))
 9 FCPATH/index.php(56): CodeIgniter\Boot::bootWeb(Object(Config\Paths))
WARNING - 2025-12-15 10:43:11 --> [DEPRECATED] Passing lowercase HTTP method "post" is deprecated. Use uppercase HTTP method like "POST". in SYSTEMPATH/Router/RouteCollection.php on line 1026.
 1 SYSTEMPATH/Router/RouteCollection.php(1026): trigger_error('Passing lowercase HTTP method "post" is deprecated. Use uppercase HTTP method like "POST".', 16384)
 2 APPPATH/Config/Routes.php(131): CodeIgniter\Router\RouteCollection->match([...], 'locations/generarPDF', 'LocationsPdfController::generarPDF')
 3 SYSTEMPATH/Router/RouteCollection.php(339): require('/home/u976386866/domains/servipro.site/public_html/app/app/Config/Routes.php')
 4 SYSTEMPATH/CodeIgniter.php(821): CodeIgniter\Router\RouteCollection->loadRoutes()
 5 SYSTEMPATH/CodeIgniter.php(455): CodeIgniter\CodeIgniter->tryToRouteIt(null)
 6 SYSTEMPATH/CodeIgniter.php(354): CodeIgniter\CodeIgniter->handleRequest(null, Object(Config\Cache), false)
 7 SYSTEMPATH/Boot.php(334): CodeIgniter\CodeIgniter->run()
 8 SYSTEMPATH/Boot.php(67): CodeIgniter\Boot::runCodeIgniter(Object(CodeIgniter\CodeIgniter))
 9 FCPATH/index.php(56): CodeIgniter\Boot::bootWeb(Object(Config\Paths))
DEBUG - 2025-12-15 10:43:11 --> Session: Class initialized using 'CodeIgniter\Session\Handlers\FileHandler' driver.
WARNING - 2025-12-15 10:43:17 --> [DEPRECATED] Passing lowercase HTTP method "get" is deprecated. Use uppercase HTTP method like "GET". in SYSTEMPATH/Router/RouteCollection.php on line 1026.
 1 SYSTEMPATH/Router/RouteCollection.php(1026): trigger_error('Passing lowercase HTTP method "get" is deprecated. Use uppercase HTTP method like "GET".', 16384)
 2 APPPATH/Config/Routes.php(131): CodeIgniter\Router\RouteCollection->match([...], 'locations/generarPDF', 'LocationsPdfController::generarPDF')
 3 SYSTEMPATH/Router/RouteCollection.php(339): require('/home/u976386866/domains/servipro.site/public_html/app/app/Config/Routes.php')
 4 SYSTEMPATH/CodeIgniter.php(821): CodeIgniter\Router\RouteCollection->loadRoutes()
 5 SYSTEMPATH/CodeIgniter.php(455): CodeIgniter\CodeIgniter->tryToRouteIt(null)
 6 SYSTEMPATH/CodeIgniter.php(354): CodeIgniter\CodeIgniter->handleRequest(null, Object(Config\Cache), false)
 7 SYSTEMPATH/Boot.php(334): CodeIgniter\CodeIgniter->run()
 8 SYSTEMPATH/Boot.php(67): CodeIgniter\Boot::runCodeIgniter(Object(CodeIgniter\CodeIgniter))
 9 FCPATH/index.php(56): CodeIgniter\Boot::bootWeb(Object(Config\Paths))
WARNING - 2025-12-15 10:43:17 --> [DEPRECATED] Passing lowercase HTTP method "post" is deprecated. Use uppercase HTTP method like "POST". in SYSTEMPATH/Router/RouteCollection.php on line 1026.
 1 SYSTEMPATH/Router/RouteCollection.php(1026): trigger_error('Passing lowercase HTTP method "post" is deprecated. Use uppercase HTTP method like "POST".', 16384)
 2 APPPATH/Config/Routes.php(131): CodeIgniter\Router\RouteCollection->match([...], 'locations/generarPDF', 'LocationsPdfController::generarPDF')
 3 SYSTEMPATH/Router/RouteCollection.php(339): require('/home/u976386866/domains/servipro.site/public_html/app/app/Config/Routes.php')
 4 SYSTEMPATH/CodeIgniter.php(821): CodeIgniter\Router\RouteCollection->loadRoutes()
 5 SYSTEMPATH/CodeIgniter.php(455): CodeIgniter\CodeIgniter->tryToRouteIt(null)
 6 SYSTEMPATH/CodeIgniter.php(354): CodeIgniter\CodeIgniter->handleRequest(null, Object(Config\Cache), false)
 7 SYSTEMPATH/Boot.php(334): CodeIgniter\CodeIgniter->run()
 8 SYSTEMPATH/Boot.php(67): CodeIgniter\Boot::runCodeIgniter(Object(CodeIgniter\CodeIgniter))
 9 FCPATH/index.php(56): CodeIgniter\Boot::bootWeb(Object(Config\Paths))
DEBUG - 2025-12-15 10:43:17 --> Session: Class initialized using 'CodeIgniter\Session\Handlers\FileHandler' driver.
WARNING - 2025-12-15 10:43:51 --> [DEPRECATED] Passing lowercase HTTP method "get" is deprecated. Use uppercase HTTP method like "GET". in SYSTEMPATH/Router/RouteCollection.php on line 1026.
 1 SYSTEMPATH/Router/RouteCollection.php(1026): trigger_error('Passing lowercase HTTP method "get" is deprecated. Use uppercase HTTP method like "GET".', 16384)
 2 APPPATH/Config/Routes.php(131): CodeIgniter\Router\RouteCollection->match([...], 'locations/generarPDF', 'LocationsPdfController::generarPDF')
 3 SYSTEMPATH/Router/RouteCollection.php(339): require('/home/u976386866/domains/servipro.site/public_html/app/app/Config/Routes.php')
 4 SYSTEMPATH/CodeIgniter.php(821): CodeIgniter\Router\RouteCollection->loadRoutes()
 5 SYSTEMPATH/CodeIgniter.php(455): CodeIgniter\CodeIgniter->tryToRouteIt(null)
 6 SYSTEMPATH/CodeIgniter.php(354): CodeIgniter\CodeIgniter->handleRequest(null, Object(Config\Cache), false)
 7 SYSTEMPATH/Boot.php(334): CodeIgniter\CodeIgniter->run()
 8 SYSTEMPATH/Boot.php(67): CodeIgniter\Boot::runCodeIgniter(Object(CodeIgniter\CodeIgniter))
 9 FCPATH/index.php(56): CodeIgniter\Boot::bootWeb(Object(Config\Paths))
WARNING - 2025-12-15 10:43:51 --> [DEPRECATED] Passing lowercase HTTP method "post" is deprecated. Use uppercase HTTP method like "POST". in SYSTEMPATH/Router/RouteCollection.php on line 1026.
 1 SYSTEMPATH/Router/RouteCollection.php(1026): trigger_error('Passing lowercase HTTP method "post" is deprecated. Use uppercase HTTP method like "POST".', 16384)
 2 APPPATH/Config/Routes.php(131): CodeIgniter\Router\RouteCollection->match([...], 'locations/generarPDF', 'LocationsPdfController::generarPDF')
 3 SYSTEMPATH/Router/RouteCollection.php(339): require('/home/u976386866/domains/servipro.site/public_html/app/app/Config/Routes.php')
 4 SYSTEMPATH/CodeIgniter.php(821): CodeIgniter\Router\RouteCollection->loadRoutes()
 5 SYSTEMPATH/CodeIgniter.php(455): CodeIgniter\CodeIgniter->tryToRouteIt(null)
 6 SYSTEMPATH/CodeIgniter.php(354): CodeIgniter\CodeIgniter->handleRequest(null, Object(Config\Cache), false)
 7 SYSTEMPATH/Boot.php(334): CodeIgniter\CodeIgniter->run()
 8 SYSTEMPATH/Boot.php(67): CodeIgniter\Boot::runCodeIgniter(Object(CodeIgniter\CodeIgniter))
 9 FCPATH/index.php(56): CodeIgniter\Boot::bootWeb(Object(Config\Paths))
WARNING - 2025-12-15 10:43:53 --> [DEPRECATED] Passing lowercase HTTP method "get" is deprecated. Use uppercase HTTP method like "GET". in SYSTEMPATH/Router/RouteCollection.php on line 1026.
 1 SYSTEMPATH/Router/RouteCollection.php(1026): trigger_error('Passing lowercase HTTP method "get" is deprecated. Use uppercase HTTP method like "GET".', 16384)
 2 APPPATH/Config/Routes.php(131): CodeIgniter\Router\RouteCollection->match([...], 'locations/generarPDF', 'LocationsPdfController::generarPDF')
 3 SYSTEMPATH/Router/RouteCollection.php(339): require('/home/u976386866/domains/servipro.site/public_html/app/app/Config/Routes.php')
 4 SYSTEMPATH/CodeIgniter.php(821): CodeIgniter\Router\RouteCollection->loadRoutes()
 5 SYSTEMPATH/CodeIgniter.php(455): CodeIgniter\CodeIgniter->tryToRouteIt(null)
 6 SYSTEMPATH/CodeIgniter.php(354): CodeIgniter\CodeIgniter->handleRequest(null, Object(Config\Cache), false)
 7 SYSTEMPATH/Boot.php(334): CodeIgniter\CodeIgniter->run()
 8 SYSTEMPATH/Boot.php(67): CodeIgniter\Boot::runCodeIgniter(Object(CodeIgniter\CodeIgniter))
 9 FCPATH/index.php(56): CodeIgniter\Boot::bootWeb(Object(Config\Paths))
WARNING - 2025-12-15 10:43:53 --> [DEPRECATED] Passing lowercase HTTP method "post" is deprecated. Use uppercase HTTP method like "POST". in SYSTEMPATH/Router/RouteCollection.php on line 1026.
 1 SYSTEMPATH/Router/RouteCollection.php(1026): trigger_error('Passing lowercase HTTP method "post" is deprecated. Use uppercase HTTP method like "POST".', 16384)
 2 APPPATH/Config/Routes.php(131): CodeIgniter\Router\RouteCollection->match([...], 'locations/generarPDF', 'LocationsPdfController::generarPDF')
 3 SYSTEMPATH/Router/RouteCollection.php(339): require('/home/u976386866/domains/servipro.site/public_html/app/app/Config/Routes.php')
 4 SYSTEMPATH/CodeIgniter.php(821): CodeIgniter\Router\RouteCollection->loadRoutes()
 5 SYSTEMPATH/CodeIgniter.php(455): CodeIgniter\CodeIgniter->tryToRouteIt(null)
 6 SYSTEMPATH/CodeIgniter.php(354): CodeIgniter\CodeIgniter->handleRequest(null, Object(Config\Cache), false)
 7 SYSTEMPATH/Boot.php(334): CodeIgniter\CodeIgniter->run()
 8 SYSTEMPATH/Boot.php(67): CodeIgniter\Boot::runCodeIgniter(Object(CodeIgniter\CodeIgniter))
 9 FCPATH/index.php(56): CodeIgniter\Boot::bootWeb(Object(Config\Paths))
DEBUG - 2025-12-15 10:43:53 --> Session: Class initialized using 'CodeIgniter\Session\Handlers\FileHandler' driver.
WARNING - 2025-12-15 10:43:53 --> [DEPRECATED] Passing lowercase HTTP method "get" is deprecated. Use uppercase HTTP method like "GET". in SYSTEMPATH/Router/RouteCollection.php on line 1026.
 1 SYSTEMPATH/Router/RouteCollection.php(1026): trigger_error('Passing lowercase HTTP method "get" is deprecated. Use uppercase HTTP method like "GET".', 16384)
 2 APPPATH/Config/Routes.php(131): CodeIgniter\Router\RouteCollection->match([...], 'locations/generarPDF', 'LocationsPdfController::generarPDF')
 3 SYSTEMPATH/Router/RouteCollection.php(339): require('/home/u976386866/domains/servipro.site/public_html/app/app/Config/Routes.php')
 4 SYSTEMPATH/CodeIgniter.php(821): CodeIgniter\Router\RouteCollection->loadRoutes()
 5 SYSTEMPATH/CodeIgniter.php(455): CodeIgniter\CodeIgniter->tryToRouteIt(null)
 6 SYSTEMPATH/CodeIgniter.php(354): CodeIgniter\CodeIgniter->handleRequest(null, Object(Config\Cache), false)
 7 SYSTEMPATH/Boot.php(334): CodeIgniter\CodeIgniter->run()
 8 SYSTEMPATH/Boot.php(67): CodeIgniter\Boot::runCodeIgniter(Object(CodeIgniter\CodeIgniter))
 9 FCPATH/index.php(56): CodeIgniter\Boot::bootWeb(Object(Config\Paths))
WARNING - 2025-12-15 10:43:53 --> [DEPRECATED] Passing lowercase HTTP method "post" is deprecated. Use uppercase HTTP method like "POST". in SYSTEMPATH/Router/RouteCollection.php on line 1026.
 1 SYSTEMPATH/Router/RouteCollection.php(1026): trigger_error('Passing lowercase HTTP method "post" is deprecated. Use uppercase HTTP method like "POST".', 16384)
 2 APPPATH/Config/Routes.php(131): CodeIgniter\Router\RouteCollection->match([...], 'locations/generarPDF', 'LocationsPdfController::generarPDF')
 3 SYSTEMPATH/Router/RouteCollection.php(339): require('/home/u976386866/domains/servipro.site/public_html/app/app/Config/Routes.php')
 4 SYSTEMPATH/CodeIgniter.php(821): CodeIgniter\Router\RouteCollection->loadRoutes()
 5 SYSTEMPATH/CodeIgniter.php(455): CodeIgniter\CodeIgniter->tryToRouteIt(null)
 6 SYSTEMPATH/CodeIgniter.php(354): CodeIgniter\CodeIgniter->handleRequest(null, Object(Config\Cache), false)
 7 SYSTEMPATH/Boot.php(334): CodeIgniter\CodeIgniter->run()
 8 SYSTEMPATH/Boot.php(67): CodeIgniter\Boot::runCodeIgniter(Object(CodeIgniter\CodeIgniter))
 9 FCPATH/index.php(56): CodeIgniter\Boot::bootWeb(Object(Config\Paths))
WARNING - 2025-12-15 10:44:18 --> [DEPRECATED] Passing lowercase HTTP method "get" is deprecated. Use uppercase HTTP method like "GET". in SYSTEMPATH/Router/RouteCollection.php on line 1026.
 1 SYSTEMPATH/Router/RouteCollection.php(1026): trigger_error('Passing lowercase HTTP method "get" is deprecated. Use uppercase HTTP method like "GET".', 16384)
 2 APPPATH/Config/Routes.php(131): CodeIgniter\Router\RouteCollection->match([...], 'locations/generarPDF', 'LocationsPdfController::generarPDF')
 3 SYSTEMPATH/Router/RouteCollection.php(339): require('/home/u976386866/domains/servipro.site/public_html/app/app/Config/Routes.php')
 4 SYSTEMPATH/CodeIgniter.php(821): CodeIgniter\Router\RouteCollection->loadRoutes()
 5 SYSTEMPATH/CodeIgniter.php(455): CodeIgniter\CodeIgniter->tryToRouteIt(null)
 6 SYSTEMPATH/CodeIgniter.php(354): CodeIgniter\CodeIgniter->handleRequest(null, Object(Config\Cache), false)
 7 SYSTEMPATH/Boot.php(334): CodeIgniter\CodeIgniter->run()
 8 SYSTEMPATH/Boot.php(67): CodeIgniter\Boot::runCodeIgniter(Object(CodeIgniter\CodeIgniter))
 9 FCPATH/index.php(56): CodeIgniter\Boot::bootWeb(Object(Config\Paths))
WARNING - 2025-12-15 10:44:18 --> [DEPRECATED] Passing lowercase HTTP method "post" is deprecated. Use uppercase HTTP method like "POST". in SYSTEMPATH/Router/RouteCollection.php on line 1026.
 1 SYSTEMPATH/Router/RouteCollection.php(1026): trigger_error('Passing lowercase HTTP method "post" is deprecated. Use uppercase HTTP method like "POST".', 16384)
 2 APPPATH/Config/Routes.php(131): CodeIgniter\Router\RouteCollection->match([...], 'locations/generarPDF', 'LocationsPdfController::generarPDF')
 3 SYSTEMPATH/Router/RouteCollection.php(339): require('/home/u976386866/domains/servipro.site/public_html/app/app/Config/Routes.php')
 4 SYSTEMPATH/CodeIgniter.php(821): CodeIgniter\Router\RouteCollection->loadRoutes()
 5 SYSTEMPATH/CodeIgniter.php(455): CodeIgniter\CodeIgniter->tryToRouteIt(null)
 6 SYSTEMPATH/CodeIgniter.php(354): CodeIgniter\CodeIgniter->handleRequest(null, Object(Config\Cache), false)
 7 SYSTEMPATH/Boot.php(334): CodeIgniter\CodeIgniter->run()
 8 SYSTEMPATH/Boot.php(67): CodeIgniter\Boot::runCodeIgniter(Object(CodeIgniter\CodeIgniter))
 9 FCPATH/index.php(56): CodeIgniter\Boot::bootWeb(Object(Config\Paths))
DEBUG - 2025-12-15 10:44:18 --> Session: Class initialized using 'CodeIgniter\Session\Handlers\FileHandler' driver.
DEBUG - 2025-12-15 10:44:18 --> Iniciando carga de sedes
DEBUG - 2025-12-15 10:44:18 --> Sedes cargadas: [{"id":"17","nombre":"Bimbo Santa Maria","direccion":"Avenida ServiPro","ciudad":"CDMX","pais":"Mexico","fecha_creacion":"2025-04-03 13:01:50","estatus":"1"},{"id":"18","nombre":"Bimbo Azcapotzalco","direccion":"Av San Pablo Xalpa 520, San Martin Xochinahuac, Azcapotzalco, 02120 Ciudad de M\u00e9xico, CDMX","ciudad":"CDMC","pais":"M\u00e9xico","fecha_creacion":"2025-04-07 12:06:45","estatus":"1"},{"id":"21","nombre":"Bimbo Villahermosa","direccion":"Av. Cobre 105, Cd Industrial, 86010 Villahermosa, Tabasco","ciudad":"Villahermosa, Tabasco","pais":"M\u00e9xico","fecha_creacion":"2025-05-12 12:11:50","estatus":"1"},{"id":"22","nombre":"Totis Planta uno Botana","direccion":"Av. San Pablo Xalpa 520, San Mart\u00edn Xochinahuac, Azcapotzalco, 02120 Ciudad de M\u00e9xico, CDMX","ciudad":"CDMX","pais":"Mexico","fecha_creacion":"2025-05-28 09:41:53","estatus":"1"},{"id":"23","nombre":"BIMBO YUCAT\u00c1N","direccion":"CALLE 21, #426, INT 0, COL. CIUDAD INDUSTRIAL","ciudad":"M\u00c9RIDA","pais":"M\u00c9XICO","fecha_creacion":"2025-07-14 17:00:19","estatus":"1"},{"id":"24","nombre":"Bimbo Toluca","direccion":"Corredor Industrial, Mz 2, Lote E, Ex Rancho El Coecillo","ciudad":"Toluca","pais":"M\u00e9xico","fecha_creacion":"2025-07-28 13:39:14","estatus":"1"},{"id":"26","nombre":"Totis planta dos","direccion":"Eje oriente poniente no. 38, col. Ciudad industrial, CP 43800, Tizayuca, Hidalgo","ciudad":"Tizayuca","pais":"M\u00e9xico","fecha_creacion":"2025-10-27 16:30:54","estatus":"1"},{"id":"27","nombre":"Bimbo M\u00e9xico Santa Mar\u00eda ","direccion":"Mimosas 117, 118 Col. Santa Mar\u00eda Insurgentes Cuauht\u00e9moc CDMX ","ciudad":"CDMX","pais":"M\u00e9xico","fecha_creacion":"2025-11-02 10:48:40","estatus":"1"},{"id":"28","nombre":"HAZPAN-LONCHIBON","direccion":"EMILIANO ZAPATA 25, PQUE. IND. LERMA","ciudad":"TOLUCA","pais":"M\u00e9xico","fecha_creacion":"2025-11-27 11:43:59","estatus":"1"},{"id":"29","nombre":"Suandy Marinela Toluca","direccion":"Emiliano Zapata 25, Pque. Ind. Lerma","ciudad":"TOLUCA","pais":"M\u00e9xico","fecha_creacion":"2025-11-27 11:55:24","estatus":"1"},{"id":"30","nombre":"T\u00eda Rosa, Toluca ","direccion":"Benito Juarez Mz. 027","ciudad":"Sta. Ma. Totoltepec, Toluca","pais":"M\u00e9xico","fecha_creacion":"2025-11-27 11:56:59","estatus":"1"},{"id":"31","nombre":"Bimbo Norte","direccion":"Av. F\u00e9lix U. G\u00f3mez 4203, Coyoac\u00e1n, C.P. 64510","ciudad":"Monterrey N.L.","pais":"M\u00e9xico","fecha_creacion":"2025-11-28 15:45:37","estatus":"1"},{"id":"32","nombre":"PLANTA DE PRUEBA","direccion":"PRUEBAS","ciudad":"DCDS","pais":"MEXICO","fecha_creacion":"2025-12-07 18:59:44","estatus":"1"},{"id":"33","nombre":"BSL","direccion":"Eje 128 #135 manzana 3, zona industrial segunda secci\u00f3n ","ciudad":"San Luis Potos\u00ed","pais":"M\u00e9xico","fecha_creacion":"2025-12-08 21:23:56","estatus":"1"},{"id":"34","nombre":"Sanissimo Monterrey","direccion":"Manuel de la Pe\u00f1a y Pe\u00f1a #1020-5, Bella Vista","ciudad":"Monterrey N.L.","pais":"M\u00e9xico","fecha_creacion":"2025-12-08 21:28:12","estatus":"1"}]
WARNING - 2025-12-15 10:44:55 --> [DEPRECATED] Passing lowercase HTTP method "get" is deprecated. Use uppercase HTTP method like "GET". in SYSTEMPATH/Router/RouteCollection.php on line 1026.
 1 SYSTEMPATH/Router/RouteCollection.php(1026): trigger_error('Passing lowercase HTTP method "get" is deprecated. Use uppercase HTTP method like "GET".', 16384)
 2 APPPATH/Config/Routes.php(131): CodeIgniter\Router\RouteCollection->match([...], 'locations/generarPDF', 'LocationsPdfController::generarPDF')
 3 SYSTEMPATH/Router/RouteCollection.php(339): require('/home/u976386866/domains/servipro.site/public_html/app/app/Config/Routes.php')
 4 SYSTEMPATH/CodeIgniter.php(821): CodeIgniter\Router\RouteCollection->loadRoutes()
 5 SYSTEMPATH/CodeIgniter.php(455): CodeIgniter\CodeIgniter->tryToRouteIt(null)
 6 SYSTEMPATH/CodeIgniter.php(354): CodeIgniter\CodeIgniter->handleRequest(null, Object(Config\Cache), false)
 7 SYSTEMPATH/Boot.php(334): CodeIgniter\CodeIgniter->run()
 8 SYSTEMPATH/Boot.php(67): CodeIgniter\Boot::runCodeIgniter(Object(CodeIgniter\CodeIgniter))
 9 FCPATH/index.php(56): CodeIgniter\Boot::bootWeb(Object(Config\Paths))
WARNING - 2025-12-15 10:44:55 --> [DEPRECATED] Passing lowercase HTTP method "post" is deprecated. Use uppercase HTTP method like "POST". in SYSTEMPATH/Router/RouteCollection.php on line 1026.
 1 SYSTEMPATH/Router/RouteCollection.php(1026): trigger_error('Passing lowercase HTTP method "post" is deprecated. Use uppercase HTTP method like "POST".', 16384)
 2 APPPATH/Config/Routes.php(131): CodeIgniter\Router\RouteCollection->match([...], 'locations/generarPDF', 'LocationsPdfController::generarPDF')
 3 SYSTEMPATH/Router/RouteCollection.php(339): require('/home/u976386866/domains/servipro.site/public_html/app/app/Config/Routes.php')
 4 SYSTEMPATH/CodeIgniter.php(821): CodeIgniter\Router\RouteCollection->loadRoutes()
 5 SYSTEMPATH/CodeIgniter.php(455): CodeIgniter\CodeIgniter->tryToRouteIt(null)
 6 SYSTEMPATH/CodeIgniter.php(354): CodeIgniter\CodeIgniter->handleRequest(null, Object(Config\Cache), false)
 7 SYSTEMPATH/Boot.php(334): CodeIgniter\CodeIgniter->run()
 8 SYSTEMPATH/Boot.php(67): CodeIgniter\Boot::runCodeIgniter(Object(CodeIgniter\CodeIgniter))
 9 FCPATH/index.php(56): CodeIgniter\Boot::bootWeb(Object(Config\Paths))
DEBUG - 2025-12-15 10:44:55 --> Session: Class initialized using 'CodeIgniter\Session\Handlers\FileHandler' driver.
WARNING - 2025-12-15 10:46:57 --> [DEPRECATED] Passing lowercase HTTP method "get" is deprecated. Use uppercase HTTP method like "GET". in SYSTEMPATH/Router/RouteCollection.php on line 1026.
 1 SYSTEMPATH/Router/RouteCollection.php(1026): trigger_error('Passing lowercase HTTP method "get" is deprecated. Use uppercase HTTP method like "GET".', 16384)
 2 APPPATH/Config/Routes.php(131): CodeIgniter\Router\RouteCollection->match([...], 'locations/generarPDF', 'LocationsPdfController::generarPDF')
 3 SYSTEMPATH/Router/RouteCollection.php(339): require('/home/u976386866/domains/servipro.site/public_html/app/app/Config/Routes.php')
 4 SYSTEMPATH/CodeIgniter.php(821): CodeIgniter\Router\RouteCollection->loadRoutes()
 5 SYSTEMPATH/CodeIgniter.php(455): CodeIgniter\CodeIgniter->tryToRouteIt(null)
 6 SYSTEMPATH/CodeIgniter.php(354): CodeIgniter\CodeIgniter->handleRequest(null, Object(Config\Cache), false)
 7 SYSTEMPATH/Boot.php(334): CodeIgniter\CodeIgniter->run()
 8 SYSTEMPATH/Boot.php(67): CodeIgniter\Boot::runCodeIgniter(Object(CodeIgniter\CodeIgniter))
 9 FCPATH/index.php(56): CodeIgniter\Boot::bootWeb(Object(Config\Paths))
WARNING - 2025-12-15 10:46:57 --> [DEPRECATED] Passing lowercase HTTP method "post" is deprecated. Use uppercase HTTP method like "POST". in SYSTEMPATH/Router/RouteCollection.php on line 1026.
 1 SYSTEMPATH/Router/RouteCollection.php(1026): trigger_error('Passing lowercase HTTP method "post" is deprecated. Use uppercase HTTP method like "POST".', 16384)
 2 APPPATH/Config/Routes.php(131): CodeIgniter\Router\RouteCollection->match([...], 'locations/generarPDF', 'LocationsPdfController::generarPDF')
 3 SYSTEMPATH/Router/RouteCollection.php(339): require('/home/u976386866/domains/servipro.site/public_html/app/app/Config/Routes.php')
 4 SYSTEMPATH/CodeIgniter.php(821): CodeIgniter\Router\RouteCollection->loadRoutes()
 5 SYSTEMPATH/CodeIgniter.php(455): CodeIgniter\CodeIgniter->tryToRouteIt(null)
 6 SYSTEMPATH/CodeIgniter.php(354): CodeIgniter\CodeIgniter->handleRequest(null, Object(Config\Cache), false)
 7 SYSTEMPATH/Boot.php(334): CodeIgniter\CodeIgniter->run()
 8 SYSTEMPATH/Boot.php(67): CodeIgniter\Boot::runCodeIgniter(Object(CodeIgniter\CodeIgniter))
 9 FCPATH/index.php(56): CodeIgniter\Boot::bootWeb(Object(Config\Paths))
DEBUG - 2025-12-15 10:46:57 --> Session: Class initialized using 'CodeIgniter\Session\Handlers\FileHandler' driver.
WARNING - 2025-12-15 10:47:14 --> [DEPRECATED] Passing lowercase HTTP method "get" is deprecated. Use uppercase HTTP method like "GET". in SYSTEMPATH/Router/RouteCollection.php on line 1026.
 1 SYSTEMPATH/Router/RouteCollection.php(1026): trigger_error('Passing lowercase HTTP method "get" is deprecated. Use uppercase HTTP method like "GET".', 16384)
 2 APPPATH/Config/Routes.php(131): CodeIgniter\Router\RouteCollection->match([...], 'locations/generarPDF', 'LocationsPdfController::generarPDF')
 3 SYSTEMPATH/Router/RouteCollection.php(339): require('/home/u976386866/domains/servipro.site/public_html/app/app/Config/Routes.php')
 4 SYSTEMPATH/CodeIgniter.php(821): CodeIgniter\Router\RouteCollection->loadRoutes()
 5 SYSTEMPATH/CodeIgniter.php(455): CodeIgniter\CodeIgniter->tryToRouteIt(null)
 6 SYSTEMPATH/CodeIgniter.php(354): CodeIgniter\CodeIgniter->handleRequest(null, Object(Config\Cache), false)
 7 SYSTEMPATH/Boot.php(334): CodeIgniter\CodeIgniter->run()
 8 SYSTEMPATH/Boot.php(67): CodeIgniter\Boot::runCodeIgniter(Object(CodeIgniter\CodeIgniter))
 9 FCPATH/index.php(56): CodeIgniter\Boot::bootWeb(Object(Config\Paths))
WARNING - 2025-12-15 10:47:14 --> [DEPRECATED] Passing lowercase HTTP method "post" is deprecated. Use uppercase HTTP method like "POST". in SYSTEMPATH/Router/RouteCollection.php on line 1026.
 1 SYSTEMPATH/Router/RouteCollection.php(1026): trigger_error('Passing lowercase HTTP method "post" is deprecated. Use uppercase HTTP method like "POST".', 16384)
 2 APPPATH/Config/Routes.php(131): CodeIgniter\Router\RouteCollection->match([...], 'locations/generarPDF', 'LocationsPdfController::generarPDF')
 3 SYSTEMPATH/Router/RouteCollection.php(339): require('/home/u976386866/domains/servipro.site/public_html/app/app/Config/Routes.php')
 4 SYSTEMPATH/CodeIgniter.php(821): CodeIgniter\Router\RouteCollection->loadRoutes()
 5 SYSTEMPATH/CodeIgniter.php(455): CodeIgniter\CodeIgniter->tryToRouteIt(null)
 6 SYSTEMPATH/CodeIgniter.php(354): CodeIgniter\CodeIgniter->handleRequest(null, Object(Config\Cache), false)
 7 SYSTEMPATH/Boot.php(334): CodeIgniter\CodeIgniter->run()
 8 SYSTEMPATH/Boot.php(67): CodeIgniter\Boot::runCodeIgniter(Object(CodeIgniter\CodeIgniter))
 9 FCPATH/index.php(56): CodeIgniter\Boot::bootWeb(Object(Config\Paths))
DEBUG - 2025-12-15 10:47:14 --> Session: Class initialized using 'CodeIgniter\Session\Handlers\FileHandler' driver.
DEBUG - 2025-12-15 10:47:14 --> Iniciando carga de sedes
DEBUG - 2025-12-15 10:47:14 --> Sedes cargadas: [{"id":"17","nombre":"Bimbo Santa Maria","direccion":"Avenida ServiPro","ciudad":"CDMX","pais":"Mexico","fecha_creacion":"2025-04-03 13:01:50","estatus":"1"},{"id":"18","nombre":"Bimbo Azcapotzalco","direccion":"Av San Pablo Xalpa 520, San Martin Xochinahuac, Azcapotzalco, 02120 Ciudad de M\u00e9xico, CDMX","ciudad":"CDMC","pais":"M\u00e9xico","fecha_creacion":"2025-04-07 12:06:45","estatus":"1"},{"id":"21","nombre":"Bimbo Villahermosa","direccion":"Av. Cobre 105, Cd Industrial, 86010 Villahermosa, Tabasco","ciudad":"Villahermosa, Tabasco","pais":"M\u00e9xico","fecha_creacion":"2025-05-12 12:11:50","estatus":"1"},{"id":"22","nombre":"Totis Planta uno Botana","direccion":"Av. San Pablo Xalpa 520, San Mart\u00edn Xochinahuac, Azcapotzalco, 02120 Ciudad de M\u00e9xico, CDMX","ciudad":"CDMX","pais":"Mexico","fecha_creacion":"2025-05-28 09:41:53","estatus":"1"},{"id":"23","nombre":"BIMBO YUCAT\u00c1N","direccion":"CALLE 21, #426, INT 0, COL. CIUDAD INDUSTRIAL","ciudad":"M\u00c9RIDA","pais":"M\u00c9XICO","fecha_creacion":"2025-07-14 17:00:19","estatus":"1"},{"id":"24","nombre":"Bimbo Toluca","direccion":"Corredor Industrial, Mz 2, Lote E, Ex Rancho El Coecillo","ciudad":"Toluca","pais":"M\u00e9xico","fecha_creacion":"2025-07-28 13:39:14","estatus":"1"},{"id":"26","nombre":"Totis planta dos","direccion":"Eje oriente poniente no. 38, col. Ciudad industrial, CP 43800, Tizayuca, Hidalgo","ciudad":"Tizayuca","pais":"M\u00e9xico","fecha_creacion":"2025-10-27 16:30:54","estatus":"1"},{"id":"27","nombre":"Bimbo M\u00e9xico Santa Mar\u00eda ","direccion":"Mimosas 117, 118 Col. Santa Mar\u00eda Insurgentes Cuauht\u00e9moc CDMX ","ciudad":"CDMX","pais":"M\u00e9xico","fecha_creacion":"2025-11-02 10:48:40","estatus":"1"},{"id":"28","nombre":"HAZPAN-LONCHIBON","direccion":"EMILIANO ZAPATA 25, PQUE. IND. LERMA","ciudad":"TOLUCA","pais":"M\u00e9xico","fecha_creacion":"2025-11-27 11:43:59","estatus":"1"},{"id":"29","nombre":"Suandy Marinela Toluca","direccion":"Emiliano Zapata 25, Pque. Ind. Lerma","ciudad":"TOLUCA","pais":"M\u00e9xico","fecha_creacion":"2025-11-27 11:55:24","estatus":"1"},{"id":"30","nombre":"T\u00eda Rosa, Toluca ","direccion":"Benito Juarez Mz. 027","ciudad":"Sta. Ma. Totoltepec, Toluca","pais":"M\u00e9xico","fecha_creacion":"2025-11-27 11:56:59","estatus":"1"},{"id":"31","nombre":"Bimbo Norte","direccion":"Av. F\u00e9lix U. G\u00f3mez 4203, Coyoac\u00e1n, C.P. 64510","ciudad":"Monterrey N.L.","pais":"M\u00e9xico","fecha_creacion":"2025-11-28 15:45:37","estatus":"1"},{"id":"32","nombre":"PLANTA DE PRUEBA","direccion":"PRUEBAS","ciudad":"DCDS","pais":"MEXICO","fecha_creacion":"2025-12-07 18:59:44","estatus":"1"},{"id":"33","nombre":"BSL","direccion":"Eje 128 #135 manzana 3, zona industrial segunda secci\u00f3n ","ciudad":"San Luis Potos\u00ed","pais":"M\u00e9xico","fecha_creacion":"2025-12-08 21:23:56","estatus":"1"},{"id":"34","nombre":"Sanissimo Monterrey","direccion":"Manuel de la Pe\u00f1a y Pe\u00f1a #1020-5, Bella Vista","ciudad":"Monterrey N.L.","pais":"M\u00e9xico","fecha_creacion":"2025-12-08 21:28:12","estatus":"1"}]
WARNING - 2025-12-15 10:47:42 --> [DEPRECATED] Passing lowercase HTTP method "get" is deprecated. Use uppercase HTTP method like "GET". in SYSTEMPATH/Router/RouteCollection.php on line 1026.
 1 SYSTEMPATH/Router/RouteCollection.php(1026): trigger_error('Passing lowercase HTTP method "get" is deprecated. Use uppercase HTTP method like "GET".', 16384)
 2 APPPATH/Config/Routes.php(131): CodeIgniter\Router\RouteCollection->match([...], 'locations/generarPDF', 'LocationsPdfController::generarPDF')
 3 SYSTEMPATH/Router/RouteCollection.php(339): require('/home/u976386866/domains/servipro.site/public_html/app/app/Config/Routes.php')
 4 SYSTEMPATH/CodeIgniter.php(821): CodeIgniter\Router\RouteCollection->loadRoutes()
 5 SYSTEMPATH/CodeIgniter.php(455): CodeIgniter\CodeIgniter->tryToRouteIt(null)
 6 SYSTEMPATH/CodeIgniter.php(354): CodeIgniter\CodeIgniter->handleRequest(null, Object(Config\Cache), false)
 7 SYSTEMPATH/Boot.php(334): CodeIgniter\CodeIgniter->run()
 8 SYSTEMPATH/Boot.php(67): CodeIgniter\Boot::runCodeIgniter(Object(CodeIgniter\CodeIgniter))
 9 FCPATH/index.php(56): CodeIgniter\Boot::bootWeb(Object(Config\Paths))
WARNING - 2025-12-15 10:47:42 --> [DEPRECATED] Passing lowercase HTTP method "post" is deprecated. Use uppercase HTTP method like "POST". in SYSTEMPATH/Router/RouteCollection.php on line 1026.
 1 SYSTEMPATH/Router/RouteCollection.php(1026): trigger_error('Passing lowercase HTTP method "post" is deprecated. Use uppercase HTTP method like "POST".', 16384)
 2 APPPATH/Config/Routes.php(131): CodeIgniter\Router\RouteCollection->match([...], 'locations/generarPDF', 'LocationsPdfController::generarPDF')
 3 SYSTEMPATH/Router/RouteCollection.php(339): require('/home/u976386866/domains/servipro.site/public_html/app/app/Config/Routes.php')
 4 SYSTEMPATH/CodeIgniter.php(821): CodeIgniter\Router\RouteCollection->loadRoutes()
 5 SYSTEMPATH/CodeIgniter.php(455): CodeIgniter\CodeIgniter->tryToRouteIt(null)
 6 SYSTEMPATH/CodeIgniter.php(354): CodeIgniter\CodeIgniter->handleRequest(null, Object(Config\Cache), false)
 7 SYSTEMPATH/Boot.php(334): CodeIgniter\CodeIgniter->run()
 8 SYSTEMPATH/Boot.php(67): CodeIgniter\Boot::runCodeIgniter(Object(CodeIgniter\CodeIgniter))
 9 FCPATH/index.php(56): CodeIgniter\Boot::bootWeb(Object(Config\Paths))
DEBUG - 2025-12-15 10:47:42 --> Session: Class initialized using 'CodeIgniter\Session\Handlers\FileHandler' driver.
WARNING - 2025-12-15 10:48:20 --> [DEPRECATED] Passing lowercase HTTP method "get" is deprecated. Use uppercase HTTP method like "GET". in SYSTEMPATH/Router/RouteCollection.php on line 1026.
 1 SYSTEMPATH/Router/RouteCollection.php(1026): trigger_error('Passing lowercase HTTP method "get" is deprecated. Use uppercase HTTP method like "GET".', 16384)
 2 APPPATH/Config/Routes.php(131): CodeIgniter\Router\RouteCollection->match([...], 'locations/generarPDF', 'LocationsPdfController::generarPDF')
 3 SYSTEMPATH/Router/RouteCollection.php(339): require('/home/u976386866/domains/servipro.site/public_html/app/app/Config/Routes.php')
 4 SYSTEMPATH/CodeIgniter.php(821): CodeIgniter\Router\RouteCollection->loadRoutes()
 5 SYSTEMPATH/CodeIgniter.php(455): CodeIgniter\CodeIgniter->tryToRouteIt(null)
 6 SYSTEMPATH/CodeIgniter.php(354): CodeIgniter\CodeIgniter->handleRequest(null, Object(Config\Cache), false)
 7 SYSTEMPATH/Boot.php(334): CodeIgniter\CodeIgniter->run()
 8 SYSTEMPATH/Boot.php(67): CodeIgniter\Boot::runCodeIgniter(Object(CodeIgniter\CodeIgniter))
 9 FCPATH/index.php(56): CodeIgniter\Boot::bootWeb(Object(Config\Paths))
WARNING - 2025-12-15 10:48:20 --> [DEPRECATED] Passing lowercase HTTP method "post" is deprecated. Use uppercase HTTP method like "POST". in SYSTEMPATH/Router/RouteCollection.php on line 1026.
 1 SYSTEMPATH/Router/RouteCollection.php(1026): trigger_error('Passing lowercase HTTP method "post" is deprecated. Use uppercase HTTP method like "POST".', 16384)
 2 APPPATH/Config/Routes.php(131): CodeIgniter\Router\RouteCollection->match([...], 'locations/generarPDF', 'LocationsPdfController::generarPDF')
 3 SYSTEMPATH/Router/RouteCollection.php(339): require('/home/u976386866/domains/servipro.site/public_html/app/app/Config/Routes.php')
 4 SYSTEMPATH/CodeIgniter.php(821): CodeIgniter\Router\RouteCollection->loadRoutes()
 5 SYSTEMPATH/CodeIgniter.php(455): CodeIgniter\CodeIgniter->tryToRouteIt(null)
 6 SYSTEMPATH/CodeIgniter.php(354): CodeIgniter\CodeIgniter->handleRequest(null, Object(Config\Cache), false)
 7 SYSTEMPATH/Boot.php(334): CodeIgniter\CodeIgniter->run()
 8 SYSTEMPATH/Boot.php(67): CodeIgniter\Boot::runCodeIgniter(Object(CodeIgniter\CodeIgniter))
 9 FCPATH/index.php(56): CodeIgniter\Boot::bootWeb(Object(Config\Paths))
DEBUG - 2025-12-15 10:48:20 --> Session: Class initialized using 'CodeIgniter\Session\Handlers\FileHandler' driver.
DEBUG - 2025-12-15 10:48:20 --> Iniciando carga de sedes
DEBUG - 2025-12-15 10:48:20 --> Sedes cargadas: [{"id":"17","nombre":"Bimbo Santa Maria","direccion":"Avenida ServiPro","ciudad":"CDMX","pais":"Mexico","fecha_creacion":"2025-04-03 13:01:50","estatus":"1"},{"id":"18","nombre":"Bimbo Azcapotzalco","direccion":"Av San Pablo Xalpa 520, San Martin Xochinahuac, Azcapotzalco, 02120 Ciudad de M\u00e9xico, CDMX","ciudad":"CDMC","pais":"M\u00e9xico","fecha_creacion":"2025-04-07 12:06:45","estatus":"1"},{"id":"21","nombre":"Bimbo Villahermosa","direccion":"Av. Cobre 105, Cd Industrial, 86010 Villahermosa, Tabasco","ciudad":"Villahermosa, Tabasco","pais":"M\u00e9xico","fecha_creacion":"2025-05-12 12:11:50","estatus":"1"},{"id":"22","nombre":"Totis Planta uno Botana","direccion":"Av. San Pablo Xalpa 520, San Mart\u00edn Xochinahuac, Azcapotzalco, 02120 Ciudad de M\u00e9xico, CDMX","ciudad":"CDMX","pais":"Mexico","fecha_creacion":"2025-05-28 09:41:53","estatus":"1"},{"id":"23","nombre":"BIMBO YUCAT\u00c1N","direccion":"CALLE 21, #426, INT 0, COL. CIUDAD INDUSTRIAL","ciudad":"M\u00c9RIDA","pais":"M\u00c9XICO","fecha_creacion":"2025-07-14 17:00:19","estatus":"1"},{"id":"24","nombre":"Bimbo Toluca","direccion":"Corredor Industrial, Mz 2, Lote E, Ex Rancho El Coecillo","ciudad":"Toluca","pais":"M\u00e9xico","fecha_creacion":"2025-07-28 13:39:14","estatus":"1"},{"id":"26","nombre":"Totis planta dos","direccion":"Eje oriente poniente no. 38, col. Ciudad industrial, CP 43800, Tizayuca, Hidalgo","ciudad":"Tizayuca","pais":"M\u00e9xico","fecha_creacion":"2025-10-27 16:30:54","estatus":"1"},{"id":"27","nombre":"Bimbo M\u00e9xico Santa Mar\u00eda ","direccion":"Mimosas 117, 118 Col. Santa Mar\u00eda Insurgentes Cuauht\u00e9moc CDMX ","ciudad":"CDMX","pais":"M\u00e9xico","fecha_creacion":"2025-11-02 10:48:40","estatus":"1"},{"id":"28","nombre":"HAZPAN-LONCHIBON","direccion":"EMILIANO ZAPATA 25, PQUE. IND. LERMA","ciudad":"TOLUCA","pais":"M\u00e9xico","fecha_creacion":"2025-11-27 11:43:59","estatus":"1"},{"id":"29","nombre":"Suandy Marinela Toluca","direccion":"Emiliano Zapata 25, Pque. Ind. Lerma","ciudad":"TOLUCA","pais":"M\u00e9xico","fecha_creacion":"2025-11-27 11:55:24","estatus":"1"},{"id":"30","nombre":"T\u00eda Rosa, Toluca ","direccion":"Benito Juarez Mz. 027","ciudad":"Sta. Ma. Totoltepec, Toluca","pais":"M\u00e9xico","fecha_creacion":"2025-11-27 11:56:59","estatus":"1"},{"id":"31","nombre":"Bimbo Norte","direccion":"Av. F\u00e9lix U. G\u00f3mez 4203, Coyoac\u00e1n, C.P. 64510","ciudad":"Monterrey N.L.","pais":"M\u00e9xico","fecha_creacion":"2025-11-28 15:45:37","estatus":"1"},{"id":"32","nombre":"PLANTA DE PRUEBA","direccion":"PRUEBAS","ciudad":"DCDS","pais":"MEXICO","fecha_creacion":"2025-12-07 18:59:44","estatus":"1"},{"id":"33","nombre":"BSL","direccion":"Eje 128 #135 manzana 3, zona industrial segunda secci\u00f3n ","ciudad":"San Luis Potos\u00ed","pais":"M\u00e9xico","fecha_creacion":"2025-12-08 21:23:56","estatus":"1"},{"id":"34","nombre":"Sanissimo Monterrey","direccion":"Manuel de la Pe\u00f1a y Pe\u00f1a #1020-5, Bella Vista","ciudad":"Monterrey N.L.","pais":"M\u00e9xico","fecha_creacion":"2025-12-08 21:28:12","estatus":"1"}]
WARNING - 2025-12-15 10:48:21 --> [DEPRECATED] Passing lowercase HTTP method "get" is deprecated. Use uppercase HTTP method like "GET". in SYSTEMPATH/Router/RouteCollection.php on line 1026.
 1 SYSTEMPATH/Router/RouteCollection.php(1026): trigger_error('Passing lowercase HTTP method "get" is deprecated. Use uppercase HTTP method like "GET".', 16384)
 2 APPPATH/Config/Routes.php(131): CodeIgniter\Router\RouteCollection->match([...], 'locations/generarPDF', 'LocationsPdfController::generarPDF')
 3 SYSTEMPATH/Router/RouteCollection.php(339): require('/home/u976386866/domains/servipro.site/public_html/app/app/Config/Routes.php')
 4 SYSTEMPATH/CodeIgniter.php(821): CodeIgniter\Router\RouteCollection->loadRoutes()
 5 SYSTEMPATH/CodeIgniter.php(455): CodeIgniter\CodeIgniter->tryToRouteIt(null)
 6 SYSTEMPATH/CodeIgniter.php(354): CodeIgniter\CodeIgniter->handleRequest(null, Object(Config\Cache), false)
 7 SYSTEMPATH/Boot.php(334): CodeIgniter\CodeIgniter->run()
 8 SYSTEMPATH/Boot.php(67): CodeIgniter\Boot::runCodeIgniter(Object(CodeIgniter\CodeIgniter))
 9 FCPATH/index.php(56): CodeIgniter\Boot::bootWeb(Object(Config\Paths))
WARNING - 2025-12-15 10:48:21 --> [DEPRECATED] Passing lowercase HTTP method "post" is deprecated. Use uppercase HTTP method like "POST". in SYSTEMPATH/Router/RouteCollection.php on line 1026.
 1 SYSTEMPATH/Router/RouteCollection.php(1026): trigger_error('Passing lowercase HTTP method "post" is deprecated. Use uppercase HTTP method like "POST".', 16384)
 2 APPPATH/Config/Routes.php(131): CodeIgniter\Router\RouteCollection->match([...], 'locations/generarPDF', 'LocationsPdfController::generarPDF')
 3 SYSTEMPATH/Router/RouteCollection.php(339): require('/home/u976386866/domains/servipro.site/public_html/app/app/Config/Routes.php')
 4 SYSTEMPATH/CodeIgniter.php(821): CodeIgniter\Router\RouteCollection->loadRoutes()
 5 SYSTEMPATH/CodeIgniter.php(455): CodeIgniter\CodeIgniter->tryToRouteIt(null)
 6 SYSTEMPATH/CodeIgniter.php(354): CodeIgniter\CodeIgniter->handleRequest(null, Object(Config\Cache), false)
 7 SYSTEMPATH/Boot.php(334): CodeIgniter\CodeIgniter->run()
 8 SYSTEMPATH/Boot.php(67): CodeIgniter\Boot::runCodeIgniter(Object(CodeIgniter\CodeIgniter))
 9 FCPATH/index.php(56): CodeIgniter\Boot::bootWeb(Object(Config\Paths))
DEBUG - 2025-12-15 10:48:21 --> Session: Class initialized using 'CodeIgniter\Session\Handlers\FileHandler' driver.
WARNING - 2025-12-15 10:48:47 --> [DEPRECATED] Passing lowercase HTTP method "get" is deprecated. Use uppercase HTTP method like "GET". in SYSTEMPATH/Router/RouteCollection.php on line 1026.
 1 SYSTEMPATH/Router/RouteCollection.php(1026): trigger_error('Passing lowercase HTTP method "get" is deprecated. Use uppercase HTTP method like "GET".', 16384)
 2 APPPATH/Config/Routes.php(131): CodeIgniter\Router\RouteCollection->match([...], 'locations/generarPDF', 'LocationsPdfController::generarPDF')
 3 SYSTEMPATH/Router/RouteCollection.php(339): require('/home/u976386866/domains/servipro.site/public_html/app/app/Config/Routes.php')
 4 SYSTEMPATH/CodeIgniter.php(821): CodeIgniter\Router\RouteCollection->loadRoutes()
 5 SYSTEMPATH/CodeIgniter.php(455): CodeIgniter\CodeIgniter->tryToRouteIt(null)
 6 SYSTEMPATH/CodeIgniter.php(354): CodeIgniter\CodeIgniter->handleRequest(null, Object(Config\Cache), false)
 7 SYSTEMPATH/Boot.php(334): CodeIgniter\CodeIgniter->run()
 8 SYSTEMPATH/Boot.php(67): CodeIgniter\Boot::runCodeIgniter(Object(CodeIgniter\CodeIgniter))
 9 FCPATH/index.php(56): CodeIgniter\Boot::bootWeb(Object(Config\Paths))
WARNING - 2025-12-15 10:48:47 --> [DEPRECATED] Passing lowercase HTTP method "post" is deprecated. Use uppercase HTTP method like "POST". in SYSTEMPATH/Router/RouteCollection.php on line 1026.
 1 SYSTEMPATH/Router/RouteCollection.php(1026): trigger_error('Passing lowercase HTTP method "post" is deprecated. Use uppercase HTTP method like "POST".', 16384)
 2 APPPATH/Config/Routes.php(131): CodeIgniter\Router\RouteCollection->match([...], 'locations/generarPDF', 'LocationsPdfController::generarPDF')
 3 SYSTEMPATH/Router/RouteCollection.php(339): require('/home/u976386866/domains/servipro.site/public_html/app/app/Config/Routes.php')
 4 SYSTEMPATH/CodeIgniter.php(821): CodeIgniter\Router\RouteCollection->loadRoutes()
 5 SYSTEMPATH/CodeIgniter.php(455): CodeIgniter\CodeIgniter->tryToRouteIt(null)
 6 SYSTEMPATH/CodeIgniter.php(354): CodeIgniter\CodeIgniter->handleRequest(null, Object(Config\Cache), false)
 7 SYSTEMPATH/Boot.php(334): CodeIgniter\CodeIgniter->run()
 8 SYSTEMPATH/Boot.php(67): CodeIgniter\Boot::runCodeIgniter(Object(CodeIgniter\CodeIgniter))
 9 FCPATH/index.php(56): CodeIgniter\Boot::bootWeb(Object(Config\Paths))
DEBUG - 2025-12-15 10:48:47 --> Session: Class initialized using 'CodeIgniter\Session\Handlers\FileHandler' driver.
WARNING - 2025-12-15 10:50:06 --> [DEPRECATED] Passing lowercase HTTP method "get" is deprecated. Use uppercase HTTP method like "GET". in SYSTEMPATH/Router/RouteCollection.php on line 1026.
 1 SYSTEMPATH/Router/RouteCollection.php(1026): trigger_error('Passing lowercase HTTP method "get" is deprecated. Use uppercase HTTP method like "GET".', 16384)
 2 APPPATH/Config/Routes.php(131): CodeIgniter\Router\RouteCollection->match([...], 'locations/generarPDF', 'LocationsPdfController::generarPDF')
 3 SYSTEMPATH/Router/RouteCollection.php(339): require('/home/u976386866/domains/servipro.site/public_html/app/app/Config/Routes.php')
 4 SYSTEMPATH/CodeIgniter.php(821): CodeIgniter\Router\RouteCollection->loadRoutes()
 5 SYSTEMPATH/CodeIgniter.php(455): CodeIgniter\CodeIgniter->tryToRouteIt(null)
 6 SYSTEMPATH/CodeIgniter.php(354): CodeIgniter\CodeIgniter->handleRequest(null, Object(Config\Cache), false)
 7 SYSTEMPATH/Boot.php(334): CodeIgniter\CodeIgniter->run()
 8 SYSTEMPATH/Boot.php(67): CodeIgniter\Boot::runCodeIgniter(Object(CodeIgniter\CodeIgniter))
 9 FCPATH/index.php(56): CodeIgniter\Boot::bootWeb(Object(Config\Paths))
WARNING - 2025-12-15 10:50:06 --> [DEPRECATED] Passing lowercase HTTP method "post" is deprecated. Use uppercase HTTP method like "POST". in SYSTEMPATH/Router/RouteCollection.php on line 1026.
 1 SYSTEMPATH/Router/RouteCollection.php(1026): trigger_error('Passing lowercase HTTP method "post" is deprecated. Use uppercase HTTP method like "POST".', 16384)
 2 APPPATH/Config/Routes.php(131): CodeIgniter\Router\RouteCollection->match([...], 'locations/generarPDF', 'LocationsPdfController::generarPDF')
 3 SYSTEMPATH/Router/RouteCollection.php(339): require('/home/u976386866/domains/servipro.site/public_html/app/app/Config/Routes.php')
 4 SYSTEMPATH/CodeIgniter.php(821): CodeIgniter\Router\RouteCollection->loadRoutes()
 5 SYSTEMPATH/CodeIgniter.php(455): CodeIgniter\CodeIgniter->tryToRouteIt(null)
 6 SYSTEMPATH/CodeIgniter.php(354): CodeIgniter\CodeIgniter->handleRequest(null, Object(Config\Cache), false)
 7 SYSTEMPATH/Boot.php(334): CodeIgniter\CodeIgniter->run()
 8 SYSTEMPATH/Boot.php(67): CodeIgniter\Boot::runCodeIgniter(Object(CodeIgniter\CodeIgniter))
 9 FCPATH/index.php(56): CodeIgniter\Boot::bootWeb(Object(Config\Paths))
DEBUG - 2025-12-15 10:50:06 --> Session: Class initialized using 'CodeIgniter\Session\Handlers\FileHandler' driver.
DEBUG - 2025-12-15 10:50:06 --> Iniciando carga de sedes
DEBUG - 2025-12-15 10:50:06 --> Sedes cargadas: [{"id":"17","nombre":"Bimbo Santa Maria","direccion":"Avenida ServiPro","ciudad":"CDMX","pais":"Mexico","fecha_creacion":"2025-04-03 13:01:50","estatus":"1"},{"id":"18","nombre":"Bimbo Azcapotzalco","direccion":"Av San Pablo Xalpa 520, San Martin Xochinahuac, Azcapotzalco, 02120 Ciudad de M\u00e9xico, CDMX","ciudad":"CDMC","pais":"M\u00e9xico","fecha_creacion":"2025-04-07 12:06:45","estatus":"1"},{"id":"21","nombre":"Bimbo Villahermosa","direccion":"Av. Cobre 105, Cd Industrial, 86010 Villahermosa, Tabasco","ciudad":"Villahermosa, Tabasco","pais":"M\u00e9xico","fecha_creacion":"2025-05-12 12:11:50","estatus":"1"},{"id":"22","nombre":"Totis Planta uno Botana","direccion":"Av. San Pablo Xalpa 520, San Mart\u00edn Xochinahuac, Azcapotzalco, 02120 Ciudad de M\u00e9xico, CDMX","ciudad":"CDMX","pais":"Mexico","fecha_creacion":"2025-05-28 09:41:53","estatus":"1"},{"id":"23","nombre":"BIMBO YUCAT\u00c1N","direccion":"CALLE 21, #426, INT 0, COL. CIUDAD INDUSTRIAL","ciudad":"M\u00c9RIDA","pais":"M\u00c9XICO","fecha_creacion":"2025-07-14 17:00:19","estatus":"1"},{"id":"24","nombre":"Bimbo Toluca","direccion":"Corredor Industrial, Mz 2, Lote E, Ex Rancho El Coecillo","ciudad":"Toluca","pais":"M\u00e9xico","fecha_creacion":"2025-07-28 13:39:14","estatus":"1"},{"id":"26","nombre":"Totis planta dos","direccion":"Eje oriente poniente no. 38, col. Ciudad industrial, CP 43800, Tizayuca, Hidalgo","ciudad":"Tizayuca","pais":"M\u00e9xico","fecha_creacion":"2025-10-27 16:30:54","estatus":"1"},{"id":"27","nombre":"Bimbo M\u00e9xico Santa Mar\u00eda ","direccion":"Mimosas 117, 118 Col. Santa Mar\u00eda Insurgentes Cuauht\u00e9moc CDMX ","ciudad":"CDMX","pais":"M\u00e9xico","fecha_creacion":"2025-11-02 10:48:40","estatus":"1"},{"id":"28","nombre":"HAZPAN-LONCHIBON","direccion":"EMILIANO ZAPATA 25, PQUE. IND. LERMA","ciudad":"TOLUCA","pais":"M\u00e9xico","fecha_creacion":"2025-11-27 11:43:59","estatus":"1"},{"id":"29","nombre":"Suandy Marinela Toluca","direccion":"Emiliano Zapata 25, Pque. Ind. Lerma","ciudad":"TOLUCA","pais":"M\u00e9xico","fecha_creacion":"2025-11-27 11:55:24","estatus":"1"},{"id":"30","nombre":"T\u00eda Rosa, Toluca ","direccion":"Benito Juarez Mz. 027","ciudad":"Sta. Ma. Totoltepec, Toluca","pais":"M\u00e9xico","fecha_creacion":"2025-11-27 11:56:59","estatus":"1"},{"id":"31","nombre":"Bimbo Norte","direccion":"Av. F\u00e9lix U. G\u00f3mez 4203, Coyoac\u00e1n, C.P. 64510","ciudad":"Monterrey N.L.","pais":"M\u00e9xico","fecha_creacion":"2025-11-28 15:45:37","estatus":"1"},{"id":"32","nombre":"PLANTA DE PRUEBA","direccion":"PRUEBAS","ciudad":"DCDS","pais":"MEXICO","fecha_creacion":"2025-12-07 18:59:44","estatus":"1"},{"id":"33","nombre":"BSL","direccion":"Eje 128 #135 manzana 3, zona industrial segunda secci\u00f3n ","ciudad":"San Luis Potos\u00ed","pais":"M\u00e9xico","fecha_creacion":"2025-12-08 21:23:56","estatus":"1"},{"id":"34","nombre":"Sanissimo Monterrey","direccion":"Manuel de la Pe\u00f1a y Pe\u00f1a #1020-5, Bella Vista","ciudad":"Monterrey N.L.","pais":"M\u00e9xico","fecha_creacion":"2025-12-08 21:28:12","estatus":"1"}]
WARNING - 2025-12-15 10:50:10 --> [DEPRECATED] Passing lowercase HTTP method "get" is deprecated. Use uppercase HTTP method like "GET". in SYSTEMPATH/Router/RouteCollection.php on line 1026.
 1 SYSTEMPATH/Router/RouteCollection.php(1026): trigger_error('Passing lowercase HTTP method "get" is deprecated. Use uppercase HTTP method like "GET".', 16384)
 2 APPPATH/Config/Routes.php(131): CodeIgniter\Router\RouteCollection->match([...], 'locations/generarPDF', 'LocationsPdfController::generarPDF')
 3 SYSTEMPATH/Router/RouteCollection.php(339): require('/home/u976386866/domains/servipro.site/public_html/app/app/Config/Routes.php')
 4 SYSTEMPATH/CodeIgniter.php(821): CodeIgniter\Router\RouteCollection->loadRoutes()
 5 SYSTEMPATH/CodeIgniter.php(455): CodeIgniter\CodeIgniter->tryToRouteIt(null)
 6 SYSTEMPATH/CodeIgniter.php(354): CodeIgniter\CodeIgniter->handleRequest(null, Object(Config\Cache), false)
 7 SYSTEMPATH/Boot.php(334): CodeIgniter\CodeIgniter->run()
 8 SYSTEMPATH/Boot.php(67): CodeIgniter\Boot::runCodeIgniter(Object(CodeIgniter\CodeIgniter))
 9 FCPATH/index.php(56): CodeIgniter\Boot::bootWeb(Object(Config\Paths))
WARNING - 2025-12-15 10:50:10 --> [DEPRECATED] Passing lowercase HTTP method "post" is deprecated. Use uppercase HTTP method like "POST". in SYSTEMPATH/Router/RouteCollection.php on line 1026.
 1 SYSTEMPATH/Router/RouteCollection.php(1026): trigger_error('Passing lowercase HTTP method "post" is deprecated. Use uppercase HTTP method like "POST".', 16384)
 2 APPPATH/Config/Routes.php(131): CodeIgniter\Router\RouteCollection->match([...], 'locations/generarPDF', 'LocationsPdfController::generarPDF')
 3 SYSTEMPATH/Router/RouteCollection.php(339): require('/home/u976386866/domains/servipro.site/public_html/app/app/Config/Routes.php')
 4 SYSTEMPATH/CodeIgniter.php(821): CodeIgniter\Router\RouteCollection->loadRoutes()
 5 SYSTEMPATH/CodeIgniter.php(455): CodeIgniter\CodeIgniter->tryToRouteIt(null)
 6 SYSTEMPATH/CodeIgniter.php(354): CodeIgniter\CodeIgniter->handleRequest(null, Object(Config\Cache), false)
 7 SYSTEMPATH/Boot.php(334): CodeIgniter\CodeIgniter->run()
 8 SYSTEMPATH/Boot.php(67): CodeIgniter\Boot::runCodeIgniter(Object(CodeIgniter\CodeIgniter))
 9 FCPATH/index.php(56): CodeIgniter\Boot::bootWeb(Object(Config\Paths))
DEBUG - 2025-12-15 10:50:10 --> Session: Class initialized using 'CodeIgniter\Session\Handlers\FileHandler' driver.
DEBUG - 2025-12-15 10:50:10 --> Iniciando carga de sedes
DEBUG - 2025-12-15 10:50:10 --> Sedes cargadas: [{"id":"17","nombre":"Bimbo Santa Maria","direccion":"Avenida ServiPro","ciudad":"CDMX","pais":"Mexico","fecha_creacion":"2025-04-03 13:01:50","estatus":"1"},{"id":"18","nombre":"Bimbo Azcapotzalco","direccion":"Av San Pablo Xalpa 520, San Martin Xochinahuac, Azcapotzalco, 02120 Ciudad de M\u00e9xico, CDMX","ciudad":"CDMC","pais":"M\u00e9xico","fecha_creacion":"2025-04-07 12:06:45","estatus":"1"},{"id":"21","nombre":"Bimbo Villahermosa","direccion":"Av. Cobre 105, Cd Industrial, 86010 Villahermosa, Tabasco","ciudad":"Villahermosa, Tabasco","pais":"M\u00e9xico","fecha_creacion":"2025-05-12 12:11:50","estatus":"1"},{"id":"22","nombre":"Totis Planta uno Botana","direccion":"Av. San Pablo Xalpa 520, San Mart\u00edn Xochinahuac, Azcapotzalco, 02120 Ciudad de M\u00e9xico, CDMX","ciudad":"CDMX","pais":"Mexico","fecha_creacion":"2025-05-28 09:41:53","estatus":"1"},{"id":"23","nombre":"BIMBO YUCAT\u00c1N","direccion":"CALLE 21, #426, INT 0, COL. CIUDAD INDUSTRIAL","ciudad":"M\u00c9RIDA","pais":"M\u00c9XICO","fecha_creacion":"2025-07-14 17:00:19","estatus":"1"},{"id":"24","nombre":"Bimbo Toluca","direccion":"Corredor Industrial, Mz 2, Lote E, Ex Rancho El Coecillo","ciudad":"Toluca","pais":"M\u00e9xico","fecha_creacion":"2025-07-28 13:39:14","estatus":"1"},{"id":"26","nombre":"Totis planta dos","direccion":"Eje oriente poniente no. 38, col. Ciudad industrial, CP 43800, Tizayuca, Hidalgo","ciudad":"Tizayuca","pais":"M\u00e9xico","fecha_creacion":"2025-10-27 16:30:54","estatus":"1"},{"id":"27","nombre":"Bimbo M\u00e9xico Santa Mar\u00eda ","direccion":"Mimosas 117, 118 Col. Santa Mar\u00eda Insurgentes Cuauht\u00e9moc CDMX ","ciudad":"CDMX","pais":"M\u00e9xico","fecha_creacion":"2025-11-02 10:48:40","estatus":"1"},{"id":"28","nombre":"HAZPAN-LONCHIBON","direccion":"EMILIANO ZAPATA 25, PQUE. IND. LERMA","ciudad":"TOLUCA","pais":"M\u00e9xico","fecha_creacion":"2025-11-27 11:43:59","estatus":"1"},{"id":"29","nombre":"Suandy Marinela Toluca","direccion":"Emiliano Zapata 25, Pque. Ind. Lerma","ciudad":"TOLUCA","pais":"M\u00e9xico","fecha_creacion":"2025-11-27 11:55:24","estatus":"1"},{"id":"30","nombre":"T\u00eda Rosa, Toluca ","direccion":"Benito Juarez Mz. 027","ciudad":"Sta. Ma. Totoltepec, Toluca","pais":"M\u00e9xico","fecha_creacion":"2025-11-27 11:56:59","estatus":"1"},{"id":"31","nombre":"Bimbo Norte","direccion":"Av. F\u00e9lix U. G\u00f3mez 4203, Coyoac\u00e1n, C.P. 64510","ciudad":"Monterrey N.L.","pais":"M\u00e9xico","fecha_creacion":"2025-11-28 15:45:37","estatus":"1"},{"id":"32","nombre":"PLANTA DE PRUEBA","direccion":"PRUEBAS","ciudad":"DCDS","pais":"MEXICO","fecha_creacion":"2025-12-07 18:59:44","estatus":"1"},{"id":"33","nombre":"BSL","direccion":"Eje 128 #135 manzana 3, zona industrial segunda secci\u00f3n ","ciudad":"San Luis Potos\u00ed","pais":"M\u00e9xico","fecha_creacion":"2025-12-08 21:23:56","estatus":"1"},{"id":"34","nombre":"Sanissimo Monterrey","direccion":"Manuel de la Pe\u00f1a y Pe\u00f1a #1020-5, Bella Vista","ciudad":"Monterrey N.L.","pais":"M\u00e9xico","fecha_creacion":"2025-12-08 21:28:12","estatus":"1"}]
WARNING - 2025-12-15 10:50:11 --> [DEPRECATED] Passing lowercase HTTP method "get" is deprecated. Use uppercase HTTP method like "GET". in SYSTEMPATH/Router/RouteCollection.php on line 1026.
 1 SYSTEMPATH/Router/RouteCollection.php(1026): trigger_error('Passing lowercase HTTP method "get" is deprecated. Use uppercase HTTP method like "GET".', 16384)
 2 APPPATH/Config/Routes.php(131): CodeIgniter\Router\RouteCollection->match([...], 'locations/generarPDF', 'LocationsPdfController::generarPDF')
 3 SYSTEMPATH/Router/RouteCollection.php(339): require('/home/u976386866/domains/servipro.site/public_html/app/app/Config/Routes.php')
 4 SYSTEMPATH/CodeIgniter.php(821): CodeIgniter\Router\RouteCollection->loadRoutes()
 5 SYSTEMPATH/CodeIgniter.php(455): CodeIgniter\CodeIgniter->tryToRouteIt(null)
 6 SYSTEMPATH/CodeIgniter.php(354): CodeIgniter\CodeIgniter->handleRequest(null, Object(Config\Cache), false)
 7 SYSTEMPATH/Boot.php(334): CodeIgniter\CodeIgniter->run()
 8 SYSTEMPATH/Boot.php(67): CodeIgniter\Boot::runCodeIgniter(Object(CodeIgniter\CodeIgniter))
 9 FCPATH/index.php(56): CodeIgniter\Boot::bootWeb(Object(Config\Paths))
WARNING - 2025-12-15 10:50:11 --> [DEPRECATED] Passing lowercase HTTP method "post" is deprecated. Use uppercase HTTP method like "POST". in SYSTEMPATH/Router/RouteCollection.php on line 1026.
 1 SYSTEMPATH/Router/RouteCollection.php(1026): trigger_error('Passing lowercase HTTP method "post" is deprecated. Use uppercase HTTP method like "POST".', 16384)
 2 APPPATH/Config/Routes.php(131): CodeIgniter\Router\RouteCollection->match([...], 'locations/generarPDF', 'LocationsPdfController::generarPDF')
 3 SYSTEMPATH/Router/RouteCollection.php(339): require('/home/u976386866/domains/servipro.site/public_html/app/app/Config/Routes.php')
 4 SYSTEMPATH/CodeIgniter.php(821): CodeIgniter\Router\RouteCollection->loadRoutes()
 5 SYSTEMPATH/CodeIgniter.php(455): CodeIgniter\CodeIgniter->tryToRouteIt(null)
 6 SYSTEMPATH/CodeIgniter.php(354): CodeIgniter\CodeIgniter->handleRequest(null, Object(Config\Cache), false)
 7 SYSTEMPATH/Boot.php(334): CodeIgniter\CodeIgniter->run()
 8 SYSTEMPATH/Boot.php(67): CodeIgniter\Boot::runCodeIgniter(Object(CodeIgniter\CodeIgniter))
 9 FCPATH/index.php(56): CodeIgniter\Boot::bootWeb(Object(Config\Paths))
DEBUG - 2025-12-15 10:50:11 --> Session: Class initialized using 'CodeIgniter\Session\Handlers\FileHandler' driver.
WARNING - 2025-12-15 10:50:32 --> [DEPRECATED] Passing lowercase HTTP method "get" is deprecated. Use uppercase HTTP method like "GET". in SYSTEMPATH/Router/RouteCollection.php on line 1026.
 1 SYSTEMPATH/Router/RouteCollection.php(1026): trigger_error('Passing lowercase HTTP method "get" is deprecated. Use uppercase HTTP method like "GET".', 16384)
 2 APPPATH/Config/Routes.php(131): CodeIgniter\Router\RouteCollection->match([...], 'locations/generarPDF', 'LocationsPdfController::generarPDF')
 3 SYSTEMPATH/Router/RouteCollection.php(339): require('/home/u976386866/domains/servipro.site/public_html/app/app/Config/Routes.php')
 4 SYSTEMPATH/CodeIgniter.php(821): CodeIgniter\Router\RouteCollection->loadRoutes()
 5 SYSTEMPATH/CodeIgniter.php(455): CodeIgniter\CodeIgniter->tryToRouteIt(null)
 6 SYSTEMPATH/CodeIgniter.php(354): CodeIgniter\CodeIgniter->handleRequest(null, Object(Config\Cache), false)
 7 SYSTEMPATH/Boot.php(334): CodeIgniter\CodeIgniter->run()
 8 SYSTEMPATH/Boot.php(67): CodeIgniter\Boot::runCodeIgniter(Object(CodeIgniter\CodeIgniter))
 9 FCPATH/index.php(56): CodeIgniter\Boot::bootWeb(Object(Config\Paths))
WARNING - 2025-12-15 10:50:32 --> [DEPRECATED] Passing lowercase HTTP method "post" is deprecated. Use uppercase HTTP method like "POST". in SYSTEMPATH/Router/RouteCollection.php on line 1026.
 1 SYSTEMPATH/Router/RouteCollection.php(1026): trigger_error('Passing lowercase HTTP method "post" is deprecated. Use uppercase HTTP method like "POST".', 16384)
 2 APPPATH/Config/Routes.php(131): CodeIgniter\Router\RouteCollection->match([...], 'locations/generarPDF', 'LocationsPdfController::generarPDF')
 3 SYSTEMPATH/Router/RouteCollection.php(339): require('/home/u976386866/domains/servipro.site/public_html/app/app/Config/Routes.php')
 4 SYSTEMPATH/CodeIgniter.php(821): CodeIgniter\Router\RouteCollection->loadRoutes()
 5 SYSTEMPATH/CodeIgniter.php(455): CodeIgniter\CodeIgniter->tryToRouteIt(null)
 6 SYSTEMPATH/CodeIgniter.php(354): CodeIgniter\CodeIgniter->handleRequest(null, Object(Config\Cache), false)
 7 SYSTEMPATH/Boot.php(334): CodeIgniter\CodeIgniter->run()
 8 SYSTEMPATH/Boot.php(67): CodeIgniter\Boot::runCodeIgniter(Object(CodeIgniter\CodeIgniter))
 9 FCPATH/index.php(56): CodeIgniter\Boot::bootWeb(Object(Config\Paths))
DEBUG - 2025-12-15 10:50:32 --> Session: Class initialized using 'CodeIgniter\Session\Handlers\FileHandler' driver.
WARNING - 2025-12-15 10:50:34 --> [DEPRECATED] Passing lowercase HTTP method "get" is deprecated. Use uppercase HTTP method like "GET". in SYSTEMPATH/Router/RouteCollection.php on line 1026.
 1 SYSTEMPATH/Router/RouteCollection.php(1026): trigger_error('Passing lowercase HTTP method "get" is deprecated. Use uppercase HTTP method like "GET".', 16384)
 2 APPPATH/Config/Routes.php(131): CodeIgniter\Router\RouteCollection->match([...], 'locations/generarPDF', 'LocationsPdfController::generarPDF')
 3 SYSTEMPATH/Router/RouteCollection.php(339): require('/home/u976386866/domains/servipro.site/public_html/app/app/Config/Routes.php')
 4 SYSTEMPATH/CodeIgniter.php(821): CodeIgniter\Router\RouteCollection->loadRoutes()
 5 SYSTEMPATH/CodeIgniter.php(455): CodeIgniter\CodeIgniter->tryToRouteIt(null)
 6 SYSTEMPATH/CodeIgniter.php(354): CodeIgniter\CodeIgniter->handleRequest(null, Object(Config\Cache), false)
 7 SYSTEMPATH/Boot.php(334): CodeIgniter\CodeIgniter->run()
 8 SYSTEMPATH/Boot.php(67): CodeIgniter\Boot::runCodeIgniter(Object(CodeIgniter\CodeIgniter))
 9 FCPATH/index.php(56): CodeIgniter\Boot::bootWeb(Object(Config\Paths))
WARNING - 2025-12-15 10:50:34 --> [DEPRECATED] Passing lowercase HTTP method "post" is deprecated. Use uppercase HTTP method like "POST". in SYSTEMPATH/Router/RouteCollection.php on line 1026.
 1 SYSTEMPATH/Router/RouteCollection.php(1026): trigger_error('Passing lowercase HTTP method "post" is deprecated. Use uppercase HTTP method like "POST".', 16384)
 2 APPPATH/Config/Routes.php(131): CodeIgniter\Router\RouteCollection->match([...], 'locations/generarPDF', 'LocationsPdfController::generarPDF')
 3 SYSTEMPATH/Router/RouteCollection.php(339): require('/home/u976386866/domains/servipro.site/public_html/app/app/Config/Routes.php')
 4 SYSTEMPATH/CodeIgniter.php(821): CodeIgniter\Router\RouteCollection->loadRoutes()
 5 SYSTEMPATH/CodeIgniter.php(455): CodeIgniter\CodeIgniter->tryToRouteIt(null)
 6 SYSTEMPATH/CodeIgniter.php(354): CodeIgniter\CodeIgniter->handleRequest(null, Object(Config\Cache), false)
 7 SYSTEMPATH/Boot.php(334): CodeIgniter\CodeIgniter->run()
 8 SYSTEMPATH/Boot.php(67): CodeIgniter\Boot::runCodeIgniter(Object(CodeIgniter\CodeIgniter))
 9 FCPATH/index.php(56): CodeIgniter\Boot::bootWeb(Object(Config\Paths))
DEBUG - 2025-12-15 10:50:34 --> Session: Class initialized using 'CodeIgniter\Session\Handlers\FileHandler' driver.
DEBUG - 2025-12-15 10:50:34 --> Iniciando carga de sedes
DEBUG - 2025-12-15 10:50:34 --> Sedes cargadas: [{"id":"17","nombre":"Bimbo Santa Maria","direccion":"Avenida ServiPro","ciudad":"CDMX","pais":"Mexico","fecha_creacion":"2025-04-03 13:01:50","estatus":"1"},{"id":"18","nombre":"Bimbo Azcapotzalco","direccion":"Av San Pablo Xalpa 520, San Martin Xochinahuac, Azcapotzalco, 02120 Ciudad de M\u00e9xico, CDMX","ciudad":"CDMC","pais":"M\u00e9xico","fecha_creacion":"2025-04-07 12:06:45","estatus":"1"},{"id":"21","nombre":"Bimbo Villahermosa","direccion":"Av. Cobre 105, Cd Industrial, 86010 Villahermosa, Tabasco","ciudad":"Villahermosa, Tabasco","pais":"M\u00e9xico","fecha_creacion":"2025-05-12 12:11:50","estatus":"1"},{"id":"22","nombre":"Totis Planta uno Botana","direccion":"Av. San Pablo Xalpa 520, San Mart\u00edn Xochinahuac, Azcapotzalco, 02120 Ciudad de M\u00e9xico, CDMX","ciudad":"CDMX","pais":"Mexico","fecha_creacion":"2025-05-28 09:41:53","estatus":"1"},{"id":"23","nombre":"BIMBO YUCAT\u00c1N","direccion":"CALLE 21, #426, INT 0, COL. CIUDAD INDUSTRIAL","ciudad":"M\u00c9RIDA","pais":"M\u00c9XICO","fecha_creacion":"2025-07-14 17:00:19","estatus":"1"},{"id":"24","nombre":"Bimbo Toluca","direccion":"Corredor Industrial, Mz 2, Lote E, Ex Rancho El Coecillo","ciudad":"Toluca","pais":"M\u00e9xico","fecha_creacion":"2025-07-28 13:39:14","estatus":"1"},{"id":"26","nombre":"Totis planta dos","direccion":"Eje oriente poniente no. 38, col. Ciudad industrial, CP 43800, Tizayuca, Hidalgo","ciudad":"Tizayuca","pais":"M\u00e9xico","fecha_creacion":"2025-10-27 16:30:54","estatus":"1"},{"id":"27","nombre":"Bimbo M\u00e9xico Santa Mar\u00eda ","direccion":"Mimosas 117, 118 Col. Santa Mar\u00eda Insurgentes Cuauht\u00e9moc CDMX ","ciudad":"CDMX","pais":"M\u00e9xico","fecha_creacion":"2025-11-02 10:48:40","estatus":"1"},{"id":"28","nombre":"HAZPAN-LONCHIBON","direccion":"EMILIANO ZAPATA 25, PQUE. IND. LERMA","ciudad":"TOLUCA","pais":"M\u00e9xico","fecha_creacion":"2025-11-27 11:43:59","estatus":"1"},{"id":"29","nombre":"Suandy Marinela Toluca","direccion":"Emiliano Zapata 25, Pque. Ind. Lerma","ciudad":"TOLUCA","pais":"M\u00e9xico","fecha_creacion":"2025-11-27 11:55:24","estatus":"1"},{"id":"30","nombre":"T\u00eda Rosa, Toluca ","direccion":"Benito Juarez Mz. 027","ciudad":"Sta. Ma. Totoltepec, Toluca","pais":"M\u00e9xico","fecha_creacion":"2025-11-27 11:56:59","estatus":"1"},{"id":"31","nombre":"Bimbo Norte","direccion":"Av. F\u00e9lix U. G\u00f3mez 4203, Coyoac\u00e1n, C.P. 64510","ciudad":"Monterrey N.L.","pais":"M\u00e9xico","fecha_creacion":"2025-11-28 15:45:37","estatus":"1"},{"id":"32","nombre":"PLANTA DE PRUEBA","direccion":"PRUEBAS","ciudad":"DCDS","pais":"MEXICO","fecha_creacion":"2025-12-07 18:59:44","estatus":"1"},{"id":"33","nombre":"BSL","direccion":"Eje 128 #135 manzana 3, zona industrial segunda secci\u00f3n ","ciudad":"San Luis Potos\u00ed","pais":"M\u00e9xico","fecha_creacion":"2025-12-08 21:23:56","estatus":"1"},{"id":"34","nombre":"Sanissimo Monterrey","direccion":"Manuel de la Pe\u00f1a y Pe\u00f1a #1020-5, Bella Vista","ciudad":"Monterrey N.L.","pais":"M\u00e9xico","fecha_creacion":"2025-12-08 21:28:12","estatus":"1"}]
WARNING - 2025-12-15 10:50:35 --> [DEPRECATED] Passing lowercase HTTP method "get" is deprecated. Use uppercase HTTP method like "GET". in SYSTEMPATH/Router/RouteCollection.php on line 1026.
 1 SYSTEMPATH/Router/RouteCollection.php(1026): trigger_error('Passing lowercase HTTP method "get" is deprecated. Use uppercase HTTP method like "GET".', 16384)
 2 APPPATH/Config/Routes.php(131): CodeIgniter\Router\RouteCollection->match([...], 'locations/generarPDF', 'LocationsPdfController::generarPDF')
 3 SYSTEMPATH/Router/RouteCollection.php(339): require('/home/u976386866/domains/servipro.site/public_html/app/app/Config/Routes.php')
 4 SYSTEMPATH/CodeIgniter.php(821): CodeIgniter\Router\RouteCollection->loadRoutes()
 5 SYSTEMPATH/CodeIgniter.php(455): CodeIgniter\CodeIgniter->tryToRouteIt(null)
 6 SYSTEMPATH/CodeIgniter.php(354): CodeIgniter\CodeIgniter->handleRequest(null, Object(Config\Cache), false)
 7 SYSTEMPATH/Boot.php(334): CodeIgniter\CodeIgniter->run()
 8 SYSTEMPATH/Boot.php(67): CodeIgniter\Boot::runCodeIgniter(Object(CodeIgniter\CodeIgniter))
 9 FCPATH/index.php(56): CodeIgniter\Boot::bootWeb(Object(Config\Paths))
WARNING - 2025-12-15 10:50:35 --> [DEPRECATED] Passing lowercase HTTP method "post" is deprecated. Use uppercase HTTP method like "POST". in SYSTEMPATH/Router/RouteCollection.php on line 1026.
 1 SYSTEMPATH/Router/RouteCollection.php(1026): trigger_error('Passing lowercase HTTP method "post" is deprecated. Use uppercase HTTP method like "POST".', 16384)
 2 APPPATH/Config/Routes.php(131): CodeIgniter\Router\RouteCollection->match([...], 'locations/generarPDF', 'LocationsPdfController::generarPDF')
 3 SYSTEMPATH/Router/RouteCollection.php(339): require('/home/u976386866/domains/servipro.site/public_html/app/app/Config/Routes.php')
 4 SYSTEMPATH/CodeIgniter.php(821): CodeIgniter\Router\RouteCollection->loadRoutes()
 5 SYSTEMPATH/CodeIgniter.php(455): CodeIgniter\CodeIgniter->tryToRouteIt(null)
 6 SYSTEMPATH/CodeIgniter.php(354): CodeIgniter\CodeIgniter->handleRequest(null, Object(Config\Cache), false)
 7 SYSTEMPATH/Boot.php(334): CodeIgniter\CodeIgniter->run()
 8 SYSTEMPATH/Boot.php(67): CodeIgniter\Boot::runCodeIgniter(Object(CodeIgniter\CodeIgniter))
 9 FCPATH/index.php(56): CodeIgniter\Boot::bootWeb(Object(Config\Paths))
DEBUG - 2025-12-15 10:50:35 --> Session: Class initialized using 'CodeIgniter\Session\Handlers\FileHandler' driver.
WARNING - 2025-12-15 10:52:56 --> [DEPRECATED] Passing lowercase HTTP method "get" is deprecated. Use uppercase HTTP method like "GET". in SYSTEMPATH/Router/RouteCollection.php on line 1026.
 1 SYSTEMPATH/Router/RouteCollection.php(1026): trigger_error('Passing lowercase HTTP method "get" is deprecated. Use uppercase HTTP method like "GET".', 16384)
 2 APPPATH/Config/Routes.php(131): CodeIgniter\Router\RouteCollection->match([...], 'locations/generarPDF', 'LocationsPdfController::generarPDF')
 3 SYSTEMPATH/Router/RouteCollection.php(339): require('/home/u976386866/domains/servipro.site/public_html/app/app/Config/Routes.php')
 4 SYSTEMPATH/CodeIgniter.php(821): CodeIgniter\Router\RouteCollection->loadRoutes()
 5 SYSTEMPATH/CodeIgniter.php(455): CodeIgniter\CodeIgniter->tryToRouteIt(null)
 6 SYSTEMPATH/CodeIgniter.php(354): CodeIgniter\CodeIgniter->handleRequest(null, Object(Config\Cache), false)
 7 SYSTEMPATH/Boot.php(334): CodeIgniter\CodeIgniter->run()
 8 SYSTEMPATH/Boot.php(67): CodeIgniter\Boot::runCodeIgniter(Object(CodeIgniter\CodeIgniter))
 9 FCPATH/index.php(56): CodeIgniter\Boot::bootWeb(Object(Config\Paths))
WARNING - 2025-12-15 10:52:56 --> [DEPRECATED] Passing lowercase HTTP method "post" is deprecated. Use uppercase HTTP method like "POST". in SYSTEMPATH/Router/RouteCollection.php on line 1026.
 1 SYSTEMPATH/Router/RouteCollection.php(1026): trigger_error('Passing lowercase HTTP method "post" is deprecated. Use uppercase HTTP method like "POST".', 16384)
 2 APPPATH/Config/Routes.php(131): CodeIgniter\Router\RouteCollection->match([...], 'locations/generarPDF', 'LocationsPdfController::generarPDF')
 3 SYSTEMPATH/Router/RouteCollection.php(339): require('/home/u976386866/domains/servipro.site/public_html/app/app/Config/Routes.php')
 4 SYSTEMPATH/CodeIgniter.php(821): CodeIgniter\Router\RouteCollection->loadRoutes()
 5 SYSTEMPATH/CodeIgniter.php(455): CodeIgniter\CodeIgniter->tryToRouteIt(null)
 6 SYSTEMPATH/CodeIgniter.php(354): CodeIgniter\CodeIgniter->handleRequest(null, Object(Config\Cache), false)
 7 SYSTEMPATH/Boot.php(334): CodeIgniter\CodeIgniter->run()
 8 SYSTEMPATH/Boot.php(67): CodeIgniter\Boot::runCodeIgniter(Object(CodeIgniter\CodeIgniter))
 9 FCPATH/index.php(56): CodeIgniter\Boot::bootWeb(Object(Config\Paths))
WARNING - 2025-12-15 10:52:57 --> [DEPRECATED] Passing lowercase HTTP method "get" is deprecated. Use uppercase HTTP method like "GET". in SYSTEMPATH/Router/RouteCollection.php on line 1026.
 1 SYSTEMPATH/Router/RouteCollection.php(1026): trigger_error('Passing lowercase HTTP method "get" is deprecated. Use uppercase HTTP method like "GET".', 16384)
 2 APPPATH/Config/Routes.php(131): CodeIgniter\Router\RouteCollection->match([...], 'locations/generarPDF', 'LocationsPdfController::generarPDF')
 3 SYSTEMPATH/Router/RouteCollection.php(339): require('/home/u976386866/domains/servipro.site/public_html/app/app/Config/Routes.php')
 4 SYSTEMPATH/CodeIgniter.php(821): CodeIgniter\Router\RouteCollection->loadRoutes()
 5 SYSTEMPATH/CodeIgniter.php(455): CodeIgniter\CodeIgniter->tryToRouteIt(null)
 6 SYSTEMPATH/CodeIgniter.php(354): CodeIgniter\CodeIgniter->handleRequest(null, Object(Config\Cache), false)
 7 SYSTEMPATH/Boot.php(334): CodeIgniter\CodeIgniter->run()
 8 SYSTEMPATH/Boot.php(67): CodeIgniter\Boot::runCodeIgniter(Object(CodeIgniter\CodeIgniter))
 9 FCPATH/index.php(56): CodeIgniter\Boot::bootWeb(Object(Config\Paths))
WARNING - 2025-12-15 10:52:57 --> [DEPRECATED] Passing lowercase HTTP method "post" is deprecated. Use uppercase HTTP method like "POST". in SYSTEMPATH/Router/RouteCollection.php on line 1026.
 1 SYSTEMPATH/Router/RouteCollection.php(1026): trigger_error('Passing lowercase HTTP method "post" is deprecated. Use uppercase HTTP method like "POST".', 16384)
 2 APPPATH/Config/Routes.php(131): CodeIgniter\Router\RouteCollection->match([...], 'locations/generarPDF', 'LocationsPdfController::generarPDF')
 3 SYSTEMPATH/Router/RouteCollection.php(339): require('/home/u976386866/domains/servipro.site/public_html/app/app/Config/Routes.php')
 4 SYSTEMPATH/CodeIgniter.php(821): CodeIgniter\Router\RouteCollection->loadRoutes()
 5 SYSTEMPATH/CodeIgniter.php(455): CodeIgniter\CodeIgniter->tryToRouteIt(null)
 6 SYSTEMPATH/CodeIgniter.php(354): CodeIgniter\CodeIgniter->handleRequest(null, Object(Config\Cache), false)
 7 SYSTEMPATH/Boot.php(334): CodeIgniter\CodeIgniter->run()
 8 SYSTEMPATH/Boot.php(67): CodeIgniter\Boot::runCodeIgniter(Object(CodeIgniter\CodeIgniter))
 9 FCPATH/index.php(56): CodeIgniter\Boot::bootWeb(Object(Config\Paths))
WARNING - 2025-12-15 10:52:57 --> [DEPRECATED] Passing lowercase HTTP method "get" is deprecated. Use uppercase HTTP method like "GET". in SYSTEMPATH/Router/RouteCollection.php on line 1026.
 1 SYSTEMPATH/Router/RouteCollection.php(1026): trigger_error('Passing lowercase HTTP method "get" is deprecated. Use uppercase HTTP method like "GET".', 16384)
 2 APPPATH/Config/Routes.php(131): CodeIgniter\Router\RouteCollection->match([...], 'locations/generarPDF', 'LocationsPdfController::generarPDF')
 3 SYSTEMPATH/Router/RouteCollection.php(339): require('/home/u976386866/domains/servipro.site/public_html/app/app/Config/Routes.php')
 4 SYSTEMPATH/CodeIgniter.php(821): CodeIgniter\Router\RouteCollection->loadRoutes()
 5 SYSTEMPATH/CodeIgniter.php(455): CodeIgniter\CodeIgniter->tryToRouteIt(null)
 6 SYSTEMPATH/CodeIgniter.php(354): CodeIgniter\CodeIgniter->handleRequest(null, Object(Config\Cache), false)
 7 SYSTEMPATH/Boot.php(334): CodeIgniter\CodeIgniter->run()
 8 SYSTEMPATH/Boot.php(67): CodeIgniter\Boot::runCodeIgniter(Object(CodeIgniter\CodeIgniter))
 9 FCPATH/index.php(56): CodeIgniter\Boot::bootWeb(Object(Config\Paths))
WARNING - 2025-12-15 10:52:57 --> [DEPRECATED] Passing lowercase HTTP method "post" is deprecated. Use uppercase HTTP method like "POST". in SYSTEMPATH/Router/RouteCollection.php on line 1026.
 1 SYSTEMPATH/Router/RouteCollection.php(1026): trigger_error('Passing lowercase HTTP method "post" is deprecated. Use uppercase HTTP method like "POST".', 16384)
 2 APPPATH/Config/Routes.php(131): CodeIgniter\Router\RouteCollection->match([...], 'locations/generarPDF', 'LocationsPdfController::generarPDF')
 3 SYSTEMPATH/Router/RouteCollection.php(339): require('/home/u976386866/domains/servipro.site/public_html/app/app/Config/Routes.php')
 4 SYSTEMPATH/CodeIgniter.php(821): CodeIgniter\Router\RouteCollection->loadRoutes()
 5 SYSTEMPATH/CodeIgniter.php(455): CodeIgniter\CodeIgniter->tryToRouteIt(null)
 6 SYSTEMPATH/CodeIgniter.php(354): CodeIgniter\CodeIgniter->handleRequest(null, Object(Config\Cache), false)
 7 SYSTEMPATH/Boot.php(334): CodeIgniter\CodeIgniter->run()
 8 SYSTEMPATH/Boot.php(67): CodeIgniter\Boot::runCodeIgniter(Object(CodeIgniter\CodeIgniter))
 9 FCPATH/index.php(56): CodeIgniter\Boot::bootWeb(Object(Config\Paths))
WARNING - 2025-12-15 10:52:57 --> [DEPRECATED] Passing lowercase HTTP method "get" is deprecated. Use uppercase HTTP method like "GET". in SYSTEMPATH/Router/RouteCollection.php on line 1026.
 1 SYSTEMPATH/Router/RouteCollection.php(1026): trigger_error('Passing lowercase HTTP method "get" is deprecated. Use uppercase HTTP method like "GET".', 16384)
 2 APPPATH/Config/Routes.php(131): CodeIgniter\Router\RouteCollection->match([...], 'locations/generarPDF', 'LocationsPdfController::generarPDF')
 3 SYSTEMPATH/Router/RouteCollection.php(339): require('/home/u976386866/domains/servipro.site/public_html/app/app/Config/Routes.php')
 4 SYSTEMPATH/CodeIgniter.php(821): CodeIgniter\Router\RouteCollection->loadRoutes()
 5 SYSTEMPATH/CodeIgniter.php(455): CodeIgniter\CodeIgniter->tryToRouteIt(null)
 6 SYSTEMPATH/CodeIgniter.php(354): CodeIgniter\CodeIgniter->handleRequest(null, Object(Config\Cache), false)
 7 SYSTEMPATH/Boot.php(334): CodeIgniter\CodeIgniter->run()
 8 SYSTEMPATH/Boot.php(67): CodeIgniter\Boot::runCodeIgniter(Object(CodeIgniter\CodeIgniter))
 9 FCPATH/index.php(56): CodeIgniter\Boot::bootWeb(Object(Config\Paths))
WARNING - 2025-12-15 10:52:57 --> [DEPRECATED] Passing lowercase HTTP method "post" is deprecated. Use uppercase HTTP method like "POST". in SYSTEMPATH/Router/RouteCollection.php on line 1026.
 1 SYSTEMPATH/Router/RouteCollection.php(1026): trigger_error('Passing lowercase HTTP method "post" is deprecated. Use uppercase HTTP method like "POST".', 16384)
 2 APPPATH/Config/Routes.php(131): CodeIgniter\Router\RouteCollection->match([...], 'locations/generarPDF', 'LocationsPdfController::generarPDF')
 3 SYSTEMPATH/Router/RouteCollection.php(339): require('/home/u976386866/domains/servipro.site/public_html/app/app/Config/Routes.php')
 4 SYSTEMPATH/CodeIgniter.php(821): CodeIgniter\Router\RouteCollection->loadRoutes()
 5 SYSTEMPATH/CodeIgniter.php(455): CodeIgniter\CodeIgniter->tryToRouteIt(null)
 6 SYSTEMPATH/CodeIgniter.php(354): CodeIgniter\CodeIgniter->handleRequest(null, Object(Config\Cache), false)
 7 SYSTEMPATH/Boot.php(334): CodeIgniter\CodeIgniter->run()
 8 SYSTEMPATH/Boot.php(67): CodeIgniter\Boot::runCodeIgniter(Object(CodeIgniter\CodeIgniter))
 9 FCPATH/index.php(56): CodeIgniter\Boot::bootWeb(Object(Config\Paths))
WARNING - 2025-12-15 10:52:57 --> [DEPRECATED] Passing lowercase HTTP method "get" is deprecated. Use uppercase HTTP method like "GET". in SYSTEMPATH/Router/RouteCollection.php on line 1026.
 1 SYSTEMPATH/Router/RouteCollection.php(1026): trigger_error('Passing lowercase HTTP method "get" is deprecated. Use uppercase HTTP method like "GET".', 16384)
 2 APPPATH/Config/Routes.php(131): CodeIgniter\Router\RouteCollection->match([...], 'locations/generarPDF', 'LocationsPdfController::generarPDF')
 3 SYSTEMPATH/Router/RouteCollection.php(339): require('/home/u976386866/domains/servipro.site/public_html/app/app/Config/Routes.php')
 4 SYSTEMPATH/CodeIgniter.php(821): CodeIgniter\Router\RouteCollection->loadRoutes()
 5 SYSTEMPATH/CodeIgniter.php(455): CodeIgniter\CodeIgniter->tryToRouteIt(null)
 6 SYSTEMPATH/CodeIgniter.php(354): CodeIgniter\CodeIgniter->handleRequest(null, Object(Config\Cache), false)
 7 SYSTEMPATH/Boot.php(334): CodeIgniter\CodeIgniter->run()
 8 SYSTEMPATH/Boot.php(67): CodeIgniter\Boot::runCodeIgniter(Object(CodeIgniter\CodeIgniter))
 9 FCPATH/index.php(56): CodeIgniter\Boot::bootWeb(Object(Config\Paths))
WARNING - 2025-12-15 10:52:57 --> [DEPRECATED] Passing lowercase HTTP method "post" is deprecated. Use uppercase HTTP method like "POST". in SYSTEMPATH/Router/RouteCollection.php on line 1026.
 1 SYSTEMPATH/Router/RouteCollection.php(1026): trigger_error('Passing lowercase HTTP method "post" is deprecated. Use uppercase HTTP method like "POST".', 16384)
 2 APPPATH/Config/Routes.php(131): CodeIgniter\Router\RouteCollection->match([...], 'locations/generarPDF', 'LocationsPdfController::generarPDF')
 3 SYSTEMPATH/Router/RouteCollection.php(339): require('/home/u976386866/domains/servipro.site/public_html/app/app/Config/Routes.php')
 4 SYSTEMPATH/CodeIgniter.php(821): CodeIgniter\Router\RouteCollection->loadRoutes()
 5 SYSTEMPATH/CodeIgniter.php(455): CodeIgniter\CodeIgniter->tryToRouteIt(null)
 6 SYSTEMPATH/CodeIgniter.php(354): CodeIgniter\CodeIgniter->handleRequest(null, Object(Config\Cache), false)
 7 SYSTEMPATH/Boot.php(334): CodeIgniter\CodeIgniter->run()
 8 SYSTEMPATH/Boot.php(67): CodeIgniter\Boot::runCodeIgniter(Object(CodeIgniter\CodeIgniter))
 9 FCPATH/index.php(56): CodeIgniter\Boot::bootWeb(Object(Config\Paths))
WARNING - 2025-12-15 10:52:57 --> [DEPRECATED] Passing lowercase HTTP method "get" is deprecated. Use uppercase HTTP method like "GET". in SYSTEMPATH/Router/RouteCollection.php on line 1026.
 1 SYSTEMPATH/Router/RouteCollection.php(1026): trigger_error('Passing lowercase HTTP method "get" is deprecated. Use uppercase HTTP method like "GET".', 16384)
 2 APPPATH/Config/Routes.php(131): CodeIgniter\Router\RouteCollection->match([...], 'locations/generarPDF', 'LocationsPdfController::generarPDF')
 3 SYSTEMPATH/Router/RouteCollection.php(339): require('/home/u976386866/domains/servipro.site/public_html/app/app/Config/Routes.php')
 4 SYSTEMPATH/CodeIgniter.php(821): CodeIgniter\Router\RouteCollection->loadRoutes()
 5 SYSTEMPATH/CodeIgniter.php(455): CodeIgniter\CodeIgniter->tryToRouteIt(null)
 6 SYSTEMPATH/CodeIgniter.php(354): CodeIgniter\CodeIgniter->handleRequest(null, Object(Config\Cache), false)
 7 SYSTEMPATH/Boot.php(334): CodeIgniter\CodeIgniter->run()
 8 SYSTEMPATH/Boot.php(67): CodeIgniter\Boot::runCodeIgniter(Object(CodeIgniter\CodeIgniter))
 9 FCPATH/index.php(56): CodeIgniter\Boot::bootWeb(Object(Config\Paths))
WARNING - 2025-12-15 10:52:57 --> [DEPRECATED] Passing lowercase HTTP method "post" is deprecated. Use uppercase HTTP method like "POST". in SYSTEMPATH/Router/RouteCollection.php on line 1026.
 1 SYSTEMPATH/Router/RouteCollection.php(1026): trigger_error('Passing lowercase HTTP method "post" is deprecated. Use uppercase HTTP method like "POST".', 16384)
 2 APPPATH/Config/Routes.php(131): CodeIgniter\Router\RouteCollection->match([...], 'locations/generarPDF', 'LocationsPdfController::generarPDF')
 3 SYSTEMPATH/Router/RouteCollection.php(339): require('/home/u976386866/domains/servipro.site/public_html/app/app/Config/Routes.php')
 4 SYSTEMPATH/CodeIgniter.php(821): CodeIgniter\Router\RouteCollection->loadRoutes()
 5 SYSTEMPATH/CodeIgniter.php(455): CodeIgniter\CodeIgniter->tryToRouteIt(null)
 6 SYSTEMPATH/CodeIgniter.php(354): CodeIgniter\CodeIgniter->handleRequest(null, Object(Config\Cache), false)
 7 SYSTEMPATH/Boot.php(334): CodeIgniter\CodeIgniter->run()
 8 SYSTEMPATH/Boot.php(67): CodeIgniter\Boot::runCodeIgniter(Object(CodeIgniter\CodeIgniter))
 9 FCPATH/index.php(56): CodeIgniter\Boot::bootWeb(Object(Config\Paths))
WARNING - 2025-12-15 10:52:57 --> [DEPRECATED] Passing lowercase HTTP method "get" is deprecated. Use uppercase HTTP method like "GET". in SYSTEMPATH/Router/RouteCollection.php on line 1026.
 1 SYSTEMPATH/Router/RouteCollection.php(1026): trigger_error('Passing lowercase HTTP method "get" is deprecated. Use uppercase HTTP method like "GET".', 16384)
 2 APPPATH/Config/Routes.php(131): CodeIgniter\Router\RouteCollection->match([...], 'locations/generarPDF', 'LocationsPdfController::generarPDF')
 3 SYSTEMPATH/Router/RouteCollection.php(339): require('/home/u976386866/domains/servipro.site/public_html/app/app/Config/Routes.php')
 4 SYSTEMPATH/CodeIgniter.php(821): CodeIgniter\Router\RouteCollection->loadRoutes()
 5 SYSTEMPATH/CodeIgniter.php(455): CodeIgniter\CodeIgniter->tryToRouteIt(null)
 6 SYSTEMPATH/CodeIgniter.php(354): CodeIgniter\CodeIgniter->handleRequest(null, Object(Config\Cache), false)
 7 SYSTEMPATH/Boot.php(334): CodeIgniter\CodeIgniter->run()
 8 SYSTEMPATH/Boot.php(67): CodeIgniter\Boot::runCodeIgniter(Object(CodeIgniter\CodeIgniter))
 9 FCPATH/index.php(56): CodeIgniter\Boot::bootWeb(Object(Config\Paths))
WARNING - 2025-12-15 10:52:57 --> [DEPRECATED] Passing lowercase HTTP method "post" is deprecated. Use uppercase HTTP method like "POST". in SYSTEMPATH/Router/RouteCollection.php on line 1026.
 1 SYSTEMPATH/Router/RouteCollection.php(1026): trigger_error('Passing lowercase HTTP method "post" is deprecated. Use uppercase HTTP method like "POST".', 16384)
 2 APPPATH/Config/Routes.php(131): CodeIgniter\Router\RouteCollection->match([...], 'locations/generarPDF', 'LocationsPdfController::generarPDF')
 3 SYSTEMPATH/Router/RouteCollection.php(339): require('/home/u976386866/domains/servipro.site/public_html/app/app/Config/Routes.php')
 4 SYSTEMPATH/CodeIgniter.php(821): CodeIgniter\Router\RouteCollection->loadRoutes()
 5 SYSTEMPATH/CodeIgniter.php(455): CodeIgniter\CodeIgniter->tryToRouteIt(null)
 6 SYSTEMPATH/CodeIgniter.php(354): CodeIgniter\CodeIgniter->handleRequest(null, Object(Config\Cache), false)
 7 SYSTEMPATH/Boot.php(334): CodeIgniter\CodeIgniter->run()
 8 SYSTEMPATH/Boot.php(67): CodeIgniter\Boot::runCodeIgniter(Object(CodeIgniter\CodeIgniter))
 9 FCPATH/index.php(56): CodeIgniter\Boot::bootWeb(Object(Config\Paths))
WARNING - 2025-12-15 10:53:32 --> [DEPRECATED] Passing lowercase HTTP method "get" is deprecated. Use uppercase HTTP method like "GET". in SYSTEMPATH/Router/RouteCollection.php on line 1026.
 1 SYSTEMPATH/Router/RouteCollection.php(1026): trigger_error('Passing lowercase HTTP method "get" is deprecated. Use uppercase HTTP method like "GET".', 16384)
 2 APPPATH/Config/Routes.php(131): CodeIgniter\Router\RouteCollection->match([...], 'locations/generarPDF', 'LocationsPdfController::generarPDF')
 3 SYSTEMPATH/Router/RouteCollection.php(339): require('/home/u976386866/domains/servipro.site/public_html/app/app/Config/Routes.php')
 4 SYSTEMPATH/CodeIgniter.php(821): CodeIgniter\Router\RouteCollection->loadRoutes()
 5 SYSTEMPATH/CodeIgniter.php(455): CodeIgniter\CodeIgniter->tryToRouteIt(null)
 6 SYSTEMPATH/CodeIgniter.php(354): CodeIgniter\CodeIgniter->handleRequest(null, Object(Config\Cache), false)
 7 SYSTEMPATH/Boot.php(334): CodeIgniter\CodeIgniter->run()
 8 SYSTEMPATH/Boot.php(67): CodeIgniter\Boot::runCodeIgniter(Object(CodeIgniter\CodeIgniter))
 9 FCPATH/index.php(56): CodeIgniter\Boot::bootWeb(Object(Config\Paths))
WARNING - 2025-12-15 10:53:32 --> [DEPRECATED] Passing lowercase HTTP method "post" is deprecated. Use uppercase HTTP method like "POST". in SYSTEMPATH/Router/RouteCollection.php on line 1026.
 1 SYSTEMPATH/Router/RouteCollection.php(1026): trigger_error('Passing lowercase HTTP method "post" is deprecated. Use uppercase HTTP method like "POST".', 16384)
 2 APPPATH/Config/Routes.php(131): CodeIgniter\Router\RouteCollection->match([...], 'locations/generarPDF', 'LocationsPdfController::generarPDF')
 3 SYSTEMPATH/Router/RouteCollection.php(339): require('/home/u976386866/domains/servipro.site/public_html/app/app/Config/Routes.php')
 4 SYSTEMPATH/CodeIgniter.php(821): CodeIgniter\Router\RouteCollection->loadRoutes()
 5 SYSTEMPATH/CodeIgniter.php(455): CodeIgniter\CodeIgniter->tryToRouteIt(null)
 6 SYSTEMPATH/CodeIgniter.php(354): CodeIgniter\CodeIgniter->handleRequest(null, Object(Config\Cache), false)
 7 SYSTEMPATH/Boot.php(334): CodeIgniter\CodeIgniter->run()
 8 SYSTEMPATH/Boot.php(67): CodeIgniter\Boot::runCodeIgniter(Object(CodeIgniter\CodeIgniter))
 9 FCPATH/index.php(56): CodeIgniter\Boot::bootWeb(Object(Config\Paths))
DEBUG - 2025-12-15 10:53:32 --> Session: Class initialized using 'CodeIgniter\Session\Handlers\FileHandler' driver.
WARNING - 2025-12-15 10:53:37 --> [DEPRECATED] Passing lowercase HTTP method "get" is deprecated. Use uppercase HTTP method like "GET". in SYSTEMPATH/Router/RouteCollection.php on line 1026.
 1 SYSTEMPATH/Router/RouteCollection.php(1026): trigger_error('Passing lowercase HTTP method "get" is deprecated. Use uppercase HTTP method like "GET".', 16384)
 2 APPPATH/Config/Routes.php(131): CodeIgniter\Router\RouteCollection->match([...], 'locations/generarPDF', 'LocationsPdfController::generarPDF')
 3 SYSTEMPATH/Router/RouteCollection.php(339): require('/home/u976386866/domains/servipro.site/public_html/app/app/Config/Routes.php')
 4 SYSTEMPATH/CodeIgniter.php(821): CodeIgniter\Router\RouteCollection->loadRoutes()
 5 SYSTEMPATH/CodeIgniter.php(455): CodeIgniter\CodeIgniter->tryToRouteIt(null)
 6 SYSTEMPATH/CodeIgniter.php(354): CodeIgniter\CodeIgniter->handleRequest(null, Object(Config\Cache), false)
 7 SYSTEMPATH/Boot.php(334): CodeIgniter\CodeIgniter->run()
 8 SYSTEMPATH/Boot.php(67): CodeIgniter\Boot::runCodeIgniter(Object(CodeIgniter\CodeIgniter))
 9 FCPATH/index.php(56): CodeIgniter\Boot::bootWeb(Object(Config\Paths))
WARNING - 2025-12-15 10:53:37 --> [DEPRECATED] Passing lowercase HTTP method "post" is deprecated. Use uppercase HTTP method like "POST". in SYSTEMPATH/Router/RouteCollection.php on line 1026.
 1 SYSTEMPATH/Router/RouteCollection.php(1026): trigger_error('Passing lowercase HTTP method "post" is deprecated. Use uppercase HTTP method like "POST".', 16384)
 2 APPPATH/Config/Routes.php(131): CodeIgniter\Router\RouteCollection->match([...], 'locations/generarPDF', 'LocationsPdfController::generarPDF')
 3 SYSTEMPATH/Router/RouteCollection.php(339): require('/home/u976386866/domains/servipro.site/public_html/app/app/Config/Routes.php')
 4 SYSTEMPATH/CodeIgniter.php(821): CodeIgniter\Router\RouteCollection->loadRoutes()
 5 SYSTEMPATH/CodeIgniter.php(455): CodeIgniter\CodeIgniter->tryToRouteIt(null)
 6 SYSTEMPATH/CodeIgniter.php(354): CodeIgniter\CodeIgniter->handleRequest(null, Object(Config\Cache), false)
 7 SYSTEMPATH/Boot.php(334): CodeIgniter\CodeIgniter->run()
 8 SYSTEMPATH/Boot.php(67): CodeIgniter\Boot::runCodeIgniter(Object(CodeIgniter\CodeIgniter))
 9 FCPATH/index.php(56): CodeIgniter\Boot::bootWeb(Object(Config\Paths))
DEBUG - 2025-12-15 10:53:37 --> Session: Class initialized using 'CodeIgniter\Session\Handlers\FileHandler' driver.
DEBUG - 2025-12-15 10:53:37 --> Iniciando carga de sedes
DEBUG - 2025-12-15 10:53:37 --> Sedes cargadas: [{"id":"17","nombre":"Bimbo Santa Maria","direccion":"Avenida ServiPro","ciudad":"CDMX","pais":"Mexico","fecha_creacion":"2025-04-03 13:01:50","estatus":"1"},{"id":"18","nombre":"Bimbo Azcapotzalco","direccion":"Av San Pablo Xalpa 520, San Martin Xochinahuac, Azcapotzalco, 02120 Ciudad de M\u00e9xico, CDMX","ciudad":"CDMC","pais":"M\u00e9xico","fecha_creacion":"2025-04-07 12:06:45","estatus":"1"},{"id":"21","nombre":"Bimbo Villahermosa","direccion":"Av. Cobre 105, Cd Industrial, 86010 Villahermosa, Tabasco","ciudad":"Villahermosa, Tabasco","pais":"M\u00e9xico","fecha_creacion":"2025-05-12 12:11:50","estatus":"1"},{"id":"22","nombre":"Totis Planta uno Botana","direccion":"Av. San Pablo Xalpa 520, San Mart\u00edn Xochinahuac, Azcapotzalco, 02120 Ciudad de M\u00e9xico, CDMX","ciudad":"CDMX","pais":"Mexico","fecha_creacion":"2025-05-28 09:41:53","estatus":"1"},{"id":"23","nombre":"BIMBO YUCAT\u00c1N","direccion":"CALLE 21, #426, INT 0, COL. CIUDAD INDUSTRIAL","ciudad":"M\u00c9RIDA","pais":"M\u00c9XICO","fecha_creacion":"2025-07-14 17:00:19","estatus":"1"},{"id":"24","nombre":"Bimbo Toluca","direccion":"Corredor Industrial, Mz 2, Lote E, Ex Rancho El Coecillo","ciudad":"Toluca","pais":"M\u00e9xico","fecha_creacion":"2025-07-28 13:39:14","estatus":"1"},{"id":"26","nombre":"Totis planta dos","direccion":"Eje oriente poniente no. 38, col. Ciudad industrial, CP 43800, Tizayuca, Hidalgo","ciudad":"Tizayuca","pais":"M\u00e9xico","fecha_creacion":"2025-10-27 16:30:54","estatus":"1"},{"id":"27","nombre":"Bimbo M\u00e9xico Santa Mar\u00eda ","direccion":"Mimosas 117, 118 Col. Santa Mar\u00eda Insurgentes Cuauht\u00e9moc CDMX ","ciudad":"CDMX","pais":"M\u00e9xico","fecha_creacion":"2025-11-02 10:48:40","estatus":"1"},{"id":"28","nombre":"HAZPAN-LONCHIBON","direccion":"EMILIANO ZAPATA 25, PQUE. IND. LERMA","ciudad":"TOLUCA","pais":"M\u00e9xico","fecha_creacion":"2025-11-27 11:43:59","estatus":"1"},{"id":"29","nombre":"Suandy Marinela Toluca","direccion":"Emiliano Zapata 25, Pque. Ind. Lerma","ciudad":"TOLUCA","pais":"M\u00e9xico","fecha_creacion":"2025-11-27 11:55:24","estatus":"1"},{"id":"30","nombre":"T\u00eda Rosa, Toluca ","direccion":"Benito Juarez Mz. 027","ciudad":"Sta. Ma. Totoltepec, Toluca","pais":"M\u00e9xico","fecha_creacion":"2025-11-27 11:56:59","estatus":"1"},{"id":"31","nombre":"Bimbo Norte","direccion":"Av. F\u00e9lix U. G\u00f3mez 4203, Coyoac\u00e1n, C.P. 64510","ciudad":"Monterrey N.L.","pais":"M\u00e9xico","fecha_creacion":"2025-11-28 15:45:37","estatus":"1"},{"id":"32","nombre":"PLANTA DE PRUEBA","direccion":"PRUEBAS","ciudad":"DCDS","pais":"MEXICO","fecha_creacion":"2025-12-07 18:59:44","estatus":"1"},{"id":"33","nombre":"BSL","direccion":"Eje 128 #135 manzana 3, zona industrial segunda secci\u00f3n ","ciudad":"San Luis Potos\u00ed","pais":"M\u00e9xico","fecha_creacion":"2025-12-08 21:23:56","estatus":"1"},{"id":"34","nombre":"Sanissimo Monterrey","direccion":"Manuel de la Pe\u00f1a y Pe\u00f1a #1020-5, Bella Vista","ciudad":"Monterrey N.L.","pais":"M\u00e9xico","fecha_creacion":"2025-12-08 21:28:12","estatus":"1"}]
WARNING - 2025-12-15 10:53:38 --> [DEPRECATED] Passing lowercase HTTP method "get" is deprecated. Use uppercase HTTP method like "GET". in SYSTEMPATH/Router/RouteCollection.php on line 1026.
 1 SYSTEMPATH/Router/RouteCollection.php(1026): trigger_error('Passing lowercase HTTP method "get" is deprecated. Use uppercase HTTP method like "GET".', 16384)
 2 APPPATH/Config/Routes.php(131): CodeIgniter\Router\RouteCollection->match([...], 'locations/generarPDF', 'LocationsPdfController::generarPDF')
 3 SYSTEMPATH/Router/RouteCollection.php(339): require('/home/u976386866/domains/servipro.site/public_html/app/app/Config/Routes.php')
 4 SYSTEMPATH/CodeIgniter.php(821): CodeIgniter\Router\RouteCollection->loadRoutes()
 5 SYSTEMPATH/CodeIgniter.php(455): CodeIgniter\CodeIgniter->tryToRouteIt(null)
 6 SYSTEMPATH/CodeIgniter.php(354): CodeIgniter\CodeIgniter->handleRequest(null, Object(Config\Cache), false)
 7 SYSTEMPATH/Boot.php(334): CodeIgniter\CodeIgniter->run()
 8 SYSTEMPATH/Boot.php(67): CodeIgniter\Boot::runCodeIgniter(Object(CodeIgniter\CodeIgniter))
 9 FCPATH/index.php(56): CodeIgniter\Boot::bootWeb(Object(Config\Paths))
WARNING - 2025-12-15 10:53:38 --> [DEPRECATED] Passing lowercase HTTP method "post" is deprecated. Use uppercase HTTP method like "POST". in SYSTEMPATH/Router/RouteCollection.php on line 1026.
 1 SYSTEMPATH/Router/RouteCollection.php(1026): trigger_error('Passing lowercase HTTP method "post" is deprecated. Use uppercase HTTP method like "POST".', 16384)
 2 APPPATH/Config/Routes.php(131): CodeIgniter\Router\RouteCollection->match([...], 'locations/generarPDF', 'LocationsPdfController::generarPDF')
 3 SYSTEMPATH/Router/RouteCollection.php(339): require('/home/u976386866/domains/servipro.site/public_html/app/app/Config/Routes.php')
 4 SYSTEMPATH/CodeIgniter.php(821): CodeIgniter\Router\RouteCollection->loadRoutes()
 5 SYSTEMPATH/CodeIgniter.php(455): CodeIgniter\CodeIgniter->tryToRouteIt(null)
 6 SYSTEMPATH/CodeIgniter.php(354): CodeIgniter\CodeIgniter->handleRequest(null, Object(Config\Cache), false)
 7 SYSTEMPATH/Boot.php(334): CodeIgniter\CodeIgniter->run()
 8 SYSTEMPATH/Boot.php(67): CodeIgniter\Boot::runCodeIgniter(Object(CodeIgniter\CodeIgniter))
 9 FCPATH/index.php(56): CodeIgniter\Boot::bootWeb(Object(Config\Paths))
DEBUG - 2025-12-15 10:53:38 --> Session: Class initialized using 'CodeIgniter\Session\Handlers\FileHandler' driver.
WARNING - 2025-12-15 10:53:51 --> [DEPRECATED] Passing lowercase HTTP method "get" is deprecated. Use uppercase HTTP method like "GET". in SYSTEMPATH/Router/RouteCollection.php on line 1026.
 1 SYSTEMPATH/Router/RouteCollection.php(1026): trigger_error('Passing lowercase HTTP method "get" is deprecated. Use uppercase HTTP method like "GET".', 16384)
 2 APPPATH/Config/Routes.php(131): CodeIgniter\Router\RouteCollection->match([...], 'locations/generarPDF', 'LocationsPdfController::generarPDF')
 3 SYSTEMPATH/Router/RouteCollection.php(339): require('/home/u976386866/domains/servipro.site/public_html/app/app/Config/Routes.php')
 4 SYSTEMPATH/CodeIgniter.php(821): CodeIgniter\Router\RouteCollection->loadRoutes()
 5 SYSTEMPATH/CodeIgniter.php(455): CodeIgniter\CodeIgniter->tryToRouteIt(null)
 6 SYSTEMPATH/CodeIgniter.php(354): CodeIgniter\CodeIgniter->handleRequest(null, Object(Config\Cache), false)
 7 SYSTEMPATH/Boot.php(334): CodeIgniter\CodeIgniter->run()
 8 SYSTEMPATH/Boot.php(67): CodeIgniter\Boot::runCodeIgniter(Object(CodeIgniter\CodeIgniter))
 9 FCPATH/index.php(56): CodeIgniter\Boot::bootWeb(Object(Config\Paths))
WARNING - 2025-12-15 10:53:51 --> [DEPRECATED] Passing lowercase HTTP method "post" is deprecated. Use uppercase HTTP method like "POST". in SYSTEMPATH/Router/RouteCollection.php on line 1026.
 1 SYSTEMPATH/Router/RouteCollection.php(1026): trigger_error('Passing lowercase HTTP method "post" is deprecated. Use uppercase HTTP method like "POST".', 16384)
 2 APPPATH/Config/Routes.php(131): CodeIgniter\Router\RouteCollection->match([...], 'locations/generarPDF', 'LocationsPdfController::generarPDF')
 3 SYSTEMPATH/Router/RouteCollection.php(339): require('/home/u976386866/domains/servipro.site/public_html/app/app/Config/Routes.php')
 4 SYSTEMPATH/CodeIgniter.php(821): CodeIgniter\Router\RouteCollection->loadRoutes()
 5 SYSTEMPATH/CodeIgniter.php(455): CodeIgniter\CodeIgniter->tryToRouteIt(null)
 6 SYSTEMPATH/CodeIgniter.php(354): CodeIgniter\CodeIgniter->handleRequest(null, Object(Config\Cache), false)
 7 SYSTEMPATH/Boot.php(334): CodeIgniter\CodeIgniter->run()
 8 SYSTEMPATH/Boot.php(67): CodeIgniter\Boot::runCodeIgniter(Object(CodeIgniter\CodeIgniter))
 9 FCPATH/index.php(56): CodeIgniter\Boot::bootWeb(Object(Config\Paths))
DEBUG - 2025-12-15 10:53:51 --> Session: Class initialized using 'CodeIgniter\Session\Handlers\FileHandler' driver.
WARNING - 2025-12-15 10:53:55 --> [DEPRECATED] Passing lowercase HTTP method "get" is deprecated. Use uppercase HTTP method like "GET". in SYSTEMPATH/Router/RouteCollection.php on line 1026.
 1 SYSTEMPATH/Router/RouteCollection.php(1026): trigger_error('Passing lowercase HTTP method "get" is deprecated. Use uppercase HTTP method like "GET".', 16384)
 2 APPPATH/Config/Routes.php(131): CodeIgniter\Router\RouteCollection->match([...], 'locations/generarPDF', 'LocationsPdfController::generarPDF')
 3 SYSTEMPATH/Router/RouteCollection.php(339): require('/home/u976386866/domains/servipro.site/public_html/app/app/Config/Routes.php')
 4 SYSTEMPATH/CodeIgniter.php(821): CodeIgniter\Router\RouteCollection->loadRoutes()
 5 SYSTEMPATH/CodeIgniter.php(455): CodeIgniter\CodeIgniter->tryToRouteIt(null)
 6 SYSTEMPATH/CodeIgniter.php(354): CodeIgniter\CodeIgniter->handleRequest(null, Object(Config\Cache), false)
 7 SYSTEMPATH/Boot.php(334): CodeIgniter\CodeIgniter->run()
 8 SYSTEMPATH/Boot.php(67): CodeIgniter\Boot::runCodeIgniter(Object(CodeIgniter\CodeIgniter))
 9 FCPATH/index.php(56): CodeIgniter\Boot::bootWeb(Object(Config\Paths))
WARNING - 2025-12-15 10:53:55 --> [DEPRECATED] Passing lowercase HTTP method "post" is deprecated. Use uppercase HTTP method like "POST". in SYSTEMPATH/Router/RouteCollection.php on line 1026.
 1 SYSTEMPATH/Router/RouteCollection.php(1026): trigger_error('Passing lowercase HTTP method "post" is deprecated. Use uppercase HTTP method like "POST".', 16384)
 2 APPPATH/Config/Routes.php(131): CodeIgniter\Router\RouteCollection->match([...], 'locations/generarPDF', 'LocationsPdfController::generarPDF')
 3 SYSTEMPATH/Router/RouteCollection.php(339): require('/home/u976386866/domains/servipro.site/public_html/app/app/Config/Routes.php')
 4 SYSTEMPATH/CodeIgniter.php(821): CodeIgniter\Router\RouteCollection->loadRoutes()
 5 SYSTEMPATH/CodeIgniter.php(455): CodeIgniter\CodeIgniter->tryToRouteIt(null)
 6 SYSTEMPATH/CodeIgniter.php(354): CodeIgniter\CodeIgniter->handleRequest(null, Object(Config\Cache), false)
 7 SYSTEMPATH/Boot.php(334): CodeIgniter\CodeIgniter->run()
 8 SYSTEMPATH/Boot.php(67): CodeIgniter\Boot::runCodeIgniter(Object(CodeIgniter\CodeIgniter))
 9 FCPATH/index.php(56): CodeIgniter\Boot::bootWeb(Object(Config\Paths))
DEBUG - 2025-12-15 10:53:55 --> Session: Class initialized using 'CodeIgniter\Session\Handlers\FileHandler' driver.
DEBUG - 2025-12-15 10:53:55 --> Iniciando carga de sedes
DEBUG - 2025-12-15 10:53:55 --> Sedes cargadas: [{"id":"17","nombre":"Bimbo Santa Maria","direccion":"Avenida ServiPro","ciudad":"CDMX","pais":"Mexico","fecha_creacion":"2025-04-03 13:01:50","estatus":"1"},{"id":"18","nombre":"Bimbo Azcapotzalco","direccion":"Av San Pablo Xalpa 520, San Martin Xochinahuac, Azcapotzalco, 02120 Ciudad de M\u00e9xico, CDMX","ciudad":"CDMC","pais":"M\u00e9xico","fecha_creacion":"2025-04-07 12:06:45","estatus":"1"},{"id":"21","nombre":"Bimbo Villahermosa","direccion":"Av. Cobre 105, Cd Industrial, 86010 Villahermosa, Tabasco","ciudad":"Villahermosa, Tabasco","pais":"M\u00e9xico","fecha_creacion":"2025-05-12 12:11:50","estatus":"1"},{"id":"22","nombre":"Totis Planta uno Botana","direccion":"Av. San Pablo Xalpa 520, San Mart\u00edn Xochinahuac, Azcapotzalco, 02120 Ciudad de M\u00e9xico, CDMX","ciudad":"CDMX","pais":"Mexico","fecha_creacion":"2025-05-28 09:41:53","estatus":"1"},{"id":"23","nombre":"BIMBO YUCAT\u00c1N","direccion":"CALLE 21, #426, INT 0, COL. CIUDAD INDUSTRIAL","ciudad":"M\u00c9RIDA","pais":"M\u00c9XICO","fecha_creacion":"2025-07-14 17:00:19","estatus":"1"},{"id":"24","nombre":"Bimbo Toluca","direccion":"Corredor Industrial, Mz 2, Lote E, Ex Rancho El Coecillo","ciudad":"Toluca","pais":"M\u00e9xico","fecha_creacion":"2025-07-28 13:39:14","estatus":"1"},{"id":"26","nombre":"Totis planta dos","direccion":"Eje oriente poniente no. 38, col. Ciudad industrial, CP 43800, Tizayuca, Hidalgo","ciudad":"Tizayuca","pais":"M\u00e9xico","fecha_creacion":"2025-10-27 16:30:54","estatus":"1"},{"id":"27","nombre":"Bimbo M\u00e9xico Santa Mar\u00eda ","direccion":"Mimosas 117, 118 Col. Santa Mar\u00eda Insurgentes Cuauht\u00e9moc CDMX ","ciudad":"CDMX","pais":"M\u00e9xico","fecha_creacion":"2025-11-02 10:48:40","estatus":"1"},{"id":"28","nombre":"HAZPAN-LONCHIBON","direccion":"EMILIANO ZAPATA 25, PQUE. IND. LERMA","ciudad":"TOLUCA","pais":"M\u00e9xico","fecha_creacion":"2025-11-27 11:43:59","estatus":"1"},{"id":"29","nombre":"Suandy Marinela Toluca","direccion":"Emiliano Zapata 25, Pque. Ind. Lerma","ciudad":"TOLUCA","pais":"M\u00e9xico","fecha_creacion":"2025-11-27 11:55:24","estatus":"1"},{"id":"30","nombre":"T\u00eda Rosa, Toluca ","direccion":"Benito Juarez Mz. 027","ciudad":"Sta. Ma. Totoltepec, Toluca","pais":"M\u00e9xico","fecha_creacion":"2025-11-27 11:56:59","estatus":"1"},{"id":"31","nombre":"Bimbo Norte","direccion":"Av. F\u00e9lix U. G\u00f3mez 4203, Coyoac\u00e1n, C.P. 64510","ciudad":"Monterrey N.L.","pais":"M\u00e9xico","fecha_creacion":"2025-11-28 15:45:37","estatus":"1"},{"id":"32","nombre":"PLANTA DE PRUEBA","direccion":"PRUEBAS","ciudad":"DCDS","pais":"MEXICO","fecha_creacion":"2025-12-07 18:59:44","estatus":"1"},{"id":"33","nombre":"BSL","direccion":"Eje 128 #135 manzana 3, zona industrial segunda secci\u00f3n ","ciudad":"San Luis Potos\u00ed","pais":"M\u00e9xico","fecha_creacion":"2025-12-08 21:23:56","estatus":"1"},{"id":"34","nombre":"Sanissimo Monterrey","direccion":"Manuel de la Pe\u00f1a y Pe\u00f1a #1020-5, Bella Vista","ciudad":"Monterrey N.L.","pais":"M\u00e9xico","fecha_creacion":"2025-12-08 21:28:12","estatus":"1"}]
WARNING - 2025-12-15 10:53:56 --> [DEPRECATED] Passing lowercase HTTP method "get" is deprecated. Use uppercase HTTP method like "GET". in SYSTEMPATH/Router/RouteCollection.php on line 1026.
 1 SYSTEMPATH/Router/RouteCollection.php(1026): trigger_error('Passing lowercase HTTP method "get" is deprecated. Use uppercase HTTP method like "GET".', 16384)
 2 APPPATH/Config/Routes.php(131): CodeIgniter\Router\RouteCollection->match([...], 'locations/generarPDF', 'LocationsPdfController::generarPDF')
 3 SYSTEMPATH/Router/RouteCollection.php(339): require('/home/u976386866/domains/servipro.site/public_html/app/app/Config/Routes.php')
 4 SYSTEMPATH/CodeIgniter.php(821): CodeIgniter\Router\RouteCollection->loadRoutes()
 5 SYSTEMPATH/CodeIgniter.php(455): CodeIgniter\CodeIgniter->tryToRouteIt(null)
 6 SYSTEMPATH/CodeIgniter.php(354): CodeIgniter\CodeIgniter->handleRequest(null, Object(Config\Cache), false)
 7 SYSTEMPATH/Boot.php(334): CodeIgniter\CodeIgniter->run()
 8 SYSTEMPATH/Boot.php(67): CodeIgniter\Boot::runCodeIgniter(Object(CodeIgniter\CodeIgniter))
 9 FCPATH/index.php(56): CodeIgniter\Boot::bootWeb(Object(Config\Paths))
WARNING - 2025-12-15 10:53:56 --> [DEPRECATED] Passing lowercase HTTP method "post" is deprecated. Use uppercase HTTP method like "POST". in SYSTEMPATH/Router/RouteCollection.php on line 1026.
 1 SYSTEMPATH/Router/RouteCollection.php(1026): trigger_error('Passing lowercase HTTP method "post" is deprecated. Use uppercase HTTP method like "POST".', 16384)
 2 APPPATH/Config/Routes.php(131): CodeIgniter\Router\RouteCollection->match([...], 'locations/generarPDF', 'LocationsPdfController::generarPDF')
 3 SYSTEMPATH/Router/RouteCollection.php(339): require('/home/u976386866/domains/servipro.site/public_html/app/app/Config/Routes.php')
 4 SYSTEMPATH/CodeIgniter.php(821): CodeIgniter\Router\RouteCollection->loadRoutes()
 5 SYSTEMPATH/CodeIgniter.php(455): CodeIgniter\CodeIgniter->tryToRouteIt(null)
 6 SYSTEMPATH/CodeIgniter.php(354): CodeIgniter\CodeIgniter->handleRequest(null, Object(Config\Cache), false)
 7 SYSTEMPATH/Boot.php(334): CodeIgniter\CodeIgniter->run()
 8 SYSTEMPATH/Boot.php(67): CodeIgniter\Boot::runCodeIgniter(Object(CodeIgniter\CodeIgniter))
 9 FCPATH/index.php(56): CodeIgniter\Boot::bootWeb(Object(Config\Paths))
DEBUG - 2025-12-15 10:53:56 --> Session: Class initialized using 'CodeIgniter\Session\Handlers\FileHandler' driver.
WARNING - 2025-12-15 10:54:01 --> [DEPRECATED] Passing lowercase HTTP method "get" is deprecated. Use uppercase HTTP method like "GET". in SYSTEMPATH/Router/RouteCollection.php on line 1026.
 1 SYSTEMPATH/Router/RouteCollection.php(1026): trigger_error('Passing lowercase HTTP method "get" is deprecated. Use uppercase HTTP method like "GET".', 16384)
 2 APPPATH/Config/Routes.php(131): CodeIgniter\Router\RouteCollection->match([...], 'locations/generarPDF', 'LocationsPdfController::generarPDF')
 3 SYSTEMPATH/Router/RouteCollection.php(339): require('/home/u976386866/domains/servipro.site/public_html/app/app/Config/Routes.php')
 4 SYSTEMPATH/CodeIgniter.php(821): CodeIgniter\Router\RouteCollection->loadRoutes()
 5 SYSTEMPATH/CodeIgniter.php(455): CodeIgniter\CodeIgniter->tryToRouteIt(null)
 6 SYSTEMPATH/CodeIgniter.php(354): CodeIgniter\CodeIgniter->handleRequest(null, Object(Config\Cache), false)
 7 SYSTEMPATH/Boot.php(334): CodeIgniter\CodeIgniter->run()
 8 SYSTEMPATH/Boot.php(67): CodeIgniter\Boot::runCodeIgniter(Object(CodeIgniter\CodeIgniter))
 9 FCPATH/index.php(56): CodeIgniter\Boot::bootWeb(Object(Config\Paths))
WARNING - 2025-12-15 10:54:01 --> [DEPRECATED] Passing lowercase HTTP method "post" is deprecated. Use uppercase HTTP method like "POST". in SYSTEMPATH/Router/RouteCollection.php on line 1026.
 1 SYSTEMPATH/Router/RouteCollection.php(1026): trigger_error('Passing lowercase HTTP method "post" is deprecated. Use uppercase HTTP method like "POST".', 16384)
 2 APPPATH/Config/Routes.php(131): CodeIgniter\Router\RouteCollection->match([...], 'locations/generarPDF', 'LocationsPdfController::generarPDF')
 3 SYSTEMPATH/Router/RouteCollection.php(339): require('/home/u976386866/domains/servipro.site/public_html/app/app/Config/Routes.php')
 4 SYSTEMPATH/CodeIgniter.php(821): CodeIgniter\Router\RouteCollection->loadRoutes()
 5 SYSTEMPATH/CodeIgniter.php(455): CodeIgniter\CodeIgniter->tryToRouteIt(null)
 6 SYSTEMPATH/CodeIgniter.php(354): CodeIgniter\CodeIgniter->handleRequest(null, Object(Config\Cache), false)
 7 SYSTEMPATH/Boot.php(334): CodeIgniter\CodeIgniter->run()
 8 SYSTEMPATH/Boot.php(67): CodeIgniter\Boot::runCodeIgniter(Object(CodeIgniter\CodeIgniter))
 9 FCPATH/index.php(56): CodeIgniter\Boot::bootWeb(Object(Config\Paths))
DEBUG - 2025-12-15 10:54:01 --> Session: Class initialized using 'CodeIgniter\Session\Handlers\FileHandler' driver.
WARNING - 2025-12-15 10:54:06 --> [DEPRECATED] Passing lowercase HTTP method "get" is deprecated. Use uppercase HTTP method like "GET". in SYSTEMPATH/Router/RouteCollection.php on line 1026.
 1 SYSTEMPATH/Router/RouteCollection.php(1026): trigger_error('Passing lowercase HTTP method "get" is deprecated. Use uppercase HTTP method like "GET".', 16384)
 2 APPPATH/Config/Routes.php(131): CodeIgniter\Router\RouteCollection->match([...], 'locations/generarPDF', 'LocationsPdfController::generarPDF')
 3 SYSTEMPATH/Router/RouteCollection.php(339): require('/home/u976386866/domains/servipro.site/public_html/app/app/Config/Routes.php')
 4 SYSTEMPATH/CodeIgniter.php(821): CodeIgniter\Router\RouteCollection->loadRoutes()
 5 SYSTEMPATH/CodeIgniter.php(455): CodeIgniter\CodeIgniter->tryToRouteIt(null)
 6 SYSTEMPATH/CodeIgniter.php(354): CodeIgniter\CodeIgniter->handleRequest(null, Object(Config\Cache), false)
 7 SYSTEMPATH/Boot.php(334): CodeIgniter\CodeIgniter->run()
 8 SYSTEMPATH/Boot.php(67): CodeIgniter\Boot::runCodeIgniter(Object(CodeIgniter\CodeIgniter))
 9 FCPATH/index.php(56): CodeIgniter\Boot::bootWeb(Object(Config\Paths))
WARNING - 2025-12-15 10:54:06 --> [DEPRECATED] Passing lowercase HTTP method "post" is deprecated. Use uppercase HTTP method like "POST". in SYSTEMPATH/Router/RouteCollection.php on line 1026.
 1 SYSTEMPATH/Router/RouteCollection.php(1026): trigger_error('Passing lowercase HTTP method "post" is deprecated. Use uppercase HTTP method like "POST".', 16384)
 2 APPPATH/Config/Routes.php(131): CodeIgniter\Router\RouteCollection->match([...], 'locations/generarPDF', 'LocationsPdfController::generarPDF')
 3 SYSTEMPATH/Router/RouteCollection.php(339): require('/home/u976386866/domains/servipro.site/public_html/app/app/Config/Routes.php')
 4 SYSTEMPATH/CodeIgniter.php(821): CodeIgniter\Router\RouteCollection->loadRoutes()
 5 SYSTEMPATH/CodeIgniter.php(455): CodeIgniter\CodeIgniter->tryToRouteIt(null)
 6 SYSTEMPATH/CodeIgniter.php(354): CodeIgniter\CodeIgniter->handleRequest(null, Object(Config\Cache), false)
 7 SYSTEMPATH/Boot.php(334): CodeIgniter\CodeIgniter->run()
 8 SYSTEMPATH/Boot.php(67): CodeIgniter\Boot::runCodeIgniter(Object(CodeIgniter\CodeIgniter))
 9 FCPATH/index.php(56): CodeIgniter\Boot::bootWeb(Object(Config\Paths))
DEBUG - 2025-12-15 10:54:06 --> Session: Class initialized using 'CodeIgniter\Session\Handlers\FileHandler' driver.
DEBUG - 2025-12-15 10:54:06 --> Iniciando carga de sedes
DEBUG - 2025-12-15 10:54:06 --> Sedes cargadas: [{"id":"17","nombre":"Bimbo Santa Maria","direccion":"Avenida ServiPro","ciudad":"CDMX","pais":"Mexico","fecha_creacion":"2025-04-03 13:01:50","estatus":"1"},{"id":"18","nombre":"Bimbo Azcapotzalco","direccion":"Av San Pablo Xalpa 520, San Martin Xochinahuac, Azcapotzalco, 02120 Ciudad de M\u00e9xico, CDMX","ciudad":"CDMC","pais":"M\u00e9xico","fecha_creacion":"2025-04-07 12:06:45","estatus":"1"},{"id":"21","nombre":"Bimbo Villahermosa","direccion":"Av. Cobre 105, Cd Industrial, 86010 Villahermosa, Tabasco","ciudad":"Villahermosa, Tabasco","pais":"M\u00e9xico","fecha_creacion":"2025-05-12 12:11:50","estatus":"1"},{"id":"22","nombre":"Totis Planta uno Botana","direccion":"Av. San Pablo Xalpa 520, San Mart\u00edn Xochinahuac, Azcapotzalco, 02120 Ciudad de M\u00e9xico, CDMX","ciudad":"CDMX","pais":"Mexico","fecha_creacion":"2025-05-28 09:41:53","estatus":"1"},{"id":"23","nombre":"BIMBO YUCAT\u00c1N","direccion":"CALLE 21, #426, INT 0, COL. CIUDAD INDUSTRIAL","ciudad":"M\u00c9RIDA","pais":"M\u00c9XICO","fecha_creacion":"2025-07-14 17:00:19","estatus":"1"},{"id":"24","nombre":"Bimbo Toluca","direccion":"Corredor Industrial, Mz 2, Lote E, Ex Rancho El Coecillo","ciudad":"Toluca","pais":"M\u00e9xico","fecha_creacion":"2025-07-28 13:39:14","estatus":"1"},{"id":"26","nombre":"Totis planta dos","direccion":"Eje oriente poniente no. 38, col. Ciudad industrial, CP 43800, Tizayuca, Hidalgo","ciudad":"Tizayuca","pais":"M\u00e9xico","fecha_creacion":"2025-10-27 16:30:54","estatus":"1"},{"id":"27","nombre":"Bimbo M\u00e9xico Santa Mar\u00eda ","direccion":"Mimosas 117, 118 Col. Santa Mar\u00eda Insurgentes Cuauht\u00e9moc CDMX ","ciudad":"CDMX","pais":"M\u00e9xico","fecha_creacion":"2025-11-02 10:48:40","estatus":"1"},{"id":"28","nombre":"HAZPAN-LONCHIBON","direccion":"EMILIANO ZAPATA 25, PQUE. IND. LERMA","ciudad":"TOLUCA","pais":"M\u00e9xico","fecha_creacion":"2025-11-27 11:43:59","estatus":"1"},{"id":"29","nombre":"Suandy Marinela Toluca","direccion":"Emiliano Zapata 25, Pque. Ind. Lerma","ciudad":"TOLUCA","pais":"M\u00e9xico","fecha_creacion":"2025-11-27 11:55:24","estatus":"1"},{"id":"30","nombre":"T\u00eda Rosa, Toluca ","direccion":"Benito Juarez Mz. 027","ciudad":"Sta. Ma. Totoltepec, Toluca","pais":"M\u00e9xico","fecha_creacion":"2025-11-27 11:56:59","estatus":"1"},{"id":"31","nombre":"Bimbo Norte","direccion":"Av. F\u00e9lix U. G\u00f3mez 4203, Coyoac\u00e1n, C.P. 64510","ciudad":"Monterrey N.L.","pais":"M\u00e9xico","fecha_creacion":"2025-11-28 15:45:37","estatus":"1"},{"id":"32","nombre":"PLANTA DE PRUEBA","direccion":"PRUEBAS","ciudad":"DCDS","pais":"MEXICO","fecha_creacion":"2025-12-07 18:59:44","estatus":"1"},{"id":"33","nombre":"BSL","direccion":"Eje 128 #135 manzana 3, zona industrial segunda secci\u00f3n ","ciudad":"San Luis Potos\u00ed","pais":"M\u00e9xico","fecha_creacion":"2025-12-08 21:23:56","estatus":"1"},{"id":"34","nombre":"Sanissimo Monterrey","direccion":"Manuel de la Pe\u00f1a y Pe\u00f1a #1020-5, Bella Vista","ciudad":"Monterrey N.L.","pais":"M\u00e9xico","fecha_creacion":"2025-12-08 21:28:12","estatus":"1"}]
WARNING - 2025-12-15 10:54:07 --> [DEPRECATED] Passing lowercase HTTP method "get" is deprecated. Use uppercase HTTP method like "GET". in SYSTEMPATH/Router/RouteCollection.php on line 1026.
 1 SYSTEMPATH/Router/RouteCollection.php(1026): trigger_error('Passing lowercase HTTP method "get" is deprecated. Use uppercase HTTP method like "GET".', 16384)
 2 APPPATH/Config/Routes.php(131): CodeIgniter\Router\RouteCollection->match([...], 'locations/generarPDF', 'LocationsPdfController::generarPDF')
 3 SYSTEMPATH/Router/RouteCollection.php(339): require('/home/u976386866/domains/servipro.site/public_html/app/app/Config/Routes.php')
 4 SYSTEMPATH/CodeIgniter.php(821): CodeIgniter\Router\RouteCollection->loadRoutes()
 5 SYSTEMPATH/CodeIgniter.php(455): CodeIgniter\CodeIgniter->tryToRouteIt(null)
 6 SYSTEMPATH/CodeIgniter.php(354): CodeIgniter\CodeIgniter->handleRequest(null, Object(Config\Cache), false)
 7 SYSTEMPATH/Boot.php(334): CodeIgniter\CodeIgniter->run()
 8 SYSTEMPATH/Boot.php(67): CodeIgniter\Boot::runCodeIgniter(Object(CodeIgniter\CodeIgniter))
 9 FCPATH/index.php(56): CodeIgniter\Boot::bootWeb(Object(Config\Paths))
WARNING - 2025-12-15 10:54:07 --> [DEPRECATED] Passing lowercase HTTP method "post" is deprecated. Use uppercase HTTP method like "POST". in SYSTEMPATH/Router/RouteCollection.php on line 1026.
 1 SYSTEMPATH/Router/RouteCollection.php(1026): trigger_error('Passing lowercase HTTP method "post" is deprecated. Use uppercase HTTP method like "POST".', 16384)
 2 APPPATH/Config/Routes.php(131): CodeIgniter\Router\RouteCollection->match([...], 'locations/generarPDF', 'LocationsPdfController::generarPDF')
 3 SYSTEMPATH/Router/RouteCollection.php(339): require('/home/u976386866/domains/servipro.site/public_html/app/app/Config/Routes.php')
 4 SYSTEMPATH/CodeIgniter.php(821): CodeIgniter\Router\RouteCollection->loadRoutes()
 5 SYSTEMPATH/CodeIgniter.php(455): CodeIgniter\CodeIgniter->tryToRouteIt(null)
 6 SYSTEMPATH/CodeIgniter.php(354): CodeIgniter\CodeIgniter->handleRequest(null, Object(Config\Cache), false)
 7 SYSTEMPATH/Boot.php(334): CodeIgniter\CodeIgniter->run()
 8 SYSTEMPATH/Boot.php(67): CodeIgniter\Boot::runCodeIgniter(Object(CodeIgniter\CodeIgniter))
 9 FCPATH/index.php(56): CodeIgniter\Boot::bootWeb(Object(Config\Paths))
DEBUG - 2025-12-15 10:54:07 --> Session: Class initialized using 'CodeIgniter\Session\Handlers\FileHandler' driver.
WARNING - 2025-12-15 10:54:59 --> [DEPRECATED] Passing lowercase HTTP method "get" is deprecated. Use uppercase HTTP method like "GET". in SYSTEMPATH/Router/RouteCollection.php on line 1026.
 1 SYSTEMPATH/Router/RouteCollection.php(1026): trigger_error('Passing lowercase HTTP method "get" is deprecated. Use uppercase HTTP method like "GET".', 16384)
 2 APPPATH/Config/Routes.php(131): CodeIgniter\Router\RouteCollection->match([...], 'locations/generarPDF', 'LocationsPdfController::generarPDF')
 3 SYSTEMPATH/Router/RouteCollection.php(339): require('/home/u976386866/domains/servipro.site/public_html/app/app/Config/Routes.php')
 4 SYSTEMPATH/CodeIgniter.php(821): CodeIgniter\Router\RouteCollection->loadRoutes()
 5 SYSTEMPATH/CodeIgniter.php(455): CodeIgniter\CodeIgniter->tryToRouteIt(null)
 6 SYSTEMPATH/CodeIgniter.php(354): CodeIgniter\CodeIgniter->handleRequest(null, Object(Config\Cache), false)
 7 SYSTEMPATH/Boot.php(334): CodeIgniter\CodeIgniter->run()
 8 SYSTEMPATH/Boot.php(67): CodeIgniter\Boot::runCodeIgniter(Object(CodeIgniter\CodeIgniter))
 9 FCPATH/index.php(56): CodeIgniter\Boot::bootWeb(Object(Config\Paths))
WARNING - 2025-12-15 10:54:59 --> [DEPRECATED] Passing lowercase HTTP method "post" is deprecated. Use uppercase HTTP method like "POST". in SYSTEMPATH/Router/RouteCollection.php on line 1026.
 1 SYSTEMPATH/Router/RouteCollection.php(1026): trigger_error('Passing lowercase HTTP method "post" is deprecated. Use uppercase HTTP method like "POST".', 16384)
 2 APPPATH/Config/Routes.php(131): CodeIgniter\Router\RouteCollection->match([...], 'locations/generarPDF', 'LocationsPdfController::generarPDF')
 3 SYSTEMPATH/Router/RouteCollection.php(339): require('/home/u976386866/domains/servipro.site/public_html/app/app/Config/Routes.php')
 4 SYSTEMPATH/CodeIgniter.php(821): CodeIgniter\Router\RouteCollection->loadRoutes()
 5 SYSTEMPATH/CodeIgniter.php(455): CodeIgniter\CodeIgniter->tryToRouteIt(null)
 6 SYSTEMPATH/CodeIgniter.php(354): CodeIgniter\CodeIgniter->handleRequest(null, Object(Config\Cache), false)
 7 SYSTEMPATH/Boot.php(334): CodeIgniter\CodeIgniter->run()
 8 SYSTEMPATH/Boot.php(67): CodeIgniter\Boot::runCodeIgniter(Object(CodeIgniter\CodeIgniter))
 9 FCPATH/index.php(56): CodeIgniter\Boot::bootWeb(Object(Config\Paths))
DEBUG - 2025-12-15 10:54:59 --> Session: Class initialized using 'CodeIgniter\Session\Handlers\FileHandler' driver.
WARNING - 2025-12-15 10:55:05 --> [DEPRECATED] Passing lowercase HTTP method "get" is deprecated. Use uppercase HTTP method like "GET". in SYSTEMPATH/Router/RouteCollection.php on line 1026.
 1 SYSTEMPATH/Router/RouteCollection.php(1026): trigger_error('Passing lowercase HTTP method "get" is deprecated. Use uppercase HTTP method like "GET".', 16384)
 2 APPPATH/Config/Routes.php(131): CodeIgniter\Router\RouteCollection->match([...], 'locations/generarPDF', 'LocationsPdfController::generarPDF')
 3 SYSTEMPATH/Router/RouteCollection.php(339): require('/home/u976386866/domains/servipro.site/public_html/app/app/Config/Routes.php')
 4 SYSTEMPATH/CodeIgniter.php(821): CodeIgniter\Router\RouteCollection->loadRoutes()
 5 SYSTEMPATH/CodeIgniter.php(455): CodeIgniter\CodeIgniter->tryToRouteIt(null)
 6 SYSTEMPATH/CodeIgniter.php(354): CodeIgniter\CodeIgniter->handleRequest(null, Object(Config\Cache), false)
 7 SYSTEMPATH/Boot.php(334): CodeIgniter\CodeIgniter->run()
 8 SYSTEMPATH/Boot.php(67): CodeIgniter\Boot::runCodeIgniter(Object(CodeIgniter\CodeIgniter))
 9 FCPATH/index.php(56): CodeIgniter\Boot::bootWeb(Object(Config\Paths))
WARNING - 2025-12-15 10:55:05 --> [DEPRECATED] Passing lowercase HTTP method "post" is deprecated. Use uppercase HTTP method like "POST". in SYSTEMPATH/Router/RouteCollection.php on line 1026.
 1 SYSTEMPATH/Router/RouteCollection.php(1026): trigger_error('Passing lowercase HTTP method "post" is deprecated. Use uppercase HTTP method like "POST".', 16384)
 2 APPPATH/Config/Routes.php(131): CodeIgniter\Router\RouteCollection->match([...], 'locations/generarPDF', 'LocationsPdfController::generarPDF')
 3 SYSTEMPATH/Router/RouteCollection.php(339): require('/home/u976386866/domains/servipro.site/public_html/app/app/Config/Routes.php')
 4 SYSTEMPATH/CodeIgniter.php(821): CodeIgniter\Router\RouteCollection->loadRoutes()
 5 SYSTEMPATH/CodeIgniter.php(455): CodeIgniter\CodeIgniter->tryToRouteIt(null)
 6 SYSTEMPATH/CodeIgniter.php(354): CodeIgniter\CodeIgniter->handleRequest(null, Object(Config\Cache), false)
 7 SYSTEMPATH/Boot.php(334): CodeIgniter\CodeIgniter->run()
 8 SYSTEMPATH/Boot.php(67): CodeIgniter\Boot::runCodeIgniter(Object(CodeIgniter\CodeIgniter))
 9 FCPATH/index.php(56): CodeIgniter\Boot::bootWeb(Object(Config\Paths))
DEBUG - 2025-12-15 10:55:05 --> Session: Class initialized using 'CodeIgniter\Session\Handlers\FileHandler' driver.
WARNING - 2025-12-15 10:55:20 --> [DEPRECATED] Passing lowercase HTTP method "get" is deprecated. Use uppercase HTTP method like "GET". in SYSTEMPATH/Router/RouteCollection.php on line 1026.
 1 SYSTEMPATH/Router/RouteCollection.php(1026): trigger_error('Passing lowercase HTTP method "get" is deprecated. Use uppercase HTTP method like "GET".', 16384)
 2 APPPATH/Config/Routes.php(131): CodeIgniter\Router\RouteCollection->match([...], 'locations/generarPDF', 'LocationsPdfController::generarPDF')
 3 SYSTEMPATH/Router/RouteCollection.php(339): require('/home/u976386866/domains/servipro.site/public_html/app/app/Config/Routes.php')
 4 SYSTEMPATH/CodeIgniter.php(821): CodeIgniter\Router\RouteCollection->loadRoutes()
 5 SYSTEMPATH/CodeIgniter.php(455): CodeIgniter\CodeIgniter->tryToRouteIt(null)
 6 SYSTEMPATH/CodeIgniter.php(354): CodeIgniter\CodeIgniter->handleRequest(null, Object(Config\Cache), false)
 7 SYSTEMPATH/Boot.php(334): CodeIgniter\CodeIgniter->run()
 8 SYSTEMPATH/Boot.php(67): CodeIgniter\Boot::runCodeIgniter(Object(CodeIgniter\CodeIgniter))
 9 FCPATH/index.php(56): CodeIgniter\Boot::bootWeb(Object(Config\Paths))
WARNING - 2025-12-15 10:55:20 --> [DEPRECATED] Passing lowercase HTTP method "post" is deprecated. Use uppercase HTTP method like "POST". in SYSTEMPATH/Router/RouteCollection.php on line 1026.
 1 SYSTEMPATH/Router/RouteCollection.php(1026): trigger_error('Passing lowercase HTTP method "post" is deprecated. Use uppercase HTTP method like "POST".', 16384)
 2 APPPATH/Config/Routes.php(131): CodeIgniter\Router\RouteCollection->match([...], 'locations/generarPDF', 'LocationsPdfController::generarPDF')
 3 SYSTEMPATH/Router/RouteCollection.php(339): require('/home/u976386866/domains/servipro.site/public_html/app/app/Config/Routes.php')
 4 SYSTEMPATH/CodeIgniter.php(821): CodeIgniter\Router\RouteCollection->loadRoutes()
 5 SYSTEMPATH/CodeIgniter.php(455): CodeIgniter\CodeIgniter->tryToRouteIt(null)
 6 SYSTEMPATH/CodeIgniter.php(354): CodeIgniter\CodeIgniter->handleRequest(null, Object(Config\Cache), false)
 7 SYSTEMPATH/Boot.php(334): CodeIgniter\CodeIgniter->run()
 8 SYSTEMPATH/Boot.php(67): CodeIgniter\Boot::runCodeIgniter(Object(CodeIgniter\CodeIgniter))
 9 FCPATH/index.php(56): CodeIgniter\Boot::bootWeb(Object(Config\Paths))
WARNING - 2025-12-15 10:55:21 --> [DEPRECATED] Passing lowercase HTTP method "get" is deprecated. Use uppercase HTTP method like "GET". in SYSTEMPATH/Router/RouteCollection.php on line 1026.
 1 SYSTEMPATH/Router/RouteCollection.php(1026): trigger_error('Passing lowercase HTTP method "get" is deprecated. Use uppercase HTTP method like "GET".', 16384)
 2 APPPATH/Config/Routes.php(131): CodeIgniter\Router\RouteCollection->match([...], 'locations/generarPDF', 'LocationsPdfController::generarPDF')
 3 SYSTEMPATH/Router/RouteCollection.php(339): require('/home/u976386866/domains/servipro.site/public_html/app/app/Config/Routes.php')
 4 SYSTEMPATH/CodeIgniter.php(821): CodeIgniter\Router\RouteCollection->loadRoutes()
 5 SYSTEMPATH/CodeIgniter.php(455): CodeIgniter\CodeIgniter->tryToRouteIt(null)
 6 SYSTEMPATH/CodeIgniter.php(354): CodeIgniter\CodeIgniter->handleRequest(null, Object(Config\Cache), false)
 7 SYSTEMPATH/Boot.php(334): CodeIgniter\CodeIgniter->run()
 8 SYSTEMPATH/Boot.php(67): CodeIgniter\Boot::runCodeIgniter(Object(CodeIgniter\CodeIgniter))
 9 FCPATH/index.php(56): CodeIgniter\Boot::bootWeb(Object(Config\Paths))
WARNING - 2025-12-15 10:55:21 --> [DEPRECATED] Passing lowercase HTTP method "post" is deprecated. Use uppercase HTTP method like "POST". in SYSTEMPATH/Router/RouteCollection.php on line 1026.
 1 SYSTEMPATH/Router/RouteCollection.php(1026): trigger_error('Passing lowercase HTTP method "post" is deprecated. Use uppercase HTTP method like "POST".', 16384)
 2 APPPATH/Config/Routes.php(131): CodeIgniter\Router\RouteCollection->match([...], 'locations/generarPDF', 'LocationsPdfController::generarPDF')
 3 SYSTEMPATH/Router/RouteCollection.php(339): require('/home/u976386866/domains/servipro.site/public_html/app/app/Config/Routes.php')
 4 SYSTEMPATH/CodeIgniter.php(821): CodeIgniter\Router\RouteCollection->loadRoutes()
 5 SYSTEMPATH/CodeIgniter.php(455): CodeIgniter\CodeIgniter->tryToRouteIt(null)
 6 SYSTEMPATH/CodeIgniter.php(354): CodeIgniter\CodeIgniter->handleRequest(null, Object(Config\Cache), false)
 7 SYSTEMPATH/Boot.php(334): CodeIgniter\CodeIgniter->run()
 8 SYSTEMPATH/Boot.php(67): CodeIgniter\Boot::runCodeIgniter(Object(CodeIgniter\CodeIgniter))
 9 FCPATH/index.php(56): CodeIgniter\Boot::bootWeb(Object(Config\Paths))
WARNING - 2025-12-15 10:55:34 --> [DEPRECATED] Passing lowercase HTTP method "get" is deprecated. Use uppercase HTTP method like "GET". in SYSTEMPATH/Router/RouteCollection.php on line 1026.
 1 SYSTEMPATH/Router/RouteCollection.php(1026): trigger_error('Passing lowercase HTTP method "get" is deprecated. Use uppercase HTTP method like "GET".', 16384)
 2 APPPATH/Config/Routes.php(131): CodeIgniter\Router\RouteCollection->match([...], 'locations/generarPDF', 'LocationsPdfController::generarPDF')
 3 SYSTEMPATH/Router/RouteCollection.php(339): require('/home/u976386866/domains/servipro.site/public_html/app/app/Config/Routes.php')
 4 SYSTEMPATH/CodeIgniter.php(821): CodeIgniter\Router\RouteCollection->loadRoutes()
 5 SYSTEMPATH/CodeIgniter.php(455): CodeIgniter\CodeIgniter->tryToRouteIt(null)
 6 SYSTEMPATH/CodeIgniter.php(354): CodeIgniter\CodeIgniter->handleRequest(null, Object(Config\Cache), false)
 7 SYSTEMPATH/Boot.php(334): CodeIgniter\CodeIgniter->run()
 8 SYSTEMPATH/Boot.php(67): CodeIgniter\Boot::runCodeIgniter(Object(CodeIgniter\CodeIgniter))
 9 FCPATH/index.php(56): CodeIgniter\Boot::bootWeb(Object(Config\Paths))
WARNING - 2025-12-15 10:55:34 --> [DEPRECATED] Passing lowercase HTTP method "post" is deprecated. Use uppercase HTTP method like "POST". in SYSTEMPATH/Router/RouteCollection.php on line 1026.
 1 SYSTEMPATH/Router/RouteCollection.php(1026): trigger_error('Passing lowercase HTTP method "post" is deprecated. Use uppercase HTTP method like "POST".', 16384)
 2 APPPATH/Config/Routes.php(131): CodeIgniter\Router\RouteCollection->match([...], 'locations/generarPDF', 'LocationsPdfController::generarPDF')
 3 SYSTEMPATH/Router/RouteCollection.php(339): require('/home/u976386866/domains/servipro.site/public_html/app/app/Config/Routes.php')
 4 SYSTEMPATH/CodeIgniter.php(821): CodeIgniter\Router\RouteCollection->loadRoutes()
 5 SYSTEMPATH/CodeIgniter.php(455): CodeIgniter\CodeIgniter->tryToRouteIt(null)
 6 SYSTEMPATH/CodeIgniter.php(354): CodeIgniter\CodeIgniter->handleRequest(null, Object(Config\Cache), false)
 7 SYSTEMPATH/Boot.php(334): CodeIgniter\CodeIgniter->run()
 8 SYSTEMPATH/Boot.php(67): CodeIgniter\Boot::runCodeIgniter(Object(CodeIgniter\CodeIgniter))
 9 FCPATH/index.php(56): CodeIgniter\Boot::bootWeb(Object(Config\Paths))
DEBUG - 2025-12-15 10:55:34 --> Session: Class initialized using 'CodeIgniter\Session\Handlers\FileHandler' driver.
DEBUG - 2025-12-15 10:55:34 --> Iniciando carga de sedes
DEBUG - 2025-12-15 10:55:34 --> Sedes cargadas: [{"id":"17","nombre":"Bimbo Santa Maria","direccion":"Avenida ServiPro","ciudad":"CDMX","pais":"Mexico","fecha_creacion":"2025-04-03 13:01:50","estatus":"1"},{"id":"18","nombre":"Bimbo Azcapotzalco","direccion":"Av San Pablo Xalpa 520, San Martin Xochinahuac, Azcapotzalco, 02120 Ciudad de M\u00e9xico, CDMX","ciudad":"CDMC","pais":"M\u00e9xico","fecha_creacion":"2025-04-07 12:06:45","estatus":"1"},{"id":"21","nombre":"Bimbo Villahermosa","direccion":"Av. Cobre 105, Cd Industrial, 86010 Villahermosa, Tabasco","ciudad":"Villahermosa, Tabasco","pais":"M\u00e9xico","fecha_creacion":"2025-05-12 12:11:50","estatus":"1"},{"id":"22","nombre":"Totis Planta uno Botana","direccion":"Av. San Pablo Xalpa 520, San Mart\u00edn Xochinahuac, Azcapotzalco, 02120 Ciudad de M\u00e9xico, CDMX","ciudad":"CDMX","pais":"Mexico","fecha_creacion":"2025-05-28 09:41:53","estatus":"1"},{"id":"23","nombre":"BIMBO YUCAT\u00c1N","direccion":"CALLE 21, #426, INT 0, COL. CIUDAD INDUSTRIAL","ciudad":"M\u00c9RIDA","pais":"M\u00c9XICO","fecha_creacion":"2025-07-14 17:00:19","estatus":"1"},{"id":"24","nombre":"Bimbo Toluca","direccion":"Corredor Industrial, Mz 2, Lote E, Ex Rancho El Coecillo","ciudad":"Toluca","pais":"M\u00e9xico","fecha_creacion":"2025-07-28 13:39:14","estatus":"1"},{"id":"26","nombre":"Totis planta dos","direccion":"Eje oriente poniente no. 38, col. Ciudad industrial, CP 43800, Tizayuca, Hidalgo","ciudad":"Tizayuca","pais":"M\u00e9xico","fecha_creacion":"2025-10-27 16:30:54","estatus":"1"},{"id":"27","nombre":"Bimbo M\u00e9xico Santa Mar\u00eda ","direccion":"Mimosas 117, 118 Col. Santa Mar\u00eda Insurgentes Cuauht\u00e9moc CDMX ","ciudad":"CDMX","pais":"M\u00e9xico","fecha_creacion":"2025-11-02 10:48:40","estatus":"1"},{"id":"28","nombre":"HAZPAN-LONCHIBON","direccion":"EMILIANO ZAPATA 25, PQUE. IND. LERMA","ciudad":"TOLUCA","pais":"M\u00e9xico","fecha_creacion":"2025-11-27 11:43:59","estatus":"1"},{"id":"29","nombre":"Suandy Marinela Toluca","direccion":"Emiliano Zapata 25, Pque. Ind. Lerma","ciudad":"TOLUCA","pais":"M\u00e9xico","fecha_creacion":"2025-11-27 11:55:24","estatus":"1"},{"id":"30","nombre":"T\u00eda Rosa, Toluca ","direccion":"Benito Juarez Mz. 027","ciudad":"Sta. Ma. Totoltepec, Toluca","pais":"M\u00e9xico","fecha_creacion":"2025-11-27 11:56:59","estatus":"1"},{"id":"31","nombre":"Bimbo Norte","direccion":"Av. F\u00e9lix U. G\u00f3mez 4203, Coyoac\u00e1n, C.P. 64510","ciudad":"Monterrey N.L.","pais":"M\u00e9xico","fecha_creacion":"2025-11-28 15:45:37","estatus":"1"},{"id":"32","nombre":"PLANTA DE PRUEBA","direccion":"PRUEBAS","ciudad":"DCDS","pais":"MEXICO","fecha_creacion":"2025-12-07 18:59:44","estatus":"1"},{"id":"33","nombre":"BSL","direccion":"Eje 128 #135 manzana 3, zona industrial segunda secci\u00f3n ","ciudad":"San Luis Potos\u00ed","pais":"M\u00e9xico","fecha_creacion":"2025-12-08 21:23:56","estatus":"1"},{"id":"34","nombre":"Sanissimo Monterrey","direccion":"Manuel de la Pe\u00f1a y Pe\u00f1a #1020-5, Bella Vista","ciudad":"Monterrey N.L.","pais":"M\u00e9xico","fecha_creacion":"2025-12-08 21:28:12","estatus":"1"}]
WARNING - 2025-12-15 10:55:47 --> [DEPRECATED] Passing lowercase HTTP method "get" is deprecated. Use uppercase HTTP method like "GET". in SYSTEMPATH/Router/RouteCollection.php on line 1026.
 1 SYSTEMPATH/Router/RouteCollection.php(1026): trigger_error('Passing lowercase HTTP method "get" is deprecated. Use uppercase HTTP method like "GET".', 16384)
 2 APPPATH/Config/Routes.php(131): CodeIgniter\Router\RouteCollection->match([...], 'locations/generarPDF', 'LocationsPdfController::generarPDF')
 3 SYSTEMPATH/Router/RouteCollection.php(339): require('/home/u976386866/domains/servipro.site/public_html/app/app/Config/Routes.php')
 4 SYSTEMPATH/CodeIgniter.php(821): CodeIgniter\Router\RouteCollection->loadRoutes()
 5 SYSTEMPATH/CodeIgniter.php(455): CodeIgniter\CodeIgniter->tryToRouteIt(null)
 6 SYSTEMPATH/CodeIgniter.php(354): CodeIgniter\CodeIgniter->handleRequest(null, Object(Config\Cache), false)
 7 SYSTEMPATH/Boot.php(334): CodeIgniter\CodeIgniter->run()
 8 SYSTEMPATH/Boot.php(67): CodeIgniter\Boot::runCodeIgniter(Object(CodeIgniter\CodeIgniter))
 9 FCPATH/index.php(56): CodeIgniter\Boot::bootWeb(Object(Config\Paths))
WARNING - 2025-12-15 10:55:47 --> [DEPRECATED] Passing lowercase HTTP method "post" is deprecated. Use uppercase HTTP method like "POST". in SYSTEMPATH/Router/RouteCollection.php on line 1026.
 1 SYSTEMPATH/Router/RouteCollection.php(1026): trigger_error('Passing lowercase HTTP method "post" is deprecated. Use uppercase HTTP method like "POST".', 16384)
 2 APPPATH/Config/Routes.php(131): CodeIgniter\Router\RouteCollection->match([...], 'locations/generarPDF', 'LocationsPdfController::generarPDF')
 3 SYSTEMPATH/Router/RouteCollection.php(339): require('/home/u976386866/domains/servipro.site/public_html/app/app/Config/Routes.php')
 4 SYSTEMPATH/CodeIgniter.php(821): CodeIgniter\Router\RouteCollection->loadRoutes()
 5 SYSTEMPATH/CodeIgniter.php(455): CodeIgniter\CodeIgniter->tryToRouteIt(null)
 6 SYSTEMPATH/CodeIgniter.php(354): CodeIgniter\CodeIgniter->handleRequest(null, Object(Config\Cache), false)
 7 SYSTEMPATH/Boot.php(334): CodeIgniter\CodeIgniter->run()
 8 SYSTEMPATH/Boot.php(67): CodeIgniter\Boot::runCodeIgniter(Object(CodeIgniter\CodeIgniter))
 9 FCPATH/index.php(56): CodeIgniter\Boot::bootWeb(Object(Config\Paths))
DEBUG - 2025-12-15 10:55:47 --> Session: Class initialized using 'CodeIgniter\Session\Handlers\FileHandler' driver.
WARNING - 2025-12-15 10:55:51 --> [DEPRECATED] Passing lowercase HTTP method "get" is deprecated. Use uppercase HTTP method like "GET". in SYSTEMPATH/Router/RouteCollection.php on line 1026.
 1 SYSTEMPATH/Router/RouteCollection.php(1026): trigger_error('Passing lowercase HTTP method "get" is deprecated. Use uppercase HTTP method like "GET".', 16384)
 2 APPPATH/Config/Routes.php(131): CodeIgniter\Router\RouteCollection->match([...], 'locations/generarPDF', 'LocationsPdfController::generarPDF')
 3 SYSTEMPATH/Router/RouteCollection.php(339): require('/home/u976386866/domains/servipro.site/public_html/app/app/Config/Routes.php')
 4 SYSTEMPATH/CodeIgniter.php(821): CodeIgniter\Router\RouteCollection->loadRoutes()
 5 SYSTEMPATH/CodeIgniter.php(455): CodeIgniter\CodeIgniter->tryToRouteIt(null)
 6 SYSTEMPATH/CodeIgniter.php(354): CodeIgniter\CodeIgniter->handleRequest(null, Object(Config\Cache), false)
 7 SYSTEMPATH/Boot.php(334): CodeIgniter\CodeIgniter->run()
 8 SYSTEMPATH/Boot.php(67): CodeIgniter\Boot::runCodeIgniter(Object(CodeIgniter\CodeIgniter))
 9 FCPATH/index.php(56): CodeIgniter\Boot::bootWeb(Object(Config\Paths))
WARNING - 2025-12-15 10:55:51 --> [DEPRECATED] Passing lowercase HTTP method "post" is deprecated. Use uppercase HTTP method like "POST". in SYSTEMPATH/Router/RouteCollection.php on line 1026.
 1 SYSTEMPATH/Router/RouteCollection.php(1026): trigger_error('Passing lowercase HTTP method "post" is deprecated. Use uppercase HTTP method like "POST".', 16384)
 2 APPPATH/Config/Routes.php(131): CodeIgniter\Router\RouteCollection->match([...], 'locations/generarPDF', 'LocationsPdfController::generarPDF')
 3 SYSTEMPATH/Router/RouteCollection.php(339): require('/home/u976386866/domains/servipro.site/public_html/app/app/Config/Routes.php')
 4 SYSTEMPATH/CodeIgniter.php(821): CodeIgniter\Router\RouteCollection->loadRoutes()
 5 SYSTEMPATH/CodeIgniter.php(455): CodeIgniter\CodeIgniter->tryToRouteIt(null)
 6 SYSTEMPATH/CodeIgniter.php(354): CodeIgniter\CodeIgniter->handleRequest(null, Object(Config\Cache), false)
 7 SYSTEMPATH/Boot.php(334): CodeIgniter\CodeIgniter->run()
 8 SYSTEMPATH/Boot.php(67): CodeIgniter\Boot::runCodeIgniter(Object(CodeIgniter\CodeIgniter))
 9 FCPATH/index.php(56): CodeIgniter\Boot::bootWeb(Object(Config\Paths))
DEBUG - 2025-12-15 10:55:51 --> Session: Class initialized using 'CodeIgniter\Session\Handlers\FileHandler' driver.
WARNING - 2025-12-15 10:55:56 --> [DEPRECATED] Passing lowercase HTTP method "get" is deprecated. Use uppercase HTTP method like "GET". in SYSTEMPATH/Router/RouteCollection.php on line 1026.
 1 SYSTEMPATH/Router/RouteCollection.php(1026): trigger_error('Passing lowercase HTTP method "get" is deprecated. Use uppercase HTTP method like "GET".', 16384)
 2 APPPATH/Config/Routes.php(131): CodeIgniter\Router\RouteCollection->match([...], 'locations/generarPDF', 'LocationsPdfController::generarPDF')
 3 SYSTEMPATH/Router/RouteCollection.php(339): require('/home/u976386866/domains/servipro.site/public_html/app/app/Config/Routes.php')
 4 SYSTEMPATH/CodeIgniter.php(821): CodeIgniter\Router\RouteCollection->loadRoutes()
 5 SYSTEMPATH/CodeIgniter.php(455): CodeIgniter\CodeIgniter->tryToRouteIt(null)
 6 SYSTEMPATH/CodeIgniter.php(354): CodeIgniter\CodeIgniter->handleRequest(null, Object(Config\Cache), false)
 7 SYSTEMPATH/Boot.php(334): CodeIgniter\CodeIgniter->run()
 8 SYSTEMPATH/Boot.php(67): CodeIgniter\Boot::runCodeIgniter(Object(CodeIgniter\CodeIgniter))
 9 FCPATH/index.php(56): CodeIgniter\Boot::bootWeb(Object(Config\Paths))
WARNING - 2025-12-15 10:55:56 --> [DEPRECATED] Passing lowercase HTTP method "post" is deprecated. Use uppercase HTTP method like "POST". in SYSTEMPATH/Router/RouteCollection.php on line 1026.
 1 SYSTEMPATH/Router/RouteCollection.php(1026): trigger_error('Passing lowercase HTTP method "post" is deprecated. Use uppercase HTTP method like "POST".', 16384)
 2 APPPATH/Config/Routes.php(131): CodeIgniter\Router\RouteCollection->match([...], 'locations/generarPDF', 'LocationsPdfController::generarPDF')
 3 SYSTEMPATH/Router/RouteCollection.php(339): require('/home/u976386866/domains/servipro.site/public_html/app/app/Config/Routes.php')
 4 SYSTEMPATH/CodeIgniter.php(821): CodeIgniter\Router\RouteCollection->loadRoutes()
 5 SYSTEMPATH/CodeIgniter.php(455): CodeIgniter\CodeIgniter->tryToRouteIt(null)
 6 SYSTEMPATH/CodeIgniter.php(354): CodeIgniter\CodeIgniter->handleRequest(null, Object(Config\Cache), false)
 7 SYSTEMPATH/Boot.php(334): CodeIgniter\CodeIgniter->run()
 8 SYSTEMPATH/Boot.php(67): CodeIgniter\Boot::runCodeIgniter(Object(CodeIgniter\CodeIgniter))
 9 FCPATH/index.php(56): CodeIgniter\Boot::bootWeb(Object(Config\Paths))
DEBUG - 2025-12-15 10:55:56 --> Session: Class initialized using 'CodeIgniter\Session\Handlers\FileHandler' driver.
WARNING - 2025-12-15 10:56:58 --> [DEPRECATED] Passing lowercase HTTP method "get" is deprecated. Use uppercase HTTP method like "GET". in SYSTEMPATH/Router/RouteCollection.php on line 1026.
 1 SYSTEMPATH/Router/RouteCollection.php(1026): trigger_error('Passing lowercase HTTP method "get" is deprecated. Use uppercase HTTP method like "GET".', 16384)
 2 APPPATH/Config/Routes.php(131): CodeIgniter\Router\RouteCollection->match([...], 'locations/generarPDF', 'LocationsPdfController::generarPDF')
 3 SYSTEMPATH/Router/RouteCollection.php(339): require('/home/u976386866/domains/servipro.site/public_html/app/app/Config/Routes.php')
 4 SYSTEMPATH/CodeIgniter.php(821): CodeIgniter\Router\RouteCollection->loadRoutes()
 5 SYSTEMPATH/CodeIgniter.php(455): CodeIgniter\CodeIgniter->tryToRouteIt(null)
 6 SYSTEMPATH/CodeIgniter.php(354): CodeIgniter\CodeIgniter->handleRequest(null, Object(Config\Cache), false)
 7 SYSTEMPATH/Boot.php(334): CodeIgniter\CodeIgniter->run()
 8 SYSTEMPATH/Boot.php(67): CodeIgniter\Boot::runCodeIgniter(Object(CodeIgniter\CodeIgniter))
 9 FCPATH/index.php(56): CodeIgniter\Boot::bootWeb(Object(Config\Paths))
WARNING - 2025-12-15 10:56:58 --> [DEPRECATED] Passing lowercase HTTP method "post" is deprecated. Use uppercase HTTP method like "POST". in SYSTEMPATH/Router/RouteCollection.php on line 1026.
 1 SYSTEMPATH/Router/RouteCollection.php(1026): trigger_error('Passing lowercase HTTP method "post" is deprecated. Use uppercase HTTP method like "POST".', 16384)
 2 APPPATH/Config/Routes.php(131): CodeIgniter\Router\RouteCollection->match([...], 'locations/generarPDF', 'LocationsPdfController::generarPDF')
 3 SYSTEMPATH/Router/RouteCollection.php(339): require('/home/u976386866/domains/servipro.site/public_html/app/app/Config/Routes.php')
 4 SYSTEMPATH/CodeIgniter.php(821): CodeIgniter\Router\RouteCollection->loadRoutes()
 5 SYSTEMPATH/CodeIgniter.php(455): CodeIgniter\CodeIgniter->tryToRouteIt(null)
 6 SYSTEMPATH/CodeIgniter.php(354): CodeIgniter\CodeIgniter->handleRequest(null, Object(Config\Cache), false)
 7 SYSTEMPATH/Boot.php(334): CodeIgniter\CodeIgniter->run()
 8 SYSTEMPATH/Boot.php(67): CodeIgniter\Boot::runCodeIgniter(Object(CodeIgniter\CodeIgniter))
 9 FCPATH/index.php(56): CodeIgniter\Boot::bootWeb(Object(Config\Paths))
WARNING - 2025-12-15 10:56:58 --> [DEPRECATED] Passing lowercase HTTP method "get" is deprecated. Use uppercase HTTP method like "GET". in SYSTEMPATH/Router/RouteCollection.php on line 1026.
 1 SYSTEMPATH/Router/RouteCollection.php(1026): trigger_error('Passing lowercase HTTP method "get" is deprecated. Use uppercase HTTP method like "GET".', 16384)
 2 APPPATH/Config/Routes.php(131): CodeIgniter\Router\RouteCollection->match([...], 'locations/generarPDF', 'LocationsPdfController::generarPDF')
 3 SYSTEMPATH/Router/RouteCollection.php(339): require('/home/u976386866/domains/servipro.site/public_html/app/app/Config/Routes.php')
 4 SYSTEMPATH/CodeIgniter.php(821): CodeIgniter\Router\RouteCollection->loadRoutes()
 5 SYSTEMPATH/CodeIgniter.php(455): CodeIgniter\CodeIgniter->tryToRouteIt(null)
 6 SYSTEMPATH/CodeIgniter.php(354): CodeIgniter\CodeIgniter->handleRequest(null, Object(Config\Cache), false)
 7 SYSTEMPATH/Boot.php(334): CodeIgniter\CodeIgniter->run()
 8 SYSTEMPATH/Boot.php(67): CodeIgniter\Boot::runCodeIgniter(Object(CodeIgniter\CodeIgniter))
 9 FCPATH/index.php(56): CodeIgniter\Boot::bootWeb(Object(Config\Paths))
WARNING - 2025-12-15 10:56:58 --> [DEPRECATED] Passing lowercase HTTP method "post" is deprecated. Use uppercase HTTP method like "POST". in SYSTEMPATH/Router/RouteCollection.php on line 1026.
 1 SYSTEMPATH/Router/RouteCollection.php(1026): trigger_error('Passing lowercase HTTP method "post" is deprecated. Use uppercase HTTP method like "POST".', 16384)
 2 APPPATH/Config/Routes.php(131): CodeIgniter\Router\RouteCollection->match([...], 'locations/generarPDF', 'LocationsPdfController::generarPDF')
 3 SYSTEMPATH/Router/RouteCollection.php(339): require('/home/u976386866/domains/servipro.site/public_html/app/app/Config/Routes.php')
 4 SYSTEMPATH/CodeIgniter.php(821): CodeIgniter\Router\RouteCollection->loadRoutes()
 5 SYSTEMPATH/CodeIgniter.php(455): CodeIgniter\CodeIgniter->tryToRouteIt(null)
 6 SYSTEMPATH/CodeIgniter.php(354): CodeIgniter\CodeIgniter->handleRequest(null, Object(Config\Cache), false)
 7 SYSTEMPATH/Boot.php(334): CodeIgniter\CodeIgniter->run()
 8 SYSTEMPATH/Boot.php(67): CodeIgniter\Boot::runCodeIgniter(Object(CodeIgniter\CodeIgniter))
 9 FCPATH/index.php(56): CodeIgniter\Boot::bootWeb(Object(Config\Paths))
WARNING - 2025-12-15 10:58:28 --> [DEPRECATED] Passing lowercase HTTP method "get" is deprecated. Use uppercase HTTP method like "GET". in SYSTEMPATH/Router/RouteCollection.php on line 1026.
 1 SYSTEMPATH/Router/RouteCollection.php(1026): trigger_error('Passing lowercase HTTP method "get" is deprecated. Use uppercase HTTP method like "GET".', 16384)
 2 APPPATH/Config/Routes.php(131): CodeIgniter\Router\RouteCollection->match([...], 'locations/generarPDF', 'LocationsPdfController::generarPDF')
 3 SYSTEMPATH/Router/RouteCollection.php(339): require('/home/u976386866/domains/servipro.site/public_html/app/app/Config/Routes.php')
 4 SYSTEMPATH/CodeIgniter.php(821): CodeIgniter\Router\RouteCollection->loadRoutes()
 5 SYSTEMPATH/CodeIgniter.php(455): CodeIgniter\CodeIgniter->tryToRouteIt(null)
 6 SYSTEMPATH/CodeIgniter.php(354): CodeIgniter\CodeIgniter->handleRequest(null, Object(Config\Cache), false)
 7 SYSTEMPATH/Boot.php(334): CodeIgniter\CodeIgniter->run()
 8 SYSTEMPATH/Boot.php(67): CodeIgniter\Boot::runCodeIgniter(Object(CodeIgniter\CodeIgniter))
 9 FCPATH/index.php(56): CodeIgniter\Boot::bootWeb(Object(Config\Paths))
WARNING - 2025-12-15 10:58:28 --> [DEPRECATED] Passing lowercase HTTP method "post" is deprecated. Use uppercase HTTP method like "POST". in SYSTEMPATH/Router/RouteCollection.php on line 1026.
 1 SYSTEMPATH/Router/RouteCollection.php(1026): trigger_error('Passing lowercase HTTP method "post" is deprecated. Use uppercase HTTP method like "POST".', 16384)
 2 APPPATH/Config/Routes.php(131): CodeIgniter\Router\RouteCollection->match([...], 'locations/generarPDF', 'LocationsPdfController::generarPDF')
 3 SYSTEMPATH/Router/RouteCollection.php(339): require('/home/u976386866/domains/servipro.site/public_html/app/app/Config/Routes.php')
 4 SYSTEMPATH/CodeIgniter.php(821): CodeIgniter\Router\RouteCollection->loadRoutes()
 5 SYSTEMPATH/CodeIgniter.php(455): CodeIgniter\CodeIgniter->tryToRouteIt(null)
 6 SYSTEMPATH/CodeIgniter.php(354): CodeIgniter\CodeIgniter->handleRequest(null, Object(Config\Cache), false)
 7 SYSTEMPATH/Boot.php(334): CodeIgniter\CodeIgniter->run()
 8 SYSTEMPATH/Boot.php(67): CodeIgniter\Boot::runCodeIgniter(Object(CodeIgniter\CodeIgniter))
 9 FCPATH/index.php(56): CodeIgniter\Boot::bootWeb(Object(Config\Paths))
DEBUG - 2025-12-15 10:58:28 --> Session: Class initialized using 'CodeIgniter\Session\Handlers\FileHandler' driver.
INFO - 2025-12-15 10:58:28 --> Total de trampas indexadas: 34
INFO - 2025-12-15 10:58:28 --> IDs de trampas en índice: 0177, 177, 0179, 179, 0180, 180, 0181, 181, 0182, 182, 0183, 183, 0184, 184, 0185, 185, 0186, 186, 0187, 187, 0188, 188, 0189, 189, 0190, 190, 0191, 191, 0192, 192, 0193, 193, 0194, 194
WARNING - 2025-12-15 10:58:41 --> [DEPRECATED] Passing lowercase HTTP method "get" is deprecated. Use uppercase HTTP method like "GET". in SYSTEMPATH/Router/RouteCollection.php on line 1026.
 1 SYSTEMPATH/Router/RouteCollection.php(1026): trigger_error('Passing lowercase HTTP method "get" is deprecated. Use uppercase HTTP method like "GET".', 16384)
 2 APPPATH/Config/Routes.php(131): CodeIgniter\Router\RouteCollection->match([...], 'locations/generarPDF', 'LocationsPdfController::generarPDF')
 3 SYSTEMPATH/Router/RouteCollection.php(339): require('/home/u976386866/domains/servipro.site/public_html/app/app/Config/Routes.php')
 4 SYSTEMPATH/CodeIgniter.php(821): CodeIgniter\Router\RouteCollection->loadRoutes()
 5 SYSTEMPATH/CodeIgniter.php(455): CodeIgniter\CodeIgniter->tryToRouteIt(null)
 6 SYSTEMPATH/CodeIgniter.php(354): CodeIgniter\CodeIgniter->handleRequest(null, Object(Config\Cache), false)
 7 SYSTEMPATH/Boot.php(334): CodeIgniter\CodeIgniter->run()
 8 SYSTEMPATH/Boot.php(67): CodeIgniter\Boot::runCodeIgniter(Object(CodeIgniter\CodeIgniter))
 9 FCPATH/index.php(56): CodeIgniter\Boot::bootWeb(Object(Config\Paths))
WARNING - 2025-12-15 10:58:41 --> [DEPRECATED] Passing lowercase HTTP method "post" is deprecated. Use uppercase HTTP method like "POST". in SYSTEMPATH/Router/RouteCollection.php on line 1026.
 1 SYSTEMPATH/Router/RouteCollection.php(1026): trigger_error('Passing lowercase HTTP method "post" is deprecated. Use uppercase HTTP method like "POST".', 16384)
 2 APPPATH/Config/Routes.php(131): CodeIgniter\Router\RouteCollection->match([...], 'locations/generarPDF', 'LocationsPdfController::generarPDF')
 3 SYSTEMPATH/Router/RouteCollection.php(339): require('/home/u976386866/domains/servipro.site/public_html/app/app/Config/Routes.php')
 4 SYSTEMPATH/CodeIgniter.php(821): CodeIgniter\Router\RouteCollection->loadRoutes()
 5 SYSTEMPATH/CodeIgniter.php(455): CodeIgniter\CodeIgniter->tryToRouteIt(null)
 6 SYSTEMPATH/CodeIgniter.php(354): CodeIgniter\CodeIgniter->handleRequest(null, Object(Config\Cache), false)
 7 SYSTEMPATH/Boot.php(334): CodeIgniter\CodeIgniter->run()
 8 SYSTEMPATH/Boot.php(67): CodeIgniter\Boot::runCodeIgniter(Object(CodeIgniter\CodeIgniter))
 9 FCPATH/index.php(56): CodeIgniter\Boot::bootWeb(Object(Config\Paths))
DEBUG - 2025-12-15 10:58:41 --> Session: Class initialized using 'CodeIgniter\Session\Handlers\FileHandler' driver.
WARNING - 2025-12-15 11:03:13 --> [DEPRECATED] Passing lowercase HTTP method "get" is deprecated. Use uppercase HTTP method like "GET". in SYSTEMPATH/Router/RouteCollection.php on line 1026.
 1 SYSTEMPATH/Router/RouteCollection.php(1026): trigger_error('Passing lowercase HTTP method "get" is deprecated. Use uppercase HTTP method like "GET".', 16384)
 2 APPPATH/Config/Routes.php(131): CodeIgniter\Router\RouteCollection->match([...], 'locations/generarPDF', 'LocationsPdfController::generarPDF')
 3 SYSTEMPATH/Router/RouteCollection.php(339): require('/home/u976386866/domains/servipro.site/public_html/app/app/Config/Routes.php')
 4 SYSTEMPATH/CodeIgniter.php(821): CodeIgniter\Router\RouteCollection->loadRoutes()
 5 SYSTEMPATH/CodeIgniter.php(455): CodeIgniter\CodeIgniter->tryToRouteIt(null)
 6 SYSTEMPATH/CodeIgniter.php(354): CodeIgniter\CodeIgniter->handleRequest(null, Object(Config\Cache), false)
 7 SYSTEMPATH/Boot.php(334): CodeIgniter\CodeIgniter->run()
 8 SYSTEMPATH/Boot.php(67): CodeIgniter\Boot::runCodeIgniter(Object(CodeIgniter\CodeIgniter))
 9 FCPATH/index.php(56): CodeIgniter\Boot::bootWeb(Object(Config\Paths))
WARNING - 2025-12-15 11:03:13 --> [DEPRECATED] Passing lowercase HTTP method "post" is deprecated. Use uppercase HTTP method like "POST". in SYSTEMPATH/Router/RouteCollection.php on line 1026.
 1 SYSTEMPATH/Router/RouteCollection.php(1026): trigger_error('Passing lowercase HTTP method "post" is deprecated. Use uppercase HTTP method like "POST".', 16384)
 2 APPPATH/Config/Routes.php(131): CodeIgniter\Router\RouteCollection->match([...], 'locations/generarPDF', 'LocationsPdfController::generarPDF')
 3 SYSTEMPATH/Router/RouteCollection.php(339): require('/home/u976386866/domains/servipro.site/public_html/app/app/Config/Routes.php')
 4 SYSTEMPATH/CodeIgniter.php(821): CodeIgniter\Router\RouteCollection->loadRoutes()
 5 SYSTEMPATH/CodeIgniter.php(455): CodeIgniter\CodeIgniter->tryToRouteIt(null)
 6 SYSTEMPATH/CodeIgniter.php(354): CodeIgniter\CodeIgniter->handleRequest(null, Object(Config\Cache), false)
 7 SYSTEMPATH/Boot.php(334): CodeIgniter\CodeIgniter->run()
 8 SYSTEMPATH/Boot.php(67): CodeIgniter\Boot::runCodeIgniter(Object(CodeIgniter\CodeIgniter))
 9 FCPATH/index.php(56): CodeIgniter\Boot::bootWeb(Object(Config\Paths))
DEBUG - 2025-12-15 11:03:13 --> Session: Class initialized using 'CodeIgniter\Session\Handlers\FileHandler' driver.
WARNING - 2025-12-15 11:03:19 --> [DEPRECATED] Passing lowercase HTTP method "get" is deprecated. Use uppercase HTTP method like "GET". in SYSTEMPATH/Router/RouteCollection.php on line 1026.
 1 SYSTEMPATH/Router/RouteCollection.php(1026): trigger_error('Passing lowercase HTTP method "get" is deprecated. Use uppercase HTTP method like "GET".', 16384)
 2 APPPATH/Config/Routes.php(131): CodeIgniter\Router\RouteCollection->match([...], 'locations/generarPDF', 'LocationsPdfController::generarPDF')
 3 SYSTEMPATH/Router/RouteCollection.php(339): require('/home/u976386866/domains/servipro.site/public_html/app/app/Config/Routes.php')
 4 SYSTEMPATH/CodeIgniter.php(821): CodeIgniter\Router\RouteCollection->loadRoutes()
 5 SYSTEMPATH/CodeIgniter.php(455): CodeIgniter\CodeIgniter->tryToRouteIt(null)
 6 SYSTEMPATH/CodeIgniter.php(354): CodeIgniter\CodeIgniter->handleRequest(null, Object(Config\Cache), false)
 7 SYSTEMPATH/Boot.php(334): CodeIgniter\CodeIgniter->run()
 8 SYSTEMPATH/Boot.php(67): CodeIgniter\Boot::runCodeIgniter(Object(CodeIgniter\CodeIgniter))
 9 FCPATH/index.php(56): CodeIgniter\Boot::bootWeb(Object(Config\Paths))
WARNING - 2025-12-15 11:03:19 --> [DEPRECATED] Passing lowercase HTTP method "post" is deprecated. Use uppercase HTTP method like "POST". in SYSTEMPATH/Router/RouteCollection.php on line 1026.
 1 SYSTEMPATH/Router/RouteCollection.php(1026): trigger_error('Passing lowercase HTTP method "post" is deprecated. Use uppercase HTTP method like "POST".', 16384)
 2 APPPATH/Config/Routes.php(131): CodeIgniter\Router\RouteCollection->match([...], 'locations/generarPDF', 'LocationsPdfController::generarPDF')
 3 SYSTEMPATH/Router/RouteCollection.php(339): require('/home/u976386866/domains/servipro.site/public_html/app/app/Config/Routes.php')
 4 SYSTEMPATH/CodeIgniter.php(821): CodeIgniter\Router\RouteCollection->loadRoutes()
 5 SYSTEMPATH/CodeIgniter.php(455): CodeIgniter\CodeIgniter->tryToRouteIt(null)
 6 SYSTEMPATH/CodeIgniter.php(354): CodeIgniter\CodeIgniter->handleRequest(null, Object(Config\Cache), false)
 7 SYSTEMPATH/Boot.php(334): CodeIgniter\CodeIgniter->run()
 8 SYSTEMPATH/Boot.php(67): CodeIgniter\Boot::runCodeIgniter(Object(CodeIgniter\CodeIgniter))
 9 FCPATH/index.php(56): CodeIgniter\Boot::bootWeb(Object(Config\Paths))
DEBUG - 2025-12-15 11:03:19 --> Session: Class initialized using 'CodeIgniter\Session\Handlers\FileHandler' driver.
WARNING - 2025-12-15 11:05:06 --> [DEPRECATED] Passing lowercase HTTP method "get" is deprecated. Use uppercase HTTP method like "GET". in SYSTEMPATH/Router/RouteCollection.php on line 1026.
 1 SYSTEMPATH/Router/RouteCollection.php(1026): trigger_error('Passing lowercase HTTP method "get" is deprecated. Use uppercase HTTP method like "GET".', 16384)
 2 APPPATH/Config/Routes.php(131): CodeIgniter\Router\RouteCollection->match([...], 'locations/generarPDF', 'LocationsPdfController::generarPDF')
 3 SYSTEMPATH/Router/RouteCollection.php(339): require('/home/u976386866/domains/servipro.site/public_html/app/app/Config/Routes.php')
 4 SYSTEMPATH/CodeIgniter.php(821): CodeIgniter\Router\RouteCollection->loadRoutes()
 5 SYSTEMPATH/CodeIgniter.php(455): CodeIgniter\CodeIgniter->tryToRouteIt(null)
 6 SYSTEMPATH/CodeIgniter.php(354): CodeIgniter\CodeIgniter->handleRequest(null, Object(Config\Cache), false)
 7 SYSTEMPATH/Boot.php(334): CodeIgniter\CodeIgniter->run()
 8 SYSTEMPATH/Boot.php(67): CodeIgniter\Boot::runCodeIgniter(Object(CodeIgniter\CodeIgniter))
 9 FCPATH/index.php(56): CodeIgniter\Boot::bootWeb(Object(Config\Paths))
WARNING - 2025-12-15 11:05:06 --> [DEPRECATED] Passing lowercase HTTP method "post" is deprecated. Use uppercase HTTP method like "POST". in SYSTEMPATH/Router/RouteCollection.php on line 1026.
 1 SYSTEMPATH/Router/RouteCollection.php(1026): trigger_error('Passing lowercase HTTP method "post" is deprecated. Use uppercase HTTP method like "POST".', 16384)
 2 APPPATH/Config/Routes.php(131): CodeIgniter\Router\RouteCollection->match([...], 'locations/generarPDF', 'LocationsPdfController::generarPDF')
 3 SYSTEMPATH/Router/RouteCollection.php(339): require('/home/u976386866/domains/servipro.site/public_html/app/app/Config/Routes.php')
 4 SYSTEMPATH/CodeIgniter.php(821): CodeIgniter\Router\RouteCollection->loadRoutes()
 5 SYSTEMPATH/CodeIgniter.php(455): CodeIgniter\CodeIgniter->tryToRouteIt(null)
 6 SYSTEMPATH/CodeIgniter.php(354): CodeIgniter\CodeIgniter->handleRequest(null, Object(Config\Cache), false)
 7 SYSTEMPATH/Boot.php(334): CodeIgniter\CodeIgniter->run()
 8 SYSTEMPATH/Boot.php(67): CodeIgniter\Boot::runCodeIgniter(Object(CodeIgniter\CodeIgniter))
 9 FCPATH/index.php(56): CodeIgniter\Boot::bootWeb(Object(Config\Paths))
DEBUG - 2025-12-15 11:05:06 --> Session: Class initialized using 'CodeIgniter\Session\Handlers\FileHandler' driver.
WARNING - 2025-12-15 11:05:06 --> [DEPRECATED] Passing lowercase HTTP method "get" is deprecated. Use uppercase HTTP method like "GET". in SYSTEMPATH/Router/RouteCollection.php on line 1026.
 1 SYSTEMPATH/Router/RouteCollection.php(1026): trigger_error('Passing lowercase HTTP method "get" is deprecated. Use uppercase HTTP method like "GET".', 16384)
 2 APPPATH/Config/Routes.php(131): CodeIgniter\Router\RouteCollection->match([...], 'locations/generarPDF', 'LocationsPdfController::generarPDF')
 3 SYSTEMPATH/Router/RouteCollection.php(339): require('/home/u976386866/domains/servipro.site/public_html/app/app/Config/Routes.php')
 4 SYSTEMPATH/CodeIgniter.php(821): CodeIgniter\Router\RouteCollection->loadRoutes()
 5 SYSTEMPATH/CodeIgniter.php(455): CodeIgniter\CodeIgniter->tryToRouteIt(null)
 6 SYSTEMPATH/CodeIgniter.php(354): CodeIgniter\CodeIgniter->handleRequest(null, Object(Config\Cache), false)
 7 SYSTEMPATH/Boot.php(334): CodeIgniter\CodeIgniter->run()
 8 SYSTEMPATH/Boot.php(67): CodeIgniter\Boot::runCodeIgniter(Object(CodeIgniter\CodeIgniter))
 9 FCPATH/index.php(56): CodeIgniter\Boot::bootWeb(Object(Config\Paths))
WARNING - 2025-12-15 11:05:06 --> [DEPRECATED] Passing lowercase HTTP method "post" is deprecated. Use uppercase HTTP method like "POST". in SYSTEMPATH/Router/RouteCollection.php on line 1026.
 1 SYSTEMPATH/Router/RouteCollection.php(1026): trigger_error('Passing lowercase HTTP method "post" is deprecated. Use uppercase HTTP method like "POST".', 16384)
 2 APPPATH/Config/Routes.php(131): CodeIgniter\Router\RouteCollection->match([...], 'locations/generarPDF', 'LocationsPdfController::generarPDF')
 3 SYSTEMPATH/Router/RouteCollection.php(339): require('/home/u976386866/domains/servipro.site/public_html/app/app/Config/Routes.php')
 4 SYSTEMPATH/CodeIgniter.php(821): CodeIgniter\Router\RouteCollection->loadRoutes()
 5 SYSTEMPATH/CodeIgniter.php(455): CodeIgniter\CodeIgniter->tryToRouteIt(null)
 6 SYSTEMPATH/CodeIgniter.php(354): CodeIgniter\CodeIgniter->handleRequest(null, Object(Config\Cache), false)
 7 SYSTEMPATH/Boot.php(334): CodeIgniter\CodeIgniter->run()
 8 SYSTEMPATH/Boot.php(67): CodeIgniter\Boot::runCodeIgniter(Object(CodeIgniter\CodeIgniter))
 9 FCPATH/index.php(56): CodeIgniter\Boot::bootWeb(Object(Config\Paths))
INFO - 2025-12-15 11:05:06 --> trampa_id recibido: 
INFO - 2025-12-15 11:05:06 --> tipo_plaga recibido: mosca_drenaje
INFO - 2025-12-15 11:05:06 --> tipo_incidencia recibido: Hallazgo
INFO - 2025-12-15 11:05:06 --> Datos de incidencia recibidos: {"id_trampa":"","tipo_plaga":"mosca_drenaje","tipo_insecto":"Volador","cantidad_organismos":"9","tipo_incidencia":"Hallazgo","zona":"Entrada principal","notas":"","inspector":"Diego Romero"}
INFO - 2025-12-15 11:05:06 --> Valores antes de guardar: tipo_insecto=Volador, tipo_incidencia=Hallazgo
WARNING - 2025-12-15 11:05:06 --> [DEPRECATED] Passing lowercase HTTP method "get" is deprecated. Use uppercase HTTP method like "GET". in SYSTEMPATH/Router/RouteCollection.php on line 1026.
 1 SYSTEMPATH/Router/RouteCollection.php(1026): trigger_error('Passing lowercase HTTP method "get" is deprecated. Use uppercase HTTP method like "GET".', 16384)
 2 APPPATH/Config/Routes.php(131): CodeIgniter\Router\RouteCollection->match([...], 'locations/generarPDF', 'LocationsPdfController::generarPDF')
 3 SYSTEMPATH/Router/RouteCollection.php(339): require('/home/u976386866/domains/servipro.site/public_html/app/app/Config/Routes.php')
 4 SYSTEMPATH/CodeIgniter.php(821): CodeIgniter\Router\RouteCollection->loadRoutes()
 5 SYSTEMPATH/CodeIgniter.php(455): CodeIgniter\CodeIgniter->tryToRouteIt(null)
 6 SYSTEMPATH/CodeIgniter.php(354): CodeIgniter\CodeIgniter->handleRequest(null, Object(Config\Cache), false)
 7 SYSTEMPATH/Boot.php(334): CodeIgniter\CodeIgniter->run()
 8 SYSTEMPATH/Boot.php(67): CodeIgniter\Boot::runCodeIgniter(Object(CodeIgniter\CodeIgniter))
 9 FCPATH/index.php(56): CodeIgniter\Boot::bootWeb(Object(Config\Paths))
WARNING - 2025-12-15 11:05:06 --> [DEPRECATED] Passing lowercase HTTP method "post" is deprecated. Use uppercase HTTP method like "POST". in SYSTEMPATH/Router/RouteCollection.php on line 1026.
 1 SYSTEMPATH/Router/RouteCollection.php(1026): trigger_error('Passing lowercase HTTP method "post" is deprecated. Use uppercase HTTP method like "POST".', 16384)
 2 APPPATH/Config/Routes.php(131): CodeIgniter\Router\RouteCollection->match([...], 'locations/generarPDF', 'LocationsPdfController::generarPDF')
 3 SYSTEMPATH/Router/RouteCollection.php(339): require('/home/u976386866/domains/servipro.site/public_html/app/app/Config/Routes.php')
 4 SYSTEMPATH/CodeIgniter.php(821): CodeIgniter\Router\RouteCollection->loadRoutes()
 5 SYSTEMPATH/CodeIgniter.php(455): CodeIgniter\CodeIgniter->tryToRouteIt(null)
 6 SYSTEMPATH/CodeIgniter.php(354): CodeIgniter\CodeIgniter->handleRequest(null, Object(Config\Cache), false)
 7 SYSTEMPATH/Boot.php(334): CodeIgniter\CodeIgniter->run()
 8 SYSTEMPATH/Boot.php(67): CodeIgniter\Boot::runCodeIgniter(Object(CodeIgniter\CodeIgniter))
 9 FCPATH/index.php(56): CodeIgniter\Boot::bootWeb(Object(Config\Paths))
INFO - 2025-12-15 11:05:06 --> Incidencia guardada con ID: 5264
WARNING - 2025-12-15 11:05:06 --> [DEPRECATED] Passing lowercase HTTP method "get" is deprecated. Use uppercase HTTP method like "GET". in SYSTEMPATH/Router/RouteCollection.php on line 1026.
 1 SYSTEMPATH/Router/RouteCollection.php(1026): trigger_error('Passing lowercase HTTP method "get" is deprecated. Use uppercase HTTP method like "GET".', 16384)
 2 APPPATH/Config/Routes.php(131): CodeIgniter\Router\RouteCollection->match([...], 'locations/generarPDF', 'LocationsPdfController::generarPDF')
 3 SYSTEMPATH/Router/RouteCollection.php(339): require('/home/u976386866/domains/servipro.site/public_html/app/app/Config/Routes.php')
 4 SYSTEMPATH/CodeIgniter.php(821): CodeIgniter\Router\RouteCollection->loadRoutes()
 5 SYSTEMPATH/CodeIgniter.php(455): CodeIgniter\CodeIgniter->tryToRouteIt(null)
 6 SYSTEMPATH/CodeIgniter.php(354): CodeIgniter\CodeIgniter->handleRequest(null, Object(Config\Cache), false)
 7 SYSTEMPATH/Boot.php(334): CodeIgniter\CodeIgniter->run()
 8 SYSTEMPATH/Boot.php(67): CodeIgniter\Boot::runCodeIgniter(Object(CodeIgniter\CodeIgniter))
 9 FCPATH/index.php(56): CodeIgniter\Boot::bootWeb(Object(Config\Paths))
WARNING - 2025-12-15 11:05:06 --> [DEPRECATED] Passing lowercase HTTP method "post" is deprecated. Use uppercase HTTP method like "POST". in SYSTEMPATH/Router/RouteCollection.php on line 1026.
 1 SYSTEMPATH/Router/RouteCollection.php(1026): trigger_error('Passing lowercase HTTP method "post" is deprecated. Use uppercase HTTP method like "POST".', 16384)
 2 APPPATH/Config/Routes.php(131): CodeIgniter\Router\RouteCollection->match([...], 'locations/generarPDF', 'LocationsPdfController::generarPDF')
 3 SYSTEMPATH/Router/RouteCollection.php(339): require('/home/u976386866/domains/servipro.site/public_html/app/app/Config/Routes.php')
 4 SYSTEMPATH/CodeIgniter.php(821): CodeIgniter\Router\RouteCollection->loadRoutes()
 5 SYSTEMPATH/CodeIgniter.php(455): CodeIgniter\CodeIgniter->tryToRouteIt(null)
 6 SYSTEMPATH/CodeIgniter.php(354): CodeIgniter\CodeIgniter->handleRequest(null, Object(Config\Cache), false)
 7 SYSTEMPATH/Boot.php(334): CodeIgniter\CodeIgniter->run()
 8 SYSTEMPATH/Boot.php(67): CodeIgniter\Boot::runCodeIgniter(Object(CodeIgniter\CodeIgniter))
 9 FCPATH/index.php(56): CodeIgniter\Boot::bootWeb(Object(Config\Paths))
INFO - 2025-12-15 11:05:06 --> Incidencia guardada: {"id":"5264","id_trampa":null,"sede_id":"17","fecha":"2025-12-15 00:00:00","tipo_plaga":"mosca_drenaje","tipo_insecto":"Volador","cantidad_organismos":"9","tipo_incidencia":"Hallazgo","notas":"Zona: Entrada principal","inspector":"Diego Romero","plano_id":null}
DEBUG - 2025-12-15 11:05:06 --> Session: Class initialized using 'CodeIgniter\Session\Handlers\FileHandler' driver.
INFO - 2025-12-15 11:05:06 --> trampa_id recibido: 
INFO - 2025-12-15 11:05:06 --> tipo_plaga recibido: mosca_metalica
INFO - 2025-12-15 11:05:06 --> tipo_incidencia recibido: Hallazgo
INFO - 2025-12-15 11:05:06 --> Datos de incidencia recibidos: {"id_trampa":"","tipo_plaga":"mosca_metalica","tipo_insecto":"Volador","cantidad_organismos":"7","tipo_incidencia":"Hallazgo","zona":"Entrada principal","notas":"","inspector":"Diego Romero"}
INFO - 2025-12-15 11:05:06 --> Valores antes de guardar: tipo_insecto=Volador, tipo_incidencia=Hallazgo
INFO - 2025-12-15 11:05:06 --> Incidencia guardada con ID: 5265
INFO - 2025-12-15 11:05:06 --> Incidencia guardada: {"id":"5265","id_trampa":null,"sede_id":"17","fecha":"2025-12-15 00:00:00","tipo_plaga":"mosca_metalica","tipo_insecto":"Volador","cantidad_organismos":"7","tipo_incidencia":"Hallazgo","notas":"Zona: Entrada principal","inspector":"Diego Romero","plano_id":null}
DEBUG - 2025-12-15 11:05:06 --> Session: Class initialized using 'CodeIgniter\Session\Handlers\FileHandler' driver.
INFO - 2025-12-15 11:05:06 --> trampa_id recibido: 
INFO - 2025-12-15 11:05:06 --> tipo_plaga recibido: mosca_domestica
INFO - 2025-12-15 11:05:06 --> tipo_incidencia recibido: Hallazgo
INFO - 2025-12-15 11:05:06 --> Datos de incidencia recibidos: {"id_trampa":"","tipo_plaga":"mosca_domestica","tipo_insecto":"Volador","cantidad_organismos":"4","tipo_incidencia":"Hallazgo","zona":"Entrada principal","notas":"","inspector":"Diego Romero"}
INFO - 2025-12-15 11:05:06 --> Valores antes de guardar: tipo_insecto=Volador, tipo_incidencia=Hallazgo
INFO - 2025-12-15 11:05:06 --> Incidencia guardada con ID: 5266
INFO - 2025-12-15 11:05:06 --> Incidencia guardada: {"id":"5266","id_trampa":null,"sede_id":"17","fecha":"2025-12-15 00:00:00","tipo_plaga":"mosca_domestica","tipo_insecto":"Volador","cantidad_organismos":"4","tipo_incidencia":"Hallazgo","notas":"Zona: Entrada principal","inspector":"Diego Romero","plano_id":null}
DEBUG - 2025-12-15 11:05:06 --> Session: Class initialized using 'CodeIgniter\Session\Handlers\FileHandler' driver.
INFO - 2025-12-15 11:05:06 --> trampa_id recibido: 
INFO - 2025-12-15 11:05:06 --> tipo_plaga recibido: mosca_fruta
INFO - 2025-12-15 11:05:06 --> tipo_incidencia recibido: Hallazgo
INFO - 2025-12-15 11:05:06 --> Datos de incidencia recibidos: {"id_trampa":"","tipo_plaga":"mosca_fruta","tipo_insecto":"Volador","cantidad_organismos":"3","tipo_incidencia":"Hallazgo","zona":"Entrada principal","notas":"","inspector":"Diego Romero"}
INFO - 2025-12-15 11:05:06 --> Valores antes de guardar: tipo_insecto=Volador, tipo_incidencia=Hallazgo
INFO - 2025-12-15 11:05:06 --> Incidencia guardada con ID: 5267
INFO - 2025-12-15 11:05:06 --> Incidencia guardada: {"id":"5267","id_trampa":null,"sede_id":"17","fecha":"2025-12-15 00:00:00","tipo_plaga":"mosca_fruta","tipo_insecto":"Volador","cantidad_organismos":"3","tipo_incidencia":"Hallazgo","notas":"Zona: Entrada principal","inspector":"Diego Romero","plano_id":null}
WARNING - 2025-12-15 11:10:28 --> [DEPRECATED] Passing lowercase HTTP method "get" is deprecated. Use uppercase HTTP method like "GET". in SYSTEMPATH/Router/RouteCollection.php on line 1026.
 1 SYSTEMPATH/Router/RouteCollection.php(1026): trigger_error('Passing lowercase HTTP method "get" is deprecated. Use uppercase HTTP method like "GET".', 16384)
 2 APPPATH/Config/Routes.php(131): CodeIgniter\Router\RouteCollection->match([...], 'locations/generarPDF', 'LocationsPdfController::generarPDF')
 3 SYSTEMPATH/Router/RouteCollection.php(339): require('/home/u976386866/domains/servipro.site/public_html/app/app/Config/Routes.php')
 4 SYSTEMPATH/CodeIgniter.php(821): CodeIgniter\Router\RouteCollection->loadRoutes()
 5 SYSTEMPATH/CodeIgniter.php(455): CodeIgniter\CodeIgniter->tryToRouteIt(null)
 6 SYSTEMPATH/CodeIgniter.php(354): CodeIgniter\CodeIgniter->handleRequest(null, Object(Config\Cache), false)
 7 SYSTEMPATH/Boot.php(334): CodeIgniter\CodeIgniter->run()
 8 SYSTEMPATH/Boot.php(67): CodeIgniter\Boot::runCodeIgniter(Object(CodeIgniter\CodeIgniter))
 9 FCPATH/index.php(56): CodeIgniter\Boot::bootWeb(Object(Config\Paths))
WARNING - 2025-12-15 11:10:28 --> [DEPRECATED] Passing lowercase HTTP method "post" is deprecated. Use uppercase HTTP method like "POST". in SYSTEMPATH/Router/RouteCollection.php on line 1026.
 1 SYSTEMPATH/Router/RouteCollection.php(1026): trigger_error('Passing lowercase HTTP method "post" is deprecated. Use uppercase HTTP method like "POST".', 16384)
 2 APPPATH/Config/Routes.php(131): CodeIgniter\Router\RouteCollection->match([...], 'locations/generarPDF', 'LocationsPdfController::generarPDF')
 3 SYSTEMPATH/Router/RouteCollection.php(339): require('/home/u976386866/domains/servipro.site/public_html/app/app/Config/Routes.php')
 4 SYSTEMPATH/CodeIgniter.php(821): CodeIgniter\Router\RouteCollection->loadRoutes()
 5 SYSTEMPATH/CodeIgniter.php(455): CodeIgniter\CodeIgniter->tryToRouteIt(null)
 6 SYSTEMPATH/CodeIgniter.php(354): CodeIgniter\CodeIgniter->handleRequest(null, Object(Config\Cache), false)
 7 SYSTEMPATH/Boot.php(334): CodeIgniter\CodeIgniter->run()
 8 SYSTEMPATH/Boot.php(67): CodeIgniter\Boot::runCodeIgniter(Object(CodeIgniter\CodeIgniter))
 9 FCPATH/index.php(56): CodeIgniter\Boot::bootWeb(Object(Config\Paths))
DEBUG - 2025-12-15 11:10:28 --> Session: Class initialized using 'CodeIgniter\Session\Handlers\FileHandler' driver.
INFO - 2025-12-15 11:10:28 --> Total de trampas indexadas: 34
INFO - 2025-12-15 11:10:28 --> IDs de trampas en índice: 0177, 177, 0179, 179, 0180, 180, 0181, 181, 0182, 182, 0183, 183, 0184, 184, 0185, 185, 0186, 186, 0187, 187, 0188, 188, 0189, 189, 0190, 190, 0191, 191, 0192, 192, 0193, 193, 0194, 194
WARNING - 2025-12-15 11:10:40 --> [DEPRECATED] Passing lowercase HTTP method "get" is deprecated. Use uppercase HTTP method like "GET". in SYSTEMPATH/Router/RouteCollection.php on line 1026.
 1 SYSTEMPATH/Router/RouteCollection.php(1026): trigger_error('Passing lowercase HTTP method "get" is deprecated. Use uppercase HTTP method like "GET".', 16384)
 2 APPPATH/Config/Routes.php(131): CodeIgniter\Router\RouteCollection->match([...], 'locations/generarPDF', 'LocationsPdfController::generarPDF')
 3 SYSTEMPATH/Router/RouteCollection.php(339): require('/home/u976386866/domains/servipro.site/public_html/app/app/Config/Routes.php')
 4 SYSTEMPATH/CodeIgniter.php(821): CodeIgniter\Router\RouteCollection->loadRoutes()
 5 SYSTEMPATH/CodeIgniter.php(455): CodeIgniter\CodeIgniter->tryToRouteIt(null)
 6 SYSTEMPATH/CodeIgniter.php(354): CodeIgniter\CodeIgniter->handleRequest(null, Object(Config\Cache), false)
 7 SYSTEMPATH/Boot.php(334): CodeIgniter\CodeIgniter->run()
 8 SYSTEMPATH/Boot.php(67): CodeIgniter\Boot::runCodeIgniter(Object(CodeIgniter\CodeIgniter))
 9 FCPATH/index.php(56): CodeIgniter\Boot::bootWeb(Object(Config\Paths))
WARNING - 2025-12-15 11:10:40 --> [DEPRECATED] Passing lowercase HTTP method "post" is deprecated. Use uppercase HTTP method like "POST". in SYSTEMPATH/Router/RouteCollection.php on line 1026.
 1 SYSTEMPATH/Router/RouteCollection.php(1026): trigger_error('Passing lowercase HTTP method "post" is deprecated. Use uppercase HTTP method like "POST".', 16384)
 2 APPPATH/Config/Routes.php(131): CodeIgniter\Router\RouteCollection->match([...], 'locations/generarPDF', 'LocationsPdfController::generarPDF')
 3 SYSTEMPATH/Router/RouteCollection.php(339): require('/home/u976386866/domains/servipro.site/public_html/app/app/Config/Routes.php')
 4 SYSTEMPATH/CodeIgniter.php(821): CodeIgniter\Router\RouteCollection->loadRoutes()
 5 SYSTEMPATH/CodeIgniter.php(455): CodeIgniter\CodeIgniter->tryToRouteIt(null)
 6 SYSTEMPATH/CodeIgniter.php(354): CodeIgniter\CodeIgniter->handleRequest(null, Object(Config\Cache), false)
 7 SYSTEMPATH/Boot.php(334): CodeIgniter\CodeIgniter->run()
 8 SYSTEMPATH/Boot.php(67): CodeIgniter\Boot::runCodeIgniter(Object(CodeIgniter\CodeIgniter))
 9 FCPATH/index.php(56): CodeIgniter\Boot::bootWeb(Object(Config\Paths))
DEBUG - 2025-12-15 11:10:40 --> Session: Class initialized using 'CodeIgniter\Session\Handlers\FileHandler' driver.
WARNING - 2025-12-15 11:10:49 --> [DEPRECATED] Passing lowercase HTTP method "get" is deprecated. Use uppercase HTTP method like "GET". in SYSTEMPATH/Router/RouteCollection.php on line 1026.
 1 SYSTEMPATH/Router/RouteCollection.php(1026): trigger_error('Passing lowercase HTTP method "get" is deprecated. Use uppercase HTTP method like "GET".', 16384)
 2 APPPATH/Config/Routes.php(131): CodeIgniter\Router\RouteCollection->match([...], 'locations/generarPDF', 'LocationsPdfController::generarPDF')
 3 SYSTEMPATH/Router/RouteCollection.php(339): require('/home/u976386866/domains/servipro.site/public_html/app/app/Config/Routes.php')
 4 SYSTEMPATH/CodeIgniter.php(821): CodeIgniter\Router\RouteCollection->loadRoutes()
 5 SYSTEMPATH/CodeIgniter.php(455): CodeIgniter\CodeIgniter->tryToRouteIt(null)
 6 SYSTEMPATH/CodeIgniter.php(354): CodeIgniter\CodeIgniter->handleRequest(null, Object(Config\Cache), false)
 7 SYSTEMPATH/Boot.php(334): CodeIgniter\CodeIgniter->run()
 8 SYSTEMPATH/Boot.php(67): CodeIgniter\Boot::runCodeIgniter(Object(CodeIgniter\CodeIgniter))
 9 FCPATH/index.php(56): CodeIgniter\Boot::bootWeb(Object(Config\Paths))
WARNING - 2025-12-15 11:10:49 --> [DEPRECATED] Passing lowercase HTTP method "post" is deprecated. Use uppercase HTTP method like "POST". in SYSTEMPATH/Router/RouteCollection.php on line 1026.
 1 SYSTEMPATH/Router/RouteCollection.php(1026): trigger_error('Passing lowercase HTTP method "post" is deprecated. Use uppercase HTTP method like "POST".', 16384)
 2 APPPATH/Config/Routes.php(131): CodeIgniter\Router\RouteCollection->match([...], 'locations/generarPDF', 'LocationsPdfController::generarPDF')
 3 SYSTEMPATH/Router/RouteCollection.php(339): require('/home/u976386866/domains/servipro.site/public_html/app/app/Config/Routes.php')
 4 SYSTEMPATH/CodeIgniter.php(821): CodeIgniter\Router\RouteCollection->loadRoutes()
 5 SYSTEMPATH/CodeIgniter.php(455): CodeIgniter\CodeIgniter->tryToRouteIt(null)
 6 SYSTEMPATH/CodeIgniter.php(354): CodeIgniter\CodeIgniter->handleRequest(null, Object(Config\Cache), false)
 7 SYSTEMPATH/Boot.php(334): CodeIgniter\CodeIgniter->run()
 8 SYSTEMPATH/Boot.php(67): CodeIgniter\Boot::runCodeIgniter(Object(CodeIgniter\CodeIgniter))
 9 FCPATH/index.php(56): CodeIgniter\Boot::bootWeb(Object(Config\Paths))
DEBUG - 2025-12-15 11:10:49 --> Session: Class initialized using 'CodeIgniter\Session\Handlers\FileHandler' driver.
WARNING - 2025-12-15 11:11:30 --> [DEPRECATED] Passing lowercase HTTP method "get" is deprecated. Use uppercase HTTP method like "GET". in SYSTEMPATH/Router/RouteCollection.php on line 1026.
 1 SYSTEMPATH/Router/RouteCollection.php(1026): trigger_error('Passing lowercase HTTP method "get" is deprecated. Use uppercase HTTP method like "GET".', 16384)
 2 APPPATH/Config/Routes.php(131): CodeIgniter\Router\RouteCollection->match([...], 'locations/generarPDF', 'LocationsPdfController::generarPDF')
 3 SYSTEMPATH/Router/RouteCollection.php(339): require('/home/u976386866/domains/servipro.site/public_html/app/app/Config/Routes.php')
 4 SYSTEMPATH/CodeIgniter.php(821): CodeIgniter\Router\RouteCollection->loadRoutes()
 5 SYSTEMPATH/CodeIgniter.php(455): CodeIgniter\CodeIgniter->tryToRouteIt(null)
 6 SYSTEMPATH/CodeIgniter.php(354): CodeIgniter\CodeIgniter->handleRequest(null, Object(Config\Cache), false)
 7 SYSTEMPATH/Boot.php(334): CodeIgniter\CodeIgniter->run()
 8 SYSTEMPATH/Boot.php(67): CodeIgniter\Boot::runCodeIgniter(Object(CodeIgniter\CodeIgniter))
 9 FCPATH/index.php(56): CodeIgniter\Boot::bootWeb(Object(Config\Paths))
WARNING - 2025-12-15 11:11:30 --> [DEPRECATED] Passing lowercase HTTP method "post" is deprecated. Use uppercase HTTP method like "POST". in SYSTEMPATH/Router/RouteCollection.php on line 1026.
 1 SYSTEMPATH/Router/RouteCollection.php(1026): trigger_error('Passing lowercase HTTP method "post" is deprecated. Use uppercase HTTP method like "POST".', 16384)
 2 APPPATH/Config/Routes.php(131): CodeIgniter\Router\RouteCollection->match([...], 'locations/generarPDF', 'LocationsPdfController::generarPDF')
 3 SYSTEMPATH/Router/RouteCollection.php(339): require('/home/u976386866/domains/servipro.site/public_html/app/app/Config/Routes.php')
 4 SYSTEMPATH/CodeIgniter.php(821): CodeIgniter\Router\RouteCollection->loadRoutes()
 5 SYSTEMPATH/CodeIgniter.php(455): CodeIgniter\CodeIgniter->tryToRouteIt(null)
 6 SYSTEMPATH/CodeIgniter.php(354): CodeIgniter\CodeIgniter->handleRequest(null, Object(Config\Cache), false)
 7 SYSTEMPATH/Boot.php(334): CodeIgniter\CodeIgniter->run()
 8 SYSTEMPATH/Boot.php(67): CodeIgniter\Boot::runCodeIgniter(Object(CodeIgniter\CodeIgniter))
 9 FCPATH/index.php(56): CodeIgniter\Boot::bootWeb(Object(Config\Paths))
DEBUG - 2025-12-15 11:11:30 --> Session: Class initialized using 'CodeIgniter\Session\Handlers\FileHandler' driver.
WARNING - 2025-12-15 11:13:01 --> [DEPRECATED] Passing lowercase HTTP method "get" is deprecated. Use uppercase HTTP method like "GET". in SYSTEMPATH/Router/RouteCollection.php on line 1026.
 1 SYSTEMPATH/Router/RouteCollection.php(1026): trigger_error('Passing lowercase HTTP method "get" is deprecated. Use uppercase HTTP method like "GET".', 16384)
 2 APPPATH/Config/Routes.php(131): CodeIgniter\Router\RouteCollection->match([...], 'locations/generarPDF', 'LocationsPdfController::generarPDF')
 3 SYSTEMPATH/Router/RouteCollection.php(339): require('/home/u976386866/domains/servipro.site/public_html/app/app/Config/Routes.php')
 4 SYSTEMPATH/CodeIgniter.php(821): CodeIgniter\Router\RouteCollection->loadRoutes()
 5 SYSTEMPATH/CodeIgniter.php(455): CodeIgniter\CodeIgniter->tryToRouteIt(null)
 6 SYSTEMPATH/CodeIgniter.php(354): CodeIgniter\CodeIgniter->handleRequest(null, Object(Config\Cache), false)
 7 SYSTEMPATH/Boot.php(334): CodeIgniter\CodeIgniter->run()
 8 SYSTEMPATH/Boot.php(67): CodeIgniter\Boot::runCodeIgniter(Object(CodeIgniter\CodeIgniter))
 9 FCPATH/index.php(56): CodeIgniter\Boot::bootWeb(Object(Config\Paths))
WARNING - 2025-12-15 11:13:01 --> [DEPRECATED] Passing lowercase HTTP method "post" is deprecated. Use uppercase HTTP method like "POST". in SYSTEMPATH/Router/RouteCollection.php on line 1026.
 1 SYSTEMPATH/Router/RouteCollection.php(1026): trigger_error('Passing lowercase HTTP method "post" is deprecated. Use uppercase HTTP method like "POST".', 16384)
 2 APPPATH/Config/Routes.php(131): CodeIgniter\Router\RouteCollection->match([...], 'locations/generarPDF', 'LocationsPdfController::generarPDF')
 3 SYSTEMPATH/Router/RouteCollection.php(339): require('/home/u976386866/domains/servipro.site/public_html/app/app/Config/Routes.php')
 4 SYSTEMPATH/CodeIgniter.php(821): CodeIgniter\Router\RouteCollection->loadRoutes()
 5 SYSTEMPATH/CodeIgniter.php(455): CodeIgniter\CodeIgniter->tryToRouteIt(null)
 6 SYSTEMPATH/CodeIgniter.php(354): CodeIgniter\CodeIgniter->handleRequest(null, Object(Config\Cache), false)
 7 SYSTEMPATH/Boot.php(334): CodeIgniter\CodeIgniter->run()
 8 SYSTEMPATH/Boot.php(67): CodeIgniter\Boot::runCodeIgniter(Object(CodeIgniter\CodeIgniter))
 9 FCPATH/index.php(56): CodeIgniter\Boot::bootWeb(Object(Config\Paths))
DEBUG - 2025-12-15 11:13:01 --> Session: Class initialized using 'CodeIgniter\Session\Handlers\FileHandler' driver.
WARNING - 2025-12-15 11:13:10 --> [DEPRECATED] Passing lowercase HTTP method "get" is deprecated. Use uppercase HTTP method like "GET". in SYSTEMPATH/Router/RouteCollection.php on line 1026.
 1 SYSTEMPATH/Router/RouteCollection.php(1026): trigger_error('Passing lowercase HTTP method "get" is deprecated. Use uppercase HTTP method like "GET".', 16384)
 2 APPPATH/Config/Routes.php(131): CodeIgniter\Router\RouteCollection->match([...], 'locations/generarPDF', 'LocationsPdfController::generarPDF')
 3 SYSTEMPATH/Router/RouteCollection.php(339): require('/home/u976386866/domains/servipro.site/public_html/app/app/Config/Routes.php')
 4 SYSTEMPATH/CodeIgniter.php(821): CodeIgniter\Router\RouteCollection->loadRoutes()
 5 SYSTEMPATH/CodeIgniter.php(455): CodeIgniter\CodeIgniter->tryToRouteIt(null)
 6 SYSTEMPATH/CodeIgniter.php(354): CodeIgniter\CodeIgniter->handleRequest(null, Object(Config\Cache), false)
 7 SYSTEMPATH/Boot.php(334): CodeIgniter\CodeIgniter->run()
 8 SYSTEMPATH/Boot.php(67): CodeIgniter\Boot::runCodeIgniter(Object(CodeIgniter\CodeIgniter))
 9 FCPATH/index.php(56): CodeIgniter\Boot::bootWeb(Object(Config\Paths))
WARNING - 2025-12-15 11:13:10 --> [DEPRECATED] Passing lowercase HTTP method "post" is deprecated. Use uppercase HTTP method like "POST". in SYSTEMPATH/Router/RouteCollection.php on line 1026.
 1 SYSTEMPATH/Router/RouteCollection.php(1026): trigger_error('Passing lowercase HTTP method "post" is deprecated. Use uppercase HTTP method like "POST".', 16384)
 2 APPPATH/Config/Routes.php(131): CodeIgniter\Router\RouteCollection->match([...], 'locations/generarPDF', 'LocationsPdfController::generarPDF')
 3 SYSTEMPATH/Router/RouteCollection.php(339): require('/home/u976386866/domains/servipro.site/public_html/app/app/Config/Routes.php')
 4 SYSTEMPATH/CodeIgniter.php(821): CodeIgniter\Router\RouteCollection->loadRoutes()
 5 SYSTEMPATH/CodeIgniter.php(455): CodeIgniter\CodeIgniter->tryToRouteIt(null)
 6 SYSTEMPATH/CodeIgniter.php(354): CodeIgniter\CodeIgniter->handleRequest(null, Object(Config\Cache), false)
 7 SYSTEMPATH/Boot.php(334): CodeIgniter\CodeIgniter->run()
 8 SYSTEMPATH/Boot.php(67): CodeIgniter\Boot::runCodeIgniter(Object(CodeIgniter\CodeIgniter))
 9 FCPATH/index.php(56): CodeIgniter\Boot::bootWeb(Object(Config\Paths))
DEBUG - 2025-12-15 11:13:10 --> Session: Class initialized using 'CodeIgniter\Session\Handlers\FileHandler' driver.
DEBUG - 2025-12-15 11:13:10 --> Iniciando carga de sedes
DEBUG - 2025-12-15 11:13:10 --> Sedes cargadas: [{"id":"17","nombre":"Bimbo Santa Maria","direccion":"Avenida ServiPro","ciudad":"CDMX","pais":"Mexico","fecha_creacion":"2025-04-03 13:01:50","estatus":"1"},{"id":"18","nombre":"Bimbo Azcapotzalco","direccion":"Av San Pablo Xalpa 520, San Martin Xochinahuac, Azcapotzalco, 02120 Ciudad de M\u00e9xico, CDMX","ciudad":"CDMC","pais":"M\u00e9xico","fecha_creacion":"2025-04-07 12:06:45","estatus":"1"},{"id":"21","nombre":"Bimbo Villahermosa","direccion":"Av. Cobre 105, Cd Industrial, 86010 Villahermosa, Tabasco","ciudad":"Villahermosa, Tabasco","pais":"M\u00e9xico","fecha_creacion":"2025-05-12 12:11:50","estatus":"1"},{"id":"22","nombre":"Totis Planta uno Botana","direccion":"Av. San Pablo Xalpa 520, San Mart\u00edn Xochinahuac, Azcapotzalco, 02120 Ciudad de M\u00e9xico, CDMX","ciudad":"CDMX","pais":"Mexico","fecha_creacion":"2025-05-28 09:41:53","estatus":"1"},{"id":"23","nombre":"BIMBO YUCAT\u00c1N","direccion":"CALLE 21, #426, INT 0, COL. CIUDAD INDUSTRIAL","ciudad":"M\u00c9RIDA","pais":"M\u00c9XICO","fecha_creacion":"2025-07-14 17:00:19","estatus":"1"},{"id":"24","nombre":"Bimbo Toluca","direccion":"Corredor Industrial, Mz 2, Lote E, Ex Rancho El Coecillo","ciudad":"Toluca","pais":"M\u00e9xico","fecha_creacion":"2025-07-28 13:39:14","estatus":"1"},{"id":"26","nombre":"Totis planta dos","direccion":"Eje oriente poniente no. 38, col. Ciudad industrial, CP 43800, Tizayuca, Hidalgo","ciudad":"Tizayuca","pais":"M\u00e9xico","fecha_creacion":"2025-10-27 16:30:54","estatus":"1"},{"id":"27","nombre":"Bimbo M\u00e9xico Santa Mar\u00eda ","direccion":"Mimosas 117, 118 Col. Santa Mar\u00eda Insurgentes Cuauht\u00e9moc CDMX ","ciudad":"CDMX","pais":"M\u00e9xico","fecha_creacion":"2025-11-02 10:48:40","estatus":"1"},{"id":"28","nombre":"HAZPAN-LONCHIBON","direccion":"EMILIANO ZAPATA 25, PQUE. IND. LERMA","ciudad":"TOLUCA","pais":"M\u00e9xico","fecha_creacion":"2025-11-27 11:43:59","estatus":"1"},{"id":"29","nombre":"Suandy Marinela Toluca","direccion":"Emiliano Zapata 25, Pque. Ind. Lerma","ciudad":"TOLUCA","pais":"M\u00e9xico","fecha_creacion":"2025-11-27 11:55:24","estatus":"1"},{"id":"30","nombre":"T\u00eda Rosa, Toluca ","direccion":"Benito Juarez Mz. 027","ciudad":"Sta. Ma. Totoltepec, Toluca","pais":"M\u00e9xico","fecha_creacion":"2025-11-27 11:56:59","estatus":"1"},{"id":"31","nombre":"Bimbo Norte","direccion":"Av. F\u00e9lix U. G\u00f3mez 4203, Coyoac\u00e1n, C.P. 64510","ciudad":"Monterrey N.L.","pais":"M\u00e9xico","fecha_creacion":"2025-11-28 15:45:37","estatus":"1"},{"id":"32","nombre":"PLANTA DE PRUEBA","direccion":"PRUEBAS","ciudad":"DCDS","pais":"MEXICO","fecha_creacion":"2025-12-07 18:59:44","estatus":"1"},{"id":"33","nombre":"BSL","direccion":"Eje 128 #135 manzana 3, zona industrial segunda secci\u00f3n ","ciudad":"San Luis Potos\u00ed","pais":"M\u00e9xico","fecha_creacion":"2025-12-08 21:23:56","estatus":"1"},{"id":"34","nombre":"Sanissimo Monterrey","direccion":"Manuel de la Pe\u00f1a y Pe\u00f1a #1020-5, Bella Vista","ciudad":"Monterrey N.L.","pais":"M\u00e9xico","fecha_creacion":"2025-12-08 21:28:12","estatus":"1"}]
WARNING - 2025-12-15 11:13:16 --> [DEPRECATED] Passing lowercase HTTP method "get" is deprecated. Use uppercase HTTP method like "GET". in SYSTEMPATH/Router/RouteCollection.php on line 1026.
 1 SYSTEMPATH/Router/RouteCollection.php(1026): trigger_error('Passing lowercase HTTP method "get" is deprecated. Use uppercase HTTP method like "GET".', 16384)
 2 APPPATH/Config/Routes.php(131): CodeIgniter\Router\RouteCollection->match([...], 'locations/generarPDF', 'LocationsPdfController::generarPDF')
 3 SYSTEMPATH/Router/RouteCollection.php(339): require('/home/u976386866/domains/servipro.site/public_html/app/app/Config/Routes.php')
 4 SYSTEMPATH/CodeIgniter.php(821): CodeIgniter\Router\RouteCollection->loadRoutes()
 5 SYSTEMPATH/CodeIgniter.php(455): CodeIgniter\CodeIgniter->tryToRouteIt(null)
 6 SYSTEMPATH/CodeIgniter.php(354): CodeIgniter\CodeIgniter->handleRequest(null, Object(Config\Cache), false)
 7 SYSTEMPATH/Boot.php(334): CodeIgniter\CodeIgniter->run()
 8 SYSTEMPATH/Boot.php(67): CodeIgniter\Boot::runCodeIgniter(Object(CodeIgniter\CodeIgniter))
 9 FCPATH/index.php(56): CodeIgniter\Boot::bootWeb(Object(Config\Paths))
WARNING - 2025-12-15 11:13:16 --> [DEPRECATED] Passing lowercase HTTP method "post" is deprecated. Use uppercase HTTP method like "POST". in SYSTEMPATH/Router/RouteCollection.php on line 1026.
 1 SYSTEMPATH/Router/RouteCollection.php(1026): trigger_error('Passing lowercase HTTP method "post" is deprecated. Use uppercase HTTP method like "POST".', 16384)
 2 APPPATH/Config/Routes.php(131): CodeIgniter\Router\RouteCollection->match([...], 'locations/generarPDF', 'LocationsPdfController::generarPDF')
 3 SYSTEMPATH/Router/RouteCollection.php(339): require('/home/u976386866/domains/servipro.site/public_html/app/app/Config/Routes.php')
 4 SYSTEMPATH/CodeIgniter.php(821): CodeIgniter\Router\RouteCollection->loadRoutes()
 5 SYSTEMPATH/CodeIgniter.php(455): CodeIgniter\CodeIgniter->tryToRouteIt(null)
 6 SYSTEMPATH/CodeIgniter.php(354): CodeIgniter\CodeIgniter->handleRequest(null, Object(Config\Cache), false)
 7 SYSTEMPATH/Boot.php(334): CodeIgniter\CodeIgniter->run()
 8 SYSTEMPATH/Boot.php(67): CodeIgniter\Boot::runCodeIgniter(Object(CodeIgniter\CodeIgniter))
 9 FCPATH/index.php(56): CodeIgniter\Boot::bootWeb(Object(Config\Paths))
DEBUG - 2025-12-15 11:13:16 --> Session: Class initialized using 'CodeIgniter\Session\Handlers\FileHandler' driver.
WARNING - 2025-12-15 11:13:16 --> [DEPRECATED] Passing lowercase HTTP method "get" is deprecated. Use uppercase HTTP method like "GET". in SYSTEMPATH/Router/RouteCollection.php on line 1026.
 1 SYSTEMPATH/Router/RouteCollection.php(1026): trigger_error('Passing lowercase HTTP method "get" is deprecated. Use uppercase HTTP method like "GET".', 16384)
 2 APPPATH/Config/Routes.php(131): CodeIgniter\Router\RouteCollection->match([...], 'locations/generarPDF', 'LocationsPdfController::generarPDF')
 3 SYSTEMPATH/Router/RouteCollection.php(339): require('/home/u976386866/domains/servipro.site/public_html/app/app/Config/Routes.php')
 4 SYSTEMPATH/CodeIgniter.php(821): CodeIgniter\Router\RouteCollection->loadRoutes()
 5 SYSTEMPATH/CodeIgniter.php(455): CodeIgniter\CodeIgniter->tryToRouteIt(null)
 6 SYSTEMPATH/CodeIgniter.php(354): CodeIgniter\CodeIgniter->handleRequest(null, Object(Config\Cache), false)
 7 SYSTEMPATH/Boot.php(334): CodeIgniter\CodeIgniter->run()
 8 SYSTEMPATH/Boot.php(67): CodeIgniter\Boot::runCodeIgniter(Object(CodeIgniter\CodeIgniter))
 9 FCPATH/index.php(56): CodeIgniter\Boot::bootWeb(Object(Config\Paths))
WARNING - 2025-12-15 11:13:16 --> [DEPRECATED] Passing lowercase HTTP method "post" is deprecated. Use uppercase HTTP method like "POST". in SYSTEMPATH/Router/RouteCollection.php on line 1026.
 1 SYSTEMPATH/Router/RouteCollection.php(1026): trigger_error('Passing lowercase HTTP method "post" is deprecated. Use uppercase HTTP method like "POST".', 16384)
 2 APPPATH/Config/Routes.php(131): CodeIgniter\Router\RouteCollection->match([...], 'locations/generarPDF', 'LocationsPdfController::generarPDF')
 3 SYSTEMPATH/Router/RouteCollection.php(339): require('/home/u976386866/domains/servipro.site/public_html/app/app/Config/Routes.php')
 4 SYSTEMPATH/CodeIgniter.php(821): CodeIgniter\Router\RouteCollection->loadRoutes()
 5 SYSTEMPATH/CodeIgniter.php(455): CodeIgniter\CodeIgniter->tryToRouteIt(null)
 6 SYSTEMPATH/CodeIgniter.php(354): CodeIgniter\CodeIgniter->handleRequest(null, Object(Config\Cache), false)
 7 SYSTEMPATH/Boot.php(334): CodeIgniter\CodeIgniter->run()
 8 SYSTEMPATH/Boot.php(67): CodeIgniter\Boot::runCodeIgniter(Object(CodeIgniter\CodeIgniter))
 9 FCPATH/index.php(56): CodeIgniter\Boot::bootWeb(Object(Config\Paths))
DEBUG - 2025-12-15 11:13:16 --> Session: Class initialized using 'CodeIgniter\Session\Handlers\FileHandler' driver.
WARNING - 2025-12-15 11:13:18 --> [DEPRECATED] Passing lowercase HTTP method "get" is deprecated. Use uppercase HTTP method like "GET". in SYSTEMPATH/Router/RouteCollection.php on line 1026.
 1 SYSTEMPATH/Router/RouteCollection.php(1026): trigger_error('Passing lowercase HTTP method "get" is deprecated. Use uppercase HTTP method like "GET".', 16384)
 2 APPPATH/Config/Routes.php(131): CodeIgniter\Router\RouteCollection->match([...], 'locations/generarPDF', 'LocationsPdfController::generarPDF')
 3 SYSTEMPATH/Router/RouteCollection.php(339): require('/home/u976386866/domains/servipro.site/public_html/app/app/Config/Routes.php')
 4 SYSTEMPATH/CodeIgniter.php(821): CodeIgniter\Router\RouteCollection->loadRoutes()
 5 SYSTEMPATH/CodeIgniter.php(455): CodeIgniter\CodeIgniter->tryToRouteIt(null)
 6 SYSTEMPATH/CodeIgniter.php(354): CodeIgniter\CodeIgniter->handleRequest(null, Object(Config\Cache), false)
 7 SYSTEMPATH/Boot.php(334): CodeIgniter\CodeIgniter->run()
 8 SYSTEMPATH/Boot.php(67): CodeIgniter\Boot::runCodeIgniter(Object(CodeIgniter\CodeIgniter))
 9 FCPATH/index.php(56): CodeIgniter\Boot::bootWeb(Object(Config\Paths))
WARNING - 2025-12-15 11:13:18 --> [DEPRECATED] Passing lowercase HTTP method "post" is deprecated. Use uppercase HTTP method like "POST". in SYSTEMPATH/Router/RouteCollection.php on line 1026.
 1 SYSTEMPATH/Router/RouteCollection.php(1026): trigger_error('Passing lowercase HTTP method "post" is deprecated. Use uppercase HTTP method like "POST".', 16384)
 2 APPPATH/Config/Routes.php(131): CodeIgniter\Router\RouteCollection->match([...], 'locations/generarPDF', 'LocationsPdfController::generarPDF')
 3 SYSTEMPATH/Router/RouteCollection.php(339): require('/home/u976386866/domains/servipro.site/public_html/app/app/Config/Routes.php')
 4 SYSTEMPATH/CodeIgniter.php(821): CodeIgniter\Router\RouteCollection->loadRoutes()
 5 SYSTEMPATH/CodeIgniter.php(455): CodeIgniter\CodeIgniter->tryToRouteIt(null)
 6 SYSTEMPATH/CodeIgniter.php(354): CodeIgniter\CodeIgniter->handleRequest(null, Object(Config\Cache), false)
 7 SYSTEMPATH/Boot.php(334): CodeIgniter\CodeIgniter->run()
 8 SYSTEMPATH/Boot.php(67): CodeIgniter\Boot::runCodeIgniter(Object(CodeIgniter\CodeIgniter))
 9 FCPATH/index.php(56): CodeIgniter\Boot::bootWeb(Object(Config\Paths))
DEBUG - 2025-12-15 11:13:18 --> Session: Class initialized using 'CodeIgniter\Session\Handlers\FileHandler' driver.
WARNING - 2025-12-15 11:13:25 --> [DEPRECATED] Passing lowercase HTTP method "get" is deprecated. Use uppercase HTTP method like "GET". in SYSTEMPATH/Router/RouteCollection.php on line 1026.
 1 SYSTEMPATH/Router/RouteCollection.php(1026): trigger_error('Passing lowercase HTTP method "get" is deprecated. Use uppercase HTTP method like "GET".', 16384)
 2 APPPATH/Config/Routes.php(131): CodeIgniter\Router\RouteCollection->match([...], 'locations/generarPDF', 'LocationsPdfController::generarPDF')
 3 SYSTEMPATH/Router/RouteCollection.php(339): require('/home/u976386866/domains/servipro.site/public_html/app/app/Config/Routes.php')
 4 SYSTEMPATH/CodeIgniter.php(821): CodeIgniter\Router\RouteCollection->loadRoutes()
 5 SYSTEMPATH/CodeIgniter.php(455): CodeIgniter\CodeIgniter->tryToRouteIt(null)
 6 SYSTEMPATH/CodeIgniter.php(354): CodeIgniter\CodeIgniter->handleRequest(null, Object(Config\Cache), false)
 7 SYSTEMPATH/Boot.php(334): CodeIgniter\CodeIgniter->run()
 8 SYSTEMPATH/Boot.php(67): CodeIgniter\Boot::runCodeIgniter(Object(CodeIgniter\CodeIgniter))
 9 FCPATH/index.php(56): CodeIgniter\Boot::bootWeb(Object(Config\Paths))
WARNING - 2025-12-15 11:13:25 --> [DEPRECATED] Passing lowercase HTTP method "post" is deprecated. Use uppercase HTTP method like "POST". in SYSTEMPATH/Router/RouteCollection.php on line 1026.
 1 SYSTEMPATH/Router/RouteCollection.php(1026): trigger_error('Passing lowercase HTTP method "post" is deprecated. Use uppercase HTTP method like "POST".', 16384)
 2 APPPATH/Config/Routes.php(131): CodeIgniter\Router\RouteCollection->match([...], 'locations/generarPDF', 'LocationsPdfController::generarPDF')
 3 SYSTEMPATH/Router/RouteCollection.php(339): require('/home/u976386866/domains/servipro.site/public_html/app/app/Config/Routes.php')
 4 SYSTEMPATH/CodeIgniter.php(821): CodeIgniter\Router\RouteCollection->loadRoutes()
 5 SYSTEMPATH/CodeIgniter.php(455): CodeIgniter\CodeIgniter->tryToRouteIt(null)
 6 SYSTEMPATH/CodeIgniter.php(354): CodeIgniter\CodeIgniter->handleRequest(null, Object(Config\Cache), false)
 7 SYSTEMPATH/Boot.php(334): CodeIgniter\CodeIgniter->run()
 8 SYSTEMPATH/Boot.php(67): CodeIgniter\Boot::runCodeIgniter(Object(CodeIgniter\CodeIgniter))
 9 FCPATH/index.php(56): CodeIgniter\Boot::bootWeb(Object(Config\Paths))
DEBUG - 2025-12-15 11:13:25 --> Session: Class initialized using 'CodeIgniter\Session\Handlers\FileHandler' driver.
WARNING - 2025-12-15 11:13:34 --> [DEPRECATED] Passing lowercase HTTP method "get" is deprecated. Use uppercase HTTP method like "GET". in SYSTEMPATH/Router/RouteCollection.php on line 1026.
 1 SYSTEMPATH/Router/RouteCollection.php(1026): trigger_error('Passing lowercase HTTP method "get" is deprecated. Use uppercase HTTP method like "GET".', 16384)
 2 APPPATH/Config/Routes.php(131): CodeIgniter\Router\RouteCollection->match([...], 'locations/generarPDF', 'LocationsPdfController::generarPDF')
 3 SYSTEMPATH/Router/RouteCollection.php(339): require('/home/u976386866/domains/servipro.site/public_html/app/app/Config/Routes.php')
 4 SYSTEMPATH/CodeIgniter.php(821): CodeIgniter\Router\RouteCollection->loadRoutes()
 5 SYSTEMPATH/CodeIgniter.php(455): CodeIgniter\CodeIgniter->tryToRouteIt(null)
 6 SYSTEMPATH/CodeIgniter.php(354): CodeIgniter\CodeIgniter->handleRequest(null, Object(Config\Cache), false)
 7 SYSTEMPATH/Boot.php(334): CodeIgniter\CodeIgniter->run()
 8 SYSTEMPATH/Boot.php(67): CodeIgniter\Boot::runCodeIgniter(Object(CodeIgniter\CodeIgniter))
 9 FCPATH/index.php(56): CodeIgniter\Boot::bootWeb(Object(Config\Paths))
WARNING - 2025-12-15 11:13:34 --> [DEPRECATED] Passing lowercase HTTP method "post" is deprecated. Use uppercase HTTP method like "POST". in SYSTEMPATH/Router/RouteCollection.php on line 1026.
 1 SYSTEMPATH/Router/RouteCollection.php(1026): trigger_error('Passing lowercase HTTP method "post" is deprecated. Use uppercase HTTP method like "POST".', 16384)
 2 APPPATH/Config/Routes.php(131): CodeIgniter\Router\RouteCollection->match([...], 'locations/generarPDF', 'LocationsPdfController::generarPDF')
 3 SYSTEMPATH/Router/RouteCollection.php(339): require('/home/u976386866/domains/servipro.site/public_html/app/app/Config/Routes.php')
 4 SYSTEMPATH/CodeIgniter.php(821): CodeIgniter\Router\RouteCollection->loadRoutes()
 5 SYSTEMPATH/CodeIgniter.php(455): CodeIgniter\CodeIgniter->tryToRouteIt(null)
 6 SYSTEMPATH/CodeIgniter.php(354): CodeIgniter\CodeIgniter->handleRequest(null, Object(Config\Cache), false)
 7 SYSTEMPATH/Boot.php(334): CodeIgniter\CodeIgniter->run()
 8 SYSTEMPATH/Boot.php(67): CodeIgniter\Boot::runCodeIgniter(Object(CodeIgniter\CodeIgniter))
 9 FCPATH/index.php(56): CodeIgniter\Boot::bootWeb(Object(Config\Paths))
DEBUG - 2025-12-15 11:13:34 --> Session: Class initialized using 'CodeIgniter\Session\Handlers\FileHandler' driver.
WARNING - 2025-12-15 11:13:38 --> [DEPRECATED] Passing lowercase HTTP method "get" is deprecated. Use uppercase HTTP method like "GET". in SYSTEMPATH/Router/RouteCollection.php on line 1026.
 1 SYSTEMPATH/Router/RouteCollection.php(1026): trigger_error('Passing lowercase HTTP method "get" is deprecated. Use uppercase HTTP method like "GET".', 16384)
 2 APPPATH/Config/Routes.php(131): CodeIgniter\Router\RouteCollection->match([...], 'locations/generarPDF', 'LocationsPdfController::generarPDF')
 3 SYSTEMPATH/Router/RouteCollection.php(339): require('/home/u976386866/domains/servipro.site/public_html/app/app/Config/Routes.php')
 4 SYSTEMPATH/CodeIgniter.php(821): CodeIgniter\Router\RouteCollection->loadRoutes()
 5 SYSTEMPATH/CodeIgniter.php(455): CodeIgniter\CodeIgniter->tryToRouteIt(null)
 6 SYSTEMPATH/CodeIgniter.php(354): CodeIgniter\CodeIgniter->handleRequest(null, Object(Config\Cache), false)
 7 SYSTEMPATH/Boot.php(334): CodeIgniter\CodeIgniter->run()
 8 SYSTEMPATH/Boot.php(67): CodeIgniter\Boot::runCodeIgniter(Object(CodeIgniter\CodeIgniter))
 9 FCPATH/index.php(56): CodeIgniter\Boot::bootWeb(Object(Config\Paths))
WARNING - 2025-12-15 11:13:38 --> [DEPRECATED] Passing lowercase HTTP method "post" is deprecated. Use uppercase HTTP method like "POST". in SYSTEMPATH/Router/RouteCollection.php on line 1026.
 1 SYSTEMPATH/Router/RouteCollection.php(1026): trigger_error('Passing lowercase HTTP method "post" is deprecated. Use uppercase HTTP method like "POST".', 16384)
 2 APPPATH/Config/Routes.php(131): CodeIgniter\Router\RouteCollection->match([...], 'locations/generarPDF', 'LocationsPdfController::generarPDF')
 3 SYSTEMPATH/Router/RouteCollection.php(339): require('/home/u976386866/domains/servipro.site/public_html/app/app/Config/Routes.php')
 4 SYSTEMPATH/CodeIgniter.php(821): CodeIgniter\Router\RouteCollection->loadRoutes()
 5 SYSTEMPATH/CodeIgniter.php(455): CodeIgniter\CodeIgniter->tryToRouteIt(null)
 6 SYSTEMPATH/CodeIgniter.php(354): CodeIgniter\CodeIgniter->handleRequest(null, Object(Config\Cache), false)
 7 SYSTEMPATH/Boot.php(334): CodeIgniter\CodeIgniter->run()
 8 SYSTEMPATH/Boot.php(67): CodeIgniter\Boot::runCodeIgniter(Object(CodeIgniter\CodeIgniter))
 9 FCPATH/index.php(56): CodeIgniter\Boot::bootWeb(Object(Config\Paths))
DEBUG - 2025-12-15 11:13:38 --> Session: Class initialized using 'CodeIgniter\Session\Handlers\FileHandler' driver.
WARNING - 2025-12-15 11:13:46 --> [DEPRECATED] Passing lowercase HTTP method "get" is deprecated. Use uppercase HTTP method like "GET". in SYSTEMPATH/Router/RouteCollection.php on line 1026.
 1 SYSTEMPATH/Router/RouteCollection.php(1026): trigger_error('Passing lowercase HTTP method "get" is deprecated. Use uppercase HTTP method like "GET".', 16384)
 2 APPPATH/Config/Routes.php(131): CodeIgniter\Router\RouteCollection->match([...], 'locations/generarPDF', 'LocationsPdfController::generarPDF')
 3 SYSTEMPATH/Router/RouteCollection.php(339): require('/home/u976386866/domains/servipro.site/public_html/app/app/Config/Routes.php')
 4 SYSTEMPATH/CodeIgniter.php(821): CodeIgniter\Router\RouteCollection->loadRoutes()
 5 SYSTEMPATH/CodeIgniter.php(455): CodeIgniter\CodeIgniter->tryToRouteIt(null)
 6 SYSTEMPATH/CodeIgniter.php(354): CodeIgniter\CodeIgniter->handleRequest(null, Object(Config\Cache), false)
 7 SYSTEMPATH/Boot.php(334): CodeIgniter\CodeIgniter->run()
 8 SYSTEMPATH/Boot.php(67): CodeIgniter\Boot::runCodeIgniter(Object(CodeIgniter\CodeIgniter))
 9 FCPATH/index.php(56): CodeIgniter\Boot::bootWeb(Object(Config\Paths))
WARNING - 2025-12-15 11:13:46 --> [DEPRECATED] Passing lowercase HTTP method "post" is deprecated. Use uppercase HTTP method like "POST". in SYSTEMPATH/Router/RouteCollection.php on line 1026.
 1 SYSTEMPATH/Router/RouteCollection.php(1026): trigger_error('Passing lowercase HTTP method "post" is deprecated. Use uppercase HTTP method like "POST".', 16384)
 2 APPPATH/Config/Routes.php(131): CodeIgniter\Router\RouteCollection->match([...], 'locations/generarPDF', 'LocationsPdfController::generarPDF')
 3 SYSTEMPATH/Router/RouteCollection.php(339): require('/home/u976386866/domains/servipro.site/public_html/app/app/Config/Routes.php')
 4 SYSTEMPATH/CodeIgniter.php(821): CodeIgniter\Router\RouteCollection->loadRoutes()
 5 SYSTEMPATH/CodeIgniter.php(455): CodeIgniter\CodeIgniter->tryToRouteIt(null)
 6 SYSTEMPATH/CodeIgniter.php(354): CodeIgniter\CodeIgniter->handleRequest(null, Object(Config\Cache), false)
 7 SYSTEMPATH/Boot.php(334): CodeIgniter\CodeIgniter->run()
 8 SYSTEMPATH/Boot.php(67): CodeIgniter\Boot::runCodeIgniter(Object(CodeIgniter\CodeIgniter))
 9 FCPATH/index.php(56): CodeIgniter\Boot::bootWeb(Object(Config\Paths))
DEBUG - 2025-12-15 11:13:46 --> Session: Class initialized using 'CodeIgniter\Session\Handlers\FileHandler' driver.
WARNING - 2025-12-15 11:14:30 --> [DEPRECATED] Passing lowercase HTTP method "get" is deprecated. Use uppercase HTTP method like "GET". in SYSTEMPATH/Router/RouteCollection.php on line 1026.
 1 SYSTEMPATH/Router/RouteCollection.php(1026): trigger_error('Passing lowercase HTTP method "get" is deprecated. Use uppercase HTTP method like "GET".', 16384)
 2 APPPATH/Config/Routes.php(131): CodeIgniter\Router\RouteCollection->match([...], 'locations/generarPDF', 'LocationsPdfController::generarPDF')
 3 SYSTEMPATH/Router/RouteCollection.php(339): require('/home/u976386866/domains/servipro.site/public_html/app/app/Config/Routes.php')
 4 SYSTEMPATH/CodeIgniter.php(821): CodeIgniter\Router\RouteCollection->loadRoutes()
 5 SYSTEMPATH/CodeIgniter.php(455): CodeIgniter\CodeIgniter->tryToRouteIt(null)
 6 SYSTEMPATH/CodeIgniter.php(354): CodeIgniter\CodeIgniter->handleRequest(null, Object(Config\Cache), false)
 7 SYSTEMPATH/Boot.php(334): CodeIgniter\CodeIgniter->run()
 8 SYSTEMPATH/Boot.php(67): CodeIgniter\Boot::runCodeIgniter(Object(CodeIgniter\CodeIgniter))
 9 FCPATH/index.php(56): CodeIgniter\Boot::bootWeb(Object(Config\Paths))
WARNING - 2025-12-15 11:14:30 --> [DEPRECATED] Passing lowercase HTTP method "post" is deprecated. Use uppercase HTTP method like "POST". in SYSTEMPATH/Router/RouteCollection.php on line 1026.
 1 SYSTEMPATH/Router/RouteCollection.php(1026): trigger_error('Passing lowercase HTTP method "post" is deprecated. Use uppercase HTTP method like "POST".', 16384)
 2 APPPATH/Config/Routes.php(131): CodeIgniter\Router\RouteCollection->match([...], 'locations/generarPDF', 'LocationsPdfController::generarPDF')
 3 SYSTEMPATH/Router/RouteCollection.php(339): require('/home/u976386866/domains/servipro.site/public_html/app/app/Config/Routes.php')
 4 SYSTEMPATH/CodeIgniter.php(821): CodeIgniter\Router\RouteCollection->loadRoutes()
 5 SYSTEMPATH/CodeIgniter.php(455): CodeIgniter\CodeIgniter->tryToRouteIt(null)
 6 SYSTEMPATH/CodeIgniter.php(354): CodeIgniter\CodeIgniter->handleRequest(null, Object(Config\Cache), false)
 7 SYSTEMPATH/Boot.php(334): CodeIgniter\CodeIgniter->run()
 8 SYSTEMPATH/Boot.php(67): CodeIgniter\Boot::runCodeIgniter(Object(CodeIgniter\CodeIgniter))
 9 FCPATH/index.php(56): CodeIgniter\Boot::bootWeb(Object(Config\Paths))
DEBUG - 2025-12-15 11:14:30 --> Session: Class initialized using 'CodeIgniter\Session\Handlers\FileHandler' driver.
WARNING - 2025-12-15 11:14:44 --> [DEPRECATED] Passing lowercase HTTP method "get" is deprecated. Use uppercase HTTP method like "GET". in SYSTEMPATH/Router/RouteCollection.php on line 1026.
 1 SYSTEMPATH/Router/RouteCollection.php(1026): trigger_error('Passing lowercase HTTP method "get" is deprecated. Use uppercase HTTP method like "GET".', 16384)
 2 APPPATH/Config/Routes.php(131): CodeIgniter\Router\RouteCollection->match([...], 'locations/generarPDF', 'LocationsPdfController::generarPDF')
 3 SYSTEMPATH/Router/RouteCollection.php(339): require('/home/u976386866/domains/servipro.site/public_html/app/app/Config/Routes.php')
 4 SYSTEMPATH/CodeIgniter.php(821): CodeIgniter\Router\RouteCollection->loadRoutes()
 5 SYSTEMPATH/CodeIgniter.php(455): CodeIgniter\CodeIgniter->tryToRouteIt(null)
 6 SYSTEMPATH/CodeIgniter.php(354): CodeIgniter\CodeIgniter->handleRequest(null, Object(Config\Cache), false)
 7 SYSTEMPATH/Boot.php(334): CodeIgniter\CodeIgniter->run()
 8 SYSTEMPATH/Boot.php(67): CodeIgniter\Boot::runCodeIgniter(Object(CodeIgniter\CodeIgniter))
 9 FCPATH/index.php(56): CodeIgniter\Boot::bootWeb(Object(Config\Paths))
WARNING - 2025-12-15 11:14:44 --> [DEPRECATED] Passing lowercase HTTP method "post" is deprecated. Use uppercase HTTP method like "POST". in SYSTEMPATH/Router/RouteCollection.php on line 1026.
 1 SYSTEMPATH/Router/RouteCollection.php(1026): trigger_error('Passing lowercase HTTP method "post" is deprecated. Use uppercase HTTP method like "POST".', 16384)
 2 APPPATH/Config/Routes.php(131): CodeIgniter\Router\RouteCollection->match([...], 'locations/generarPDF', 'LocationsPdfController::generarPDF')
 3 SYSTEMPATH/Router/RouteCollection.php(339): require('/home/u976386866/domains/servipro.site/public_html/app/app/Config/Routes.php')
 4 SYSTEMPATH/CodeIgniter.php(821): CodeIgniter\Router\RouteCollection->loadRoutes()
 5 SYSTEMPATH/CodeIgniter.php(455): CodeIgniter\CodeIgniter->tryToRouteIt(null)
 6 SYSTEMPATH/CodeIgniter.php(354): CodeIgniter\CodeIgniter->handleRequest(null, Object(Config\Cache), false)
 7 SYSTEMPATH/Boot.php(334): CodeIgniter\CodeIgniter->run()
 8 SYSTEMPATH/Boot.php(67): CodeIgniter\Boot::runCodeIgniter(Object(CodeIgniter\CodeIgniter))
 9 FCPATH/index.php(56): CodeIgniter\Boot::bootWeb(Object(Config\Paths))
DEBUG - 2025-12-15 11:14:44 --> Session: Class initialized using 'CodeIgniter\Session\Handlers\FileHandler' driver.
WARNING - 2025-12-15 11:15:51 --> [DEPRECATED] Passing lowercase HTTP method "get" is deprecated. Use uppercase HTTP method like "GET". in SYSTEMPATH/Router/RouteCollection.php on line 1026.
 1 SYSTEMPATH/Router/RouteCollection.php(1026): trigger_error('Passing lowercase HTTP method "get" is deprecated. Use uppercase HTTP method like "GET".', 16384)
 2 APPPATH/Config/Routes.php(131): CodeIgniter\Router\RouteCollection->match([...], 'locations/generarPDF', 'LocationsPdfController::generarPDF')
 3 SYSTEMPATH/Router/RouteCollection.php(339): require('/home/u976386866/domains/servipro.site/public_html/app/app/Config/Routes.php')
 4 SYSTEMPATH/CodeIgniter.php(821): CodeIgniter\Router\RouteCollection->loadRoutes()
 5 SYSTEMPATH/CodeIgniter.php(455): CodeIgniter\CodeIgniter->tryToRouteIt(null)
 6 SYSTEMPATH/CodeIgniter.php(354): CodeIgniter\CodeIgniter->handleRequest(null, Object(Config\Cache), false)
 7 SYSTEMPATH/Boot.php(334): CodeIgniter\CodeIgniter->run()
 8 SYSTEMPATH/Boot.php(67): CodeIgniter\Boot::runCodeIgniter(Object(CodeIgniter\CodeIgniter))
 9 FCPATH/index.php(56): CodeIgniter\Boot::bootWeb(Object(Config\Paths))
WARNING - 2025-12-15 11:15:51 --> [DEPRECATED] Passing lowercase HTTP method "get" is deprecated. Use uppercase HTTP method like "GET". in SYSTEMPATH/Router/RouteCollection.php on line 1026.
 1 SYSTEMPATH/Router/RouteCollection.php(1026): trigger_error('Passing lowercase HTTP method "get" is deprecated. Use uppercase HTTP method like "GET".', 16384)
 2 APPPATH/Config/Routes.php(131): CodeIgniter\Router\RouteCollection->match([...], 'locations/generarPDF', 'LocationsPdfController::generarPDF')
 3 SYSTEMPATH/Router/RouteCollection.php(339): require('/home/u976386866/domains/servipro.site/public_html/app/app/Config/Routes.php')
 4 SYSTEMPATH/CodeIgniter.php(821): CodeIgniter\Router\RouteCollection->loadRoutes()
 5 SYSTEMPATH/CodeIgniter.php(455): CodeIgniter\CodeIgniter->tryToRouteIt(null)
 6 SYSTEMPATH/CodeIgniter.php(354): CodeIgniter\CodeIgniter->handleRequest(null, Object(Config\Cache), false)
 7 SYSTEMPATH/Boot.php(334): CodeIgniter\CodeIgniter->run()
 8 SYSTEMPATH/Boot.php(67): CodeIgniter\Boot::runCodeIgniter(Object(CodeIgniter\CodeIgniter))
 9 FCPATH/index.php(56): CodeIgniter\Boot::bootWeb(Object(Config\Paths))
WARNING - 2025-12-15 11:15:51 --> [DEPRECATED] Passing lowercase HTTP method "post" is deprecated. Use uppercase HTTP method like "POST". in SYSTEMPATH/Router/RouteCollection.php on line 1026.
 1 SYSTEMPATH/Router/RouteCollection.php(1026): trigger_error('Passing lowercase HTTP method "post" is deprecated. Use uppercase HTTP method like "POST".', 16384)
 2 APPPATH/Config/Routes.php(131): CodeIgniter\Router\RouteCollection->match([...], 'locations/generarPDF', 'LocationsPdfController::generarPDF')
 3 SYSTEMPATH/Router/RouteCollection.php(339): require('/home/u976386866/domains/servipro.site/public_html/app/app/Config/Routes.php')
 4 SYSTEMPATH/CodeIgniter.php(821): CodeIgniter\Router\RouteCollection->loadRoutes()
 5 SYSTEMPATH/CodeIgniter.php(455): CodeIgniter\CodeIgniter->tryToRouteIt(null)
 6 SYSTEMPATH/CodeIgniter.php(354): CodeIgniter\CodeIgniter->handleRequest(null, Object(Config\Cache), false)
 7 SYSTEMPATH/Boot.php(334): CodeIgniter\CodeIgniter->run()
 8 SYSTEMPATH/Boot.php(67): CodeIgniter\Boot::runCodeIgniter(Object(CodeIgniter\CodeIgniter))
 9 FCPATH/index.php(56): CodeIgniter\Boot::bootWeb(Object(Config\Paths))
WARNING - 2025-12-15 11:15:51 --> [DEPRECATED] Passing lowercase HTTP method "post" is deprecated. Use uppercase HTTP method like "POST". in SYSTEMPATH/Router/RouteCollection.php on line 1026.
 1 SYSTEMPATH/Router/RouteCollection.php(1026): trigger_error('Passing lowercase HTTP method "post" is deprecated. Use uppercase HTTP method like "POST".', 16384)
 2 APPPATH/Config/Routes.php(131): CodeIgniter\Router\RouteCollection->match([...], 'locations/generarPDF', 'LocationsPdfController::generarPDF')
 3 SYSTEMPATH/Router/RouteCollection.php(339): require('/home/u976386866/domains/servipro.site/public_html/app/app/Config/Routes.php')
 4 SYSTEMPATH/CodeIgniter.php(821): CodeIgniter\Router\RouteCollection->loadRoutes()
 5 SYSTEMPATH/CodeIgniter.php(455): CodeIgniter\CodeIgniter->tryToRouteIt(null)
 6 SYSTEMPATH/CodeIgniter.php(354): CodeIgniter\CodeIgniter->handleRequest(null, Object(Config\Cache), false)
 7 SYSTEMPATH/Boot.php(334): CodeIgniter\CodeIgniter->run()
 8 SYSTEMPATH/Boot.php(67): CodeIgniter\Boot::runCodeIgniter(Object(CodeIgniter\CodeIgniter))
 9 FCPATH/index.php(56): CodeIgniter\Boot::bootWeb(Object(Config\Paths))
WARNING - 2025-12-15 11:15:51 --> [DEPRECATED] Passing lowercase HTTP method "get" is deprecated. Use uppercase HTTP method like "GET". in SYSTEMPATH/Router/RouteCollection.php on line 1026.
 1 SYSTEMPATH/Router/RouteCollection.php(1026): trigger_error('Passing lowercase HTTP method "get" is deprecated. Use uppercase HTTP method like "GET".', 16384)
 2 APPPATH/Config/Routes.php(131): CodeIgniter\Router\RouteCollection->match([...], 'locations/generarPDF', 'LocationsPdfController::generarPDF')
 3 SYSTEMPATH/Router/RouteCollection.php(339): require('/home/u976386866/domains/servipro.site/public_html/app/app/Config/Routes.php')
 4 SYSTEMPATH/CodeIgniter.php(821): CodeIgniter\Router\RouteCollection->loadRoutes()
 5 SYSTEMPATH/CodeIgniter.php(455): CodeIgniter\CodeIgniter->tryToRouteIt(null)
 6 SYSTEMPATH/CodeIgniter.php(354): CodeIgniter\CodeIgniter->handleRequest(null, Object(Config\Cache), false)
 7 SYSTEMPATH/Boot.php(334): CodeIgniter\CodeIgniter->run()
 8 SYSTEMPATH/Boot.php(67): CodeIgniter\Boot::runCodeIgniter(Object(CodeIgniter\CodeIgniter))
 9 FCPATH/index.php(56): CodeIgniter\Boot::bootWeb(Object(Config\Paths))
WARNING - 2025-12-15 11:15:51 --> [DEPRECATED] Passing lowercase HTTP method "post" is deprecated. Use uppercase HTTP method like "POST". in SYSTEMPATH/Router/RouteCollection.php on line 1026.
 1 SYSTEMPATH/Router/RouteCollection.php(1026): trigger_error('Passing lowercase HTTP method "post" is deprecated. Use uppercase HTTP method like "POST".', 16384)
 2 APPPATH/Config/Routes.php(131): CodeIgniter\Router\RouteCollection->match([...], 'locations/generarPDF', 'LocationsPdfController::generarPDF')
 3 SYSTEMPATH/Router/RouteCollection.php(339): require('/home/u976386866/domains/servipro.site/public_html/app/app/Config/Routes.php')
 4 SYSTEMPATH/CodeIgniter.php(821): CodeIgniter\Router\RouteCollection->loadRoutes()
 5 SYSTEMPATH/CodeIgniter.php(455): CodeIgniter\CodeIgniter->tryToRouteIt(null)
 6 SYSTEMPATH/CodeIgniter.php(354): CodeIgniter\CodeIgniter->handleRequest(null, Object(Config\Cache), false)
 7 SYSTEMPATH/Boot.php(334): CodeIgniter\CodeIgniter->run()
 8 SYSTEMPATH/Boot.php(67): CodeIgniter\Boot::runCodeIgniter(Object(CodeIgniter\CodeIgniter))
 9 FCPATH/index.php(56): CodeIgniter\Boot::bootWeb(Object(Config\Paths))
WARNING - 2025-12-15 11:15:51 --> [DEPRECATED] Passing lowercase HTTP method "get" is deprecated. Use uppercase HTTP method like "GET". in SYSTEMPATH/Router/RouteCollection.php on line 1026.
 1 SYSTEMPATH/Router/RouteCollection.php(1026): trigger_error('Passing lowercase HTTP method "get" is deprecated. Use uppercase HTTP method like "GET".', 16384)
 2 APPPATH/Config/Routes.php(131): CodeIgniter\Router\RouteCollection->match([...], 'locations/generarPDF', 'LocationsPdfController::generarPDF')
 3 SYSTEMPATH/Router/RouteCollection.php(339): require('/home/u976386866/domains/servipro.site/public_html/app/app/Config/Routes.php')
 4 SYSTEMPATH/CodeIgniter.php(821): CodeIgniter\Router\RouteCollection->loadRoutes()
 5 SYSTEMPATH/CodeIgniter.php(455): CodeIgniter\CodeIgniter->tryToRouteIt(null)
 6 SYSTEMPATH/CodeIgniter.php(354): CodeIgniter\CodeIgniter->handleRequest(null, Object(Config\Cache), false)
 7 SYSTEMPATH/Boot.php(334): CodeIgniter\CodeIgniter->run()
 8 SYSTEMPATH/Boot.php(67): CodeIgniter\Boot::runCodeIgniter(Object(CodeIgniter\CodeIgniter))
 9 FCPATH/index.php(56): CodeIgniter\Boot::bootWeb(Object(Config\Paths))
WARNING - 2025-12-15 11:15:51 --> [DEPRECATED] Passing lowercase HTTP method "post" is deprecated. Use uppercase HTTP method like "POST". in SYSTEMPATH/Router/RouteCollection.php on line 1026.
 1 SYSTEMPATH/Router/RouteCollection.php(1026): trigger_error('Passing lowercase HTTP method "post" is deprecated. Use uppercase HTTP method like "POST".', 16384)
 2 APPPATH/Config/Routes.php(131): CodeIgniter\Router\RouteCollection->match([...], 'locations/generarPDF', 'LocationsPdfController::generarPDF')
 3 SYSTEMPATH/Router/RouteCollection.php(339): require('/home/u976386866/domains/servipro.site/public_html/app/app/Config/Routes.php')
 4 SYSTEMPATH/CodeIgniter.php(821): CodeIgniter\Router\RouteCollection->loadRoutes()
 5 SYSTEMPATH/CodeIgniter.php(455): CodeIgniter\CodeIgniter->tryToRouteIt(null)
 6 SYSTEMPATH/CodeIgniter.php(354): CodeIgniter\CodeIgniter->handleRequest(null, Object(Config\Cache), false)
 7 SYSTEMPATH/Boot.php(334): CodeIgniter\CodeIgniter->run()
 8 SYSTEMPATH/Boot.php(67): CodeIgniter\Boot::runCodeIgniter(Object(CodeIgniter\CodeIgniter))
 9 FCPATH/index.php(56): CodeIgniter\Boot::bootWeb(Object(Config\Paths))
DEBUG - 2025-12-15 11:15:51 --> Session: Class initialized using 'CodeIgniter\Session\Handlers\FileHandler' driver.
INFO - 2025-12-15 11:15:51 --> trampa_id recibido: 
INFO - 2025-12-15 11:15:51 --> tipo_plaga recibido: mosca
INFO - 2025-12-15 11:15:51 --> tipo_incidencia recibido: Hallazgo
INFO - 2025-12-15 11:15:51 --> Datos de incidencia recibidos: {"id_trampa":"","tipo_plaga":"mosca","tipo_insecto":"Volador","cantidad_organismos":"2","tipo_incidencia":"Hallazgo","zona":"Fosas boller\u00eda 2","notas":"","inspector":"Diego Romero"}
INFO - 2025-12-15 11:15:51 --> Valores antes de guardar: tipo_insecto=Volador, tipo_incidencia=Hallazgo
WARNING - 2025-12-15 11:15:51 --> [DEPRECATED] Passing lowercase HTTP method "get" is deprecated. Use uppercase HTTP method like "GET". in SYSTEMPATH/Router/RouteCollection.php on line 1026.
 1 SYSTEMPATH/Router/RouteCollection.php(1026): trigger_error('Passing lowercase HTTP method "get" is deprecated. Use uppercase HTTP method like "GET".', 16384)
 2 APPPATH/Config/Routes.php(131): CodeIgniter\Router\RouteCollection->match([...], 'locations/generarPDF', 'LocationsPdfController::generarPDF')
 3 SYSTEMPATH/Router/RouteCollection.php(339): require('/home/u976386866/domains/servipro.site/public_html/app/app/Config/Routes.php')
 4 SYSTEMPATH/CodeIgniter.php(821): CodeIgniter\Router\RouteCollection->loadRoutes()
 5 SYSTEMPATH/CodeIgniter.php(455): CodeIgniter\CodeIgniter->tryToRouteIt(null)
 6 SYSTEMPATH/CodeIgniter.php(354): CodeIgniter\CodeIgniter->handleRequest(null, Object(Config\Cache), false)
 7 SYSTEMPATH/Boot.php(334): CodeIgniter\CodeIgniter->run()
 8 SYSTEMPATH/Boot.php(67): CodeIgniter\Boot::runCodeIgniter(Object(CodeIgniter\CodeIgniter))
 9 FCPATH/index.php(56): CodeIgniter\Boot::bootWeb(Object(Config\Paths))
WARNING - 2025-12-15 11:15:51 --> [DEPRECATED] Passing lowercase HTTP method "post" is deprecated. Use uppercase HTTP method like "POST". in SYSTEMPATH/Router/RouteCollection.php on line 1026.
 1 SYSTEMPATH/Router/RouteCollection.php(1026): trigger_error('Passing lowercase HTTP method "post" is deprecated. Use uppercase HTTP method like "POST".', 16384)
 2 APPPATH/Config/Routes.php(131): CodeIgniter\Router\RouteCollection->match([...], 'locations/generarPDF', 'LocationsPdfController::generarPDF')
 3 SYSTEMPATH/Router/RouteCollection.php(339): require('/home/u976386866/domains/servipro.site/public_html/app/app/Config/Routes.php')
 4 SYSTEMPATH/CodeIgniter.php(821): CodeIgniter\Router\RouteCollection->loadRoutes()
 5 SYSTEMPATH/CodeIgniter.php(455): CodeIgniter\CodeIgniter->tryToRouteIt(null)
 6 SYSTEMPATH/CodeIgniter.php(354): CodeIgniter\CodeIgniter->handleRequest(null, Object(Config\Cache), false)
 7 SYSTEMPATH/Boot.php(334): CodeIgniter\CodeIgniter->run()
 8 SYSTEMPATH/Boot.php(67): CodeIgniter\Boot::runCodeIgniter(Object(CodeIgniter\CodeIgniter))
 9 FCPATH/index.php(56): CodeIgniter\Boot::bootWeb(Object(Config\Paths))
INFO - 2025-12-15 11:15:51 --> Incidencia guardada con ID: 5268
WARNING - 2025-12-15 11:15:51 --> [DEPRECATED] Passing lowercase HTTP method "get" is deprecated. Use uppercase HTTP method like "GET". in SYSTEMPATH/Router/RouteCollection.php on line 1026.
 1 SYSTEMPATH/Router/RouteCollection.php(1026): trigger_error('Passing lowercase HTTP method "get" is deprecated. Use uppercase HTTP method like "GET".', 16384)
 2 APPPATH/Config/Routes.php(131): CodeIgniter\Router\RouteCollection->match([...], 'locations/generarPDF', 'LocationsPdfController::generarPDF')
 3 SYSTEMPATH/Router/RouteCollection.php(339): require('/home/u976386866/domains/servipro.site/public_html/app/app/Config/Routes.php')
 4 SYSTEMPATH/CodeIgniter.php(821): CodeIgniter\Router\RouteCollection->loadRoutes()
 5 SYSTEMPATH/CodeIgniter.php(455): CodeIgniter\CodeIgniter->tryToRouteIt(null)
 6 SYSTEMPATH/CodeIgniter.php(354): CodeIgniter\CodeIgniter->handleRequest(null, Object(Config\Cache), false)
 7 SYSTEMPATH/Boot.php(334): CodeIgniter\CodeIgniter->run()
 8 SYSTEMPATH/Boot.php(67): CodeIgniter\Boot::runCodeIgniter(Object(CodeIgniter\CodeIgniter))
 9 FCPATH/index.php(56): CodeIgniter\Boot::bootWeb(Object(Config\Paths))
WARNING - 2025-12-15 11:15:51 --> [DEPRECATED] Passing lowercase HTTP method "post" is deprecated. Use uppercase HTTP method like "POST". in SYSTEMPATH/Router/RouteCollection.php on line 1026.
 1 SYSTEMPATH/Router/RouteCollection.php(1026): trigger_error('Passing lowercase HTTP method "post" is deprecated. Use uppercase HTTP method like "POST".', 16384)
 2 APPPATH/Config/Routes.php(131): CodeIgniter\Router\RouteCollection->match([...], 'locations/generarPDF', 'LocationsPdfController::generarPDF')
 3 SYSTEMPATH/Router/RouteCollection.php(339): require('/home/u976386866/domains/servipro.site/public_html/app/app/Config/Routes.php')
 4 SYSTEMPATH/CodeIgniter.php(821): CodeIgniter\Router\RouteCollection->loadRoutes()
 5 SYSTEMPATH/CodeIgniter.php(455): CodeIgniter\CodeIgniter->tryToRouteIt(null)
 6 SYSTEMPATH/CodeIgniter.php(354): CodeIgniter\CodeIgniter->handleRequest(null, Object(Config\Cache), false)
 7 SYSTEMPATH/Boot.php(334): CodeIgniter\CodeIgniter->run()
 8 SYSTEMPATH/Boot.php(67): CodeIgniter\Boot::runCodeIgniter(Object(CodeIgniter\CodeIgniter))
 9 FCPATH/index.php(56): CodeIgniter\Boot::bootWeb(Object(Config\Paths))
INFO - 2025-12-15 11:15:51 --> Incidencia guardada: {"id":"5268","id_trampa":null,"sede_id":"17","fecha":"2025-12-15 00:00:00","tipo_plaga":"mosca","tipo_insecto":"Volador","cantidad_organismos":"2","tipo_incidencia":"Hallazgo","notas":"Zona: Fosas boller\u00eda 2","inspector":"Diego Romero","plano_id":null}
DEBUG - 2025-12-15 11:15:51 --> Session: Class initialized using 'CodeIgniter\Session\Handlers\FileHandler' driver.
INFO - 2025-12-15 11:15:51 --> trampa_id recibido: 
INFO - 2025-12-15 11:15:51 --> tipo_plaga recibido: mosca_fruta
INFO - 2025-12-15 11:15:51 --> tipo_incidencia recibido: Hallazgo
INFO - 2025-12-15 11:15:51 --> Datos de incidencia recibidos: {"id_trampa":"","tipo_plaga":"mosca_fruta","tipo_insecto":"Volador","cantidad_organismos":"5","tipo_incidencia":"Hallazgo","zona":"Almac\u00e9n de materias primas","notas":"","inspector":"Diego Romero"}
INFO - 2025-12-15 11:15:51 --> Valores antes de guardar: tipo_insecto=Volador, tipo_incidencia=Hallazgo
INFO - 2025-12-15 11:15:51 --> Incidencia guardada con ID: 5269
INFO - 2025-12-15 11:15:51 --> Incidencia guardada: {"id":"5269","id_trampa":null,"sede_id":"17","fecha":"2025-12-15 00:00:00","tipo_plaga":"mosca_fruta","tipo_insecto":"Volador","cantidad_organismos":"5","tipo_incidencia":"Hallazgo","notas":"Zona: Almac\u00e9n de materias primas","inspector":"Diego Romero","plano_id":null}
DEBUG - 2025-12-15 11:15:51 --> Session: Class initialized using 'CodeIgniter\Session\Handlers\FileHandler' driver.
INFO - 2025-12-15 11:15:51 --> trampa_id recibido: 
INFO - 2025-12-15 11:15:51 --> tipo_plaga recibido: mosca_metalica
INFO - 2025-12-15 11:15:51 --> tipo_incidencia recibido: Hallazgo
INFO - 2025-12-15 11:15:51 --> Datos de incidencia recibidos: {"id_trampa":"","tipo_plaga":"mosca_metalica","tipo_insecto":"Volador","cantidad_organismos":"9","tipo_incidencia":"Hallazgo","zona":"Fosas boller\u00eda 2","notas":"","inspector":"Diego Romero"}
INFO - 2025-12-15 11:15:51 --> Valores antes de guardar: tipo_insecto=Volador, tipo_incidencia=Hallazgo
INFO - 2025-12-15 11:15:51 --> Incidencia guardada con ID: 5270
INFO - 2025-12-15 11:15:51 --> Incidencia guardada: {"id":"5270","id_trampa":null,"sede_id":"17","fecha":"2025-12-15 00:00:00","tipo_plaga":"mosca_metalica","tipo_insecto":"Volador","cantidad_organismos":"9","tipo_incidencia":"Hallazgo","notas":"Zona: Fosas boller\u00eda 2","inspector":"Diego Romero","plano_id":null}
DEBUG - 2025-12-15 11:15:51 --> Session: Class initialized using 'CodeIgniter\Session\Handlers\FileHandler' driver.
INFO - 2025-12-15 11:15:51 --> trampa_id recibido: 
INFO - 2025-12-15 11:15:51 --> tipo_plaga recibido: palomilla_almacen
INFO - 2025-12-15 11:15:51 --> tipo_incidencia recibido: Hallazgo
INFO - 2025-12-15 11:15:51 --> Datos de incidencia recibidos: {"id_trampa":"","tipo_plaga":"palomilla_almacen","tipo_insecto":"Volador","cantidad_organismos":"7","tipo_incidencia":"Hallazgo","zona":"Almac\u00e9n de materias primas","notas":"","inspector":"Diego Romero"}
INFO - 2025-12-15 11:15:51 --> Valores antes de guardar: tipo_insecto=Volador, tipo_incidencia=Hallazgo
INFO - 2025-12-15 11:15:51 --> Incidencia guardada con ID: 5271
INFO - 2025-12-15 11:15:51 --> Incidencia guardada: {"id":"5271","id_trampa":null,"sede_id":"17","fecha":"2025-12-15 00:00:00","tipo_plaga":"palomilla_almacen","tipo_insecto":"Volador","cantidad_organismos":"7","tipo_incidencia":"Hallazgo","notas":"Zona: Almac\u00e9n de materias primas","inspector":"Diego Romero","plano_id":null}
DEBUG - 2025-12-15 11:15:51 --> Session: Class initialized using 'CodeIgniter\Session\Handlers\FileHandler' driver.
INFO - 2025-12-15 11:15:51 --> trampa_id recibido: 
INFO - 2025-12-15 11:15:51 --> tipo_plaga recibido: otras_palomillas
INFO - 2025-12-15 11:15:51 --> tipo_incidencia recibido: Hallazgo
INFO - 2025-12-15 11:15:51 --> Datos de incidencia recibidos: {"id_trampa":"","tipo_plaga":"otras_palomillas","tipo_insecto":"Volador","cantidad_organismos":"2","tipo_incidencia":"Hallazgo","zona":"Fosas boller\u00eda 2","notas":"","inspector":"Diego Romero"}
INFO - 2025-12-15 11:15:51 --> Valores antes de guardar: tipo_insecto=Volador, tipo_incidencia=Hallazgo
INFO - 2025-12-15 11:15:51 --> Incidencia guardada con ID: 5272
INFO - 2025-12-15 11:15:51 --> Incidencia guardada: {"id":"5272","id_trampa":null,"sede_id":"17","fecha":"2025-12-15 00:00:00","tipo_plaga":"otras_palomillas","tipo_insecto":"Volador","cantidad_organismos":"2","tipo_incidencia":"Hallazgo","notas":"Zona: Fosas boller\u00eda 2","inspector":"Diego Romero","plano_id":null}
DEBUG - 2025-12-15 11:15:51 --> Session: Class initialized using 'CodeIgniter\Session\Handlers\FileHandler' driver.
INFO - 2025-12-15 11:15:51 --> trampa_id recibido: 
INFO - 2025-12-15 11:15:51 --> tipo_plaga recibido: mosca_metalica
INFO - 2025-12-15 11:15:51 --> tipo_incidencia recibido: Hallazgo
INFO - 2025-12-15 11:15:51 --> Datos de incidencia recibidos: {"id_trampa":"","tipo_plaga":"mosca_metalica","tipo_insecto":"Volador","cantidad_organismos":"6","tipo_incidencia":"Hallazgo","zona":"Almac\u00e9n de materias primas","notas":"","inspector":"Diego Romero"}
INFO - 2025-12-15 11:15:51 --> Valores antes de guardar: tipo_insecto=Volador, tipo_incidencia=Hallazgo
INFO - 2025-12-15 11:15:51 --> Incidencia guardada con ID: 5273
INFO - 2025-12-15 11:15:51 --> Incidencia guardada: {"id":"5273","id_trampa":null,"sede_id":"17","fecha":"2025-12-15 00:00:00","tipo_plaga":"mosca_metalica","tipo_insecto":"Volador","cantidad_organismos":"6","tipo_incidencia":"Hallazgo","notas":"Zona: Almac\u00e9n de materias primas","inspector":"Diego Romero","plano_id":null}
WARNING - 2025-12-15 11:15:58 --> [DEPRECATED] Passing lowercase HTTP method "get" is deprecated. Use uppercase HTTP method like "GET". in SYSTEMPATH/Router/RouteCollection.php on line 1026.
 1 SYSTEMPATH/Router/RouteCollection.php(1026): trigger_error('Passing lowercase HTTP method "get" is deprecated. Use uppercase HTTP method like "GET".', 16384)
 2 APPPATH/Config/Routes.php(131): CodeIgniter\Router\RouteCollection->match([...], 'locations/generarPDF', 'LocationsPdfController::generarPDF')
 3 SYSTEMPATH/Router/RouteCollection.php(339): require('/home/u976386866/domains/servipro.site/public_html/app/app/Config/Routes.php')
 4 SYSTEMPATH/CodeIgniter.php(821): CodeIgniter\Router\RouteCollection->loadRoutes()
 5 SYSTEMPATH/CodeIgniter.php(455): CodeIgniter\CodeIgniter->tryToRouteIt(null)
 6 SYSTEMPATH/CodeIgniter.php(354): CodeIgniter\CodeIgniter->handleRequest(null, Object(Config\Cache), false)
 7 SYSTEMPATH/Boot.php(334): CodeIgniter\CodeIgniter->run()
 8 SYSTEMPATH/Boot.php(67): CodeIgniter\Boot::runCodeIgniter(Object(CodeIgniter\CodeIgniter))
 9 FCPATH/index.php(56): CodeIgniter\Boot::bootWeb(Object(Config\Paths))
WARNING - 2025-12-15 11:15:58 --> [DEPRECATED] Passing lowercase HTTP method "post" is deprecated. Use uppercase HTTP method like "POST". in SYSTEMPATH/Router/RouteCollection.php on line 1026.
 1 SYSTEMPATH/Router/RouteCollection.php(1026): trigger_error('Passing lowercase HTTP method "post" is deprecated. Use uppercase HTTP method like "POST".', 16384)
 2 APPPATH/Config/Routes.php(131): CodeIgniter\Router\RouteCollection->match([...], 'locations/generarPDF', 'LocationsPdfController::generarPDF')
 3 SYSTEMPATH/Router/RouteCollection.php(339): require('/home/u976386866/domains/servipro.site/public_html/app/app/Config/Routes.php')
 4 SYSTEMPATH/CodeIgniter.php(821): CodeIgniter\Router\RouteCollection->loadRoutes()
 5 SYSTEMPATH/CodeIgniter.php(455): CodeIgniter\CodeIgniter->tryToRouteIt(null)
 6 SYSTEMPATH/CodeIgniter.php(354): CodeIgniter\CodeIgniter->handleRequest(null, Object(Config\Cache), false)
 7 SYSTEMPATH/Boot.php(334): CodeIgniter\CodeIgniter->run()
 8 SYSTEMPATH/Boot.php(67): CodeIgniter\Boot::runCodeIgniter(Object(CodeIgniter\CodeIgniter))
 9 FCPATH/index.php(56): CodeIgniter\Boot::bootWeb(Object(Config\Paths))
DEBUG - 2025-12-15 11:15:58 --> Session: Class initialized using 'CodeIgniter\Session\Handlers\FileHandler' driver.
WARNING - 2025-12-15 11:16:16 --> [DEPRECATED] Passing lowercase HTTP method "get" is deprecated. Use uppercase HTTP method like "GET". in SYSTEMPATH/Router/RouteCollection.php on line 1026.
 1 SYSTEMPATH/Router/RouteCollection.php(1026): trigger_error('Passing lowercase HTTP method "get" is deprecated. Use uppercase HTTP method like "GET".', 16384)
 2 APPPATH/Config/Routes.php(131): CodeIgniter\Router\RouteCollection->match([...], 'locations/generarPDF', 'LocationsPdfController::generarPDF')
 3 SYSTEMPATH/Router/RouteCollection.php(339): require('/home/u976386866/domains/servipro.site/public_html/app/app/Config/Routes.php')
 4 SYSTEMPATH/CodeIgniter.php(821): CodeIgniter\Router\RouteCollection->loadRoutes()
 5 SYSTEMPATH/CodeIgniter.php(455): CodeIgniter\CodeIgniter->tryToRouteIt(null)
 6 SYSTEMPATH/CodeIgniter.php(354): CodeIgniter\CodeIgniter->handleRequest(null, Object(Config\Cache), false)
 7 SYSTEMPATH/Boot.php(334): CodeIgniter\CodeIgniter->run()
 8 SYSTEMPATH/Boot.php(67): CodeIgniter\Boot::runCodeIgniter(Object(CodeIgniter\CodeIgniter))
 9 FCPATH/index.php(56): CodeIgniter\Boot::bootWeb(Object(Config\Paths))
WARNING - 2025-12-15 11:16:16 --> [DEPRECATED] Passing lowercase HTTP method "post" is deprecated. Use uppercase HTTP method like "POST". in SYSTEMPATH/Router/RouteCollection.php on line 1026.
 1 SYSTEMPATH/Router/RouteCollection.php(1026): trigger_error('Passing lowercase HTTP method "post" is deprecated. Use uppercase HTTP method like "POST".', 16384)
 2 APPPATH/Config/Routes.php(131): CodeIgniter\Router\RouteCollection->match([...], 'locations/generarPDF', 'LocationsPdfController::generarPDF')
 3 SYSTEMPATH/Router/RouteCollection.php(339): require('/home/u976386866/domains/servipro.site/public_html/app/app/Config/Routes.php')
 4 SYSTEMPATH/CodeIgniter.php(821): CodeIgniter\Router\RouteCollection->loadRoutes()
 5 SYSTEMPATH/CodeIgniter.php(455): CodeIgniter\CodeIgniter->tryToRouteIt(null)
 6 SYSTEMPATH/CodeIgniter.php(354): CodeIgniter\CodeIgniter->handleRequest(null, Object(Config\Cache), false)
 7 SYSTEMPATH/Boot.php(334): CodeIgniter\CodeIgniter->run()
 8 SYSTEMPATH/Boot.php(67): CodeIgniter\Boot::runCodeIgniter(Object(CodeIgniter\CodeIgniter))
 9 FCPATH/index.php(56): CodeIgniter\Boot::bootWeb(Object(Config\Paths))
DEBUG - 2025-12-15 11:16:16 --> Session: Class initialized using 'CodeIgniter\Session\Handlers\FileHandler' driver.
WARNING - 2025-12-15 11:18:11 --> [DEPRECATED] Passing lowercase HTTP method "get" is deprecated. Use uppercase HTTP method like "GET". in SYSTEMPATH/Router/RouteCollection.php on line 1026.
 1 SYSTEMPATH/Router/RouteCollection.php(1026): trigger_error('Passing lowercase HTTP method "get" is deprecated. Use uppercase HTTP method like "GET".', 16384)
 2 APPPATH/Config/Routes.php(131): CodeIgniter\Router\RouteCollection->match([...], 'locations/generarPDF', 'LocationsPdfController::generarPDF')
 3 SYSTEMPATH/Router/RouteCollection.php(339): require('/home/u976386866/domains/servipro.site/public_html/app/app/Config/Routes.php')
 4 SYSTEMPATH/CodeIgniter.php(821): CodeIgniter\Router\RouteCollection->loadRoutes()
 5 SYSTEMPATH/CodeIgniter.php(455): CodeIgniter\CodeIgniter->tryToRouteIt(null)
 6 SYSTEMPATH/CodeIgniter.php(354): CodeIgniter\CodeIgniter->handleRequest(null, Object(Config\Cache), false)
 7 SYSTEMPATH/Boot.php(334): CodeIgniter\CodeIgniter->run()
 8 SYSTEMPATH/Boot.php(67): CodeIgniter\Boot::runCodeIgniter(Object(CodeIgniter\CodeIgniter))
 9 FCPATH/index.php(56): CodeIgniter\Boot::bootWeb(Object(Config\Paths))
WARNING - 2025-12-15 11:18:11 --> [DEPRECATED] Passing lowercase HTTP method "get" is deprecated. Use uppercase HTTP method like "GET". in SYSTEMPATH/Router/RouteCollection.php on line 1026.
 1 SYSTEMPATH/Router/RouteCollection.php(1026): trigger_error('Passing lowercase HTTP method "get" is deprecated. Use uppercase HTTP method like "GET".', 16384)
 2 APPPATH/Config/Routes.php(131): CodeIgniter\Router\RouteCollection->match([...], 'locations/generarPDF', 'LocationsPdfController::generarPDF')
 3 SYSTEMPATH/Router/RouteCollection.php(339): require('/home/u976386866/domains/servipro.site/public_html/app/app/Config/Routes.php')
 4 SYSTEMPATH/CodeIgniter.php(821): CodeIgniter\Router\RouteCollection->loadRoutes()
 5 SYSTEMPATH/CodeIgniter.php(455): CodeIgniter\CodeIgniter->tryToRouteIt(null)
 6 SYSTEMPATH/CodeIgniter.php(354): CodeIgniter\CodeIgniter->handleRequest(null, Object(Config\Cache), false)
 7 SYSTEMPATH/Boot.php(334): CodeIgniter\CodeIgniter->run()
 8 SYSTEMPATH/Boot.php(67): CodeIgniter\Boot::runCodeIgniter(Object(CodeIgniter\CodeIgniter))
 9 FCPATH/index.php(56): CodeIgniter\Boot::bootWeb(Object(Config\Paths))
WARNING - 2025-12-15 11:18:11 --> [DEPRECATED] Passing lowercase HTTP method "get" is deprecated. Use uppercase HTTP method like "GET". in SYSTEMPATH/Router/RouteCollection.php on line 1026.
 1 SYSTEMPATH/Router/RouteCollection.php(1026): trigger_error('Passing lowercase HTTP method "get" is deprecated. Use uppercase HTTP method like "GET".', 16384)
 2 APPPATH/Config/Routes.php(131): CodeIgniter\Router\RouteCollection->match([...], 'locations/generarPDF', 'LocationsPdfController::generarPDF')
 3 SYSTEMPATH/Router/RouteCollection.php(339): require('/home/u976386866/domains/servipro.site/public_html/app/app/Config/Routes.php')
 4 SYSTEMPATH/CodeIgniter.php(821): CodeIgniter\Router\RouteCollection->loadRoutes()
 5 SYSTEMPATH/CodeIgniter.php(455): CodeIgniter\CodeIgniter->tryToRouteIt(null)
 6 SYSTEMPATH/CodeIgniter.php(354): CodeIgniter\CodeIgniter->handleRequest(null, Object(Config\Cache), false)
 7 SYSTEMPATH/Boot.php(334): CodeIgniter\CodeIgniter->run()
 8 SYSTEMPATH/Boot.php(67): CodeIgniter\Boot::runCodeIgniter(Object(CodeIgniter\CodeIgniter))
 9 FCPATH/index.php(56): CodeIgniter\Boot::bootWeb(Object(Config\Paths))
WARNING - 2025-12-15 11:18:11 --> [DEPRECATED] Passing lowercase HTTP method "get" is deprecated. Use uppercase HTTP method like "GET". in SYSTEMPATH/Router/RouteCollection.php on line 1026.
 1 SYSTEMPATH/Router/RouteCollection.php(1026): trigger_error('Passing lowercase HTTP method "get" is deprecated. Use uppercase HTTP method like "GET".', 16384)
 2 APPPATH/Config/Routes.php(131): CodeIgniter\Router\RouteCollection->match([...], 'locations/generarPDF', 'LocationsPdfController::generarPDF')
 3 SYSTEMPATH/Router/RouteCollection.php(339): require('/home/u976386866/domains/servipro.site/public_html/app/app/Config/Routes.php')
 4 SYSTEMPATH/CodeIgniter.php(821): CodeIgniter\Router\RouteCollection->loadRoutes()
 5 SYSTEMPATH/CodeIgniter.php(455): CodeIgniter\CodeIgniter->tryToRouteIt(null)
 6 SYSTEMPATH/CodeIgniter.php(354): CodeIgniter\CodeIgniter->handleRequest(null, Object(Config\Cache), false)
 7 SYSTEMPATH/Boot.php(334): CodeIgniter\CodeIgniter->run()
 8 SYSTEMPATH/Boot.php(67): CodeIgniter\Boot::runCodeIgniter(Object(CodeIgniter\CodeIgniter))
 9 FCPATH/index.php(56): CodeIgniter\Boot::bootWeb(Object(Config\Paths))
WARNING - 2025-12-15 11:18:11 --> [DEPRECATED] Passing lowercase HTTP method "get" is deprecated. Use uppercase HTTP method like "GET". in SYSTEMPATH/Router/RouteCollection.php on line 1026.
 1 SYSTEMPATH/Router/RouteCollection.php(1026): trigger_error('Passing lowercase HTTP method "get" is deprecated. Use uppercase HTTP method like "GET".', 16384)
 2 APPPATH/Config/Routes.php(131): CodeIgniter\Router\RouteCollection->match([...], 'locations/generarPDF', 'LocationsPdfController::generarPDF')
 3 SYSTEMPATH/Router/RouteCollection.php(339): require('/home/u976386866/domains/servipro.site/public_html/app/app/Config/Routes.php')
 4 SYSTEMPATH/CodeIgniter.php(821): CodeIgniter\Router\RouteCollection->loadRoutes()
 5 SYSTEMPATH/CodeIgniter.php(455): CodeIgniter\CodeIgniter->tryToRouteIt(null)
 6 SYSTEMPATH/CodeIgniter.php(354): CodeIgniter\CodeIgniter->handleRequest(null, Object(Config\Cache), false)
 7 SYSTEMPATH/Boot.php(334): CodeIgniter\CodeIgniter->run()
 8 SYSTEMPATH/Boot.php(67): CodeIgniter\Boot::runCodeIgniter(Object(CodeIgniter\CodeIgniter))
 9 FCPATH/index.php(56): CodeIgniter\Boot::bootWeb(Object(Config\Paths))
WARNING - 2025-12-15 11:18:11 --> [DEPRECATED] Passing lowercase HTTP method "get" is deprecated. Use uppercase HTTP method like "GET". in SYSTEMPATH/Router/RouteCollection.php on line 1026.
 1 SYSTEMPATH/Router/RouteCollection.php(1026): trigger_error('Passing lowercase HTTP method "get" is deprecated. Use uppercase HTTP method like "GET".', 16384)
 2 APPPATH/Config/Routes.php(131): CodeIgniter\Router\RouteCollection->match([...], 'locations/generarPDF', 'LocationsPdfController::generarPDF')
 3 SYSTEMPATH/Router/RouteCollection.php(339): require('/home/u976386866/domains/servipro.site/public_html/app/app/Config/Routes.php')
 4 SYSTEMPATH/CodeIgniter.php(821): CodeIgniter\Router\RouteCollection->loadRoutes()
 5 SYSTEMPATH/CodeIgniter.php(455): CodeIgniter\CodeIgniter->tryToRouteIt(null)
 6 SYSTEMPATH/CodeIgniter.php(354): CodeIgniter\CodeIgniter->handleRequest(null, Object(Config\Cache), false)
 7 SYSTEMPATH/Boot.php(334): CodeIgniter\CodeIgniter->run()
 8 SYSTEMPATH/Boot.php(67): CodeIgniter\Boot::runCodeIgniter(Object(CodeIgniter\CodeIgniter))
 9 FCPATH/index.php(56): CodeIgniter\Boot::bootWeb(Object(Config\Paths))
WARNING - 2025-12-15 11:18:11 --> [DEPRECATED] Passing lowercase HTTP method "post" is deprecated. Use uppercase HTTP method like "POST". in SYSTEMPATH/Router/RouteCollection.php on line 1026.
 1 SYSTEMPATH/Router/RouteCollection.php(1026): trigger_error('Passing lowercase HTTP method "post" is deprecated. Use uppercase HTTP method like "POST".', 16384)
 2 APPPATH/Config/Routes.php(131): CodeIgniter\Router\RouteCollection->match([...], 'locations/generarPDF', 'LocationsPdfController::generarPDF')
 3 SYSTEMPATH/Router/RouteCollection.php(339): require('/home/u976386866/domains/servipro.site/public_html/app/app/Config/Routes.php')
 4 SYSTEMPATH/CodeIgniter.php(821): CodeIgniter\Router\RouteCollection->loadRoutes()
 5 SYSTEMPATH/CodeIgniter.php(455): CodeIgniter\CodeIgniter->tryToRouteIt(null)
 6 SYSTEMPATH/CodeIgniter.php(354): CodeIgniter\CodeIgniter->handleRequest(null, Object(Config\Cache), false)
 7 SYSTEMPATH/Boot.php(334): CodeIgniter\CodeIgniter->run()
 8 SYSTEMPATH/Boot.php(67): CodeIgniter\Boot::runCodeIgniter(Object(CodeIgniter\CodeIgniter))
 9 FCPATH/index.php(56): CodeIgniter\Boot::bootWeb(Object(Config\Paths))
WARNING - 2025-12-15 11:18:11 --> [DEPRECATED] Passing lowercase HTTP method "post" is deprecated. Use uppercase HTTP method like "POST". in SYSTEMPATH/Router/RouteCollection.php on line 1026.
 1 SYSTEMPATH/Router/RouteCollection.php(1026): trigger_error('Passing lowercase HTTP method "post" is deprecated. Use uppercase HTTP method like "POST".', 16384)
 2 APPPATH/Config/Routes.php(131): CodeIgniter\Router\RouteCollection->match([...], 'locations/generarPDF', 'LocationsPdfController::generarPDF')
 3 SYSTEMPATH/Router/RouteCollection.php(339): require('/home/u976386866/domains/servipro.site/public_html/app/app/Config/Routes.php')
 4 SYSTEMPATH/CodeIgniter.php(821): CodeIgniter\Router\RouteCollection->loadRoutes()
 5 SYSTEMPATH/CodeIgniter.php(455): CodeIgniter\CodeIgniter->tryToRouteIt(null)
 6 SYSTEMPATH/CodeIgniter.php(354): CodeIgniter\CodeIgniter->handleRequest(null, Object(Config\Cache), false)
 7 SYSTEMPATH/Boot.php(334): CodeIgniter\CodeIgniter->run()
 8 SYSTEMPATH/Boot.php(67): CodeIgniter\Boot::runCodeIgniter(Object(CodeIgniter\CodeIgniter))
 9 FCPATH/index.php(56): CodeIgniter\Boot::bootWeb(Object(Config\Paths))
WARNING - 2025-12-15 11:18:11 --> [DEPRECATED] Passing lowercase HTTP method "post" is deprecated. Use uppercase HTTP method like "POST". in SYSTEMPATH/Router/RouteCollection.php on line 1026.
 1 SYSTEMPATH/Router/RouteCollection.php(1026): trigger_error('Passing lowercase HTTP method "post" is deprecated. Use uppercase HTTP method like "POST".', 16384)
 2 APPPATH/Config/Routes.php(131): CodeIgniter\Router\RouteCollection->match([...], 'locations/generarPDF', 'LocationsPdfController::generarPDF')
 3 SYSTEMPATH/Router/RouteCollection.php(339): require('/home/u976386866/domains/servipro.site/public_html/app/app/Config/Routes.php')
 4 SYSTEMPATH/CodeIgniter.php(821): CodeIgniter\Router\RouteCollection->loadRoutes()
 5 SYSTEMPATH/CodeIgniter.php(455): CodeIgniter\CodeIgniter->tryToRouteIt(null)
 6 SYSTEMPATH/CodeIgniter.php(354): CodeIgniter\CodeIgniter->handleRequest(null, Object(Config\Cache), false)
 7 SYSTEMPATH/Boot.php(334): CodeIgniter\CodeIgniter->run()
 8 SYSTEMPATH/Boot.php(67): CodeIgniter\Boot::runCodeIgniter(Object(CodeIgniter\CodeIgniter))
 9 FCPATH/index.php(56): CodeIgniter\Boot::bootWeb(Object(Config\Paths))
WARNING - 2025-12-15 11:18:11 --> [DEPRECATED] Passing lowercase HTTP method "post" is deprecated. Use uppercase HTTP method like "POST". in SYSTEMPATH/Router/RouteCollection.php on line 1026.
 1 SYSTEMPATH/Router/RouteCollection.php(1026): trigger_error('Passing lowercase HTTP method "post" is deprecated. Use uppercase HTTP method like "POST".', 16384)
 2 APPPATH/Config/Routes.php(131): CodeIgniter\Router\RouteCollection->match([...], 'locations/generarPDF', 'LocationsPdfController::generarPDF')
 3 SYSTEMPATH/Router/RouteCollection.php(339): require('/home/u976386866/domains/servipro.site/public_html/app/app/Config/Routes.php')
 4 SYSTEMPATH/CodeIgniter.php(821): CodeIgniter\Router\RouteCollection->loadRoutes()
 5 SYSTEMPATH/CodeIgniter.php(455): CodeIgniter\CodeIgniter->tryToRouteIt(null)
 6 SYSTEMPATH/CodeIgniter.php(354): CodeIgniter\CodeIgniter->handleRequest(null, Object(Config\Cache), false)
 7 SYSTEMPATH/Boot.php(334): CodeIgniter\CodeIgniter->run()
 8 SYSTEMPATH/Boot.php(67): CodeIgniter\Boot::runCodeIgniter(Object(CodeIgniter\CodeIgniter))
 9 FCPATH/index.php(56): CodeIgniter\Boot::bootWeb(Object(Config\Paths))
WARNING - 2025-12-15 11:18:11 --> [DEPRECATED] Passing lowercase HTTP method "get" is deprecated. Use uppercase HTTP method like "GET". in SYSTEMPATH/Router/RouteCollection.php on line 1026.
 1 SYSTEMPATH/Router/RouteCollection.php(1026): trigger_error('Passing lowercase HTTP method "get" is deprecated. Use uppercase HTTP method like "GET".', 16384)
 2 APPPATH/Config/Routes.php(131): CodeIgniter\Router\RouteCollection->match([...], 'locations/generarPDF', 'LocationsPdfController::generarPDF')
 3 SYSTEMPATH/Router/RouteCollection.php(339): require('/home/u976386866/domains/servipro.site/public_html/app/app/Config/Routes.php')
 4 SYSTEMPATH/CodeIgniter.php(821): CodeIgniter\Router\RouteCollection->loadRoutes()
 5 SYSTEMPATH/CodeIgniter.php(455): CodeIgniter\CodeIgniter->tryToRouteIt(null)
 6 SYSTEMPATH/CodeIgniter.php(354): CodeIgniter\CodeIgniter->handleRequest(null, Object(Config\Cache), false)
 7 SYSTEMPATH/Boot.php(334): CodeIgniter\CodeIgniter->run()
 8 SYSTEMPATH/Boot.php(67): CodeIgniter\Boot::runCodeIgniter(Object(CodeIgniter\CodeIgniter))
 9 FCPATH/index.php(56): CodeIgniter\Boot::bootWeb(Object(Config\Paths))
WARNING - 2025-12-15 11:18:11 --> [DEPRECATED] Passing lowercase HTTP method "post" is deprecated. Use uppercase HTTP method like "POST". in SYSTEMPATH/Router/RouteCollection.php on line 1026.
 1 SYSTEMPATH/Router/RouteCollection.php(1026): trigger_error('Passing lowercase HTTP method "post" is deprecated. Use uppercase HTTP method like "POST".', 16384)
 2 APPPATH/Config/Routes.php(131): CodeIgniter\Router\RouteCollection->match([...], 'locations/generarPDF', 'LocationsPdfController::generarPDF')
 3 SYSTEMPATH/Router/RouteCollection.php(339): require('/home/u976386866/domains/servipro.site/public_html/app/app/Config/Routes.php')
 4 SYSTEMPATH/CodeIgniter.php(821): CodeIgniter\Router\RouteCollection->loadRoutes()
 5 SYSTEMPATH/CodeIgniter.php(455): CodeIgniter\CodeIgniter->tryToRouteIt(null)
 6 SYSTEMPATH/CodeIgniter.php(354): CodeIgniter\CodeIgniter->handleRequest(null, Object(Config\Cache), false)
 7 SYSTEMPATH/Boot.php(334): CodeIgniter\CodeIgniter->run()
 8 SYSTEMPATH/Boot.php(67): CodeIgniter\Boot::runCodeIgniter(Object(CodeIgniter\CodeIgniter))
 9 FCPATH/index.php(56): CodeIgniter\Boot::bootWeb(Object(Config\Paths))
WARNING - 2025-12-15 11:18:11 --> [DEPRECATED] Passing lowercase HTTP method "get" is deprecated. Use uppercase HTTP method like "GET". in SYSTEMPATH/Router/RouteCollection.php on line 1026.
 1 SYSTEMPATH/Router/RouteCollection.php(1026): trigger_error('Passing lowercase HTTP method "get" is deprecated. Use uppercase HTTP method like "GET".', 16384)
 2 APPPATH/Config/Routes.php(131): CodeIgniter\Router\RouteCollection->match([...], 'locations/generarPDF', 'LocationsPdfController::generarPDF')
 3 SYSTEMPATH/Router/RouteCollection.php(339): require('/home/u976386866/domains/servipro.site/public_html/app/app/Config/Routes.php')
 4 SYSTEMPATH/CodeIgniter.php(821): CodeIgniter\Router\RouteCollection->loadRoutes()
 5 SYSTEMPATH/CodeIgniter.php(455): CodeIgniter\CodeIgniter->tryToRouteIt(null)
 6 SYSTEMPATH/CodeIgniter.php(354): CodeIgniter\CodeIgniter->handleRequest(null, Object(Config\Cache), false)
 7 SYSTEMPATH/Boot.php(334): CodeIgniter\CodeIgniter->run()
 8 SYSTEMPATH/Boot.php(67): CodeIgniter\Boot::runCodeIgniter(Object(CodeIgniter\CodeIgniter))
 9 FCPATH/index.php(56): CodeIgniter\Boot::bootWeb(Object(Config\Paths))
WARNING - 2025-12-15 11:18:11 --> [DEPRECATED] Passing lowercase HTTP method "post" is deprecated. Use uppercase HTTP method like "POST". in SYSTEMPATH/Router/RouteCollection.php on line 1026.
 1 SYSTEMPATH/Router/RouteCollection.php(1026): trigger_error('Passing lowercase HTTP method "post" is deprecated. Use uppercase HTTP method like "POST".', 16384)
 2 APPPATH/Config/Routes.php(131): CodeIgniter\Router\RouteCollection->match([...], 'locations/generarPDF', 'LocationsPdfController::generarPDF')
 3 SYSTEMPATH/Router/RouteCollection.php(339): require('/home/u976386866/domains/servipro.site/public_html/app/app/Config/Routes.php')
 4 SYSTEMPATH/CodeIgniter.php(821): CodeIgniter\Router\RouteCollection->loadRoutes()
 5 SYSTEMPATH/CodeIgniter.php(455): CodeIgniter\CodeIgniter->tryToRouteIt(null)
 6 SYSTEMPATH/CodeIgniter.php(354): CodeIgniter\CodeIgniter->handleRequest(null, Object(Config\Cache), false)
 7 SYSTEMPATH/Boot.php(334): CodeIgniter\CodeIgniter->run()
 8 SYSTEMPATH/Boot.php(67): CodeIgniter\Boot::runCodeIgniter(Object(CodeIgniter\CodeIgniter))
 9 FCPATH/index.php(56): CodeIgniter\Boot::bootWeb(Object(Config\Paths))
WARNING - 2025-12-15 11:18:11 --> [DEPRECATED] Passing lowercase HTTP method "post" is deprecated. Use uppercase HTTP method like "POST". in SYSTEMPATH/Router/RouteCollection.php on line 1026.
 1 SYSTEMPATH/Router/RouteCollection.php(1026): trigger_error('Passing lowercase HTTP method "post" is deprecated. Use uppercase HTTP method like "POST".', 16384)
 2 APPPATH/Config/Routes.php(131): CodeIgniter\Router\RouteCollection->match([...], 'locations/generarPDF', 'LocationsPdfController::generarPDF')
 3 SYSTEMPATH/Router/RouteCollection.php(339): require('/home/u976386866/domains/servipro.site/public_html/app/app/Config/Routes.php')
 4 SYSTEMPATH/CodeIgniter.php(821): CodeIgniter\Router\RouteCollection->loadRoutes()
 5 SYSTEMPATH/CodeIgniter.php(455): CodeIgniter\CodeIgniter->tryToRouteIt(null)
 6 SYSTEMPATH/CodeIgniter.php(354): CodeIgniter\CodeIgniter->handleRequest(null, Object(Config\Cache), false)
 7 SYSTEMPATH/Boot.php(334): CodeIgniter\CodeIgniter->run()
 8 SYSTEMPATH/Boot.php(67): CodeIgniter\Boot::runCodeIgniter(Object(CodeIgniter\CodeIgniter))
 9 FCPATH/index.php(56): CodeIgniter\Boot::bootWeb(Object(Config\Paths))
WARNING - 2025-12-15 11:18:11 --> [DEPRECATED] Passing lowercase HTTP method "get" is deprecated. Use uppercase HTTP method like "GET". in SYSTEMPATH/Router/RouteCollection.php on line 1026.
 1 SYSTEMPATH/Router/RouteCollection.php(1026): trigger_error('Passing lowercase HTTP method "get" is deprecated. Use uppercase HTTP method like "GET".', 16384)
 2 APPPATH/Config/Routes.php(131): CodeIgniter\Router\RouteCollection->match([...], 'locations/generarPDF', 'LocationsPdfController::generarPDF')
 3 SYSTEMPATH/Router/RouteCollection.php(339): require('/home/u976386866/domains/servipro.site/public_html/app/app/Config/Routes.php')
 4 SYSTEMPATH/CodeIgniter.php(821): CodeIgniter\Router\RouteCollection->loadRoutes()
 5 SYSTEMPATH/CodeIgniter.php(455): CodeIgniter\CodeIgniter->tryToRouteIt(null)
 6 SYSTEMPATH/CodeIgniter.php(354): CodeIgniter\CodeIgniter->handleRequest(null, Object(Config\Cache), false)
 7 SYSTEMPATH/Boot.php(334): CodeIgniter\CodeIgniter->run()
 8 SYSTEMPATH/Boot.php(67): CodeIgniter\Boot::runCodeIgniter(Object(CodeIgniter\CodeIgniter))
 9 FCPATH/index.php(56): CodeIgniter\Boot::bootWeb(Object(Config\Paths))
WARNING - 2025-12-15 11:18:11 --> [DEPRECATED] Passing lowercase HTTP method "post" is deprecated. Use uppercase HTTP method like "POST". in SYSTEMPATH/Router/RouteCollection.php on line 1026.
 1 SYSTEMPATH/Router/RouteCollection.php(1026): trigger_error('Passing lowercase HTTP method "post" is deprecated. Use uppercase HTTP method like "POST".', 16384)
 2 APPPATH/Config/Routes.php(131): CodeIgniter\Router\RouteCollection->match([...], 'locations/generarPDF', 'LocationsPdfController::generarPDF')
 3 SYSTEMPATH/Router/RouteCollection.php(339): require('/home/u976386866/domains/servipro.site/public_html/app/app/Config/Routes.php')
 4 SYSTEMPATH/CodeIgniter.php(821): CodeIgniter\Router\RouteCollection->loadRoutes()
 5 SYSTEMPATH/CodeIgniter.php(455): CodeIgniter\CodeIgniter->tryToRouteIt(null)
 6 SYSTEMPATH/CodeIgniter.php(354): CodeIgniter\CodeIgniter->handleRequest(null, Object(Config\Cache), false)
 7 SYSTEMPATH/Boot.php(334): CodeIgniter\CodeIgniter->run()
 8 SYSTEMPATH/Boot.php(67): CodeIgniter\Boot::runCodeIgniter(Object(CodeIgniter\CodeIgniter))
 9 FCPATH/index.php(56): CodeIgniter\Boot::bootWeb(Object(Config\Paths))
WARNING - 2025-12-15 11:18:11 --> [DEPRECATED] Passing lowercase HTTP method "get" is deprecated. Use uppercase HTTP method like "GET". in SYSTEMPATH/Router/RouteCollection.php on line 1026.
 1 SYSTEMPATH/Router/RouteCollection.php(1026): trigger_error('Passing lowercase HTTP method "get" is deprecated. Use uppercase HTTP method like "GET".', 16384)
 2 APPPATH/Config/Routes.php(131): CodeIgniter\Router\RouteCollection->match([...], 'locations/generarPDF', 'LocationsPdfController::generarPDF')
 3 SYSTEMPATH/Router/RouteCollection.php(339): require('/home/u976386866/domains/servipro.site/public_html/app/app/Config/Routes.php')
 4 SYSTEMPATH/CodeIgniter.php(821): CodeIgniter\Router\RouteCollection->loadRoutes()
 5 SYSTEMPATH/CodeIgniter.php(455): CodeIgniter\CodeIgniter->tryToRouteIt(null)
 6 SYSTEMPATH/CodeIgniter.php(354): CodeIgniter\CodeIgniter->handleRequest(null, Object(Config\Cache), false)
 7 SYSTEMPATH/Boot.php(334): CodeIgniter\CodeIgniter->run()
 8 SYSTEMPATH/Boot.php(67): CodeIgniter\Boot::runCodeIgniter(Object(CodeIgniter\CodeIgniter))
 9 FCPATH/index.php(56): CodeIgniter\Boot::bootWeb(Object(Config\Paths))
WARNING - 2025-12-15 11:18:11 --> [DEPRECATED] Passing lowercase HTTP method "post" is deprecated. Use uppercase HTTP method like "POST". in SYSTEMPATH/Router/RouteCollection.php on line 1026.
 1 SYSTEMPATH/Router/RouteCollection.php(1026): trigger_error('Passing lowercase HTTP method "post" is deprecated. Use uppercase HTTP method like "POST".', 16384)
 2 APPPATH/Config/Routes.php(131): CodeIgniter\Router\RouteCollection->match([...], 'locations/generarPDF', 'LocationsPdfController::generarPDF')
 3 SYSTEMPATH/Router/RouteCollection.php(339): require('/home/u976386866/domains/servipro.site/public_html/app/app/Config/Routes.php')
 4 SYSTEMPATH/CodeIgniter.php(821): CodeIgniter\Router\RouteCollection->loadRoutes()
 5 SYSTEMPATH/CodeIgniter.php(455): CodeIgniter\CodeIgniter->tryToRouteIt(null)
 6 SYSTEMPATH/CodeIgniter.php(354): CodeIgniter\CodeIgniter->handleRequest(null, Object(Config\Cache), false)
 7 SYSTEMPATH/Boot.php(334): CodeIgniter\CodeIgniter->run()
 8 SYSTEMPATH/Boot.php(67): CodeIgniter\Boot::runCodeIgniter(Object(CodeIgniter\CodeIgniter))
 9 FCPATH/index.php(56): CodeIgniter\Boot::bootWeb(Object(Config\Paths))
WARNING - 2025-12-15 11:18:11 --> [DEPRECATED] Passing lowercase HTTP method "post" is deprecated. Use uppercase HTTP method like "POST". in SYSTEMPATH/Router/RouteCollection.php on line 1026.
 1 SYSTEMPATH/Router/RouteCollection.php(1026): trigger_error('Passing lowercase HTTP method "post" is deprecated. Use uppercase HTTP method like "POST".', 16384)
 2 APPPATH/Config/Routes.php(131): CodeIgniter\Router\RouteCollection->match([...], 'locations/generarPDF', 'LocationsPdfController::generarPDF')
 3 SYSTEMPATH/Router/RouteCollection.php(339): require('/home/u976386866/domains/servipro.site/public_html/app/app/Config/Routes.php')
 4 SYSTEMPATH/CodeIgniter.php(821): CodeIgniter\Router\RouteCollection->loadRoutes()
 5 SYSTEMPATH/CodeIgniter.php(455): CodeIgniter\CodeIgniter->tryToRouteIt(null)
 6 SYSTEMPATH/CodeIgniter.php(354): CodeIgniter\CodeIgniter->handleRequest(null, Object(Config\Cache), false)
 7 SYSTEMPATH/Boot.php(334): CodeIgniter\CodeIgniter->run()
 8 SYSTEMPATH/Boot.php(67): CodeIgniter\Boot::runCodeIgniter(Object(CodeIgniter\CodeIgniter))
 9 FCPATH/index.php(56): CodeIgniter\Boot::bootWeb(Object(Config\Paths))
DEBUG - 2025-12-15 11:18:11 --> Session: Class initialized using 'CodeIgniter\Session\Handlers\FileHandler' driver.
INFO - 2025-12-15 11:18:11 --> trampa_id recibido: 
INFO - 2025-12-15 11:18:11 --> tipo_plaga recibido: mosca
INFO - 2025-12-15 11:18:11 --> tipo_incidencia recibido: Hallazgo
INFO - 2025-12-15 11:18:11 --> Datos de incidencia recibidos: {"id_trampa":"","tipo_plaga":"mosca","tipo_insecto":"Volador","cantidad_organismos":"8","tipo_incidencia":"Hallazgo","zona":"Fosas boller\u00eda 2","notas":"","inspector":"Diego Romero"}
INFO - 2025-12-15 11:18:11 --> Valores antes de guardar: tipo_insecto=Volador, tipo_incidencia=Hallazgo
INFO - 2025-12-15 11:18:11 --> Incidencia guardada con ID: 5274
INFO - 2025-12-15 11:18:11 --> Incidencia guardada: {"id":"5274","id_trampa":null,"sede_id":"17","fecha":"2025-12-15 00:00:00","tipo_plaga":"mosca","tipo_insecto":"Volador","cantidad_organismos":"8","tipo_incidencia":"Hallazgo","notas":"Zona: Fosas boller\u00eda 2","inspector":"Diego Romero","plano_id":null}
DEBUG - 2025-12-15 11:18:11 --> Session: Class initialized using 'CodeIgniter\Session\Handlers\FileHandler' driver.
INFO - 2025-12-15 11:18:11 --> trampa_id recibido: 
INFO - 2025-12-15 11:18:11 --> tipo_plaga recibido: palomilla_almacen
INFO - 2025-12-15 11:18:11 --> tipo_incidencia recibido: Hallazgo
INFO - 2025-12-15 11:18:11 --> Datos de incidencia recibidos: {"id_trampa":"","tipo_plaga":"palomilla_almacen","tipo_insecto":"Volador","cantidad_organismos":"8","tipo_incidencia":"Hallazgo","zona":"Fosas boller\u00eda 2","notas":"","inspector":"Diego Romero"}
INFO - 2025-12-15 11:18:11 --> Valores antes de guardar: tipo_insecto=Volador, tipo_incidencia=Hallazgo
INFO - 2025-12-15 11:18:11 --> Incidencia guardada con ID: 5275
WARNING - 2025-12-15 11:18:11 --> [DEPRECATED] Passing lowercase HTTP method "get" is deprecated. Use uppercase HTTP method like "GET". in SYSTEMPATH/Router/RouteCollection.php on line 1026.
 1 SYSTEMPATH/Router/RouteCollection.php(1026): trigger_error('Passing lowercase HTTP method "get" is deprecated. Use uppercase HTTP method like "GET".', 16384)
 2 APPPATH/Config/Routes.php(131): CodeIgniter\Router\RouteCollection->match([...], 'locations/generarPDF', 'LocationsPdfController::generarPDF')
 3 SYSTEMPATH/Router/RouteCollection.php(339): require('/home/u976386866/domains/servipro.site/public_html/app/app/Config/Routes.php')
 4 SYSTEMPATH/CodeIgniter.php(821): CodeIgniter\Router\RouteCollection->loadRoutes()
 5 SYSTEMPATH/CodeIgniter.php(455): CodeIgniter\CodeIgniter->tryToRouteIt(null)
 6 SYSTEMPATH/CodeIgniter.php(354): CodeIgniter\CodeIgniter->handleRequest(null, Object(Config\Cache), false)
 7 SYSTEMPATH/Boot.php(334): CodeIgniter\CodeIgniter->run()
 8 SYSTEMPATH/Boot.php(67): CodeIgniter\Boot::runCodeIgniter(Object(CodeIgniter\CodeIgniter))
 9 FCPATH/index.php(56): CodeIgniter\Boot::bootWeb(Object(Config\Paths))
WARNING - 2025-12-15 11:18:11 --> [DEPRECATED] Passing lowercase HTTP method "post" is deprecated. Use uppercase HTTP method like "POST". in SYSTEMPATH/Router/RouteCollection.php on line 1026.
 1 SYSTEMPATH/Router/RouteCollection.php(1026): trigger_error('Passing lowercase HTTP method "post" is deprecated. Use uppercase HTTP method like "POST".', 16384)
 2 APPPATH/Config/Routes.php(131): CodeIgniter\Router\RouteCollection->match([...], 'locations/generarPDF', 'LocationsPdfController::generarPDF')
 3 SYSTEMPATH/Router/RouteCollection.php(339): require('/home/u976386866/domains/servipro.site/public_html/app/app/Config/Routes.php')
 4 SYSTEMPATH/CodeIgniter.php(821): CodeIgniter\Router\RouteCollection->loadRoutes()
 5 SYSTEMPATH/CodeIgniter.php(455): CodeIgniter\CodeIgniter->tryToRouteIt(null)
 6 SYSTEMPATH/CodeIgniter.php(354): CodeIgniter\CodeIgniter->handleRequest(null, Object(Config\Cache), false)
 7 SYSTEMPATH/Boot.php(334): CodeIgniter\CodeIgniter->run()
 8 SYSTEMPATH/Boot.php(67): CodeIgniter\Boot::runCodeIgniter(Object(CodeIgniter\CodeIgniter))
 9 FCPATH/index.php(56): CodeIgniter\Boot::bootWeb(Object(Config\Paths))
INFO - 2025-12-15 11:18:11 --> Incidencia guardada: {"id":"5275","id_trampa":null,"sede_id":"17","fecha":"2025-12-15 00:00:00","tipo_plaga":"palomilla_almacen","tipo_insecto":"Volador","cantidad_organismos":"8","tipo_incidencia":"Hallazgo","notas":"Zona: Fosas boller\u00eda 2","inspector":"Diego Romero","plano_id":null}
DEBUG - 2025-12-15 11:18:11 --> Session: Class initialized using 'CodeIgniter\Session\Handlers\FileHandler' driver.
INFO - 2025-12-15 11:18:11 --> trampa_id recibido: 
INFO - 2025-12-15 11:18:11 --> tipo_plaga recibido: mosca_metalica
INFO - 2025-12-15 11:18:11 --> tipo_incidencia recibido: Hallazgo
INFO - 2025-12-15 11:18:11 --> Datos de incidencia recibidos: {"id_trampa":"","tipo_plaga":"mosca_metalica","tipo_insecto":"Volador","cantidad_organismos":"5","tipo_incidencia":"Hallazgo","zona":"Fosas boller\u00eda 2","notas":"","inspector":"Diego Romero"}
INFO - 2025-12-15 11:18:11 --> Valores antes de guardar: tipo_insecto=Volador, tipo_incidencia=Hallazgo
INFO - 2025-12-15 11:18:11 --> Incidencia guardada con ID: 5276
INFO - 2025-12-15 11:18:11 --> Incidencia guardada: {"id":"5276","id_trampa":null,"sede_id":"17","fecha":"2025-12-15 00:00:00","tipo_plaga":"mosca_metalica","tipo_insecto":"Volador","cantidad_organismos":"5","tipo_incidencia":"Hallazgo","notas":"Zona: Fosas boller\u00eda 2","inspector":"Diego Romero","plano_id":null}
DEBUG - 2025-12-15 11:18:11 --> Session: Class initialized using 'CodeIgniter\Session\Handlers\FileHandler' driver.
INFO - 2025-12-15 11:18:11 --> trampa_id recibido: 
INFO - 2025-12-15 11:18:11 --> tipo_plaga recibido: otras_palomillas
INFO - 2025-12-15 11:18:11 --> tipo_incidencia recibido: Hallazgo
INFO - 2025-12-15 11:18:11 --> Datos de incidencia recibidos: {"id_trampa":"","tipo_plaga":"otras_palomillas","tipo_insecto":"Volador","cantidad_organismos":"5","tipo_incidencia":"Hallazgo","zona":"Almac\u00e9n de materias primas","notas":"","inspector":"Diego Romero"}
INFO - 2025-12-15 11:18:11 --> Valores antes de guardar: tipo_insecto=Volador, tipo_incidencia=Hallazgo
INFO - 2025-12-15 11:18:11 --> Incidencia guardada con ID: 5277
INFO - 2025-12-15 11:18:11 --> Incidencia guardada: {"id":"5277","id_trampa":null,"sede_id":"17","fecha":"2025-12-15 00:00:00","tipo_plaga":"otras_palomillas","tipo_insecto":"Volador","cantidad_organismos":"5","tipo_incidencia":"Hallazgo","notas":"Zona: Almac\u00e9n de materias primas","inspector":"Diego Romero","plano_id":null}
DEBUG - 2025-12-15 11:18:11 --> Session: Class initialized using 'CodeIgniter\Session\Handlers\FileHandler' driver.
INFO - 2025-12-15 11:18:11 --> trampa_id recibido: 
INFO - 2025-12-15 11:18:11 --> tipo_plaga recibido: mosca_fruta
INFO - 2025-12-15 11:18:11 --> tipo_incidencia recibido: Hallazgo
INFO - 2025-12-15 11:18:11 --> Datos de incidencia recibidos: {"id_trampa":"","tipo_plaga":"mosca_fruta","tipo_insecto":"Volador","cantidad_organismos":"3","tipo_incidencia":"Hallazgo","zona":"Fosas boller\u00eda 2","notas":"","inspector":"Diego Romero"}
INFO - 2025-12-15 11:18:11 --> Valores antes de guardar: tipo_insecto=Volador, tipo_incidencia=Hallazgo
INFO - 2025-12-15 11:18:11 --> Incidencia guardada con ID: 5278
INFO - 2025-12-15 11:18:11 --> Incidencia guardada: {"id":"5278","id_trampa":null,"sede_id":"17","fecha":"2025-12-15 00:00:00","tipo_plaga":"mosca_fruta","tipo_insecto":"Volador","cantidad_organismos":"3","tipo_incidencia":"Hallazgo","notas":"Zona: Fosas boller\u00eda 2","inspector":"Diego Romero","plano_id":null}
DEBUG - 2025-12-15 11:18:11 --> Session: Class initialized using 'CodeIgniter\Session\Handlers\FileHandler' driver.
INFO - 2025-12-15 11:18:11 --> trampa_id recibido: 
INFO - 2025-12-15 11:18:11 --> tipo_plaga recibido: mosca_domestica
INFO - 2025-12-15 11:18:11 --> tipo_incidencia recibido: Hallazgo
INFO - 2025-12-15 11:18:11 --> Datos de incidencia recibidos: {"id_trampa":"","tipo_plaga":"mosca_domestica","tipo_insecto":"Volador","cantidad_organismos":"2","tipo_incidencia":"Hallazgo","zona":"Almac\u00e9n de materias primas","notas":"","inspector":"Diego Romero"}
INFO - 2025-12-15 11:18:11 --> Valores antes de guardar: tipo_insecto=Volador, tipo_incidencia=Hallazgo
INFO - 2025-12-15 11:18:11 --> Incidencia guardada con ID: 5279
INFO - 2025-12-15 11:18:11 --> Incidencia guardada: {"id":"5279","id_trampa":null,"sede_id":"17","fecha":"2025-12-15 00:00:00","tipo_plaga":"mosca_domestica","tipo_insecto":"Volador","cantidad_organismos":"2","tipo_incidencia":"Hallazgo","notas":"Zona: Almac\u00e9n de materias primas","inspector":"Diego Romero","plano_id":null}
DEBUG - 2025-12-15 11:18:11 --> Session: Class initialized using 'CodeIgniter\Session\Handlers\FileHandler' driver.
INFO - 2025-12-15 11:18:11 --> trampa_id recibido: 
INFO - 2025-12-15 11:18:11 --> tipo_plaga recibido: mosca_forida
INFO - 2025-12-15 11:18:11 --> tipo_incidencia recibido: Hallazgo
INFO - 2025-12-15 11:18:11 --> Datos de incidencia recibidos: {"id_trampa":"","tipo_plaga":"mosca_forida","tipo_insecto":"Volador","cantidad_organismos":"8","tipo_incidencia":"Hallazgo","zona":"Almac\u00e9n de materias primas","notas":"","inspector":"Diego Romero"}
INFO - 2025-12-15 11:18:11 --> Valores antes de guardar: tipo_insecto=Volador, tipo_incidencia=Hallazgo
INFO - 2025-12-15 11:18:11 --> Incidencia guardada con ID: 5280
INFO - 2025-12-15 11:18:11 --> Incidencia guardada: {"id":"5280","id_trampa":null,"sede_id":"17","fecha":"2025-12-15 00:00:00","tipo_plaga":"mosca_forida","tipo_insecto":"Volador","cantidad_organismos":"8","tipo_incidencia":"Hallazgo","notas":"Zona: Almac\u00e9n de materias primas","inspector":"Diego Romero","plano_id":null}
DEBUG - 2025-12-15 11:18:11 --> Session: Class initialized using 'CodeIgniter\Session\Handlers\FileHandler' driver.
INFO - 2025-12-15 11:18:11 --> trampa_id recibido: 
INFO - 2025-12-15 11:18:11 --> tipo_plaga recibido: mosca_metalica
INFO - 2025-12-15 11:18:11 --> tipo_incidencia recibido: Hallazgo
INFO - 2025-12-15 11:18:11 --> Datos de incidencia recibidos: {"id_trampa":"","tipo_plaga":"mosca_metalica","tipo_insecto":"Volador","cantidad_organismos":"6","tipo_incidencia":"Hallazgo","zona":"Almac\u00e9n de materias primas","notas":"","inspector":"Diego Romero"}
INFO - 2025-12-15 11:18:11 --> Valores antes de guardar: tipo_insecto=Volador, tipo_incidencia=Hallazgo
INFO - 2025-12-15 11:18:11 --> Incidencia guardada con ID: 5281
INFO - 2025-12-15 11:18:11 --> Incidencia guardada: {"id":"5281","id_trampa":null,"sede_id":"17","fecha":"2025-12-15 00:00:00","tipo_plaga":"mosca_metalica","tipo_insecto":"Volador","cantidad_organismos":"6","tipo_incidencia":"Hallazgo","notas":"Zona: Almac\u00e9n de materias primas","inspector":"Diego Romero","plano_id":null}
DEBUG - 2025-12-15 11:18:11 --> Session: Class initialized using 'CodeIgniter\Session\Handlers\FileHandler' driver.
INFO - 2025-12-15 11:18:11 --> trampa_id recibido: 
INFO - 2025-12-15 11:18:11 --> tipo_plaga recibido: mosca_fruta
INFO - 2025-12-15 11:18:11 --> tipo_incidencia recibido: Hallazgo
INFO - 2025-12-15 11:18:11 --> Datos de incidencia recibidos: {"id_trampa":"","tipo_plaga":"mosca_fruta","tipo_insecto":"Volador","cantidad_organismos":"3","tipo_incidencia":"Hallazgo","zona":"Almac\u00e9n de materias primas","notas":"","inspector":"Diego Romero"}
INFO - 2025-12-15 11:18:11 --> Valores antes de guardar: tipo_insecto=Volador, tipo_incidencia=Hallazgo
INFO - 2025-12-15 11:18:11 --> Incidencia guardada con ID: 5282
INFO - 2025-12-15 11:18:11 --> Incidencia guardada: {"id":"5282","id_trampa":null,"sede_id":"17","fecha":"2025-12-15 00:00:00","tipo_plaga":"mosca_fruta","tipo_insecto":"Volador","cantidad_organismos":"3","tipo_incidencia":"Hallazgo","notas":"Zona: Almac\u00e9n de materias primas","inspector":"Diego Romero","plano_id":null}
DEBUG - 2025-12-15 11:18:11 --> Session: Class initialized using 'CodeIgniter\Session\Handlers\FileHandler' driver.
INFO - 2025-12-15 11:18:11 --> trampa_id recibido: 
INFO - 2025-12-15 11:18:11 --> tipo_plaga recibido: palomilla_almacen
INFO - 2025-12-15 11:18:11 --> tipo_incidencia recibido: Hallazgo
INFO - 2025-12-15 11:18:11 --> Datos de incidencia recibidos: {"id_trampa":"","tipo_plaga":"palomilla_almacen","tipo_insecto":"Volador","cantidad_organismos":"9","tipo_incidencia":"Hallazgo","zona":"Almac\u00e9n de materias primas","notas":"","inspector":"Diego Romero"}
INFO - 2025-12-15 11:18:11 --> Valores antes de guardar: tipo_insecto=Volador, tipo_incidencia=Hallazgo
INFO - 2025-12-15 11:18:11 --> Incidencia guardada con ID: 5283
INFO - 2025-12-15 11:18:11 --> Incidencia guardada: {"id":"5283","id_trampa":null,"sede_id":"17","fecha":"2025-12-15 00:00:00","tipo_plaga":"palomilla_almacen","tipo_insecto":"Volador","cantidad_organismos":"9","tipo_incidencia":"Hallazgo","notas":"Zona: Almac\u00e9n de materias primas","inspector":"Diego Romero","plano_id":null}
DEBUG - 2025-12-15 11:18:11 --> Session: Class initialized using 'CodeIgniter\Session\Handlers\FileHandler' driver.
INFO - 2025-12-15 11:18:11 --> trampa_id recibido: 
INFO - 2025-12-15 11:18:11 --> tipo_plaga recibido: otros_escarabajos
INFO - 2025-12-15 11:18:11 --> tipo_incidencia recibido: Hallazgo
INFO - 2025-12-15 11:18:11 --> Datos de incidencia recibidos: {"id_trampa":"","tipo_plaga":"otros_escarabajos","tipo_insecto":"Rastrero","cantidad_organismos":"6","tipo_incidencia":"Hallazgo","zona":"Fosas boller\u00eda 2","notas":"","inspector":"Diego Romero"}
INFO - 2025-12-15 11:18:11 --> Valores antes de guardar: tipo_insecto=Rastrero, tipo_incidencia=Hallazgo
INFO - 2025-12-15 11:18:11 --> Incidencia guardada con ID: 5284
INFO - 2025-12-15 11:18:11 --> Incidencia guardada: {"id":"5284","id_trampa":null,"sede_id":"17","fecha":"2025-12-15 00:00:00","tipo_plaga":"otros_escarabajos","tipo_insecto":"Rastrero","cantidad_organismos":"6","tipo_incidencia":"Hallazgo","notas":"Zona: Fosas boller\u00eda 2","inspector":"Diego Romero","plano_id":null}
WARNING - 2025-12-15 11:18:24 --> [DEPRECATED] Passing lowercase HTTP method "get" is deprecated. Use uppercase HTTP method like "GET". in SYSTEMPATH/Router/RouteCollection.php on line 1026.
 1 SYSTEMPATH/Router/RouteCollection.php(1026): trigger_error('Passing lowercase HTTP method "get" is deprecated. Use uppercase HTTP method like "GET".', 16384)
 2 APPPATH/Config/Routes.php(131): CodeIgniter\Router\RouteCollection->match([...], 'locations/generarPDF', 'LocationsPdfController::generarPDF')
 3 SYSTEMPATH/Router/RouteCollection.php(339): require('/home/u976386866/domains/servipro.site/public_html/app/app/Config/Routes.php')
 4 SYSTEMPATH/CodeIgniter.php(821): CodeIgniter\Router\RouteCollection->loadRoutes()
 5 SYSTEMPATH/CodeIgniter.php(455): CodeIgniter\CodeIgniter->tryToRouteIt(null)
 6 SYSTEMPATH/CodeIgniter.php(354): CodeIgniter\CodeIgniter->handleRequest(null, Object(Config\Cache), false)
 7 SYSTEMPATH/Boot.php(334): CodeIgniter\CodeIgniter->run()
 8 SYSTEMPATH/Boot.php(67): CodeIgniter\Boot::runCodeIgniter(Object(CodeIgniter\CodeIgniter))
 9 FCPATH/index.php(56): CodeIgniter\Boot::bootWeb(Object(Config\Paths))
WARNING - 2025-12-15 11:18:24 --> [DEPRECATED] Passing lowercase HTTP method "post" is deprecated. Use uppercase HTTP method like "POST". in SYSTEMPATH/Router/RouteCollection.php on line 1026.
 1 SYSTEMPATH/Router/RouteCollection.php(1026): trigger_error('Passing lowercase HTTP method "post" is deprecated. Use uppercase HTTP method like "POST".', 16384)
 2 APPPATH/Config/Routes.php(131): CodeIgniter\Router\RouteCollection->match([...], 'locations/generarPDF', 'LocationsPdfController::generarPDF')
 3 SYSTEMPATH/Router/RouteCollection.php(339): require('/home/u976386866/domains/servipro.site/public_html/app/app/Config/Routes.php')
 4 SYSTEMPATH/CodeIgniter.php(821): CodeIgniter\Router\RouteCollection->loadRoutes()
 5 SYSTEMPATH/CodeIgniter.php(455): CodeIgniter\CodeIgniter->tryToRouteIt(null)
 6 SYSTEMPATH/CodeIgniter.php(354): CodeIgniter\CodeIgniter->handleRequest(null, Object(Config\Cache), false)
 7 SYSTEMPATH/Boot.php(334): CodeIgniter\CodeIgniter->run()
 8 SYSTEMPATH/Boot.php(67): CodeIgniter\Boot::runCodeIgniter(Object(CodeIgniter\CodeIgniter))
 9 FCPATH/index.php(56): CodeIgniter\Boot::bootWeb(Object(Config\Paths))
DEBUG - 2025-12-15 11:18:24 --> Session: Class initialized using 'CodeIgniter\Session\Handlers\FileHandler' driver.
WARNING - 2025-12-15 11:18:41 --> [DEPRECATED] Passing lowercase HTTP method "get" is deprecated. Use uppercase HTTP method like "GET". in SYSTEMPATH/Router/RouteCollection.php on line 1026.
 1 SYSTEMPATH/Router/RouteCollection.php(1026): trigger_error('Passing lowercase HTTP method "get" is deprecated. Use uppercase HTTP method like "GET".', 16384)
 2 APPPATH/Config/Routes.php(131): CodeIgniter\Router\RouteCollection->match([...], 'locations/generarPDF', 'LocationsPdfController::generarPDF')
 3 SYSTEMPATH/Router/RouteCollection.php(339): require('/home/u976386866/domains/servipro.site/public_html/app/app/Config/Routes.php')
 4 SYSTEMPATH/CodeIgniter.php(821): CodeIgniter\Router\RouteCollection->loadRoutes()
 5 SYSTEMPATH/CodeIgniter.php(455): CodeIgniter\CodeIgniter->tryToRouteIt(null)
 6 SYSTEMPATH/CodeIgniter.php(354): CodeIgniter\CodeIgniter->handleRequest(null, Object(Config\Cache), false)
 7 SYSTEMPATH/Boot.php(334): CodeIgniter\CodeIgniter->run()
 8 SYSTEMPATH/Boot.php(67): CodeIgniter\Boot::runCodeIgniter(Object(CodeIgniter\CodeIgniter))
 9 FCPATH/index.php(56): CodeIgniter\Boot::bootWeb(Object(Config\Paths))
WARNING - 2025-12-15 11:18:41 --> [DEPRECATED] Passing lowercase HTTP method "post" is deprecated. Use uppercase HTTP method like "POST". in SYSTEMPATH/Router/RouteCollection.php on line 1026.
 1 SYSTEMPATH/Router/RouteCollection.php(1026): trigger_error('Passing lowercase HTTP method "post" is deprecated. Use uppercase HTTP method like "POST".', 16384)
 2 APPPATH/Config/Routes.php(131): CodeIgniter\Router\RouteCollection->match([...], 'locations/generarPDF', 'LocationsPdfController::generarPDF')
 3 SYSTEMPATH/Router/RouteCollection.php(339): require('/home/u976386866/domains/servipro.site/public_html/app/app/Config/Routes.php')
 4 SYSTEMPATH/CodeIgniter.php(821): CodeIgniter\Router\RouteCollection->loadRoutes()
 5 SYSTEMPATH/CodeIgniter.php(455): CodeIgniter\CodeIgniter->tryToRouteIt(null)
 6 SYSTEMPATH/CodeIgniter.php(354): CodeIgniter\CodeIgniter->handleRequest(null, Object(Config\Cache), false)
 7 SYSTEMPATH/Boot.php(334): CodeIgniter\CodeIgniter->run()
 8 SYSTEMPATH/Boot.php(67): CodeIgniter\Boot::runCodeIgniter(Object(CodeIgniter\CodeIgniter))
 9 FCPATH/index.php(56): CodeIgniter\Boot::bootWeb(Object(Config\Paths))
DEBUG - 2025-12-15 11:18:41 --> Session: Class initialized using 'CodeIgniter\Session\Handlers\FileHandler' driver.
WARNING - 2025-12-15 11:19:24 --> [DEPRECATED] Passing lowercase HTTP method "get" is deprecated. Use uppercase HTTP method like "GET". in SYSTEMPATH/Router/RouteCollection.php on line 1026.
 1 SYSTEMPATH/Router/RouteCollection.php(1026): trigger_error('Passing lowercase HTTP method "get" is deprecated. Use uppercase HTTP method like "GET".', 16384)
 2 APPPATH/Config/Routes.php(131): CodeIgniter\Router\RouteCollection->match([...], 'locations/generarPDF', 'LocationsPdfController::generarPDF')
 3 SYSTEMPATH/Router/RouteCollection.php(339): require('/home/u976386866/domains/servipro.site/public_html/app/app/Config/Routes.php')
 4 SYSTEMPATH/CodeIgniter.php(821): CodeIgniter\Router\RouteCollection->loadRoutes()
 5 SYSTEMPATH/CodeIgniter.php(455): CodeIgniter\CodeIgniter->tryToRouteIt(null)
 6 SYSTEMPATH/CodeIgniter.php(354): CodeIgniter\CodeIgniter->handleRequest(null, Object(Config\Cache), false)
 7 SYSTEMPATH/Boot.php(334): CodeIgniter\CodeIgniter->run()
 8 SYSTEMPATH/Boot.php(67): CodeIgniter\Boot::runCodeIgniter(Object(CodeIgniter\CodeIgniter))
 9 FCPATH/index.php(56): CodeIgniter\Boot::bootWeb(Object(Config\Paths))
WARNING - 2025-12-15 11:19:24 --> [DEPRECATED] Passing lowercase HTTP method "post" is deprecated. Use uppercase HTTP method like "POST". in SYSTEMPATH/Router/RouteCollection.php on line 1026.
 1 SYSTEMPATH/Router/RouteCollection.php(1026): trigger_error('Passing lowercase HTTP method "post" is deprecated. Use uppercase HTTP method like "POST".', 16384)
 2 APPPATH/Config/Routes.php(131): CodeIgniter\Router\RouteCollection->match([...], 'locations/generarPDF', 'LocationsPdfController::generarPDF')
 3 SYSTEMPATH/Router/RouteCollection.php(339): require('/home/u976386866/domains/servipro.site/public_html/app/app/Config/Routes.php')
 4 SYSTEMPATH/CodeIgniter.php(821): CodeIgniter\Router\RouteCollection->loadRoutes()
 5 SYSTEMPATH/CodeIgniter.php(455): CodeIgniter\CodeIgniter->tryToRouteIt(null)
 6 SYSTEMPATH/CodeIgniter.php(354): CodeIgniter\CodeIgniter->handleRequest(null, Object(Config\Cache), false)
 7 SYSTEMPATH/Boot.php(334): CodeIgniter\CodeIgniter->run()
 8 SYSTEMPATH/Boot.php(67): CodeIgniter\Boot::runCodeIgniter(Object(CodeIgniter\CodeIgniter))
 9 FCPATH/index.php(56): CodeIgniter\Boot::bootWeb(Object(Config\Paths))
DEBUG - 2025-12-15 11:19:24 --> Session: Class initialized using 'CodeIgniter\Session\Handlers\FileHandler' driver.
WARNING - 2025-12-15 11:53:19 --> [DEPRECATED] Passing lowercase HTTP method "get" is deprecated. Use uppercase HTTP method like "GET". in SYSTEMPATH/Router/RouteCollection.php on line 1026.
 1 SYSTEMPATH/Router/RouteCollection.php(1026): trigger_error('Passing lowercase HTTP method "get" is deprecated. Use uppercase HTTP method like "GET".', 16384)
 2 APPPATH/Config/Routes.php(131): CodeIgniter\Router\RouteCollection->match([...], 'locations/generarPDF', 'LocationsPdfController::generarPDF')
 3 SYSTEMPATH/Router/RouteCollection.php(339): require('/home/u976386866/domains/servipro.site/public_html/app/app/Config/Routes.php')
 4 SYSTEMPATH/CodeIgniter.php(821): CodeIgniter\Router\RouteCollection->loadRoutes()
 5 SYSTEMPATH/CodeIgniter.php(455): CodeIgniter\CodeIgniter->tryToRouteIt(null)
 6 SYSTEMPATH/CodeIgniter.php(354): CodeIgniter\CodeIgniter->handleRequest(null, Object(Config\Cache), false)
 7 SYSTEMPATH/Boot.php(334): CodeIgniter\CodeIgniter->run()
 8 SYSTEMPATH/Boot.php(67): CodeIgniter\Boot::runCodeIgniter(Object(CodeIgniter\CodeIgniter))
 9 FCPATH/index.php(56): CodeIgniter\Boot::bootWeb(Object(Config\Paths))
WARNING - 2025-12-15 11:53:19 --> [DEPRECATED] Passing lowercase HTTP method "post" is deprecated. Use uppercase HTTP method like "POST". in SYSTEMPATH/Router/RouteCollection.php on line 1026.
 1 SYSTEMPATH/Router/RouteCollection.php(1026): trigger_error('Passing lowercase HTTP method "post" is deprecated. Use uppercase HTTP method like "POST".', 16384)
 2 APPPATH/Config/Routes.php(131): CodeIgniter\Router\RouteCollection->match([...], 'locations/generarPDF', 'LocationsPdfController::generarPDF')
 3 SYSTEMPATH/Router/RouteCollection.php(339): require('/home/u976386866/domains/servipro.site/public_html/app/app/Config/Routes.php')
 4 SYSTEMPATH/CodeIgniter.php(821): CodeIgniter\Router\RouteCollection->loadRoutes()
 5 SYSTEMPATH/CodeIgniter.php(455): CodeIgniter\CodeIgniter->tryToRouteIt(null)
 6 SYSTEMPATH/CodeIgniter.php(354): CodeIgniter\CodeIgniter->handleRequest(null, Object(Config\Cache), false)
 7 SYSTEMPATH/Boot.php(334): CodeIgniter\CodeIgniter->run()
 8 SYSTEMPATH/Boot.php(67): CodeIgniter\Boot::runCodeIgniter(Object(CodeIgniter\CodeIgniter))
 9 FCPATH/index.php(56): CodeIgniter\Boot::bootWeb(Object(Config\Paths))
DEBUG - 2025-12-15 11:53:19 --> Session: Class initialized using 'CodeIgniter\Session\Handlers\FileHandler' driver.
WARNING - 2025-12-15 11:55:00 --> [DEPRECATED] Passing lowercase HTTP method "get" is deprecated. Use uppercase HTTP method like "GET". in SYSTEMPATH/Router/RouteCollection.php on line 1026.
 1 SYSTEMPATH/Router/RouteCollection.php(1026): trigger_error('Passing lowercase HTTP method "get" is deprecated. Use uppercase HTTP method like "GET".', 16384)
 2 APPPATH/Config/Routes.php(131): CodeIgniter\Router\RouteCollection->match([...], 'locations/generarPDF', 'LocationsPdfController::generarPDF')
 3 SYSTEMPATH/Router/RouteCollection.php(339): require('/home/u976386866/domains/servipro.site/public_html/app/app/Config/Routes.php')
 4 SYSTEMPATH/CodeIgniter.php(821): CodeIgniter\Router\RouteCollection->loadRoutes()
 5 SYSTEMPATH/CodeIgniter.php(455): CodeIgniter\CodeIgniter->tryToRouteIt(null)
 6 SYSTEMPATH/CodeIgniter.php(354): CodeIgniter\CodeIgniter->handleRequest(null, Object(Config\Cache), false)
 7 SYSTEMPATH/Boot.php(334): CodeIgniter\CodeIgniter->run()
 8 SYSTEMPATH/Boot.php(67): CodeIgniter\Boot::runCodeIgniter(Object(CodeIgniter\CodeIgniter))
 9 FCPATH/index.php(56): CodeIgniter\Boot::bootWeb(Object(Config\Paths))
WARNING - 2025-12-15 11:55:00 --> [DEPRECATED] Passing lowercase HTTP method "post" is deprecated. Use uppercase HTTP method like "POST". in SYSTEMPATH/Router/RouteCollection.php on line 1026.
 1 SYSTEMPATH/Router/RouteCollection.php(1026): trigger_error('Passing lowercase HTTP method "post" is deprecated. Use uppercase HTTP method like "POST".', 16384)
 2 APPPATH/Config/Routes.php(131): CodeIgniter\Router\RouteCollection->match([...], 'locations/generarPDF', 'LocationsPdfController::generarPDF')
 3 SYSTEMPATH/Router/RouteCollection.php(339): require('/home/u976386866/domains/servipro.site/public_html/app/app/Config/Routes.php')
 4 SYSTEMPATH/CodeIgniter.php(821): CodeIgniter\Router\RouteCollection->loadRoutes()
 5 SYSTEMPATH/CodeIgniter.php(455): CodeIgniter\CodeIgniter->tryToRouteIt(null)
 6 SYSTEMPATH/CodeIgniter.php(354): CodeIgniter\CodeIgniter->handleRequest(null, Object(Config\Cache), false)
 7 SYSTEMPATH/Boot.php(334): CodeIgniter\CodeIgniter->run()
 8 SYSTEMPATH/Boot.php(67): CodeIgniter\Boot::runCodeIgniter(Object(CodeIgniter\CodeIgniter))
 9 FCPATH/index.php(56): CodeIgniter\Boot::bootWeb(Object(Config\Paths))
DEBUG - 2025-12-15 11:55:00 --> Session: Class initialized using 'CodeIgniter\Session\Handlers\FileHandler' driver.
WARNING - 2025-12-15 11:55:01 --> [DEPRECATED] Passing lowercase HTTP method "get" is deprecated. Use uppercase HTTP method like "GET". in SYSTEMPATH/Router/RouteCollection.php on line 1026.
 1 SYSTEMPATH/Router/RouteCollection.php(1026): trigger_error('Passing lowercase HTTP method "get" is deprecated. Use uppercase HTTP method like "GET".', 16384)
 2 APPPATH/Config/Routes.php(131): CodeIgniter\Router\RouteCollection->match([...], 'locations/generarPDF', 'LocationsPdfController::generarPDF')
 3 SYSTEMPATH/Router/RouteCollection.php(339): require('/home/u976386866/domains/servipro.site/public_html/app/app/Config/Routes.php')
 4 SYSTEMPATH/CodeIgniter.php(821): CodeIgniter\Router\RouteCollection->loadRoutes()
 5 SYSTEMPATH/CodeIgniter.php(455): CodeIgniter\CodeIgniter->tryToRouteIt(null)
 6 SYSTEMPATH/CodeIgniter.php(354): CodeIgniter\CodeIgniter->handleRequest(null, Object(Config\Cache), false)
 7 SYSTEMPATH/Boot.php(334): CodeIgniter\CodeIgniter->run()
 8 SYSTEMPATH/Boot.php(67): CodeIgniter\Boot::runCodeIgniter(Object(CodeIgniter\CodeIgniter))
 9 FCPATH/index.php(56): CodeIgniter\Boot::bootWeb(Object(Config\Paths))
WARNING - 2025-12-15 11:55:01 --> [DEPRECATED] Passing lowercase HTTP method "post" is deprecated. Use uppercase HTTP method like "POST". in SYSTEMPATH/Router/RouteCollection.php on line 1026.
 1 SYSTEMPATH/Router/RouteCollection.php(1026): trigger_error('Passing lowercase HTTP method "post" is deprecated. Use uppercase HTTP method like "POST".', 16384)
 2 APPPATH/Config/Routes.php(131): CodeIgniter\Router\RouteCollection->match([...], 'locations/generarPDF', 'LocationsPdfController::generarPDF')
 3 SYSTEMPATH/Router/RouteCollection.php(339): require('/home/u976386866/domains/servipro.site/public_html/app/app/Config/Routes.php')
 4 SYSTEMPATH/CodeIgniter.php(821): CodeIgniter\Router\RouteCollection->loadRoutes()
 5 SYSTEMPATH/CodeIgniter.php(455): CodeIgniter\CodeIgniter->tryToRouteIt(null)
 6 SYSTEMPATH/CodeIgniter.php(354): CodeIgniter\CodeIgniter->handleRequest(null, Object(Config\Cache), false)
 7 SYSTEMPATH/Boot.php(334): CodeIgniter\CodeIgniter->run()
 8 SYSTEMPATH/Boot.php(67): CodeIgniter\Boot::runCodeIgniter(Object(CodeIgniter\CodeIgniter))
 9 FCPATH/index.php(56): CodeIgniter\Boot::bootWeb(Object(Config\Paths))
DEBUG - 2025-12-15 11:55:01 --> Session: Class initialized using 'CodeIgniter\Session\Handlers\FileHandler' driver.
WARNING - 2025-12-15 11:55:05 --> [DEPRECATED] Passing lowercase HTTP method "get" is deprecated. Use uppercase HTTP method like "GET". in SYSTEMPATH/Router/RouteCollection.php on line 1026.
 1 SYSTEMPATH/Router/RouteCollection.php(1026): trigger_error('Passing lowercase HTTP method "get" is deprecated. Use uppercase HTTP method like "GET".', 16384)
 2 APPPATH/Config/Routes.php(131): CodeIgniter\Router\RouteCollection->match([...], 'locations/generarPDF', 'LocationsPdfController::generarPDF')
 3 SYSTEMPATH/Router/RouteCollection.php(339): require('/home/u976386866/domains/servipro.site/public_html/app/app/Config/Routes.php')
 4 SYSTEMPATH/CodeIgniter.php(821): CodeIgniter\Router\RouteCollection->loadRoutes()
 5 SYSTEMPATH/CodeIgniter.php(455): CodeIgniter\CodeIgniter->tryToRouteIt(null)
 6 SYSTEMPATH/CodeIgniter.php(354): CodeIgniter\CodeIgniter->handleRequest(null, Object(Config\Cache), false)
 7 SYSTEMPATH/Boot.php(334): CodeIgniter\CodeIgniter->run()
 8 SYSTEMPATH/Boot.php(67): CodeIgniter\Boot::runCodeIgniter(Object(CodeIgniter\CodeIgniter))
 9 FCPATH/index.php(56): CodeIgniter\Boot::bootWeb(Object(Config\Paths))
WARNING - 2025-12-15 11:55:05 --> [DEPRECATED] Passing lowercase HTTP method "post" is deprecated. Use uppercase HTTP method like "POST". in SYSTEMPATH/Router/RouteCollection.php on line 1026.
 1 SYSTEMPATH/Router/RouteCollection.php(1026): trigger_error('Passing lowercase HTTP method "post" is deprecated. Use uppercase HTTP method like "POST".', 16384)
 2 APPPATH/Config/Routes.php(131): CodeIgniter\Router\RouteCollection->match([...], 'locations/generarPDF', 'LocationsPdfController::generarPDF')
 3 SYSTEMPATH/Router/RouteCollection.php(339): require('/home/u976386866/domains/servipro.site/public_html/app/app/Config/Routes.php')
 4 SYSTEMPATH/CodeIgniter.php(821): CodeIgniter\Router\RouteCollection->loadRoutes()
 5 SYSTEMPATH/CodeIgniter.php(455): CodeIgniter\CodeIgniter->tryToRouteIt(null)
 6 SYSTEMPATH/CodeIgniter.php(354): CodeIgniter\CodeIgniter->handleRequest(null, Object(Config\Cache), false)
 7 SYSTEMPATH/Boot.php(334): CodeIgniter\CodeIgniter->run()
 8 SYSTEMPATH/Boot.php(67): CodeIgniter\Boot::runCodeIgniter(Object(CodeIgniter\CodeIgniter))
 9 FCPATH/index.php(56): CodeIgniter\Boot::bootWeb(Object(Config\Paths))
DEBUG - 2025-12-15 11:55:05 --> Session: Class initialized using 'CodeIgniter\Session\Handlers\FileHandler' driver.
WARNING - 2025-12-15 11:55:06 --> [DEPRECATED] Passing lowercase HTTP method "get" is deprecated. Use uppercase HTTP method like "GET". in SYSTEMPATH/Router/RouteCollection.php on line 1026.
 1 SYSTEMPATH/Router/RouteCollection.php(1026): trigger_error('Passing lowercase HTTP method "get" is deprecated. Use uppercase HTTP method like "GET".', 16384)
 2 APPPATH/Config/Routes.php(131): CodeIgniter\Router\RouteCollection->match([...], 'locations/generarPDF', 'LocationsPdfController::generarPDF')
 3 SYSTEMPATH/Router/RouteCollection.php(339): require('/home/u976386866/domains/servipro.site/public_html/app/app/Config/Routes.php')
 4 SYSTEMPATH/CodeIgniter.php(821): CodeIgniter\Router\RouteCollection->loadRoutes()
 5 SYSTEMPATH/CodeIgniter.php(455): CodeIgniter\CodeIgniter->tryToRouteIt(null)
 6 SYSTEMPATH/CodeIgniter.php(354): CodeIgniter\CodeIgniter->handleRequest(null, Object(Config\Cache), false)
 7 SYSTEMPATH/Boot.php(334): CodeIgniter\CodeIgniter->run()
 8 SYSTEMPATH/Boot.php(67): CodeIgniter\Boot::runCodeIgniter(Object(CodeIgniter\CodeIgniter))
 9 FCPATH/index.php(56): CodeIgniter\Boot::bootWeb(Object(Config\Paths))
WARNING - 2025-12-15 11:55:06 --> [DEPRECATED] Passing lowercase HTTP method "post" is deprecated. Use uppercase HTTP method like "POST". in SYSTEMPATH/Router/RouteCollection.php on line 1026.
 1 SYSTEMPATH/Router/RouteCollection.php(1026): trigger_error('Passing lowercase HTTP method "post" is deprecated. Use uppercase HTTP method like "POST".', 16384)
 2 APPPATH/Config/Routes.php(131): CodeIgniter\Router\RouteCollection->match([...], 'locations/generarPDF', 'LocationsPdfController::generarPDF')
 3 SYSTEMPATH/Router/RouteCollection.php(339): require('/home/u976386866/domains/servipro.site/public_html/app/app/Config/Routes.php')
 4 SYSTEMPATH/CodeIgniter.php(821): CodeIgniter\Router\RouteCollection->loadRoutes()
 5 SYSTEMPATH/CodeIgniter.php(455): CodeIgniter\CodeIgniter->tryToRouteIt(null)
 6 SYSTEMPATH/CodeIgniter.php(354): CodeIgniter\CodeIgniter->handleRequest(null, Object(Config\Cache), false)
 7 SYSTEMPATH/Boot.php(334): CodeIgniter\CodeIgniter->run()
 8 SYSTEMPATH/Boot.php(67): CodeIgniter\Boot::runCodeIgniter(Object(CodeIgniter\CodeIgniter))
 9 FCPATH/index.php(56): CodeIgniter\Boot::bootWeb(Object(Config\Paths))
DEBUG - 2025-12-15 11:55:06 --> Session: Class initialized using 'CodeIgniter\Session\Handlers\FileHandler' driver.
WARNING - 2025-12-15 11:55:09 --> [DEPRECATED] Passing lowercase HTTP method "get" is deprecated. Use uppercase HTTP method like "GET". in SYSTEMPATH/Router/RouteCollection.php on line 1026.
 1 SYSTEMPATH/Router/RouteCollection.php(1026): trigger_error('Passing lowercase HTTP method "get" is deprecated. Use uppercase HTTP method like "GET".', 16384)
 2 APPPATH/Config/Routes.php(131): CodeIgniter\Router\RouteCollection->match([...], 'locations/generarPDF', 'LocationsPdfController::generarPDF')
 3 SYSTEMPATH/Router/RouteCollection.php(339): require('/home/u976386866/domains/servipro.site/public_html/app/app/Config/Routes.php')
 4 SYSTEMPATH/CodeIgniter.php(821): CodeIgniter\Router\RouteCollection->loadRoutes()
 5 SYSTEMPATH/CodeIgniter.php(455): CodeIgniter\CodeIgniter->tryToRouteIt(null)
 6 SYSTEMPATH/CodeIgniter.php(354): CodeIgniter\CodeIgniter->handleRequest(null, Object(Config\Cache), false)
 7 SYSTEMPATH/Boot.php(334): CodeIgniter\CodeIgniter->run()
 8 SYSTEMPATH/Boot.php(67): CodeIgniter\Boot::runCodeIgniter(Object(CodeIgniter\CodeIgniter))
 9 FCPATH/index.php(56): CodeIgniter\Boot::bootWeb(Object(Config\Paths))
WARNING - 2025-12-15 11:55:09 --> [DEPRECATED] Passing lowercase HTTP method "post" is deprecated. Use uppercase HTTP method like "POST". in SYSTEMPATH/Router/RouteCollection.php on line 1026.
 1 SYSTEMPATH/Router/RouteCollection.php(1026): trigger_error('Passing lowercase HTTP method "post" is deprecated. Use uppercase HTTP method like "POST".', 16384)
 2 APPPATH/Config/Routes.php(131): CodeIgniter\Router\RouteCollection->match([...], 'locations/generarPDF', 'LocationsPdfController::generarPDF')
 3 SYSTEMPATH/Router/RouteCollection.php(339): require('/home/u976386866/domains/servipro.site/public_html/app/app/Config/Routes.php')
 4 SYSTEMPATH/CodeIgniter.php(821): CodeIgniter\Router\RouteCollection->loadRoutes()
 5 SYSTEMPATH/CodeIgniter.php(455): CodeIgniter\CodeIgniter->tryToRouteIt(null)
 6 SYSTEMPATH/CodeIgniter.php(354): CodeIgniter\CodeIgniter->handleRequest(null, Object(Config\Cache), false)
 7 SYSTEMPATH/Boot.php(334): CodeIgniter\CodeIgniter->run()
 8 SYSTEMPATH/Boot.php(67): CodeIgniter\Boot::runCodeIgniter(Object(CodeIgniter\CodeIgniter))
 9 FCPATH/index.php(56): CodeIgniter\Boot::bootWeb(Object(Config\Paths))
DEBUG - 2025-12-15 11:55:09 --> Session: Class initialized using 'CodeIgniter\Session\Handlers\FileHandler' driver.
WARNING - 2025-12-15 11:55:09 --> [DEPRECATED] Passing lowercase HTTP method "get" is deprecated. Use uppercase HTTP method like "GET". in SYSTEMPATH/Router/RouteCollection.php on line 1026.
 1 SYSTEMPATH/Router/RouteCollection.php(1026): trigger_error('Passing lowercase HTTP method "get" is deprecated. Use uppercase HTTP method like "GET".', 16384)
 2 APPPATH/Config/Routes.php(131): CodeIgniter\Router\RouteCollection->match([...], 'locations/generarPDF', 'LocationsPdfController::generarPDF')
 3 SYSTEMPATH/Router/RouteCollection.php(339): require('/home/u976386866/domains/servipro.site/public_html/app/app/Config/Routes.php')
 4 SYSTEMPATH/CodeIgniter.php(821): CodeIgniter\Router\RouteCollection->loadRoutes()
 5 SYSTEMPATH/CodeIgniter.php(455): CodeIgniter\CodeIgniter->tryToRouteIt(null)
 6 SYSTEMPATH/CodeIgniter.php(354): CodeIgniter\CodeIgniter->handleRequest(null, Object(Config\Cache), false)
 7 SYSTEMPATH/Boot.php(334): CodeIgniter\CodeIgniter->run()
 8 SYSTEMPATH/Boot.php(67): CodeIgniter\Boot::runCodeIgniter(Object(CodeIgniter\CodeIgniter))
 9 FCPATH/index.php(56): CodeIgniter\Boot::bootWeb(Object(Config\Paths))
WARNING - 2025-12-15 11:55:09 --> [DEPRECATED] Passing lowercase HTTP method "post" is deprecated. Use uppercase HTTP method like "POST". in SYSTEMPATH/Router/RouteCollection.php on line 1026.
 1 SYSTEMPATH/Router/RouteCollection.php(1026): trigger_error('Passing lowercase HTTP method "post" is deprecated. Use uppercase HTTP method like "POST".', 16384)
 2 APPPATH/Config/Routes.php(131): CodeIgniter\Router\RouteCollection->match([...], 'locations/generarPDF', 'LocationsPdfController::generarPDF')
 3 SYSTEMPATH/Router/RouteCollection.php(339): require('/home/u976386866/domains/servipro.site/public_html/app/app/Config/Routes.php')
 4 SYSTEMPATH/CodeIgniter.php(821): CodeIgniter\Router\RouteCollection->loadRoutes()
 5 SYSTEMPATH/CodeIgniter.php(455): CodeIgniter\CodeIgniter->tryToRouteIt(null)
 6 SYSTEMPATH/CodeIgniter.php(354): CodeIgniter\CodeIgniter->handleRequest(null, Object(Config\Cache), false)
 7 SYSTEMPATH/Boot.php(334): CodeIgniter\CodeIgniter->run()
 8 SYSTEMPATH/Boot.php(67): CodeIgniter\Boot::runCodeIgniter(Object(CodeIgniter\CodeIgniter))
 9 FCPATH/index.php(56): CodeIgniter\Boot::bootWeb(Object(Config\Paths))
DEBUG - 2025-12-15 11:55:09 --> Session: Class initialized using 'CodeIgniter\Session\Handlers\FileHandler' driver.
WARNING - 2025-12-15 11:55:11 --> [DEPRECATED] Passing lowercase HTTP method "get" is deprecated. Use uppercase HTTP method like "GET". in SYSTEMPATH/Router/RouteCollection.php on line 1026.
 1 SYSTEMPATH/Router/RouteCollection.php(1026): trigger_error('Passing lowercase HTTP method "get" is deprecated. Use uppercase HTTP method like "GET".', 16384)
 2 APPPATH/Config/Routes.php(131): CodeIgniter\Router\RouteCollection->match([...], 'locations/generarPDF', 'LocationsPdfController::generarPDF')
 3 SYSTEMPATH/Router/RouteCollection.php(339): require('/home/u976386866/domains/servipro.site/public_html/app/app/Config/Routes.php')
 4 SYSTEMPATH/CodeIgniter.php(821): CodeIgniter\Router\RouteCollection->loadRoutes()
 5 SYSTEMPATH/CodeIgniter.php(455): CodeIgniter\CodeIgniter->tryToRouteIt(null)
 6 SYSTEMPATH/CodeIgniter.php(354): CodeIgniter\CodeIgniter->handleRequest(null, Object(Config\Cache), false)
 7 SYSTEMPATH/Boot.php(334): CodeIgniter\CodeIgniter->run()
 8 SYSTEMPATH/Boot.php(67): CodeIgniter\Boot::runCodeIgniter(Object(CodeIgniter\CodeIgniter))
 9 FCPATH/index.php(56): CodeIgniter\Boot::bootWeb(Object(Config\Paths))
WARNING - 2025-12-15 11:55:11 --> [DEPRECATED] Passing lowercase HTTP method "post" is deprecated. Use uppercase HTTP method like "POST". in SYSTEMPATH/Router/RouteCollection.php on line 1026.
 1 SYSTEMPATH/Router/RouteCollection.php(1026): trigger_error('Passing lowercase HTTP method "post" is deprecated. Use uppercase HTTP method like "POST".', 16384)
 2 APPPATH/Config/Routes.php(131): CodeIgniter\Router\RouteCollection->match([...], 'locations/generarPDF', 'LocationsPdfController::generarPDF')
 3 SYSTEMPATH/Router/RouteCollection.php(339): require('/home/u976386866/domains/servipro.site/public_html/app/app/Config/Routes.php')
 4 SYSTEMPATH/CodeIgniter.php(821): CodeIgniter\Router\RouteCollection->loadRoutes()
 5 SYSTEMPATH/CodeIgniter.php(455): CodeIgniter\CodeIgniter->tryToRouteIt(null)
 6 SYSTEMPATH/CodeIgniter.php(354): CodeIgniter\CodeIgniter->handleRequest(null, Object(Config\Cache), false)
 7 SYSTEMPATH/Boot.php(334): CodeIgniter\CodeIgniter->run()
 8 SYSTEMPATH/Boot.php(67): CodeIgniter\Boot::runCodeIgniter(Object(CodeIgniter\CodeIgniter))
 9 FCPATH/index.php(56): CodeIgniter\Boot::bootWeb(Object(Config\Paths))
DEBUG - 2025-12-15 11:55:11 --> Session: Class initialized using 'CodeIgniter\Session\Handlers\FileHandler' driver.
WARNING - 2025-12-15 11:55:14 --> [DEPRECATED] Passing lowercase HTTP method "get" is deprecated. Use uppercase HTTP method like "GET". in SYSTEMPATH/Router/RouteCollection.php on line 1026.
 1 SYSTEMPATH/Router/RouteCollection.php(1026): trigger_error('Passing lowercase HTTP method "get" is deprecated. Use uppercase HTTP method like "GET".', 16384)
 2 APPPATH/Config/Routes.php(131): CodeIgniter\Router\RouteCollection->match([...], 'locations/generarPDF', 'LocationsPdfController::generarPDF')
 3 SYSTEMPATH/Router/RouteCollection.php(339): require('/home/u976386866/domains/servipro.site/public_html/app/app/Config/Routes.php')
 4 SYSTEMPATH/CodeIgniter.php(821): CodeIgniter\Router\RouteCollection->loadRoutes()
 5 SYSTEMPATH/CodeIgniter.php(455): CodeIgniter\CodeIgniter->tryToRouteIt(null)
 6 SYSTEMPATH/CodeIgniter.php(354): CodeIgniter\CodeIgniter->handleRequest(null, Object(Config\Cache), false)
 7 SYSTEMPATH/Boot.php(334): CodeIgniter\CodeIgniter->run()
 8 SYSTEMPATH/Boot.php(67): CodeIgniter\Boot::runCodeIgniter(Object(CodeIgniter\CodeIgniter))
 9 FCPATH/index.php(56): CodeIgniter\Boot::bootWeb(Object(Config\Paths))
WARNING - 2025-12-15 11:55:14 --> [DEPRECATED] Passing lowercase HTTP method "post" is deprecated. Use uppercase HTTP method like "POST". in SYSTEMPATH/Router/RouteCollection.php on line 1026.
 1 SYSTEMPATH/Router/RouteCollection.php(1026): trigger_error('Passing lowercase HTTP method "post" is deprecated. Use uppercase HTTP method like "POST".', 16384)
 2 APPPATH/Config/Routes.php(131): CodeIgniter\Router\RouteCollection->match([...], 'locations/generarPDF', 'LocationsPdfController::generarPDF')
 3 SYSTEMPATH/Router/RouteCollection.php(339): require('/home/u976386866/domains/servipro.site/public_html/app/app/Config/Routes.php')
 4 SYSTEMPATH/CodeIgniter.php(821): CodeIgniter\Router\RouteCollection->loadRoutes()
 5 SYSTEMPATH/CodeIgniter.php(455): CodeIgniter\CodeIgniter->tryToRouteIt(null)
 6 SYSTEMPATH/CodeIgniter.php(354): CodeIgniter\CodeIgniter->handleRequest(null, Object(Config\Cache), false)
 7 SYSTEMPATH/Boot.php(334): CodeIgniter\CodeIgniter->run()
 8 SYSTEMPATH/Boot.php(67): CodeIgniter\Boot::runCodeIgniter(Object(CodeIgniter\CodeIgniter))
 9 FCPATH/index.php(56): CodeIgniter\Boot::bootWeb(Object(Config\Paths))
DEBUG - 2025-12-15 11:55:14 --> Session: Class initialized using 'CodeIgniter\Session\Handlers\FileHandler' driver.
WARNING - 2025-12-15 11:55:36 --> [DEPRECATED] Passing lowercase HTTP method "get" is deprecated. Use uppercase HTTP method like "GET". in SYSTEMPATH/Router/RouteCollection.php on line 1026.
 1 SYSTEMPATH/Router/RouteCollection.php(1026): trigger_error('Passing lowercase HTTP method "get" is deprecated. Use uppercase HTTP method like "GET".', 16384)
 2 APPPATH/Config/Routes.php(131): CodeIgniter\Router\RouteCollection->match([...], 'locations/generarPDF', 'LocationsPdfController::generarPDF')
 3 SYSTEMPATH/Router/RouteCollection.php(339): require('/home/u976386866/domains/servipro.site/public_html/app/app/Config/Routes.php')
 4 SYSTEMPATH/CodeIgniter.php(821): CodeIgniter\Router\RouteCollection->loadRoutes()
 5 SYSTEMPATH/CodeIgniter.php(455): CodeIgniter\CodeIgniter->tryToRouteIt(null)
 6 SYSTEMPATH/CodeIgniter.php(354): CodeIgniter\CodeIgniter->handleRequest(null, Object(Config\Cache), false)
 7 SYSTEMPATH/Boot.php(334): CodeIgniter\CodeIgniter->run()
 8 SYSTEMPATH/Boot.php(67): CodeIgniter\Boot::runCodeIgniter(Object(CodeIgniter\CodeIgniter))
 9 FCPATH/index.php(56): CodeIgniter\Boot::bootWeb(Object(Config\Paths))
WARNING - 2025-12-15 11:55:36 --> [DEPRECATED] Passing lowercase HTTP method "post" is deprecated. Use uppercase HTTP method like "POST". in SYSTEMPATH/Router/RouteCollection.php on line 1026.
 1 SYSTEMPATH/Router/RouteCollection.php(1026): trigger_error('Passing lowercase HTTP method "post" is deprecated. Use uppercase HTTP method like "POST".', 16384)
 2 APPPATH/Config/Routes.php(131): CodeIgniter\Router\RouteCollection->match([...], 'locations/generarPDF', 'LocationsPdfController::generarPDF')
 3 SYSTEMPATH/Router/RouteCollection.php(339): require('/home/u976386866/domains/servipro.site/public_html/app/app/Config/Routes.php')
 4 SYSTEMPATH/CodeIgniter.php(821): CodeIgniter\Router\RouteCollection->loadRoutes()
 5 SYSTEMPATH/CodeIgniter.php(455): CodeIgniter\CodeIgniter->tryToRouteIt(null)
 6 SYSTEMPATH/CodeIgniter.php(354): CodeIgniter\CodeIgniter->handleRequest(null, Object(Config\Cache), false)
 7 SYSTEMPATH/Boot.php(334): CodeIgniter\CodeIgniter->run()
 8 SYSTEMPATH/Boot.php(67): CodeIgniter\Boot::runCodeIgniter(Object(CodeIgniter\CodeIgniter))
 9 FCPATH/index.php(56): CodeIgniter\Boot::bootWeb(Object(Config\Paths))
DEBUG - 2025-12-15 11:55:36 --> Session: Class initialized using 'CodeIgniter\Session\Handlers\FileHandler' driver.
WARNING - 2025-12-15 11:56:28 --> [DEPRECATED] Passing lowercase HTTP method "get" is deprecated. Use uppercase HTTP method like "GET". in SYSTEMPATH/Router/RouteCollection.php on line 1026.
 1 SYSTEMPATH/Router/RouteCollection.php(1026): trigger_error('Passing lowercase HTTP method "get" is deprecated. Use uppercase HTTP method like "GET".', 16384)
 2 APPPATH/Config/Routes.php(131): CodeIgniter\Router\RouteCollection->match([...], 'locations/generarPDF', 'LocationsPdfController::generarPDF')
 3 SYSTEMPATH/Router/RouteCollection.php(339): require('/home/u976386866/domains/servipro.site/public_html/app/app/Config/Routes.php')
 4 SYSTEMPATH/CodeIgniter.php(821): CodeIgniter\Router\RouteCollection->loadRoutes()
 5 SYSTEMPATH/CodeIgniter.php(455): CodeIgniter\CodeIgniter->tryToRouteIt(null)
 6 SYSTEMPATH/CodeIgniter.php(354): CodeIgniter\CodeIgniter->handleRequest(null, Object(Config\Cache), false)
 7 SYSTEMPATH/Boot.php(334): CodeIgniter\CodeIgniter->run()
 8 SYSTEMPATH/Boot.php(67): CodeIgniter\Boot::runCodeIgniter(Object(CodeIgniter\CodeIgniter))
 9 FCPATH/index.php(56): CodeIgniter\Boot::bootWeb(Object(Config\Paths))
WARNING - 2025-12-15 11:56:28 --> [DEPRECATED] Passing lowercase HTTP method "post" is deprecated. Use uppercase HTTP method like "POST". in SYSTEMPATH/Router/RouteCollection.php on line 1026.
 1 SYSTEMPATH/Router/RouteCollection.php(1026): trigger_error('Passing lowercase HTTP method "post" is deprecated. Use uppercase HTTP method like "POST".', 16384)
 2 APPPATH/Config/Routes.php(131): CodeIgniter\Router\RouteCollection->match([...], 'locations/generarPDF', 'LocationsPdfController::generarPDF')
 3 SYSTEMPATH/Router/RouteCollection.php(339): require('/home/u976386866/domains/servipro.site/public_html/app/app/Config/Routes.php')
 4 SYSTEMPATH/CodeIgniter.php(821): CodeIgniter\Router\RouteCollection->loadRoutes()
 5 SYSTEMPATH/CodeIgniter.php(455): CodeIgniter\CodeIgniter->tryToRouteIt(null)
 6 SYSTEMPATH/CodeIgniter.php(354): CodeIgniter\CodeIgniter->handleRequest(null, Object(Config\Cache), false)
 7 SYSTEMPATH/Boot.php(334): CodeIgniter\CodeIgniter->run()
 8 SYSTEMPATH/Boot.php(67): CodeIgniter\Boot::runCodeIgniter(Object(CodeIgniter\CodeIgniter))
 9 FCPATH/index.php(56): CodeIgniter\Boot::bootWeb(Object(Config\Paths))
DEBUG - 2025-12-15 11:56:28 --> Session: Class initialized using 'CodeIgniter\Session\Handlers\FileHandler' driver.
WARNING - 2025-12-15 11:56:29 --> [DEPRECATED] Passing lowercase HTTP method "get" is deprecated. Use uppercase HTTP method like "GET". in SYSTEMPATH/Router/RouteCollection.php on line 1026.
 1 SYSTEMPATH/Router/RouteCollection.php(1026): trigger_error('Passing lowercase HTTP method "get" is deprecated. Use uppercase HTTP method like "GET".', 16384)
 2 APPPATH/Config/Routes.php(131): CodeIgniter\Router\RouteCollection->match([...], 'locations/generarPDF', 'LocationsPdfController::generarPDF')
 3 SYSTEMPATH/Router/RouteCollection.php(339): require('/home/u976386866/domains/servipro.site/public_html/app/app/Config/Routes.php')
 4 SYSTEMPATH/CodeIgniter.php(821): CodeIgniter\Router\RouteCollection->loadRoutes()
 5 SYSTEMPATH/CodeIgniter.php(455): CodeIgniter\CodeIgniter->tryToRouteIt(null)
 6 SYSTEMPATH/CodeIgniter.php(354): CodeIgniter\CodeIgniter->handleRequest(null, Object(Config\Cache), false)
 7 SYSTEMPATH/Boot.php(334): CodeIgniter\CodeIgniter->run()
 8 SYSTEMPATH/Boot.php(67): CodeIgniter\Boot::runCodeIgniter(Object(CodeIgniter\CodeIgniter))
 9 FCPATH/index.php(56): CodeIgniter\Boot::bootWeb(Object(Config\Paths))
WARNING - 2025-12-15 11:56:29 --> [DEPRECATED] Passing lowercase HTTP method "post" is deprecated. Use uppercase HTTP method like "POST". in SYSTEMPATH/Router/RouteCollection.php on line 1026.
 1 SYSTEMPATH/Router/RouteCollection.php(1026): trigger_error('Passing lowercase HTTP method "post" is deprecated. Use uppercase HTTP method like "POST".', 16384)
 2 APPPATH/Config/Routes.php(131): CodeIgniter\Router\RouteCollection->match([...], 'locations/generarPDF', 'LocationsPdfController::generarPDF')
 3 SYSTEMPATH/Router/RouteCollection.php(339): require('/home/u976386866/domains/servipro.site/public_html/app/app/Config/Routes.php')
 4 SYSTEMPATH/CodeIgniter.php(821): CodeIgniter\Router\RouteCollection->loadRoutes()
 5 SYSTEMPATH/CodeIgniter.php(455): CodeIgniter\CodeIgniter->tryToRouteIt(null)
 6 SYSTEMPATH/CodeIgniter.php(354): CodeIgniter\CodeIgniter->handleRequest(null, Object(Config\Cache), false)
 7 SYSTEMPATH/Boot.php(334): CodeIgniter\CodeIgniter->run()
 8 SYSTEMPATH/Boot.php(67): CodeIgniter\Boot::runCodeIgniter(Object(CodeIgniter\CodeIgniter))
 9 FCPATH/index.php(56): CodeIgniter\Boot::bootWeb(Object(Config\Paths))
DEBUG - 2025-12-15 11:56:29 --> Session: Class initialized using 'CodeIgniter\Session\Handlers\FileHandler' driver.
WARNING - 2025-12-15 11:56:31 --> [DEPRECATED] Passing lowercase HTTP method "get" is deprecated. Use uppercase HTTP method like "GET". in SYSTEMPATH/Router/RouteCollection.php on line 1026.
 1 SYSTEMPATH/Router/RouteCollection.php(1026): trigger_error('Passing lowercase HTTP method "get" is deprecated. Use uppercase HTTP method like "GET".', 16384)
 2 APPPATH/Config/Routes.php(131): CodeIgniter\Router\RouteCollection->match([...], 'locations/generarPDF', 'LocationsPdfController::generarPDF')
 3 SYSTEMPATH/Router/RouteCollection.php(339): require('/home/u976386866/domains/servipro.site/public_html/app/app/Config/Routes.php')
 4 SYSTEMPATH/CodeIgniter.php(821): CodeIgniter\Router\RouteCollection->loadRoutes()
 5 SYSTEMPATH/CodeIgniter.php(455): CodeIgniter\CodeIgniter->tryToRouteIt(null)
 6 SYSTEMPATH/CodeIgniter.php(354): CodeIgniter\CodeIgniter->handleRequest(null, Object(Config\Cache), false)
 7 SYSTEMPATH/Boot.php(334): CodeIgniter\CodeIgniter->run()
 8 SYSTEMPATH/Boot.php(67): CodeIgniter\Boot::runCodeIgniter(Object(CodeIgniter\CodeIgniter))
 9 FCPATH/index.php(56): CodeIgniter\Boot::bootWeb(Object(Config\Paths))
WARNING - 2025-12-15 11:56:31 --> [DEPRECATED] Passing lowercase HTTP method "post" is deprecated. Use uppercase HTTP method like "POST". in SYSTEMPATH/Router/RouteCollection.php on line 1026.
 1 SYSTEMPATH/Router/RouteCollection.php(1026): trigger_error('Passing lowercase HTTP method "post" is deprecated. Use uppercase HTTP method like "POST".', 16384)
 2 APPPATH/Config/Routes.php(131): CodeIgniter\Router\RouteCollection->match([...], 'locations/generarPDF', 'LocationsPdfController::generarPDF')
 3 SYSTEMPATH/Router/RouteCollection.php(339): require('/home/u976386866/domains/servipro.site/public_html/app/app/Config/Routes.php')
 4 SYSTEMPATH/CodeIgniter.php(821): CodeIgniter\Router\RouteCollection->loadRoutes()
 5 SYSTEMPATH/CodeIgniter.php(455): CodeIgniter\CodeIgniter->tryToRouteIt(null)
 6 SYSTEMPATH/CodeIgniter.php(354): CodeIgniter\CodeIgniter->handleRequest(null, Object(Config\Cache), false)
 7 SYSTEMPATH/Boot.php(334): CodeIgniter\CodeIgniter->run()
 8 SYSTEMPATH/Boot.php(67): CodeIgniter\Boot::runCodeIgniter(Object(CodeIgniter\CodeIgniter))
 9 FCPATH/index.php(56): CodeIgniter\Boot::bootWeb(Object(Config\Paths))
DEBUG - 2025-12-15 11:56:31 --> Session: Class initialized using 'CodeIgniter\Session\Handlers\FileHandler' driver.
WARNING - 2025-12-15 11:56:34 --> [DEPRECATED] Passing lowercase HTTP method "get" is deprecated. Use uppercase HTTP method like "GET". in SYSTEMPATH/Router/RouteCollection.php on line 1026.
 1 SYSTEMPATH/Router/RouteCollection.php(1026): trigger_error('Passing lowercase HTTP method "get" is deprecated. Use uppercase HTTP method like "GET".', 16384)
 2 APPPATH/Config/Routes.php(131): CodeIgniter\Router\RouteCollection->match([...], 'locations/generarPDF', 'LocationsPdfController::generarPDF')
 3 SYSTEMPATH/Router/RouteCollection.php(339): require('/home/u976386866/domains/servipro.site/public_html/app/app/Config/Routes.php')
 4 SYSTEMPATH/CodeIgniter.php(821): CodeIgniter\Router\RouteCollection->loadRoutes()
 5 SYSTEMPATH/CodeIgniter.php(455): CodeIgniter\CodeIgniter->tryToRouteIt(null)
 6 SYSTEMPATH/CodeIgniter.php(354): CodeIgniter\CodeIgniter->handleRequest(null, Object(Config\Cache), false)
 7 SYSTEMPATH/Boot.php(334): CodeIgniter\CodeIgniter->run()
 8 SYSTEMPATH/Boot.php(67): CodeIgniter\Boot::runCodeIgniter(Object(CodeIgniter\CodeIgniter))
 9 FCPATH/index.php(56): CodeIgniter\Boot::bootWeb(Object(Config\Paths))
WARNING - 2025-12-15 11:56:34 --> [DEPRECATED] Passing lowercase HTTP method "post" is deprecated. Use uppercase HTTP method like "POST". in SYSTEMPATH/Router/RouteCollection.php on line 1026.
 1 SYSTEMPATH/Router/RouteCollection.php(1026): trigger_error('Passing lowercase HTTP method "post" is deprecated. Use uppercase HTTP method like "POST".', 16384)
 2 APPPATH/Config/Routes.php(131): CodeIgniter\Router\RouteCollection->match([...], 'locations/generarPDF', 'LocationsPdfController::generarPDF')
 3 SYSTEMPATH/Router/RouteCollection.php(339): require('/home/u976386866/domains/servipro.site/public_html/app/app/Config/Routes.php')
 4 SYSTEMPATH/CodeIgniter.php(821): CodeIgniter\Router\RouteCollection->loadRoutes()
 5 SYSTEMPATH/CodeIgniter.php(455): CodeIgniter\CodeIgniter->tryToRouteIt(null)
 6 SYSTEMPATH/CodeIgniter.php(354): CodeIgniter\CodeIgniter->handleRequest(null, Object(Config\Cache), false)
 7 SYSTEMPATH/Boot.php(334): CodeIgniter\CodeIgniter->run()
 8 SYSTEMPATH/Boot.php(67): CodeIgniter\Boot::runCodeIgniter(Object(CodeIgniter\CodeIgniter))
 9 FCPATH/index.php(56): CodeIgniter\Boot::bootWeb(Object(Config\Paths))
DEBUG - 2025-12-15 11:56:34 --> Session: Class initialized using 'CodeIgniter\Session\Handlers\FileHandler' driver.
WARNING - 2025-12-15 11:56:37 --> [DEPRECATED] Passing lowercase HTTP method "get" is deprecated. Use uppercase HTTP method like "GET". in SYSTEMPATH/Router/RouteCollection.php on line 1026.
 1 SYSTEMPATH/Router/RouteCollection.php(1026): trigger_error('Passing lowercase HTTP method "get" is deprecated. Use uppercase HTTP method like "GET".', 16384)
 2 APPPATH/Config/Routes.php(131): CodeIgniter\Router\RouteCollection->match([...], 'locations/generarPDF', 'LocationsPdfController::generarPDF')
 3 SYSTEMPATH/Router/RouteCollection.php(339): require('/home/u976386866/domains/servipro.site/public_html/app/app/Config/Routes.php')
 4 SYSTEMPATH/CodeIgniter.php(821): CodeIgniter\Router\RouteCollection->loadRoutes()
 5 SYSTEMPATH/CodeIgniter.php(455): CodeIgniter\CodeIgniter->tryToRouteIt(null)
 6 SYSTEMPATH/CodeIgniter.php(354): CodeIgniter\CodeIgniter->handleRequest(null, Object(Config\Cache), false)
 7 SYSTEMPATH/Boot.php(334): CodeIgniter\CodeIgniter->run()
 8 SYSTEMPATH/Boot.php(67): CodeIgniter\Boot::runCodeIgniter(Object(CodeIgniter\CodeIgniter))
 9 FCPATH/index.php(56): CodeIgniter\Boot::bootWeb(Object(Config\Paths))
WARNING - 2025-12-15 11:56:37 --> [DEPRECATED] Passing lowercase HTTP method "post" is deprecated. Use uppercase HTTP method like "POST". in SYSTEMPATH/Router/RouteCollection.php on line 1026.
 1 SYSTEMPATH/Router/RouteCollection.php(1026): trigger_error('Passing lowercase HTTP method "post" is deprecated. Use uppercase HTTP method like "POST".', 16384)
 2 APPPATH/Config/Routes.php(131): CodeIgniter\Router\RouteCollection->match([...], 'locations/generarPDF', 'LocationsPdfController::generarPDF')
 3 SYSTEMPATH/Router/RouteCollection.php(339): require('/home/u976386866/domains/servipro.site/public_html/app/app/Config/Routes.php')
 4 SYSTEMPATH/CodeIgniter.php(821): CodeIgniter\Router\RouteCollection->loadRoutes()
 5 SYSTEMPATH/CodeIgniter.php(455): CodeIgniter\CodeIgniter->tryToRouteIt(null)
 6 SYSTEMPATH/CodeIgniter.php(354): CodeIgniter\CodeIgniter->handleRequest(null, Object(Config\Cache), false)
 7 SYSTEMPATH/Boot.php(334): CodeIgniter\CodeIgniter->run()
 8 SYSTEMPATH/Boot.php(67): CodeIgniter\Boot::runCodeIgniter(Object(CodeIgniter\CodeIgniter))
 9 FCPATH/index.php(56): CodeIgniter\Boot::bootWeb(Object(Config\Paths))
DEBUG - 2025-12-15 11:56:37 --> Session: Class initialized using 'CodeIgniter\Session\Handlers\FileHandler' driver.
WARNING - 2025-12-15 11:57:01 --> [DEPRECATED] Passing lowercase HTTP method "get" is deprecated. Use uppercase HTTP method like "GET". in SYSTEMPATH/Router/RouteCollection.php on line 1026.
 1 SYSTEMPATH/Router/RouteCollection.php(1026): trigger_error('Passing lowercase HTTP method "get" is deprecated. Use uppercase HTTP method like "GET".', 16384)
 2 APPPATH/Config/Routes.php(131): CodeIgniter\Router\RouteCollection->match([...], 'locations/generarPDF', 'LocationsPdfController::generarPDF')
 3 SYSTEMPATH/Router/RouteCollection.php(339): require('/home/u976386866/domains/servipro.site/public_html/app/app/Config/Routes.php')
 4 SYSTEMPATH/CodeIgniter.php(821): CodeIgniter\Router\RouteCollection->loadRoutes()
 5 SYSTEMPATH/CodeIgniter.php(455): CodeIgniter\CodeIgniter->tryToRouteIt(null)
 6 SYSTEMPATH/CodeIgniter.php(354): CodeIgniter\CodeIgniter->handleRequest(null, Object(Config\Cache), false)
 7 SYSTEMPATH/Boot.php(334): CodeIgniter\CodeIgniter->run()
 8 SYSTEMPATH/Boot.php(67): CodeIgniter\Boot::runCodeIgniter(Object(CodeIgniter\CodeIgniter))
 9 FCPATH/index.php(56): CodeIgniter\Boot::bootWeb(Object(Config\Paths))
WARNING - 2025-12-15 11:57:01 --> [DEPRECATED] Passing lowercase HTTP method "post" is deprecated. Use uppercase HTTP method like "POST". in SYSTEMPATH/Router/RouteCollection.php on line 1026.
 1 SYSTEMPATH/Router/RouteCollection.php(1026): trigger_error('Passing lowercase HTTP method "post" is deprecated. Use uppercase HTTP method like "POST".', 16384)
 2 APPPATH/Config/Routes.php(131): CodeIgniter\Router\RouteCollection->match([...], 'locations/generarPDF', 'LocationsPdfController::generarPDF')
 3 SYSTEMPATH/Router/RouteCollection.php(339): require('/home/u976386866/domains/servipro.site/public_html/app/app/Config/Routes.php')
 4 SYSTEMPATH/CodeIgniter.php(821): CodeIgniter\Router\RouteCollection->loadRoutes()
 5 SYSTEMPATH/CodeIgniter.php(455): CodeIgniter\CodeIgniter->tryToRouteIt(null)
 6 SYSTEMPATH/CodeIgniter.php(354): CodeIgniter\CodeIgniter->handleRequest(null, Object(Config\Cache), false)
 7 SYSTEMPATH/Boot.php(334): CodeIgniter\CodeIgniter->run()
 8 SYSTEMPATH/Boot.php(67): CodeIgniter\Boot::runCodeIgniter(Object(CodeIgniter\CodeIgniter))
 9 FCPATH/index.php(56): CodeIgniter\Boot::bootWeb(Object(Config\Paths))
WARNING - 2025-12-15 11:57:01 --> [DEPRECATED] Passing lowercase HTTP method "get" is deprecated. Use uppercase HTTP method like "GET". in SYSTEMPATH/Router/RouteCollection.php on line 1026.
 1 SYSTEMPATH/Router/RouteCollection.php(1026): trigger_error('Passing lowercase HTTP method "get" is deprecated. Use uppercase HTTP method like "GET".', 16384)
 2 APPPATH/Config/Routes.php(131): CodeIgniter\Router\RouteCollection->match([...], 'locations/generarPDF', 'LocationsPdfController::generarPDF')
 3 SYSTEMPATH/Router/RouteCollection.php(339): require('/home/u976386866/domains/servipro.site/public_html/app/app/Config/Routes.php')
 4 SYSTEMPATH/CodeIgniter.php(821): CodeIgniter\Router\RouteCollection->loadRoutes()
 5 SYSTEMPATH/CodeIgniter.php(455): CodeIgniter\CodeIgniter->tryToRouteIt(null)
 6 SYSTEMPATH/CodeIgniter.php(354): CodeIgniter\CodeIgniter->handleRequest(null, Object(Config\Cache), false)
 7 SYSTEMPATH/Boot.php(334): CodeIgniter\CodeIgniter->run()
 8 SYSTEMPATH/Boot.php(67): CodeIgniter\Boot::runCodeIgniter(Object(CodeIgniter\CodeIgniter))
 9 FCPATH/index.php(56): CodeIgniter\Boot::bootWeb(Object(Config\Paths))
WARNING - 2025-12-15 11:57:01 --> [DEPRECATED] Passing lowercase HTTP method "post" is deprecated. Use uppercase HTTP method like "POST". in SYSTEMPATH/Router/RouteCollection.php on line 1026.
 1 SYSTEMPATH/Router/RouteCollection.php(1026): trigger_error('Passing lowercase HTTP method "post" is deprecated. Use uppercase HTTP method like "POST".', 16384)
 2 APPPATH/Config/Routes.php(131): CodeIgniter\Router\RouteCollection->match([...], 'locations/generarPDF', 'LocationsPdfController::generarPDF')
 3 SYSTEMPATH/Router/RouteCollection.php(339): require('/home/u976386866/domains/servipro.site/public_html/app/app/Config/Routes.php')
 4 SYSTEMPATH/CodeIgniter.php(821): CodeIgniter\Router\RouteCollection->loadRoutes()
 5 SYSTEMPATH/CodeIgniter.php(455): CodeIgniter\CodeIgniter->tryToRouteIt(null)
 6 SYSTEMPATH/CodeIgniter.php(354): CodeIgniter\CodeIgniter->handleRequest(null, Object(Config\Cache), false)
 7 SYSTEMPATH/Boot.php(334): CodeIgniter\CodeIgniter->run()
 8 SYSTEMPATH/Boot.php(67): CodeIgniter\Boot::runCodeIgniter(Object(CodeIgniter\CodeIgniter))
 9 FCPATH/index.php(56): CodeIgniter\Boot::bootWeb(Object(Config\Paths))
WARNING - 2025-12-15 11:57:07 --> [DEPRECATED] Passing lowercase HTTP method "get" is deprecated. Use uppercase HTTP method like "GET". in SYSTEMPATH/Router/RouteCollection.php on line 1026.
 1 SYSTEMPATH/Router/RouteCollection.php(1026): trigger_error('Passing lowercase HTTP method "get" is deprecated. Use uppercase HTTP method like "GET".', 16384)
 2 APPPATH/Config/Routes.php(131): CodeIgniter\Router\RouteCollection->match([...], 'locations/generarPDF', 'LocationsPdfController::generarPDF')
 3 SYSTEMPATH/Router/RouteCollection.php(339): require('/home/u976386866/domains/servipro.site/public_html/app/app/Config/Routes.php')
 4 SYSTEMPATH/CodeIgniter.php(821): CodeIgniter\Router\RouteCollection->loadRoutes()
 5 SYSTEMPATH/CodeIgniter.php(455): CodeIgniter\CodeIgniter->tryToRouteIt(null)
 6 SYSTEMPATH/CodeIgniter.php(354): CodeIgniter\CodeIgniter->handleRequest(null, Object(Config\Cache), false)
 7 SYSTEMPATH/Boot.php(334): CodeIgniter\CodeIgniter->run()
 8 SYSTEMPATH/Boot.php(67): CodeIgniter\Boot::runCodeIgniter(Object(CodeIgniter\CodeIgniter))
 9 FCPATH/index.php(56): CodeIgniter\Boot::bootWeb(Object(Config\Paths))
WARNING - 2025-12-15 11:57:07 --> [DEPRECATED] Passing lowercase HTTP method "post" is deprecated. Use uppercase HTTP method like "POST". in SYSTEMPATH/Router/RouteCollection.php on line 1026.
 1 SYSTEMPATH/Router/RouteCollection.php(1026): trigger_error('Passing lowercase HTTP method "post" is deprecated. Use uppercase HTTP method like "POST".', 16384)
 2 APPPATH/Config/Routes.php(131): CodeIgniter\Router\RouteCollection->match([...], 'locations/generarPDF', 'LocationsPdfController::generarPDF')
 3 SYSTEMPATH/Router/RouteCollection.php(339): require('/home/u976386866/domains/servipro.site/public_html/app/app/Config/Routes.php')
 4 SYSTEMPATH/CodeIgniter.php(821): CodeIgniter\Router\RouteCollection->loadRoutes()
 5 SYSTEMPATH/CodeIgniter.php(455): CodeIgniter\CodeIgniter->tryToRouteIt(null)
 6 SYSTEMPATH/CodeIgniter.php(354): CodeIgniter\CodeIgniter->handleRequest(null, Object(Config\Cache), false)
 7 SYSTEMPATH/Boot.php(334): CodeIgniter\CodeIgniter->run()
 8 SYSTEMPATH/Boot.php(67): CodeIgniter\Boot::runCodeIgniter(Object(CodeIgniter\CodeIgniter))
 9 FCPATH/index.php(56): CodeIgniter\Boot::bootWeb(Object(Config\Paths))
DEBUG - 2025-12-15 11:57:07 --> Session: Class initialized using 'CodeIgniter\Session\Handlers\FileHandler' driver.
WARNING - 2025-12-15 11:57:12 --> [DEPRECATED] Passing lowercase HTTP method "get" is deprecated. Use uppercase HTTP method like "GET". in SYSTEMPATH/Router/RouteCollection.php on line 1026.
 1 SYSTEMPATH/Router/RouteCollection.php(1026): trigger_error('Passing lowercase HTTP method "get" is deprecated. Use uppercase HTTP method like "GET".', 16384)
 2 APPPATH/Config/Routes.php(131): CodeIgniter\Router\RouteCollection->match([...], 'locations/generarPDF', 'LocationsPdfController::generarPDF')
 3 SYSTEMPATH/Router/RouteCollection.php(339): require('/home/u976386866/domains/servipro.site/public_html/app/app/Config/Routes.php')
 4 SYSTEMPATH/CodeIgniter.php(821): CodeIgniter\Router\RouteCollection->loadRoutes()
 5 SYSTEMPATH/CodeIgniter.php(455): CodeIgniter\CodeIgniter->tryToRouteIt(null)
 6 SYSTEMPATH/CodeIgniter.php(354): CodeIgniter\CodeIgniter->handleRequest(null, Object(Config\Cache), false)
 7 SYSTEMPATH/Boot.php(334): CodeIgniter\CodeIgniter->run()
 8 SYSTEMPATH/Boot.php(67): CodeIgniter\Boot::runCodeIgniter(Object(CodeIgniter\CodeIgniter))
 9 FCPATH/index.php(56): CodeIgniter\Boot::bootWeb(Object(Config\Paths))
WARNING - 2025-12-15 11:57:12 --> [DEPRECATED] Passing lowercase HTTP method "post" is deprecated. Use uppercase HTTP method like "POST". in SYSTEMPATH/Router/RouteCollection.php on line 1026.
 1 SYSTEMPATH/Router/RouteCollection.php(1026): trigger_error('Passing lowercase HTTP method "post" is deprecated. Use uppercase HTTP method like "POST".', 16384)
 2 APPPATH/Config/Routes.php(131): CodeIgniter\Router\RouteCollection->match([...], 'locations/generarPDF', 'LocationsPdfController::generarPDF')
 3 SYSTEMPATH/Router/RouteCollection.php(339): require('/home/u976386866/domains/servipro.site/public_html/app/app/Config/Routes.php')
 4 SYSTEMPATH/CodeIgniter.php(821): CodeIgniter\Router\RouteCollection->loadRoutes()
 5 SYSTEMPATH/CodeIgniter.php(455): CodeIgniter\CodeIgniter->tryToRouteIt(null)
 6 SYSTEMPATH/CodeIgniter.php(354): CodeIgniter\CodeIgniter->handleRequest(null, Object(Config\Cache), false)
 7 SYSTEMPATH/Boot.php(334): CodeIgniter\CodeIgniter->run()
 8 SYSTEMPATH/Boot.php(67): CodeIgniter\Boot::runCodeIgniter(Object(CodeIgniter\CodeIgniter))
 9 FCPATH/index.php(56): CodeIgniter\Boot::bootWeb(Object(Config\Paths))
DEBUG - 2025-12-15 11:57:12 --> Session: Class initialized using 'CodeIgniter\Session\Handlers\FileHandler' driver.
WARNING - 2025-12-15 11:57:31 --> [DEPRECATED] Passing lowercase HTTP method "get" is deprecated. Use uppercase HTTP method like "GET". in SYSTEMPATH/Router/RouteCollection.php on line 1026.
 1 SYSTEMPATH/Router/RouteCollection.php(1026): trigger_error('Passing lowercase HTTP method "get" is deprecated. Use uppercase HTTP method like "GET".', 16384)
 2 APPPATH/Config/Routes.php(131): CodeIgniter\Router\RouteCollection->match([...], 'locations/generarPDF', 'LocationsPdfController::generarPDF')
 3 SYSTEMPATH/Router/RouteCollection.php(339): require('/home/u976386866/domains/servipro.site/public_html/app/app/Config/Routes.php')
 4 SYSTEMPATH/CodeIgniter.php(821): CodeIgniter\Router\RouteCollection->loadRoutes()
 5 SYSTEMPATH/CodeIgniter.php(455): CodeIgniter\CodeIgniter->tryToRouteIt(null)
 6 SYSTEMPATH/CodeIgniter.php(354): CodeIgniter\CodeIgniter->handleRequest(null, Object(Config\Cache), false)
 7 SYSTEMPATH/Boot.php(334): CodeIgniter\CodeIgniter->run()
 8 SYSTEMPATH/Boot.php(67): CodeIgniter\Boot::runCodeIgniter(Object(CodeIgniter\CodeIgniter))
 9 FCPATH/index.php(56): CodeIgniter\Boot::bootWeb(Object(Config\Paths))
WARNING - 2025-12-15 11:57:31 --> [DEPRECATED] Passing lowercase HTTP method "post" is deprecated. Use uppercase HTTP method like "POST". in SYSTEMPATH/Router/RouteCollection.php on line 1026.
 1 SYSTEMPATH/Router/RouteCollection.php(1026): trigger_error('Passing lowercase HTTP method "post" is deprecated. Use uppercase HTTP method like "POST".', 16384)
 2 APPPATH/Config/Routes.php(131): CodeIgniter\Router\RouteCollection->match([...], 'locations/generarPDF', 'LocationsPdfController::generarPDF')
 3 SYSTEMPATH/Router/RouteCollection.php(339): require('/home/u976386866/domains/servipro.site/public_html/app/app/Config/Routes.php')
 4 SYSTEMPATH/CodeIgniter.php(821): CodeIgniter\Router\RouteCollection->loadRoutes()
 5 SYSTEMPATH/CodeIgniter.php(455): CodeIgniter\CodeIgniter->tryToRouteIt(null)
 6 SYSTEMPATH/CodeIgniter.php(354): CodeIgniter\CodeIgniter->handleRequest(null, Object(Config\Cache), false)
 7 SYSTEMPATH/Boot.php(334): CodeIgniter\CodeIgniter->run()
 8 SYSTEMPATH/Boot.php(67): CodeIgniter\Boot::runCodeIgniter(Object(CodeIgniter\CodeIgniter))
 9 FCPATH/index.php(56): CodeIgniter\Boot::bootWeb(Object(Config\Paths))
DEBUG - 2025-12-15 11:57:31 --> Session: Class initialized using 'CodeIgniter\Session\Handlers\FileHandler' driver.
WARNING - 2025-12-15 11:57:46 --> [DEPRECATED] Passing lowercase HTTP method "get" is deprecated. Use uppercase HTTP method like "GET". in SYSTEMPATH/Router/RouteCollection.php on line 1026.
 1 SYSTEMPATH/Router/RouteCollection.php(1026): trigger_error('Passing lowercase HTTP method "get" is deprecated. Use uppercase HTTP method like "GET".', 16384)
 2 APPPATH/Config/Routes.php(131): CodeIgniter\Router\RouteCollection->match([...], 'locations/generarPDF', 'LocationsPdfController::generarPDF')
 3 SYSTEMPATH/Router/RouteCollection.php(339): require('/home/u976386866/domains/servipro.site/public_html/app/app/Config/Routes.php')
 4 SYSTEMPATH/CodeIgniter.php(821): CodeIgniter\Router\RouteCollection->loadRoutes()
 5 SYSTEMPATH/CodeIgniter.php(455): CodeIgniter\CodeIgniter->tryToRouteIt(null)
 6 SYSTEMPATH/CodeIgniter.php(354): CodeIgniter\CodeIgniter->handleRequest(null, Object(Config\Cache), false)
 7 SYSTEMPATH/Boot.php(334): CodeIgniter\CodeIgniter->run()
 8 SYSTEMPATH/Boot.php(67): CodeIgniter\Boot::runCodeIgniter(Object(CodeIgniter\CodeIgniter))
 9 FCPATH/index.php(56): CodeIgniter\Boot::bootWeb(Object(Config\Paths))
WARNING - 2025-12-15 11:57:46 --> [DEPRECATED] Passing lowercase HTTP method "post" is deprecated. Use uppercase HTTP method like "POST". in SYSTEMPATH/Router/RouteCollection.php on line 1026.
 1 SYSTEMPATH/Router/RouteCollection.php(1026): trigger_error('Passing lowercase HTTP method "post" is deprecated. Use uppercase HTTP method like "POST".', 16384)
 2 APPPATH/Config/Routes.php(131): CodeIgniter\Router\RouteCollection->match([...], 'locations/generarPDF', 'LocationsPdfController::generarPDF')
 3 SYSTEMPATH/Router/RouteCollection.php(339): require('/home/u976386866/domains/servipro.site/public_html/app/app/Config/Routes.php')
 4 SYSTEMPATH/CodeIgniter.php(821): CodeIgniter\Router\RouteCollection->loadRoutes()
 5 SYSTEMPATH/CodeIgniter.php(455): CodeIgniter\CodeIgniter->tryToRouteIt(null)
 6 SYSTEMPATH/CodeIgniter.php(354): CodeIgniter\CodeIgniter->handleRequest(null, Object(Config\Cache), false)
 7 SYSTEMPATH/Boot.php(334): CodeIgniter\CodeIgniter->run()
 8 SYSTEMPATH/Boot.php(67): CodeIgniter\Boot::runCodeIgniter(Object(CodeIgniter\CodeIgniter))
 9 FCPATH/index.php(56): CodeIgniter\Boot::bootWeb(Object(Config\Paths))
WARNING - 2025-12-15 11:57:46 --> [DEPRECATED] Passing lowercase HTTP method "get" is deprecated. Use uppercase HTTP method like "GET". in SYSTEMPATH/Router/RouteCollection.php on line 1026.
 1 SYSTEMPATH/Router/RouteCollection.php(1026): trigger_error('Passing lowercase HTTP method "get" is deprecated. Use uppercase HTTP method like "GET".', 16384)
 2 APPPATH/Config/Routes.php(131): CodeIgniter\Router\RouteCollection->match([...], 'locations/generarPDF', 'LocationsPdfController::generarPDF')
 3 SYSTEMPATH/Router/RouteCollection.php(339): require('/home/u976386866/domains/servipro.site/public_html/app/app/Config/Routes.php')
 4 SYSTEMPATH/CodeIgniter.php(821): CodeIgniter\Router\RouteCollection->loadRoutes()
 5 SYSTEMPATH/CodeIgniter.php(455): CodeIgniter\CodeIgniter->tryToRouteIt(null)
 6 SYSTEMPATH/CodeIgniter.php(354): CodeIgniter\CodeIgniter->handleRequest(null, Object(Config\Cache), false)
 7 SYSTEMPATH/Boot.php(334): CodeIgniter\CodeIgniter->run()
 8 SYSTEMPATH/Boot.php(67): CodeIgniter\Boot::runCodeIgniter(Object(CodeIgniter\CodeIgniter))
 9 FCPATH/index.php(56): CodeIgniter\Boot::bootWeb(Object(Config\Paths))
WARNING - 2025-12-15 11:57:46 --> [DEPRECATED] Passing lowercase HTTP method "post" is deprecated. Use uppercase HTTP method like "POST". in SYSTEMPATH/Router/RouteCollection.php on line 1026.
 1 SYSTEMPATH/Router/RouteCollection.php(1026): trigger_error('Passing lowercase HTTP method "post" is deprecated. Use uppercase HTTP method like "POST".', 16384)
 2 APPPATH/Config/Routes.php(131): CodeIgniter\Router\RouteCollection->match([...], 'locations/generarPDF', 'LocationsPdfController::generarPDF')
 3 SYSTEMPATH/Router/RouteCollection.php(339): require('/home/u976386866/domains/servipro.site/public_html/app/app/Config/Routes.php')
 4 SYSTEMPATH/CodeIgniter.php(821): CodeIgniter\Router\RouteCollection->loadRoutes()
 5 SYSTEMPATH/CodeIgniter.php(455): CodeIgniter\CodeIgniter->tryToRouteIt(null)
 6 SYSTEMPATH/CodeIgniter.php(354): CodeIgniter\CodeIgniter->handleRequest(null, Object(Config\Cache), false)
 7 SYSTEMPATH/Boot.php(334): CodeIgniter\CodeIgniter->run()
 8 SYSTEMPATH/Boot.php(67): CodeIgniter\Boot::runCodeIgniter(Object(CodeIgniter\CodeIgniter))
 9 FCPATH/index.php(56): CodeIgniter\Boot::bootWeb(Object(Config\Paths))
WARNING - 2025-12-15 11:57:57 --> [DEPRECATED] Passing lowercase HTTP method "get" is deprecated. Use uppercase HTTP method like "GET". in SYSTEMPATH/Router/RouteCollection.php on line 1026.
 1 SYSTEMPATH/Router/RouteCollection.php(1026): trigger_error('Passing lowercase HTTP method "get" is deprecated. Use uppercase HTTP method like "GET".', 16384)
 2 APPPATH/Config/Routes.php(131): CodeIgniter\Router\RouteCollection->match([...], 'locations/generarPDF', 'LocationsPdfController::generarPDF')
 3 SYSTEMPATH/Router/RouteCollection.php(339): require('/home/u976386866/domains/servipro.site/public_html/app/app/Config/Routes.php')
 4 SYSTEMPATH/CodeIgniter.php(821): CodeIgniter\Router\RouteCollection->loadRoutes()
 5 SYSTEMPATH/CodeIgniter.php(455): CodeIgniter\CodeIgniter->tryToRouteIt(null)
 6 SYSTEMPATH/CodeIgniter.php(354): CodeIgniter\CodeIgniter->handleRequest(null, Object(Config\Cache), false)
 7 SYSTEMPATH/Boot.php(334): CodeIgniter\CodeIgniter->run()
 8 SYSTEMPATH/Boot.php(67): CodeIgniter\Boot::runCodeIgniter(Object(CodeIgniter\CodeIgniter))
 9 FCPATH/index.php(56): CodeIgniter\Boot::bootWeb(Object(Config\Paths))
WARNING - 2025-12-15 11:57:57 --> [DEPRECATED] Passing lowercase HTTP method "post" is deprecated. Use uppercase HTTP method like "POST". in SYSTEMPATH/Router/RouteCollection.php on line 1026.
 1 SYSTEMPATH/Router/RouteCollection.php(1026): trigger_error('Passing lowercase HTTP method "post" is deprecated. Use uppercase HTTP method like "POST".', 16384)
 2 APPPATH/Config/Routes.php(131): CodeIgniter\Router\RouteCollection->match([...], 'locations/generarPDF', 'LocationsPdfController::generarPDF')
 3 SYSTEMPATH/Router/RouteCollection.php(339): require('/home/u976386866/domains/servipro.site/public_html/app/app/Config/Routes.php')
 4 SYSTEMPATH/CodeIgniter.php(821): CodeIgniter\Router\RouteCollection->loadRoutes()
 5 SYSTEMPATH/CodeIgniter.php(455): CodeIgniter\CodeIgniter->tryToRouteIt(null)
 6 SYSTEMPATH/CodeIgniter.php(354): CodeIgniter\CodeIgniter->handleRequest(null, Object(Config\Cache), false)
 7 SYSTEMPATH/Boot.php(334): CodeIgniter\CodeIgniter->run()
 8 SYSTEMPATH/Boot.php(67): CodeIgniter\Boot::runCodeIgniter(Object(CodeIgniter\CodeIgniter))
 9 FCPATH/index.php(56): CodeIgniter\Boot::bootWeb(Object(Config\Paths))
DEBUG - 2025-12-15 11:57:57 --> Session: Class initialized using 'CodeIgniter\Session\Handlers\FileHandler' driver.
WARNING - 2025-12-15 11:58:02 --> [DEPRECATED] Passing lowercase HTTP method "get" is deprecated. Use uppercase HTTP method like "GET". in SYSTEMPATH/Router/RouteCollection.php on line 1026.
 1 SYSTEMPATH/Router/RouteCollection.php(1026): trigger_error('Passing lowercase HTTP method "get" is deprecated. Use uppercase HTTP method like "GET".', 16384)
 2 APPPATH/Config/Routes.php(131): CodeIgniter\Router\RouteCollection->match([...], 'locations/generarPDF', 'LocationsPdfController::generarPDF')
 3 SYSTEMPATH/Router/RouteCollection.php(339): require('/home/u976386866/domains/servipro.site/public_html/app/app/Config/Routes.php')
 4 SYSTEMPATH/CodeIgniter.php(821): CodeIgniter\Router\RouteCollection->loadRoutes()
 5 SYSTEMPATH/CodeIgniter.php(455): CodeIgniter\CodeIgniter->tryToRouteIt(null)
 6 SYSTEMPATH/CodeIgniter.php(354): CodeIgniter\CodeIgniter->handleRequest(null, Object(Config\Cache), false)
 7 SYSTEMPATH/Boot.php(334): CodeIgniter\CodeIgniter->run()
 8 SYSTEMPATH/Boot.php(67): CodeIgniter\Boot::runCodeIgniter(Object(CodeIgniter\CodeIgniter))
 9 FCPATH/index.php(56): CodeIgniter\Boot::bootWeb(Object(Config\Paths))
WARNING - 2025-12-15 11:58:02 --> [DEPRECATED] Passing lowercase HTTP method "post" is deprecated. Use uppercase HTTP method like "POST". in SYSTEMPATH/Router/RouteCollection.php on line 1026.
 1 SYSTEMPATH/Router/RouteCollection.php(1026): trigger_error('Passing lowercase HTTP method "post" is deprecated. Use uppercase HTTP method like "POST".', 16384)
 2 APPPATH/Config/Routes.php(131): CodeIgniter\Router\RouteCollection->match([...], 'locations/generarPDF', 'LocationsPdfController::generarPDF')
 3 SYSTEMPATH/Router/RouteCollection.php(339): require('/home/u976386866/domains/servipro.site/public_html/app/app/Config/Routes.php')
 4 SYSTEMPATH/CodeIgniter.php(821): CodeIgniter\Router\RouteCollection->loadRoutes()
 5 SYSTEMPATH/CodeIgniter.php(455): CodeIgniter\CodeIgniter->tryToRouteIt(null)
 6 SYSTEMPATH/CodeIgniter.php(354): CodeIgniter\CodeIgniter->handleRequest(null, Object(Config\Cache), false)
 7 SYSTEMPATH/Boot.php(334): CodeIgniter\CodeIgniter->run()
 8 SYSTEMPATH/Boot.php(67): CodeIgniter\Boot::runCodeIgniter(Object(CodeIgniter\CodeIgniter))
 9 FCPATH/index.php(56): CodeIgniter\Boot::bootWeb(Object(Config\Paths))
DEBUG - 2025-12-15 11:58:02 --> Session: Class initialized using 'CodeIgniter\Session\Handlers\FileHandler' driver.
WARNING - 2025-12-15 11:58:16 --> [DEPRECATED] Passing lowercase HTTP method "get" is deprecated. Use uppercase HTTP method like "GET". in SYSTEMPATH/Router/RouteCollection.php on line 1026.
 1 SYSTEMPATH/Router/RouteCollection.php(1026): trigger_error('Passing lowercase HTTP method "get" is deprecated. Use uppercase HTTP method like "GET".', 16384)
 2 APPPATH/Config/Routes.php(131): CodeIgniter\Router\RouteCollection->match([...], 'locations/generarPDF', 'LocationsPdfController::generarPDF')
 3 SYSTEMPATH/Router/RouteCollection.php(339): require('/home/u976386866/domains/servipro.site/public_html/app/app/Config/Routes.php')
 4 SYSTEMPATH/CodeIgniter.php(821): CodeIgniter\Router\RouteCollection->loadRoutes()
 5 SYSTEMPATH/CodeIgniter.php(455): CodeIgniter\CodeIgniter->tryToRouteIt(null)
 6 SYSTEMPATH/CodeIgniter.php(354): CodeIgniter\CodeIgniter->handleRequest(null, Object(Config\Cache), false)
 7 SYSTEMPATH/Boot.php(334): CodeIgniter\CodeIgniter->run()
 8 SYSTEMPATH/Boot.php(67): CodeIgniter\Boot::runCodeIgniter(Object(CodeIgniter\CodeIgniter))
 9 FCPATH/index.php(56): CodeIgniter\Boot::bootWeb(Object(Config\Paths))
WARNING - 2025-12-15 11:58:16 --> [DEPRECATED] Passing lowercase HTTP method "post" is deprecated. Use uppercase HTTP method like "POST". in SYSTEMPATH/Router/RouteCollection.php on line 1026.
 1 SYSTEMPATH/Router/RouteCollection.php(1026): trigger_error('Passing lowercase HTTP method "post" is deprecated. Use uppercase HTTP method like "POST".', 16384)
 2 APPPATH/Config/Routes.php(131): CodeIgniter\Router\RouteCollection->match([...], 'locations/generarPDF', 'LocationsPdfController::generarPDF')
 3 SYSTEMPATH/Router/RouteCollection.php(339): require('/home/u976386866/domains/servipro.site/public_html/app/app/Config/Routes.php')
 4 SYSTEMPATH/CodeIgniter.php(821): CodeIgniter\Router\RouteCollection->loadRoutes()
 5 SYSTEMPATH/CodeIgniter.php(455): CodeIgniter\CodeIgniter->tryToRouteIt(null)
 6 SYSTEMPATH/CodeIgniter.php(354): CodeIgniter\CodeIgniter->handleRequest(null, Object(Config\Cache), false)
 7 SYSTEMPATH/Boot.php(334): CodeIgniter\CodeIgniter->run()
 8 SYSTEMPATH/Boot.php(67): CodeIgniter\Boot::runCodeIgniter(Object(CodeIgniter\CodeIgniter))
 9 FCPATH/index.php(56): CodeIgniter\Boot::bootWeb(Object(Config\Paths))
DEBUG - 2025-12-15 11:58:16 --> Session: Class initialized using 'CodeIgniter\Session\Handlers\FileHandler' driver.
WARNING - 2025-12-15 11:59:29 --> [DEPRECATED] Passing lowercase HTTP method "get" is deprecated. Use uppercase HTTP method like "GET". in SYSTEMPATH/Router/RouteCollection.php on line 1026.
 1 SYSTEMPATH/Router/RouteCollection.php(1026): trigger_error('Passing lowercase HTTP method "get" is deprecated. Use uppercase HTTP method like "GET".', 16384)
 2 APPPATH/Config/Routes.php(131): CodeIgniter\Router\RouteCollection->match([...], 'locations/generarPDF', 'LocationsPdfController::generarPDF')
 3 SYSTEMPATH/Router/RouteCollection.php(339): require('/home/u976386866/domains/servipro.site/public_html/app/app/Config/Routes.php')
 4 SYSTEMPATH/CodeIgniter.php(821): CodeIgniter\Router\RouteCollection->loadRoutes()
 5 SYSTEMPATH/CodeIgniter.php(455): CodeIgniter\CodeIgniter->tryToRouteIt(null)
 6 SYSTEMPATH/CodeIgniter.php(354): CodeIgniter\CodeIgniter->handleRequest(null, Object(Config\Cache), false)
 7 SYSTEMPATH/Boot.php(334): CodeIgniter\CodeIgniter->run()
 8 SYSTEMPATH/Boot.php(67): CodeIgniter\Boot::runCodeIgniter(Object(CodeIgniter\CodeIgniter))
 9 FCPATH/index.php(56): CodeIgniter\Boot::bootWeb(Object(Config\Paths))
WARNING - 2025-12-15 11:59:29 --> [DEPRECATED] Passing lowercase HTTP method "post" is deprecated. Use uppercase HTTP method like "POST". in SYSTEMPATH/Router/RouteCollection.php on line 1026.
 1 SYSTEMPATH/Router/RouteCollection.php(1026): trigger_error('Passing lowercase HTTP method "post" is deprecated. Use uppercase HTTP method like "POST".', 16384)
 2 APPPATH/Config/Routes.php(131): CodeIgniter\Router\RouteCollection->match([...], 'locations/generarPDF', 'LocationsPdfController::generarPDF')
 3 SYSTEMPATH/Router/RouteCollection.php(339): require('/home/u976386866/domains/servipro.site/public_html/app/app/Config/Routes.php')
 4 SYSTEMPATH/CodeIgniter.php(821): CodeIgniter\Router\RouteCollection->loadRoutes()
 5 SYSTEMPATH/CodeIgniter.php(455): CodeIgniter\CodeIgniter->tryToRouteIt(null)
 6 SYSTEMPATH/CodeIgniter.php(354): CodeIgniter\CodeIgniter->handleRequest(null, Object(Config\Cache), false)
 7 SYSTEMPATH/Boot.php(334): CodeIgniter\CodeIgniter->run()
 8 SYSTEMPATH/Boot.php(67): CodeIgniter\Boot::runCodeIgniter(Object(CodeIgniter\CodeIgniter))
 9 FCPATH/index.php(56): CodeIgniter\Boot::bootWeb(Object(Config\Paths))
DEBUG - 2025-12-15 11:59:29 --> Session: Class initialized using 'CodeIgniter\Session\Handlers\FileHandler' driver.
WARNING - 2025-12-15 12:44:30 --> [DEPRECATED] Passing lowercase HTTP method "get" is deprecated. Use uppercase HTTP method like "GET". in SYSTEMPATH/Router/RouteCollection.php on line 1026.
 1 SYSTEMPATH/Router/RouteCollection.php(1026): trigger_error('Passing lowercase HTTP method "get" is deprecated. Use uppercase HTTP method like "GET".', 16384)
 2 APPPATH/Config/Routes.php(131): CodeIgniter\Router\RouteCollection->match([...], 'locations/generarPDF', 'LocationsPdfController::generarPDF')
 3 SYSTEMPATH/Router/RouteCollection.php(339): require('/home/u976386866/domains/servipro.site/public_html/app/app/Config/Routes.php')
 4 SYSTEMPATH/CodeIgniter.php(821): CodeIgniter\Router\RouteCollection->loadRoutes()
 5 SYSTEMPATH/CodeIgniter.php(455): CodeIgniter\CodeIgniter->tryToRouteIt(null)
 6 SYSTEMPATH/CodeIgniter.php(354): CodeIgniter\CodeIgniter->handleRequest(null, Object(Config\Cache), false)
 7 SYSTEMPATH/Boot.php(334): CodeIgniter\CodeIgniter->run()
 8 SYSTEMPATH/Boot.php(67): CodeIgniter\Boot::runCodeIgniter(Object(CodeIgniter\CodeIgniter))
 9 FCPATH/index.php(56): CodeIgniter\Boot::bootWeb(Object(Config\Paths))
WARNING - 2025-12-15 12:44:30 --> [DEPRECATED] Passing lowercase HTTP method "post" is deprecated. Use uppercase HTTP method like "POST". in SYSTEMPATH/Router/RouteCollection.php on line 1026.
 1 SYSTEMPATH/Router/RouteCollection.php(1026): trigger_error('Passing lowercase HTTP method "post" is deprecated. Use uppercase HTTP method like "POST".', 16384)
 2 APPPATH/Config/Routes.php(131): CodeIgniter\Router\RouteCollection->match([...], 'locations/generarPDF', 'LocationsPdfController::generarPDF')
 3 SYSTEMPATH/Router/RouteCollection.php(339): require('/home/u976386866/domains/servipro.site/public_html/app/app/Config/Routes.php')
 4 SYSTEMPATH/CodeIgniter.php(821): CodeIgniter\Router\RouteCollection->loadRoutes()
 5 SYSTEMPATH/CodeIgniter.php(455): CodeIgniter\CodeIgniter->tryToRouteIt(null)
 6 SYSTEMPATH/CodeIgniter.php(354): CodeIgniter\CodeIgniter->handleRequest(null, Object(Config\Cache), false)
 7 SYSTEMPATH/Boot.php(334): CodeIgniter\CodeIgniter->run()
 8 SYSTEMPATH/Boot.php(67): CodeIgniter\Boot::runCodeIgniter(Object(CodeIgniter\CodeIgniter))
 9 FCPATH/index.php(56): CodeIgniter\Boot::bootWeb(Object(Config\Paths))
DEBUG - 2025-12-15 12:44:30 --> Session: Class initialized using 'CodeIgniter\Session\Handlers\FileHandler' driver.
WARNING - 2025-12-15 12:44:31 --> [DEPRECATED] Passing lowercase HTTP method "get" is deprecated. Use uppercase HTTP method like "GET". in SYSTEMPATH/Router/RouteCollection.php on line 1026.
 1 SYSTEMPATH/Router/RouteCollection.php(1026): trigger_error('Passing lowercase HTTP method "get" is deprecated. Use uppercase HTTP method like "GET".', 16384)
 2 APPPATH/Config/Routes.php(131): CodeIgniter\Router\RouteCollection->match([...], 'locations/generarPDF', 'LocationsPdfController::generarPDF')
 3 SYSTEMPATH/Router/RouteCollection.php(339): require('/home/u976386866/domains/servipro.site/public_html/app/app/Config/Routes.php')
 4 SYSTEMPATH/CodeIgniter.php(821): CodeIgniter\Router\RouteCollection->loadRoutes()
 5 SYSTEMPATH/CodeIgniter.php(455): CodeIgniter\CodeIgniter->tryToRouteIt(null)
 6 SYSTEMPATH/CodeIgniter.php(354): CodeIgniter\CodeIgniter->handleRequest(null, Object(Config\Cache), false)
 7 SYSTEMPATH/Boot.php(334): CodeIgniter\CodeIgniter->run()
 8 SYSTEMPATH/Boot.php(67): CodeIgniter\Boot::runCodeIgniter(Object(CodeIgniter\CodeIgniter))
 9 FCPATH/index.php(56): CodeIgniter\Boot::bootWeb(Object(Config\Paths))
WARNING - 2025-12-15 12:44:31 --> [DEPRECATED] Passing lowercase HTTP method "post" is deprecated. Use uppercase HTTP method like "POST". in SYSTEMPATH/Router/RouteCollection.php on line 1026.
 1 SYSTEMPATH/Router/RouteCollection.php(1026): trigger_error('Passing lowercase HTTP method "post" is deprecated. Use uppercase HTTP method like "POST".', 16384)
 2 APPPATH/Config/Routes.php(131): CodeIgniter\Router\RouteCollection->match([...], 'locations/generarPDF', 'LocationsPdfController::generarPDF')
 3 SYSTEMPATH/Router/RouteCollection.php(339): require('/home/u976386866/domains/servipro.site/public_html/app/app/Config/Routes.php')
 4 SYSTEMPATH/CodeIgniter.php(821): CodeIgniter\Router\RouteCollection->loadRoutes()
 5 SYSTEMPATH/CodeIgniter.php(455): CodeIgniter\CodeIgniter->tryToRouteIt(null)
 6 SYSTEMPATH/CodeIgniter.php(354): CodeIgniter\CodeIgniter->handleRequest(null, Object(Config\Cache), false)
 7 SYSTEMPATH/Boot.php(334): CodeIgniter\CodeIgniter->run()
 8 SYSTEMPATH/Boot.php(67): CodeIgniter\Boot::runCodeIgniter(Object(CodeIgniter\CodeIgniter))
 9 FCPATH/index.php(56): CodeIgniter\Boot::bootWeb(Object(Config\Paths))
DEBUG - 2025-12-15 12:44:31 --> Session: Class initialized using 'CodeIgniter\Session\Handlers\FileHandler' driver.
WARNING - 2025-12-15 12:44:31 --> [DEPRECATED] Passing lowercase HTTP method "get" is deprecated. Use uppercase HTTP method like "GET". in SYSTEMPATH/Router/RouteCollection.php on line 1026.
 1 SYSTEMPATH/Router/RouteCollection.php(1026): trigger_error('Passing lowercase HTTP method "get" is deprecated. Use uppercase HTTP method like "GET".', 16384)
 2 APPPATH/Config/Routes.php(131): CodeIgniter\Router\RouteCollection->match([...], 'locations/generarPDF', 'LocationsPdfController::generarPDF')
 3 SYSTEMPATH/Router/RouteCollection.php(339): require('/home/u976386866/domains/servipro.site/public_html/app/app/Config/Routes.php')
 4 SYSTEMPATH/CodeIgniter.php(821): CodeIgniter\Router\RouteCollection->loadRoutes()
 5 SYSTEMPATH/CodeIgniter.php(455): CodeIgniter\CodeIgniter->tryToRouteIt(null)
 6 SYSTEMPATH/CodeIgniter.php(354): CodeIgniter\CodeIgniter->handleRequest(null, Object(Config\Cache), false)
 7 SYSTEMPATH/Boot.php(334): CodeIgniter\CodeIgniter->run()
 8 SYSTEMPATH/Boot.php(67): CodeIgniter\Boot::runCodeIgniter(Object(CodeIgniter\CodeIgniter))
 9 FCPATH/index.php(56): CodeIgniter\Boot::bootWeb(Object(Config\Paths))
WARNING - 2025-12-15 12:44:31 --> [DEPRECATED] Passing lowercase HTTP method "post" is deprecated. Use uppercase HTTP method like "POST". in SYSTEMPATH/Router/RouteCollection.php on line 1026.
 1 SYSTEMPATH/Router/RouteCollection.php(1026): trigger_error('Passing lowercase HTTP method "post" is deprecated. Use uppercase HTTP method like "POST".', 16384)
 2 APPPATH/Config/Routes.php(131): CodeIgniter\Router\RouteCollection->match([...], 'locations/generarPDF', 'LocationsPdfController::generarPDF')
 3 SYSTEMPATH/Router/RouteCollection.php(339): require('/home/u976386866/domains/servipro.site/public_html/app/app/Config/Routes.php')
 4 SYSTEMPATH/CodeIgniter.php(821): CodeIgniter\Router\RouteCollection->loadRoutes()
 5 SYSTEMPATH/CodeIgniter.php(455): CodeIgniter\CodeIgniter->tryToRouteIt(null)
 6 SYSTEMPATH/CodeIgniter.php(354): CodeIgniter\CodeIgniter->handleRequest(null, Object(Config\Cache), false)
 7 SYSTEMPATH/Boot.php(334): CodeIgniter\CodeIgniter->run()
 8 SYSTEMPATH/Boot.php(67): CodeIgniter\Boot::runCodeIgniter(Object(CodeIgniter\CodeIgniter))
 9 FCPATH/index.php(56): CodeIgniter\Boot::bootWeb(Object(Config\Paths))
DEBUG - 2025-12-15 12:44:31 --> Session: Class initialized using 'CodeIgniter\Session\Handlers\FileHandler' driver.
WARNING - 2025-12-15 12:44:32 --> [DEPRECATED] Passing lowercase HTTP method "get" is deprecated. Use uppercase HTTP method like "GET". in SYSTEMPATH/Router/RouteCollection.php on line 1026.
 1 SYSTEMPATH/Router/RouteCollection.php(1026): trigger_error('Passing lowercase HTTP method "get" is deprecated. Use uppercase HTTP method like "GET".', 16384)
 2 APPPATH/Config/Routes.php(131): CodeIgniter\Router\RouteCollection->match([...], 'locations/generarPDF', 'LocationsPdfController::generarPDF')
 3 SYSTEMPATH/Router/RouteCollection.php(339): require('/home/u976386866/domains/servipro.site/public_html/app/app/Config/Routes.php')
 4 SYSTEMPATH/CodeIgniter.php(821): CodeIgniter\Router\RouteCollection->loadRoutes()
 5 SYSTEMPATH/CodeIgniter.php(455): CodeIgniter\CodeIgniter->tryToRouteIt(null)
 6 SYSTEMPATH/CodeIgniter.php(354): CodeIgniter\CodeIgniter->handleRequest(null, Object(Config\Cache), false)
 7 SYSTEMPATH/Boot.php(334): CodeIgniter\CodeIgniter->run()
 8 SYSTEMPATH/Boot.php(67): CodeIgniter\Boot::runCodeIgniter(Object(CodeIgniter\CodeIgniter))
 9 FCPATH/index.php(56): CodeIgniter\Boot::bootWeb(Object(Config\Paths))
WARNING - 2025-12-15 12:44:32 --> [DEPRECATED] Passing lowercase HTTP method "post" is deprecated. Use uppercase HTTP method like "POST". in SYSTEMPATH/Router/RouteCollection.php on line 1026.
 1 SYSTEMPATH/Router/RouteCollection.php(1026): trigger_error('Passing lowercase HTTP method "post" is deprecated. Use uppercase HTTP method like "POST".', 16384)
 2 APPPATH/Config/Routes.php(131): CodeIgniter\Router\RouteCollection->match([...], 'locations/generarPDF', 'LocationsPdfController::generarPDF')
 3 SYSTEMPATH/Router/RouteCollection.php(339): require('/home/u976386866/domains/servipro.site/public_html/app/app/Config/Routes.php')
 4 SYSTEMPATH/CodeIgniter.php(821): CodeIgniter\Router\RouteCollection->loadRoutes()
 5 SYSTEMPATH/CodeIgniter.php(455): CodeIgniter\CodeIgniter->tryToRouteIt(null)
 6 SYSTEMPATH/CodeIgniter.php(354): CodeIgniter\CodeIgniter->handleRequest(null, Object(Config\Cache), false)
 7 SYSTEMPATH/Boot.php(334): CodeIgniter\CodeIgniter->run()
 8 SYSTEMPATH/Boot.php(67): CodeIgniter\Boot::runCodeIgniter(Object(CodeIgniter\CodeIgniter))
 9 FCPATH/index.php(56): CodeIgniter\Boot::bootWeb(Object(Config\Paths))
DEBUG - 2025-12-15 12:44:32 --> Session: Class initialized using 'CodeIgniter\Session\Handlers\FileHandler' driver.
WARNING - 2025-12-15 12:44:33 --> [DEPRECATED] Passing lowercase HTTP method "get" is deprecated. Use uppercase HTTP method like "GET". in SYSTEMPATH/Router/RouteCollection.php on line 1026.
 1 SYSTEMPATH/Router/RouteCollection.php(1026): trigger_error('Passing lowercase HTTP method "get" is deprecated. Use uppercase HTTP method like "GET".', 16384)
 2 APPPATH/Config/Routes.php(131): CodeIgniter\Router\RouteCollection->match([...], 'locations/generarPDF', 'LocationsPdfController::generarPDF')
 3 SYSTEMPATH/Router/RouteCollection.php(339): require('/home/u976386866/domains/servipro.site/public_html/app/app/Config/Routes.php')
 4 SYSTEMPATH/CodeIgniter.php(821): CodeIgniter\Router\RouteCollection->loadRoutes()
 5 SYSTEMPATH/CodeIgniter.php(455): CodeIgniter\CodeIgniter->tryToRouteIt(null)
 6 SYSTEMPATH/CodeIgniter.php(354): CodeIgniter\CodeIgniter->handleRequest(null, Object(Config\Cache), false)
 7 SYSTEMPATH/Boot.php(334): CodeIgniter\CodeIgniter->run()
 8 SYSTEMPATH/Boot.php(67): CodeIgniter\Boot::runCodeIgniter(Object(CodeIgniter\CodeIgniter))
 9 FCPATH/index.php(56): CodeIgniter\Boot::bootWeb(Object(Config\Paths))
WARNING - 2025-12-15 12:44:33 --> [DEPRECATED] Passing lowercase HTTP method "post" is deprecated. Use uppercase HTTP method like "POST". in SYSTEMPATH/Router/RouteCollection.php on line 1026.
 1 SYSTEMPATH/Router/RouteCollection.php(1026): trigger_error('Passing lowercase HTTP method "post" is deprecated. Use uppercase HTTP method like "POST".', 16384)
 2 APPPATH/Config/Routes.php(131): CodeIgniter\Router\RouteCollection->match([...], 'locations/generarPDF', 'LocationsPdfController::generarPDF')
 3 SYSTEMPATH/Router/RouteCollection.php(339): require('/home/u976386866/domains/servipro.site/public_html/app/app/Config/Routes.php')
 4 SYSTEMPATH/CodeIgniter.php(821): CodeIgniter\Router\RouteCollection->loadRoutes()
 5 SYSTEMPATH/CodeIgniter.php(455): CodeIgniter\CodeIgniter->tryToRouteIt(null)
 6 SYSTEMPATH/CodeIgniter.php(354): CodeIgniter\CodeIgniter->handleRequest(null, Object(Config\Cache), false)
 7 SYSTEMPATH/Boot.php(334): CodeIgniter\CodeIgniter->run()
 8 SYSTEMPATH/Boot.php(67): CodeIgniter\Boot::runCodeIgniter(Object(CodeIgniter\CodeIgniter))
 9 FCPATH/index.php(56): CodeIgniter\Boot::bootWeb(Object(Config\Paths))
DEBUG - 2025-12-15 12:44:33 --> Session: Class initialized using 'CodeIgniter\Session\Handlers\FileHandler' driver.
WARNING - 2025-12-15 12:44:34 --> [DEPRECATED] Passing lowercase HTTP method "get" is deprecated. Use uppercase HTTP method like "GET". in SYSTEMPATH/Router/RouteCollection.php on line 1026.
 1 SYSTEMPATH/Router/RouteCollection.php(1026): trigger_error('Passing lowercase HTTP method "get" is deprecated. Use uppercase HTTP method like "GET".', 16384)
 2 APPPATH/Config/Routes.php(131): CodeIgniter\Router\RouteCollection->match([...], 'locations/generarPDF', 'LocationsPdfController::generarPDF')
 3 SYSTEMPATH/Router/RouteCollection.php(339): require('/home/u976386866/domains/servipro.site/public_html/app/app/Config/Routes.php')
 4 SYSTEMPATH/CodeIgniter.php(821): CodeIgniter\Router\RouteCollection->loadRoutes()
 5 SYSTEMPATH/CodeIgniter.php(455): CodeIgniter\CodeIgniter->tryToRouteIt(null)
 6 SYSTEMPATH/CodeIgniter.php(354): CodeIgniter\CodeIgniter->handleRequest(null, Object(Config\Cache), false)
 7 SYSTEMPATH/Boot.php(334): CodeIgniter\CodeIgniter->run()
 8 SYSTEMPATH/Boot.php(67): CodeIgniter\Boot::runCodeIgniter(Object(CodeIgniter\CodeIgniter))
 9 FCPATH/index.php(56): CodeIgniter\Boot::bootWeb(Object(Config\Paths))
WARNING - 2025-12-15 12:44:34 --> [DEPRECATED] Passing lowercase HTTP method "post" is deprecated. Use uppercase HTTP method like "POST". in SYSTEMPATH/Router/RouteCollection.php on line 1026.
 1 SYSTEMPATH/Router/RouteCollection.php(1026): trigger_error('Passing lowercase HTTP method "post" is deprecated. Use uppercase HTTP method like "POST".', 16384)
 2 APPPATH/Config/Routes.php(131): CodeIgniter\Router\RouteCollection->match([...], 'locations/generarPDF', 'LocationsPdfController::generarPDF')
 3 SYSTEMPATH/Router/RouteCollection.php(339): require('/home/u976386866/domains/servipro.site/public_html/app/app/Config/Routes.php')
 4 SYSTEMPATH/CodeIgniter.php(821): CodeIgniter\Router\RouteCollection->loadRoutes()
 5 SYSTEMPATH/CodeIgniter.php(455): CodeIgniter\CodeIgniter->tryToRouteIt(null)
 6 SYSTEMPATH/CodeIgniter.php(354): CodeIgniter\CodeIgniter->handleRequest(null, Object(Config\Cache), false)
 7 SYSTEMPATH/Boot.php(334): CodeIgniter\CodeIgniter->run()
 8 SYSTEMPATH/Boot.php(67): CodeIgniter\Boot::runCodeIgniter(Object(CodeIgniter\CodeIgniter))
 9 FCPATH/index.php(56): CodeIgniter\Boot::bootWeb(Object(Config\Paths))
DEBUG - 2025-12-15 12:44:34 --> Session: Class initialized using 'CodeIgniter\Session\Handlers\FileHandler' driver.
WARNING - 2025-12-15 12:44:34 --> [DEPRECATED] Passing lowercase HTTP method "get" is deprecated. Use uppercase HTTP method like "GET". in SYSTEMPATH/Router/RouteCollection.php on line 1026.
 1 SYSTEMPATH/Router/RouteCollection.php(1026): trigger_error('Passing lowercase HTTP method "get" is deprecated. Use uppercase HTTP method like "GET".', 16384)
 2 APPPATH/Config/Routes.php(131): CodeIgniter\Router\RouteCollection->match([...], 'locations/generarPDF', 'LocationsPdfController::generarPDF')
 3 SYSTEMPATH/Router/RouteCollection.php(339): require('/home/u976386866/domains/servipro.site/public_html/app/app/Config/Routes.php')
 4 SYSTEMPATH/CodeIgniter.php(821): CodeIgniter\Router\RouteCollection->loadRoutes()
 5 SYSTEMPATH/CodeIgniter.php(455): CodeIgniter\CodeIgniter->tryToRouteIt(null)
 6 SYSTEMPATH/CodeIgniter.php(354): CodeIgniter\CodeIgniter->handleRequest(null, Object(Config\Cache), false)
 7 SYSTEMPATH/Boot.php(334): CodeIgniter\CodeIgniter->run()
 8 SYSTEMPATH/Boot.php(67): CodeIgniter\Boot::runCodeIgniter(Object(CodeIgniter\CodeIgniter))
 9 FCPATH/index.php(56): CodeIgniter\Boot::bootWeb(Object(Config\Paths))
WARNING - 2025-12-15 12:44:34 --> [DEPRECATED] Passing lowercase HTTP method "post" is deprecated. Use uppercase HTTP method like "POST". in SYSTEMPATH/Router/RouteCollection.php on line 1026.
 1 SYSTEMPATH/Router/RouteCollection.php(1026): trigger_error('Passing lowercase HTTP method "post" is deprecated. Use uppercase HTTP method like "POST".', 16384)
 2 APPPATH/Config/Routes.php(131): CodeIgniter\Router\RouteCollection->match([...], 'locations/generarPDF', 'LocationsPdfController::generarPDF')
 3 SYSTEMPATH/Router/RouteCollection.php(339): require('/home/u976386866/domains/servipro.site/public_html/app/app/Config/Routes.php')
 4 SYSTEMPATH/CodeIgniter.php(821): CodeIgniter\Router\RouteCollection->loadRoutes()
 5 SYSTEMPATH/CodeIgniter.php(455): CodeIgniter\CodeIgniter->tryToRouteIt(null)
 6 SYSTEMPATH/CodeIgniter.php(354): CodeIgniter\CodeIgniter->handleRequest(null, Object(Config\Cache), false)
 7 SYSTEMPATH/Boot.php(334): CodeIgniter\CodeIgniter->run()
 8 SYSTEMPATH/Boot.php(67): CodeIgniter\Boot::runCodeIgniter(Object(CodeIgniter\CodeIgniter))
 9 FCPATH/index.php(56): CodeIgniter\Boot::bootWeb(Object(Config\Paths))
DEBUG - 2025-12-15 12:44:34 --> Session: Class initialized using 'CodeIgniter\Session\Handlers\FileHandler' driver.
WARNING - 2025-12-15 12:44:35 --> [DEPRECATED] Passing lowercase HTTP method "get" is deprecated. Use uppercase HTTP method like "GET". in SYSTEMPATH/Router/RouteCollection.php on line 1026.
 1 SYSTEMPATH/Router/RouteCollection.php(1026): trigger_error('Passing lowercase HTTP method "get" is deprecated. Use uppercase HTTP method like "GET".', 16384)
 2 APPPATH/Config/Routes.php(131): CodeIgniter\Router\RouteCollection->match([...], 'locations/generarPDF', 'LocationsPdfController::generarPDF')
 3 SYSTEMPATH/Router/RouteCollection.php(339): require('/home/u976386866/domains/servipro.site/public_html/app/app/Config/Routes.php')
 4 SYSTEMPATH/CodeIgniter.php(821): CodeIgniter\Router\RouteCollection->loadRoutes()
 5 SYSTEMPATH/CodeIgniter.php(455): CodeIgniter\CodeIgniter->tryToRouteIt(null)
 6 SYSTEMPATH/CodeIgniter.php(354): CodeIgniter\CodeIgniter->handleRequest(null, Object(Config\Cache), false)
 7 SYSTEMPATH/Boot.php(334): CodeIgniter\CodeIgniter->run()
 8 SYSTEMPATH/Boot.php(67): CodeIgniter\Boot::runCodeIgniter(Object(CodeIgniter\CodeIgniter))
 9 FCPATH/index.php(56): CodeIgniter\Boot::bootWeb(Object(Config\Paths))
WARNING - 2025-12-15 12:44:35 --> [DEPRECATED] Passing lowercase HTTP method "post" is deprecated. Use uppercase HTTP method like "POST". in SYSTEMPATH/Router/RouteCollection.php on line 1026.
 1 SYSTEMPATH/Router/RouteCollection.php(1026): trigger_error('Passing lowercase HTTP method "post" is deprecated. Use uppercase HTTP method like "POST".', 16384)
 2 APPPATH/Config/Routes.php(131): CodeIgniter\Router\RouteCollection->match([...], 'locations/generarPDF', 'LocationsPdfController::generarPDF')
 3 SYSTEMPATH/Router/RouteCollection.php(339): require('/home/u976386866/domains/servipro.site/public_html/app/app/Config/Routes.php')
 4 SYSTEMPATH/CodeIgniter.php(821): CodeIgniter\Router\RouteCollection->loadRoutes()
 5 SYSTEMPATH/CodeIgniter.php(455): CodeIgniter\CodeIgniter->tryToRouteIt(null)
 6 SYSTEMPATH/CodeIgniter.php(354): CodeIgniter\CodeIgniter->handleRequest(null, Object(Config\Cache), false)
 7 SYSTEMPATH/Boot.php(334): CodeIgniter\CodeIgniter->run()
 8 SYSTEMPATH/Boot.php(67): CodeIgniter\Boot::runCodeIgniter(Object(CodeIgniter\CodeIgniter))
 9 FCPATH/index.php(56): CodeIgniter\Boot::bootWeb(Object(Config\Paths))
DEBUG - 2025-12-15 12:44:35 --> Session: Class initialized using 'CodeIgniter\Session\Handlers\FileHandler' driver.
WARNING - 2025-12-15 13:04:09 --> [DEPRECATED] Passing lowercase HTTP method "get" is deprecated. Use uppercase HTTP method like "GET". in SYSTEMPATH/Router/RouteCollection.php on line 1026.
 1 SYSTEMPATH/Router/RouteCollection.php(1026): trigger_error('Passing lowercase HTTP method "get" is deprecated. Use uppercase HTTP method like "GET".', 16384)
 2 APPPATH/Config/Routes.php(131): CodeIgniter\Router\RouteCollection->match([...], 'locations/generarPDF', 'LocationsPdfController::generarPDF')
 3 SYSTEMPATH/Router/RouteCollection.php(339): require('/home/u976386866/domains/servipro.site/public_html/app/app/Config/Routes.php')
 4 SYSTEMPATH/CodeIgniter.php(821): CodeIgniter\Router\RouteCollection->loadRoutes()
 5 SYSTEMPATH/CodeIgniter.php(455): CodeIgniter\CodeIgniter->tryToRouteIt(null)
 6 SYSTEMPATH/CodeIgniter.php(354): CodeIgniter\CodeIgniter->handleRequest(null, Object(Config\Cache), false)
 7 SYSTEMPATH/Boot.php(334): CodeIgniter\CodeIgniter->run()
 8 SYSTEMPATH/Boot.php(67): CodeIgniter\Boot::runCodeIgniter(Object(CodeIgniter\CodeIgniter))
 9 FCPATH/index.php(56): CodeIgniter\Boot::bootWeb(Object(Config\Paths))
WARNING - 2025-12-15 13:04:09 --> [DEPRECATED] Passing lowercase HTTP method "post" is deprecated. Use uppercase HTTP method like "POST". in SYSTEMPATH/Router/RouteCollection.php on line 1026.
 1 SYSTEMPATH/Router/RouteCollection.php(1026): trigger_error('Passing lowercase HTTP method "post" is deprecated. Use uppercase HTTP method like "POST".', 16384)
 2 APPPATH/Config/Routes.php(131): CodeIgniter\Router\RouteCollection->match([...], 'locations/generarPDF', 'LocationsPdfController::generarPDF')
 3 SYSTEMPATH/Router/RouteCollection.php(339): require('/home/u976386866/domains/servipro.site/public_html/app/app/Config/Routes.php')
 4 SYSTEMPATH/CodeIgniter.php(821): CodeIgniter\Router\RouteCollection->loadRoutes()
 5 SYSTEMPATH/CodeIgniter.php(455): CodeIgniter\CodeIgniter->tryToRouteIt(null)
 6 SYSTEMPATH/CodeIgniter.php(354): CodeIgniter\CodeIgniter->handleRequest(null, Object(Config\Cache), false)
 7 SYSTEMPATH/Boot.php(334): CodeIgniter\CodeIgniter->run()
 8 SYSTEMPATH/Boot.php(67): CodeIgniter\Boot::runCodeIgniter(Object(CodeIgniter\CodeIgniter))
 9 FCPATH/index.php(56): CodeIgniter\Boot::bootWeb(Object(Config\Paths))
WARNING - 2025-12-15 13:04:09 --> [DEPRECATED] Passing lowercase HTTP method "get" is deprecated. Use uppercase HTTP method like "GET". in SYSTEMPATH/Router/RouteCollection.php on line 1026.
 1 SYSTEMPATH/Router/RouteCollection.php(1026): trigger_error('Passing lowercase HTTP method "get" is deprecated. Use uppercase HTTP method like "GET".', 16384)
 2 APPPATH/Config/Routes.php(131): CodeIgniter\Router\RouteCollection->match([...], 'locations/generarPDF', 'LocationsPdfController::generarPDF')
 3 SYSTEMPATH/Router/RouteCollection.php(339): require('/home/u976386866/domains/servipro.site/public_html/app/app/Config/Routes.php')
 4 SYSTEMPATH/CodeIgniter.php(821): CodeIgniter\Router\RouteCollection->loadRoutes()
 5 SYSTEMPATH/CodeIgniter.php(455): CodeIgniter\CodeIgniter->tryToRouteIt(null)
 6 SYSTEMPATH/CodeIgniter.php(354): CodeIgniter\CodeIgniter->handleRequest(null, Object(Config\Cache), false)
 7 SYSTEMPATH/Boot.php(334): CodeIgniter\CodeIgniter->run()
 8 SYSTEMPATH/Boot.php(67): CodeIgniter\Boot::runCodeIgniter(Object(CodeIgniter\CodeIgniter))
 9 FCPATH/index.php(56): CodeIgniter\Boot::bootWeb(Object(Config\Paths))
WARNING - 2025-12-15 13:04:09 --> [DEPRECATED] Passing lowercase HTTP method "post" is deprecated. Use uppercase HTTP method like "POST". in SYSTEMPATH/Router/RouteCollection.php on line 1026.
 1 SYSTEMPATH/Router/RouteCollection.php(1026): trigger_error('Passing lowercase HTTP method "post" is deprecated. Use uppercase HTTP method like "POST".', 16384)
 2 APPPATH/Config/Routes.php(131): CodeIgniter\Router\RouteCollection->match([...], 'locations/generarPDF', 'LocationsPdfController::generarPDF')
 3 SYSTEMPATH/Router/RouteCollection.php(339): require('/home/u976386866/domains/servipro.site/public_html/app/app/Config/Routes.php')
 4 SYSTEMPATH/CodeIgniter.php(821): CodeIgniter\Router\RouteCollection->loadRoutes()
 5 SYSTEMPATH/CodeIgniter.php(455): CodeIgniter\CodeIgniter->tryToRouteIt(null)
 6 SYSTEMPATH/CodeIgniter.php(354): CodeIgniter\CodeIgniter->handleRequest(null, Object(Config\Cache), false)
 7 SYSTEMPATH/Boot.php(334): CodeIgniter\CodeIgniter->run()
 8 SYSTEMPATH/Boot.php(67): CodeIgniter\Boot::runCodeIgniter(Object(CodeIgniter\CodeIgniter))
 9 FCPATH/index.php(56): CodeIgniter\Boot::bootWeb(Object(Config\Paths))
WARNING - 2025-12-15 13:04:09 --> [DEPRECATED] Passing lowercase HTTP method "get" is deprecated. Use uppercase HTTP method like "GET". in SYSTEMPATH/Router/RouteCollection.php on line 1026.
 1 SYSTEMPATH/Router/RouteCollection.php(1026): trigger_error('Passing lowercase HTTP method "get" is deprecated. Use uppercase HTTP method like "GET".', 16384)
 2 APPPATH/Config/Routes.php(131): CodeIgniter\Router\RouteCollection->match([...], 'locations/generarPDF', 'LocationsPdfController::generarPDF')
 3 SYSTEMPATH/Router/RouteCollection.php(339): require('/home/u976386866/domains/servipro.site/public_html/app/app/Config/Routes.php')
 4 SYSTEMPATH/CodeIgniter.php(821): CodeIgniter\Router\RouteCollection->loadRoutes()
 5 SYSTEMPATH/CodeIgniter.php(455): CodeIgniter\CodeIgniter->tryToRouteIt(null)
 6 SYSTEMPATH/CodeIgniter.php(354): CodeIgniter\CodeIgniter->handleRequest(null, Object(Config\Cache), false)
 7 SYSTEMPATH/Boot.php(334): CodeIgniter\CodeIgniter->run()
 8 SYSTEMPATH/Boot.php(67): CodeIgniter\Boot::runCodeIgniter(Object(CodeIgniter\CodeIgniter))
 9 FCPATH/index.php(56): CodeIgniter\Boot::bootWeb(Object(Config\Paths))
WARNING - 2025-12-15 13:04:09 --> [DEPRECATED] Passing lowercase HTTP method "post" is deprecated. Use uppercase HTTP method like "POST". in SYSTEMPATH/Router/RouteCollection.php on line 1026.
 1 SYSTEMPATH/Router/RouteCollection.php(1026): trigger_error('Passing lowercase HTTP method "post" is deprecated. Use uppercase HTTP method like "POST".', 16384)
 2 APPPATH/Config/Routes.php(131): CodeIgniter\Router\RouteCollection->match([...], 'locations/generarPDF', 'LocationsPdfController::generarPDF')
 3 SYSTEMPATH/Router/RouteCollection.php(339): require('/home/u976386866/domains/servipro.site/public_html/app/app/Config/Routes.php')
 4 SYSTEMPATH/CodeIgniter.php(821): CodeIgniter\Router\RouteCollection->loadRoutes()
 5 SYSTEMPATH/CodeIgniter.php(455): CodeIgniter\CodeIgniter->tryToRouteIt(null)
 6 SYSTEMPATH/CodeIgniter.php(354): CodeIgniter\CodeIgniter->handleRequest(null, Object(Config\Cache), false)
 7 SYSTEMPATH/Boot.php(334): CodeIgniter\CodeIgniter->run()
 8 SYSTEMPATH/Boot.php(67): CodeIgniter\Boot::runCodeIgniter(Object(CodeIgniter\CodeIgniter))
 9 FCPATH/index.php(56): CodeIgniter\Boot::bootWeb(Object(Config\Paths))
WARNING - 2025-12-15 13:04:09 --> [DEPRECATED] Passing lowercase HTTP method "get" is deprecated. Use uppercase HTTP method like "GET". in SYSTEMPATH/Router/RouteCollection.php on line 1026.
 1 SYSTEMPATH/Router/RouteCollection.php(1026): trigger_error('Passing lowercase HTTP method "get" is deprecated. Use uppercase HTTP method like "GET".', 16384)
 2 APPPATH/Config/Routes.php(131): CodeIgniter\Router\RouteCollection->match([...], 'locations/generarPDF', 'LocationsPdfController::generarPDF')
 3 SYSTEMPATH/Router/RouteCollection.php(339): require('/home/u976386866/domains/servipro.site/public_html/app/app/Config/Routes.php')
 4 SYSTEMPATH/CodeIgniter.php(821): CodeIgniter\Router\RouteCollection->loadRoutes()
 5 SYSTEMPATH/CodeIgniter.php(455): CodeIgniter\CodeIgniter->tryToRouteIt(null)
 6 SYSTEMPATH/CodeIgniter.php(354): CodeIgniter\CodeIgniter->handleRequest(null, Object(Config\Cache), false)
 7 SYSTEMPATH/Boot.php(334): CodeIgniter\CodeIgniter->run()
 8 SYSTEMPATH/Boot.php(67): CodeIgniter\Boot::runCodeIgniter(Object(CodeIgniter\CodeIgniter))
 9 FCPATH/index.php(56): CodeIgniter\Boot::bootWeb(Object(Config\Paths))
WARNING - 2025-12-15 13:04:09 --> [DEPRECATED] Passing lowercase HTTP method "post" is deprecated. Use uppercase HTTP method like "POST". in SYSTEMPATH/Router/RouteCollection.php on line 1026.
 1 SYSTEMPATH/Router/RouteCollection.php(1026): trigger_error('Passing lowercase HTTP method "post" is deprecated. Use uppercase HTTP method like "POST".', 16384)
 2 APPPATH/Config/Routes.php(131): CodeIgniter\Router\RouteCollection->match([...], 'locations/generarPDF', 'LocationsPdfController::generarPDF')
 3 SYSTEMPATH/Router/RouteCollection.php(339): require('/home/u976386866/domains/servipro.site/public_html/app/app/Config/Routes.php')
 4 SYSTEMPATH/CodeIgniter.php(821): CodeIgniter\Router\RouteCollection->loadRoutes()
 5 SYSTEMPATH/CodeIgniter.php(455): CodeIgniter\CodeIgniter->tryToRouteIt(null)
 6 SYSTEMPATH/CodeIgniter.php(354): CodeIgniter\CodeIgniter->handleRequest(null, Object(Config\Cache), false)
 7 SYSTEMPATH/Boot.php(334): CodeIgniter\CodeIgniter->run()
 8 SYSTEMPATH/Boot.php(67): CodeIgniter\Boot::runCodeIgniter(Object(CodeIgniter\CodeIgniter))
 9 FCPATH/index.php(56): CodeIgniter\Boot::bootWeb(Object(Config\Paths))
WARNING - 2025-12-15 13:04:09 --> [DEPRECATED] Passing lowercase HTTP method "get" is deprecated. Use uppercase HTTP method like "GET". in SYSTEMPATH/Router/RouteCollection.php on line 1026.
 1 SYSTEMPATH/Router/RouteCollection.php(1026): trigger_error('Passing lowercase HTTP method "get" is deprecated. Use uppercase HTTP method like "GET".', 16384)
 2 APPPATH/Config/Routes.php(131): CodeIgniter\Router\RouteCollection->match([...], 'locations/generarPDF', 'LocationsPdfController::generarPDF')
 3 SYSTEMPATH/Router/RouteCollection.php(339): require('/home/u976386866/domains/servipro.site/public_html/app/app/Config/Routes.php')
 4 SYSTEMPATH/CodeIgniter.php(821): CodeIgniter\Router\RouteCollection->loadRoutes()
 5 SYSTEMPATH/CodeIgniter.php(455): CodeIgniter\CodeIgniter->tryToRouteIt(null)
 6 SYSTEMPATH/CodeIgniter.php(354): CodeIgniter\CodeIgniter->handleRequest(null, Object(Config\Cache), false)
 7 SYSTEMPATH/Boot.php(334): CodeIgniter\CodeIgniter->run()
 8 SYSTEMPATH/Boot.php(67): CodeIgniter\Boot::runCodeIgniter(Object(CodeIgniter\CodeIgniter))
 9 FCPATH/index.php(56): CodeIgniter\Boot::bootWeb(Object(Config\Paths))
WARNING - 2025-12-15 13:04:09 --> [DEPRECATED] Passing lowercase HTTP method "post" is deprecated. Use uppercase HTTP method like "POST". in SYSTEMPATH/Router/RouteCollection.php on line 1026.
 1 SYSTEMPATH/Router/RouteCollection.php(1026): trigger_error('Passing lowercase HTTP method "post" is deprecated. Use uppercase HTTP method like "POST".', 16384)
 2 APPPATH/Config/Routes.php(131): CodeIgniter\Router\RouteCollection->match([...], 'locations/generarPDF', 'LocationsPdfController::generarPDF')
 3 SYSTEMPATH/Router/RouteCollection.php(339): require('/home/u976386866/domains/servipro.site/public_html/app/app/Config/Routes.php')
 4 SYSTEMPATH/CodeIgniter.php(821): CodeIgniter\Router\RouteCollection->loadRoutes()
 5 SYSTEMPATH/CodeIgniter.php(455): CodeIgniter\CodeIgniter->tryToRouteIt(null)
 6 SYSTEMPATH/CodeIgniter.php(354): CodeIgniter\CodeIgniter->handleRequest(null, Object(Config\Cache), false)
 7 SYSTEMPATH/Boot.php(334): CodeIgniter\CodeIgniter->run()
 8 SYSTEMPATH/Boot.php(67): CodeIgniter\Boot::runCodeIgniter(Object(CodeIgniter\CodeIgniter))
 9 FCPATH/index.php(56): CodeIgniter\Boot::bootWeb(Object(Config\Paths))
WARNING - 2025-12-15 13:04:09 --> [DEPRECATED] Passing lowercase HTTP method "get" is deprecated. Use uppercase HTTP method like "GET". in SYSTEMPATH/Router/RouteCollection.php on line 1026.
 1 SYSTEMPATH/Router/RouteCollection.php(1026): trigger_error('Passing lowercase HTTP method "get" is deprecated. Use uppercase HTTP method like "GET".', 16384)
 2 APPPATH/Config/Routes.php(131): CodeIgniter\Router\RouteCollection->match([...], 'locations/generarPDF', 'LocationsPdfController::generarPDF')
 3 SYSTEMPATH/Router/RouteCollection.php(339): require('/home/u976386866/domains/servipro.site/public_html/app/app/Config/Routes.php')
 4 SYSTEMPATH/CodeIgniter.php(821): CodeIgniter\Router\RouteCollection->loadRoutes()
 5 SYSTEMPATH/CodeIgniter.php(455): CodeIgniter\CodeIgniter->tryToRouteIt(null)
 6 SYSTEMPATH/CodeIgniter.php(354): CodeIgniter\CodeIgniter->handleRequest(null, Object(Config\Cache), false)
 7 SYSTEMPATH/Boot.php(334): CodeIgniter\CodeIgniter->run()
 8 SYSTEMPATH/Boot.php(67): CodeIgniter\Boot::runCodeIgniter(Object(CodeIgniter\CodeIgniter))
 9 FCPATH/index.php(56): CodeIgniter\Boot::bootWeb(Object(Config\Paths))
WARNING - 2025-12-15 13:04:09 --> [DEPRECATED] Passing lowercase HTTP method "post" is deprecated. Use uppercase HTTP method like "POST". in SYSTEMPATH/Router/RouteCollection.php on line 1026.
 1 SYSTEMPATH/Router/RouteCollection.php(1026): trigger_error('Passing lowercase HTTP method "post" is deprecated. Use uppercase HTTP method like "POST".', 16384)
 2 APPPATH/Config/Routes.php(131): CodeIgniter\Router\RouteCollection->match([...], 'locations/generarPDF', 'LocationsPdfController::generarPDF')
 3 SYSTEMPATH/Router/RouteCollection.php(339): require('/home/u976386866/domains/servipro.site/public_html/app/app/Config/Routes.php')
 4 SYSTEMPATH/CodeIgniter.php(821): CodeIgniter\Router\RouteCollection->loadRoutes()
 5 SYSTEMPATH/CodeIgniter.php(455): CodeIgniter\CodeIgniter->tryToRouteIt(null)
 6 SYSTEMPATH/CodeIgniter.php(354): CodeIgniter\CodeIgniter->handleRequest(null, Object(Config\Cache), false)
 7 SYSTEMPATH/Boot.php(334): CodeIgniter\CodeIgniter->run()
 8 SYSTEMPATH/Boot.php(67): CodeIgniter\Boot::runCodeIgniter(Object(CodeIgniter\CodeIgniter))
 9 FCPATH/index.php(56): CodeIgniter\Boot::bootWeb(Object(Config\Paths))
WARNING - 2025-12-15 13:04:09 --> [DEPRECATED] Passing lowercase HTTP method "get" is deprecated. Use uppercase HTTP method like "GET". in SYSTEMPATH/Router/RouteCollection.php on line 1026.
 1 SYSTEMPATH/Router/RouteCollection.php(1026): trigger_error('Passing lowercase HTTP method "get" is deprecated. Use uppercase HTTP method like "GET".', 16384)
 2 APPPATH/Config/Routes.php(131): CodeIgniter\Router\RouteCollection->match([...], 'locations/generarPDF', 'LocationsPdfController::generarPDF')
 3 SYSTEMPATH/Router/RouteCollection.php(339): require('/home/u976386866/domains/servipro.site/public_html/app/app/Config/Routes.php')
 4 SYSTEMPATH/CodeIgniter.php(821): CodeIgniter\Router\RouteCollection->loadRoutes()
 5 SYSTEMPATH/CodeIgniter.php(455): CodeIgniter\CodeIgniter->tryToRouteIt(null)
 6 SYSTEMPATH/CodeIgniter.php(354): CodeIgniter\CodeIgniter->handleRequest(null, Object(Config\Cache), false)
 7 SYSTEMPATH/Boot.php(334): CodeIgniter\CodeIgniter->run()
 8 SYSTEMPATH/Boot.php(67): CodeIgniter\Boot::runCodeIgniter(Object(CodeIgniter\CodeIgniter))
 9 FCPATH/index.php(56): CodeIgniter\Boot::bootWeb(Object(Config\Paths))
WARNING - 2025-12-15 13:04:09 --> [DEPRECATED] Passing lowercase HTTP method "post" is deprecated. Use uppercase HTTP method like "POST". in SYSTEMPATH/Router/RouteCollection.php on line 1026.
 1 SYSTEMPATH/Router/RouteCollection.php(1026): trigger_error('Passing lowercase HTTP method "post" is deprecated. Use uppercase HTTP method like "POST".', 16384)
 2 APPPATH/Config/Routes.php(131): CodeIgniter\Router\RouteCollection->match([...], 'locations/generarPDF', 'LocationsPdfController::generarPDF')
 3 SYSTEMPATH/Router/RouteCollection.php(339): require('/home/u976386866/domains/servipro.site/public_html/app/app/Config/Routes.php')
 4 SYSTEMPATH/CodeIgniter.php(821): CodeIgniter\Router\RouteCollection->loadRoutes()
 5 SYSTEMPATH/CodeIgniter.php(455): CodeIgniter\CodeIgniter->tryToRouteIt(null)
 6 SYSTEMPATH/CodeIgniter.php(354): CodeIgniter\CodeIgniter->handleRequest(null, Object(Config\Cache), false)
 7 SYSTEMPATH/Boot.php(334): CodeIgniter\CodeIgniter->run()
 8 SYSTEMPATH/Boot.php(67): CodeIgniter\Boot::runCodeIgniter(Object(CodeIgniter\CodeIgniter))
 9 FCPATH/index.php(56): CodeIgniter\Boot::bootWeb(Object(Config\Paths))
WARNING - 2025-12-15 13:08:36 --> [DEPRECATED] Passing lowercase HTTP method "get" is deprecated. Use uppercase HTTP method like "GET". in SYSTEMPATH/Router/RouteCollection.php on line 1026.
 1 SYSTEMPATH/Router/RouteCollection.php(1026): trigger_error('Passing lowercase HTTP method "get" is deprecated. Use uppercase HTTP method like "GET".', 16384)
 2 APPPATH/Config/Routes.php(131): CodeIgniter\Router\RouteCollection->match([...], 'locations/generarPDF', 'LocationsPdfController::generarPDF')
 3 SYSTEMPATH/Router/RouteCollection.php(339): require('/home/u976386866/domains/servipro.site/public_html/app/app/Config/Routes.php')
 4 SYSTEMPATH/CodeIgniter.php(821): CodeIgniter\Router\RouteCollection->loadRoutes()
 5 SYSTEMPATH/CodeIgniter.php(455): CodeIgniter\CodeIgniter->tryToRouteIt(null)
 6 SYSTEMPATH/CodeIgniter.php(354): CodeIgniter\CodeIgniter->handleRequest(null, Object(Config\Cache), false)
 7 SYSTEMPATH/Boot.php(334): CodeIgniter\CodeIgniter->run()
 8 SYSTEMPATH/Boot.php(67): CodeIgniter\Boot::runCodeIgniter(Object(CodeIgniter\CodeIgniter))
 9 FCPATH/index.php(56): CodeIgniter\Boot::bootWeb(Object(Config\Paths))
WARNING - 2025-12-15 13:08:36 --> [DEPRECATED] Passing lowercase HTTP method "post" is deprecated. Use uppercase HTTP method like "POST". in SYSTEMPATH/Router/RouteCollection.php on line 1026.
 1 SYSTEMPATH/Router/RouteCollection.php(1026): trigger_error('Passing lowercase HTTP method "post" is deprecated. Use uppercase HTTP method like "POST".', 16384)
 2 APPPATH/Config/Routes.php(131): CodeIgniter\Router\RouteCollection->match([...], 'locations/generarPDF', 'LocationsPdfController::generarPDF')
 3 SYSTEMPATH/Router/RouteCollection.php(339): require('/home/u976386866/domains/servipro.site/public_html/app/app/Config/Routes.php')
 4 SYSTEMPATH/CodeIgniter.php(821): CodeIgniter\Router\RouteCollection->loadRoutes()
 5 SYSTEMPATH/CodeIgniter.php(455): CodeIgniter\CodeIgniter->tryToRouteIt(null)
 6 SYSTEMPATH/CodeIgniter.php(354): CodeIgniter\CodeIgniter->handleRequest(null, Object(Config\Cache), false)
 7 SYSTEMPATH/Boot.php(334): CodeIgniter\CodeIgniter->run()
 8 SYSTEMPATH/Boot.php(67): CodeIgniter\Boot::runCodeIgniter(Object(CodeIgniter\CodeIgniter))
 9 FCPATH/index.php(56): CodeIgniter\Boot::bootWeb(Object(Config\Paths))
DEBUG - 2025-12-15 13:08:36 --> Session: Class initialized using 'CodeIgniter\Session\Handlers\FileHandler' driver.
WARNING - 2025-12-15 13:33:50 --> [DEPRECATED] Passing lowercase HTTP method "get" is deprecated. Use uppercase HTTP method like "GET". in SYSTEMPATH/Router/RouteCollection.php on line 1026.
 1 SYSTEMPATH/Router/RouteCollection.php(1026): trigger_error('Passing lowercase HTTP method "get" is deprecated. Use uppercase HTTP method like "GET".', 16384)
 2 APPPATH/Config/Routes.php(131): CodeIgniter\Router\RouteCollection->match([...], 'locations/generarPDF', 'LocationsPdfController::generarPDF')
 3 SYSTEMPATH/Router/RouteCollection.php(339): require('/home/u976386866/domains/servipro.site/public_html/app/app/Config/Routes.php')
 4 SYSTEMPATH/CodeIgniter.php(821): CodeIgniter\Router\RouteCollection->loadRoutes()
 5 SYSTEMPATH/CodeIgniter.php(455): CodeIgniter\CodeIgniter->tryToRouteIt(null)
 6 SYSTEMPATH/CodeIgniter.php(354): CodeIgniter\CodeIgniter->handleRequest(null, Object(Config\Cache), false)
 7 SYSTEMPATH/Boot.php(334): CodeIgniter\CodeIgniter->run()
 8 SYSTEMPATH/Boot.php(67): CodeIgniter\Boot::runCodeIgniter(Object(CodeIgniter\CodeIgniter))
 9 FCPATH/index.php(56): CodeIgniter\Boot::bootWeb(Object(Config\Paths))
WARNING - 2025-12-15 13:33:50 --> [DEPRECATED] Passing lowercase HTTP method "post" is deprecated. Use uppercase HTTP method like "POST". in SYSTEMPATH/Router/RouteCollection.php on line 1026.
 1 SYSTEMPATH/Router/RouteCollection.php(1026): trigger_error('Passing lowercase HTTP method "post" is deprecated. Use uppercase HTTP method like "POST".', 16384)
 2 APPPATH/Config/Routes.php(131): CodeIgniter\Router\RouteCollection->match([...], 'locations/generarPDF', 'LocationsPdfController::generarPDF')
 3 SYSTEMPATH/Router/RouteCollection.php(339): require('/home/u976386866/domains/servipro.site/public_html/app/app/Config/Routes.php')
 4 SYSTEMPATH/CodeIgniter.php(821): CodeIgniter\Router\RouteCollection->loadRoutes()
 5 SYSTEMPATH/CodeIgniter.php(455): CodeIgniter\CodeIgniter->tryToRouteIt(null)
 6 SYSTEMPATH/CodeIgniter.php(354): CodeIgniter\CodeIgniter->handleRequest(null, Object(Config\Cache), false)
 7 SYSTEMPATH/Boot.php(334): CodeIgniter\CodeIgniter->run()
 8 SYSTEMPATH/Boot.php(67): CodeIgniter\Boot::runCodeIgniter(Object(CodeIgniter\CodeIgniter))
 9 FCPATH/index.php(56): CodeIgniter\Boot::bootWeb(Object(Config\Paths))
DEBUG - 2025-12-15 13:33:50 --> Session: Class initialized using 'CodeIgniter\Session\Handlers\FileHandler' driver.
WARNING - 2025-12-15 13:33:50 --> [DEPRECATED] Passing lowercase HTTP method "get" is deprecated. Use uppercase HTTP method like "GET". in SYSTEMPATH/Router/RouteCollection.php on line 1026.
 1 SYSTEMPATH/Router/RouteCollection.php(1026): trigger_error('Passing lowercase HTTP method "get" is deprecated. Use uppercase HTTP method like "GET".', 16384)
 2 APPPATH/Config/Routes.php(131): CodeIgniter\Router\RouteCollection->match([...], 'locations/generarPDF', 'LocationsPdfController::generarPDF')
 3 SYSTEMPATH/Router/RouteCollection.php(339): require('/home/u976386866/domains/servipro.site/public_html/app/app/Config/Routes.php')
 4 SYSTEMPATH/CodeIgniter.php(821): CodeIgniter\Router\RouteCollection->loadRoutes()
 5 SYSTEMPATH/CodeIgniter.php(455): CodeIgniter\CodeIgniter->tryToRouteIt(null)
 6 SYSTEMPATH/CodeIgniter.php(354): CodeIgniter\CodeIgniter->handleRequest(null, Object(Config\Cache), false)
 7 SYSTEMPATH/Boot.php(334): CodeIgniter\CodeIgniter->run()
 8 SYSTEMPATH/Boot.php(67): CodeIgniter\Boot::runCodeIgniter(Object(CodeIgniter\CodeIgniter))
 9 FCPATH/index.php(56): CodeIgniter\Boot::bootWeb(Object(Config\Paths))
WARNING - 2025-12-15 13:33:50 --> [DEPRECATED] Passing lowercase HTTP method "post" is deprecated. Use uppercase HTTP method like "POST". in SYSTEMPATH/Router/RouteCollection.php on line 1026.
 1 SYSTEMPATH/Router/RouteCollection.php(1026): trigger_error('Passing lowercase HTTP method "post" is deprecated. Use uppercase HTTP method like "POST".', 16384)
 2 APPPATH/Config/Routes.php(131): CodeIgniter\Router\RouteCollection->match([...], 'locations/generarPDF', 'LocationsPdfController::generarPDF')
 3 SYSTEMPATH/Router/RouteCollection.php(339): require('/home/u976386866/domains/servipro.site/public_html/app/app/Config/Routes.php')
 4 SYSTEMPATH/CodeIgniter.php(821): CodeIgniter\Router\RouteCollection->loadRoutes()
 5 SYSTEMPATH/CodeIgniter.php(455): CodeIgniter\CodeIgniter->tryToRouteIt(null)
 6 SYSTEMPATH/CodeIgniter.php(354): CodeIgniter\CodeIgniter->handleRequest(null, Object(Config\Cache), false)
 7 SYSTEMPATH/Boot.php(334): CodeIgniter\CodeIgniter->run()
 8 SYSTEMPATH/Boot.php(67): CodeIgniter\Boot::runCodeIgniter(Object(CodeIgniter\CodeIgniter))
 9 FCPATH/index.php(56): CodeIgniter\Boot::bootWeb(Object(Config\Paths))
DEBUG - 2025-12-15 13:33:50 --> Session: Class initialized using 'CodeIgniter\Session\Handlers\FileHandler' driver.
WARNING - 2025-12-15 13:33:52 --> [DEPRECATED] Passing lowercase HTTP method "get" is deprecated. Use uppercase HTTP method like "GET". in SYSTEMPATH/Router/RouteCollection.php on line 1026.
 1 SYSTEMPATH/Router/RouteCollection.php(1026): trigger_error('Passing lowercase HTTP method "get" is deprecated. Use uppercase HTTP method like "GET".', 16384)
 2 APPPATH/Config/Routes.php(131): CodeIgniter\Router\RouteCollection->match([...], 'locations/generarPDF', 'LocationsPdfController::generarPDF')
 3 SYSTEMPATH/Router/RouteCollection.php(339): require('/home/u976386866/domains/servipro.site/public_html/app/app/Config/Routes.php')
 4 SYSTEMPATH/CodeIgniter.php(821): CodeIgniter\Router\RouteCollection->loadRoutes()
 5 SYSTEMPATH/CodeIgniter.php(455): CodeIgniter\CodeIgniter->tryToRouteIt(null)
 6 SYSTEMPATH/CodeIgniter.php(354): CodeIgniter\CodeIgniter->handleRequest(null, Object(Config\Cache), false)
 7 SYSTEMPATH/Boot.php(334): CodeIgniter\CodeIgniter->run()
 8 SYSTEMPATH/Boot.php(67): CodeIgniter\Boot::runCodeIgniter(Object(CodeIgniter\CodeIgniter))
 9 FCPATH/index.php(56): CodeIgniter\Boot::bootWeb(Object(Config\Paths))
WARNING - 2025-12-15 13:33:52 --> [DEPRECATED] Passing lowercase HTTP method "post" is deprecated. Use uppercase HTTP method like "POST". in SYSTEMPATH/Router/RouteCollection.php on line 1026.
 1 SYSTEMPATH/Router/RouteCollection.php(1026): trigger_error('Passing lowercase HTTP method "post" is deprecated. Use uppercase HTTP method like "POST".', 16384)
 2 APPPATH/Config/Routes.php(131): CodeIgniter\Router\RouteCollection->match([...], 'locations/generarPDF', 'LocationsPdfController::generarPDF')
 3 SYSTEMPATH/Router/RouteCollection.php(339): require('/home/u976386866/domains/servipro.site/public_html/app/app/Config/Routes.php')
 4 SYSTEMPATH/CodeIgniter.php(821): CodeIgniter\Router\RouteCollection->loadRoutes()
 5 SYSTEMPATH/CodeIgniter.php(455): CodeIgniter\CodeIgniter->tryToRouteIt(null)
 6 SYSTEMPATH/CodeIgniter.php(354): CodeIgniter\CodeIgniter->handleRequest(null, Object(Config\Cache), false)
 7 SYSTEMPATH/Boot.php(334): CodeIgniter\CodeIgniter->run()
 8 SYSTEMPATH/Boot.php(67): CodeIgniter\Boot::runCodeIgniter(Object(CodeIgniter\CodeIgniter))
 9 FCPATH/index.php(56): CodeIgniter\Boot::bootWeb(Object(Config\Paths))
DEBUG - 2025-12-15 13:33:52 --> Session: Class initialized using 'CodeIgniter\Session\Handlers\FileHandler' driver.
WARNING - 2025-12-15 13:33:53 --> [DEPRECATED] Passing lowercase HTTP method "get" is deprecated. Use uppercase HTTP method like "GET". in SYSTEMPATH/Router/RouteCollection.php on line 1026.
 1 SYSTEMPATH/Router/RouteCollection.php(1026): trigger_error('Passing lowercase HTTP method "get" is deprecated. Use uppercase HTTP method like "GET".', 16384)
 2 APPPATH/Config/Routes.php(131): CodeIgniter\Router\RouteCollection->match([...], 'locations/generarPDF', 'LocationsPdfController::generarPDF')
 3 SYSTEMPATH/Router/RouteCollection.php(339): require('/home/u976386866/domains/servipro.site/public_html/app/app/Config/Routes.php')
 4 SYSTEMPATH/CodeIgniter.php(821): CodeIgniter\Router\RouteCollection->loadRoutes()
 5 SYSTEMPATH/CodeIgniter.php(455): CodeIgniter\CodeIgniter->tryToRouteIt(null)
 6 SYSTEMPATH/CodeIgniter.php(354): CodeIgniter\CodeIgniter->handleRequest(null, Object(Config\Cache), false)
 7 SYSTEMPATH/Boot.php(334): CodeIgniter\CodeIgniter->run()
 8 SYSTEMPATH/Boot.php(67): CodeIgniter\Boot::runCodeIgniter(Object(CodeIgniter\CodeIgniter))
 9 FCPATH/index.php(56): CodeIgniter\Boot::bootWeb(Object(Config\Paths))
WARNING - 2025-12-15 13:33:53 --> [DEPRECATED] Passing lowercase HTTP method "post" is deprecated. Use uppercase HTTP method like "POST". in SYSTEMPATH/Router/RouteCollection.php on line 1026.
 1 SYSTEMPATH/Router/RouteCollection.php(1026): trigger_error('Passing lowercase HTTP method "post" is deprecated. Use uppercase HTTP method like "POST".', 16384)
 2 APPPATH/Config/Routes.php(131): CodeIgniter\Router\RouteCollection->match([...], 'locations/generarPDF', 'LocationsPdfController::generarPDF')
 3 SYSTEMPATH/Router/RouteCollection.php(339): require('/home/u976386866/domains/servipro.site/public_html/app/app/Config/Routes.php')
 4 SYSTEMPATH/CodeIgniter.php(821): CodeIgniter\Router\RouteCollection->loadRoutes()
 5 SYSTEMPATH/CodeIgniter.php(455): CodeIgniter\CodeIgniter->tryToRouteIt(null)
 6 SYSTEMPATH/CodeIgniter.php(354): CodeIgniter\CodeIgniter->handleRequest(null, Object(Config\Cache), false)
 7 SYSTEMPATH/Boot.php(334): CodeIgniter\CodeIgniter->run()
 8 SYSTEMPATH/Boot.php(67): CodeIgniter\Boot::runCodeIgniter(Object(CodeIgniter\CodeIgniter))
 9 FCPATH/index.php(56): CodeIgniter\Boot::bootWeb(Object(Config\Paths))
DEBUG - 2025-12-15 13:33:53 --> Session: Class initialized using 'CodeIgniter\Session\Handlers\FileHandler' driver.
WARNING - 2025-12-15 13:34:46 --> [DEPRECATED] Passing lowercase HTTP method "get" is deprecated. Use uppercase HTTP method like "GET". in SYSTEMPATH/Router/RouteCollection.php on line 1026.
 1 SYSTEMPATH/Router/RouteCollection.php(1026): trigger_error('Passing lowercase HTTP method "get" is deprecated. Use uppercase HTTP method like "GET".', 16384)
 2 APPPATH/Config/Routes.php(131): CodeIgniter\Router\RouteCollection->match([...], 'locations/generarPDF', 'LocationsPdfController::generarPDF')
 3 SYSTEMPATH/Router/RouteCollection.php(339): require('/home/u976386866/domains/servipro.site/public_html/app/app/Config/Routes.php')
 4 SYSTEMPATH/CodeIgniter.php(821): CodeIgniter\Router\RouteCollection->loadRoutes()
 5 SYSTEMPATH/CodeIgniter.php(455): CodeIgniter\CodeIgniter->tryToRouteIt(null)
 6 SYSTEMPATH/CodeIgniter.php(354): CodeIgniter\CodeIgniter->handleRequest(null, Object(Config\Cache), false)
 7 SYSTEMPATH/Boot.php(334): CodeIgniter\CodeIgniter->run()
 8 SYSTEMPATH/Boot.php(67): CodeIgniter\Boot::runCodeIgniter(Object(CodeIgniter\CodeIgniter))
 9 FCPATH/index.php(56): CodeIgniter\Boot::bootWeb(Object(Config\Paths))
WARNING - 2025-12-15 13:34:46 --> [DEPRECATED] Passing lowercase HTTP method "post" is deprecated. Use uppercase HTTP method like "POST". in SYSTEMPATH/Router/RouteCollection.php on line 1026.
 1 SYSTEMPATH/Router/RouteCollection.php(1026): trigger_error('Passing lowercase HTTP method "post" is deprecated. Use uppercase HTTP method like "POST".', 16384)
 2 APPPATH/Config/Routes.php(131): CodeIgniter\Router\RouteCollection->match([...], 'locations/generarPDF', 'LocationsPdfController::generarPDF')
 3 SYSTEMPATH/Router/RouteCollection.php(339): require('/home/u976386866/domains/servipro.site/public_html/app/app/Config/Routes.php')
 4 SYSTEMPATH/CodeIgniter.php(821): CodeIgniter\Router\RouteCollection->loadRoutes()
 5 SYSTEMPATH/CodeIgniter.php(455): CodeIgniter\CodeIgniter->tryToRouteIt(null)
 6 SYSTEMPATH/CodeIgniter.php(354): CodeIgniter\CodeIgniter->handleRequest(null, Object(Config\Cache), false)
 7 SYSTEMPATH/Boot.php(334): CodeIgniter\CodeIgniter->run()
 8 SYSTEMPATH/Boot.php(67): CodeIgniter\Boot::runCodeIgniter(Object(CodeIgniter\CodeIgniter))
 9 FCPATH/index.php(56): CodeIgniter\Boot::bootWeb(Object(Config\Paths))
DEBUG - 2025-12-15 13:34:46 --> Session: Class initialized using 'CodeIgniter\Session\Handlers\FileHandler' driver.
WARNING - 2025-12-15 13:34:49 --> [DEPRECATED] Passing lowercase HTTP method "get" is deprecated. Use uppercase HTTP method like "GET". in SYSTEMPATH/Router/RouteCollection.php on line 1026.
 1 SYSTEMPATH/Router/RouteCollection.php(1026): trigger_error('Passing lowercase HTTP method "get" is deprecated. Use uppercase HTTP method like "GET".', 16384)
 2 APPPATH/Config/Routes.php(131): CodeIgniter\Router\RouteCollection->match([...], 'locations/generarPDF', 'LocationsPdfController::generarPDF')
 3 SYSTEMPATH/Router/RouteCollection.php(339): require('/home/u976386866/domains/servipro.site/public_html/app/app/Config/Routes.php')
 4 SYSTEMPATH/CodeIgniter.php(821): CodeIgniter\Router\RouteCollection->loadRoutes()
 5 SYSTEMPATH/CodeIgniter.php(455): CodeIgniter\CodeIgniter->tryToRouteIt(null)
 6 SYSTEMPATH/CodeIgniter.php(354): CodeIgniter\CodeIgniter->handleRequest(null, Object(Config\Cache), false)
 7 SYSTEMPATH/Boot.php(334): CodeIgniter\CodeIgniter->run()
 8 SYSTEMPATH/Boot.php(67): CodeIgniter\Boot::runCodeIgniter(Object(CodeIgniter\CodeIgniter))
 9 FCPATH/index.php(56): CodeIgniter\Boot::bootWeb(Object(Config\Paths))
WARNING - 2025-12-15 13:34:49 --> [DEPRECATED] Passing lowercase HTTP method "post" is deprecated. Use uppercase HTTP method like "POST". in SYSTEMPATH/Router/RouteCollection.php on line 1026.
 1 SYSTEMPATH/Router/RouteCollection.php(1026): trigger_error('Passing lowercase HTTP method "post" is deprecated. Use uppercase HTTP method like "POST".', 16384)
 2 APPPATH/Config/Routes.php(131): CodeIgniter\Router\RouteCollection->match([...], 'locations/generarPDF', 'LocationsPdfController::generarPDF')
 3 SYSTEMPATH/Router/RouteCollection.php(339): require('/home/u976386866/domains/servipro.site/public_html/app/app/Config/Routes.php')
 4 SYSTEMPATH/CodeIgniter.php(821): CodeIgniter\Router\RouteCollection->loadRoutes()
 5 SYSTEMPATH/CodeIgniter.php(455): CodeIgniter\CodeIgniter->tryToRouteIt(null)
 6 SYSTEMPATH/CodeIgniter.php(354): CodeIgniter\CodeIgniter->handleRequest(null, Object(Config\Cache), false)
 7 SYSTEMPATH/Boot.php(334): CodeIgniter\CodeIgniter->run()
 8 SYSTEMPATH/Boot.php(67): CodeIgniter\Boot::runCodeIgniter(Object(CodeIgniter\CodeIgniter))
 9 FCPATH/index.php(56): CodeIgniter\Boot::bootWeb(Object(Config\Paths))
DEBUG - 2025-12-15 13:34:49 --> Session: Class initialized using 'CodeIgniter\Session\Handlers\FileHandler' driver.
DEBUG - 2025-12-15 13:34:49 --> Iniciando carga de sedes
DEBUG - 2025-12-15 13:34:49 --> Sedes cargadas: [{"id":"17","nombre":"Bimbo Santa Maria","direccion":"Avenida ServiPro","ciudad":"CDMX","pais":"Mexico","fecha_creacion":"2025-04-03 13:01:50","estatus":"1"},{"id":"18","nombre":"Bimbo Azcapotzalco","direccion":"Av San Pablo Xalpa 520, San Martin Xochinahuac, Azcapotzalco, 02120 Ciudad de M\u00e9xico, CDMX","ciudad":"CDMC","pais":"M\u00e9xico","fecha_creacion":"2025-04-07 12:06:45","estatus":"1"},{"id":"21","nombre":"Bimbo Villahermosa","direccion":"Av. Cobre 105, Cd Industrial, 86010 Villahermosa, Tabasco","ciudad":"Villahermosa, Tabasco","pais":"M\u00e9xico","fecha_creacion":"2025-05-12 12:11:50","estatus":"1"},{"id":"22","nombre":"Totis Planta uno Botana","direccion":"Av. San Pablo Xalpa 520, San Mart\u00edn Xochinahuac, Azcapotzalco, 02120 Ciudad de M\u00e9xico, CDMX","ciudad":"CDMX","pais":"Mexico","fecha_creacion":"2025-05-28 09:41:53","estatus":"1"},{"id":"23","nombre":"BIMBO YUCAT\u00c1N","direccion":"CALLE 21, #426, INT 0, COL. CIUDAD INDUSTRIAL","ciudad":"M\u00c9RIDA","pais":"M\u00c9XICO","fecha_creacion":"2025-07-14 17:00:19","estatus":"1"},{"id":"24","nombre":"Bimbo Toluca","direccion":"Corredor Industrial, Mz 2, Lote E, Ex Rancho El Coecillo","ciudad":"Toluca","pais":"M\u00e9xico","fecha_creacion":"2025-07-28 13:39:14","estatus":"1"},{"id":"26","nombre":"Totis planta dos","direccion":"Eje oriente poniente no. 38, col. Ciudad industrial, CP 43800, Tizayuca, Hidalgo","ciudad":"Tizayuca","pais":"M\u00e9xico","fecha_creacion":"2025-10-27 16:30:54","estatus":"1"},{"id":"27","nombre":"Bimbo M\u00e9xico Santa Mar\u00eda ","direccion":"Mimosas 117, 118 Col. Santa Mar\u00eda Insurgentes Cuauht\u00e9moc CDMX ","ciudad":"CDMX","pais":"M\u00e9xico","fecha_creacion":"2025-11-02 10:48:40","estatus":"1"},{"id":"28","nombre":"HAZPAN-LONCHIBON","direccion":"EMILIANO ZAPATA 25, PQUE. IND. LERMA","ciudad":"TOLUCA","pais":"M\u00e9xico","fecha_creacion":"2025-11-27 11:43:59","estatus":"1"},{"id":"29","nombre":"Suandy Marinela Toluca","direccion":"Emiliano Zapata 25, Pque. Ind. Lerma","ciudad":"TOLUCA","pais":"M\u00e9xico","fecha_creacion":"2025-11-27 11:55:24","estatus":"1"},{"id":"30","nombre":"T\u00eda Rosa, Toluca ","direccion":"Benito Juarez Mz. 027","ciudad":"Sta. Ma. Totoltepec, Toluca","pais":"M\u00e9xico","fecha_creacion":"2025-11-27 11:56:59","estatus":"1"},{"id":"31","nombre":"Bimbo Norte","direccion":"Av. F\u00e9lix U. G\u00f3mez 4203, Coyoac\u00e1n, C.P. 64510","ciudad":"Monterrey N.L.","pais":"M\u00e9xico","fecha_creacion":"2025-11-28 15:45:37","estatus":"1"},{"id":"32","nombre":"PLANTA DE PRUEBA","direccion":"PRUEBAS","ciudad":"DCDS","pais":"MEXICO","fecha_creacion":"2025-12-07 18:59:44","estatus":"1"},{"id":"33","nombre":"BSL","direccion":"Eje 128 #135 manzana 3, zona industrial segunda secci\u00f3n ","ciudad":"San Luis Potos\u00ed","pais":"M\u00e9xico","fecha_creacion":"2025-12-08 21:23:56","estatus":"1"},{"id":"34","nombre":"Sanissimo Monterrey","direccion":"Manuel de la Pe\u00f1a y Pe\u00f1a #1020-5, Bella Vista","ciudad":"Monterrey N.L.","pais":"M\u00e9xico","fecha_creacion":"2025-12-08 21:28:12","estatus":"1"}]
WARNING - 2025-12-15 13:34:56 --> [DEPRECATED] Passing lowercase HTTP method "get" is deprecated. Use uppercase HTTP method like "GET". in SYSTEMPATH/Router/RouteCollection.php on line 1026.
 1 SYSTEMPATH/Router/RouteCollection.php(1026): trigger_error('Passing lowercase HTTP method "get" is deprecated. Use uppercase HTTP method like "GET".', 16384)
 2 APPPATH/Config/Routes.php(131): CodeIgniter\Router\RouteCollection->match([...], 'locations/generarPDF', 'LocationsPdfController::generarPDF')
 3 SYSTEMPATH/Router/RouteCollection.php(339): require('/home/u976386866/domains/servipro.site/public_html/app/app/Config/Routes.php')
 4 SYSTEMPATH/CodeIgniter.php(821): CodeIgniter\Router\RouteCollection->loadRoutes()
 5 SYSTEMPATH/CodeIgniter.php(455): CodeIgniter\CodeIgniter->tryToRouteIt(null)
 6 SYSTEMPATH/CodeIgniter.php(354): CodeIgniter\CodeIgniter->handleRequest(null, Object(Config\Cache), false)
 7 SYSTEMPATH/Boot.php(334): CodeIgniter\CodeIgniter->run()
 8 SYSTEMPATH/Boot.php(67): CodeIgniter\Boot::runCodeIgniter(Object(CodeIgniter\CodeIgniter))
 9 FCPATH/index.php(56): CodeIgniter\Boot::bootWeb(Object(Config\Paths))
WARNING - 2025-12-15 13:34:56 --> [DEPRECATED] Passing lowercase HTTP method "post" is deprecated. Use uppercase HTTP method like "POST". in SYSTEMPATH/Router/RouteCollection.php on line 1026.
 1 SYSTEMPATH/Router/RouteCollection.php(1026): trigger_error('Passing lowercase HTTP method "post" is deprecated. Use uppercase HTTP method like "POST".', 16384)
 2 APPPATH/Config/Routes.php(131): CodeIgniter\Router\RouteCollection->match([...], 'locations/generarPDF', 'LocationsPdfController::generarPDF')
 3 SYSTEMPATH/Router/RouteCollection.php(339): require('/home/u976386866/domains/servipro.site/public_html/app/app/Config/Routes.php')
 4 SYSTEMPATH/CodeIgniter.php(821): CodeIgniter\Router\RouteCollection->loadRoutes()
 5 SYSTEMPATH/CodeIgniter.php(455): CodeIgniter\CodeIgniter->tryToRouteIt(null)
 6 SYSTEMPATH/CodeIgniter.php(354): CodeIgniter\CodeIgniter->handleRequest(null, Object(Config\Cache), false)
 7 SYSTEMPATH/Boot.php(334): CodeIgniter\CodeIgniter->run()
 8 SYSTEMPATH/Boot.php(67): CodeIgniter\Boot::runCodeIgniter(Object(CodeIgniter\CodeIgniter))
 9 FCPATH/index.php(56): CodeIgniter\Boot::bootWeb(Object(Config\Paths))
DEBUG - 2025-12-15 13:34:56 --> Session: Class initialized using 'CodeIgniter\Session\Handlers\FileHandler' driver.
DEBUG - 2025-12-15 13:34:56 --> Iniciando carga de sedes
DEBUG - 2025-12-15 13:34:56 --> Sedes cargadas: [{"id":"17","nombre":"Bimbo Santa Maria","direccion":"Avenida ServiPro","ciudad":"CDMX","pais":"Mexico","fecha_creacion":"2025-04-03 13:01:50","estatus":"1"},{"id":"18","nombre":"Bimbo Azcapotzalco","direccion":"Av San Pablo Xalpa 520, San Martin Xochinahuac, Azcapotzalco, 02120 Ciudad de M\u00e9xico, CDMX","ciudad":"CDMC","pais":"M\u00e9xico","fecha_creacion":"2025-04-07 12:06:45","estatus":"1"},{"id":"21","nombre":"Bimbo Villahermosa","direccion":"Av. Cobre 105, Cd Industrial, 86010 Villahermosa, Tabasco","ciudad":"Villahermosa, Tabasco","pais":"M\u00e9xico","fecha_creacion":"2025-05-12 12:11:50","estatus":"1"},{"id":"22","nombre":"Totis Planta uno Botana","direccion":"Av. San Pablo Xalpa 520, San Mart\u00edn Xochinahuac, Azcapotzalco, 02120 Ciudad de M\u00e9xico, CDMX","ciudad":"CDMX","pais":"Mexico","fecha_creacion":"2025-05-28 09:41:53","estatus":"1"},{"id":"23","nombre":"BIMBO YUCAT\u00c1N","direccion":"CALLE 21, #426, INT 0, COL. CIUDAD INDUSTRIAL","ciudad":"M\u00c9RIDA","pais":"M\u00c9XICO","fecha_creacion":"2025-07-14 17:00:19","estatus":"1"},{"id":"24","nombre":"Bimbo Toluca","direccion":"Corredor Industrial, Mz 2, Lote E, Ex Rancho El Coecillo","ciudad":"Toluca","pais":"M\u00e9xico","fecha_creacion":"2025-07-28 13:39:14","estatus":"1"},{"id":"26","nombre":"Totis planta dos","direccion":"Eje oriente poniente no. 38, col. Ciudad industrial, CP 43800, Tizayuca, Hidalgo","ciudad":"Tizayuca","pais":"M\u00e9xico","fecha_creacion":"2025-10-27 16:30:54","estatus":"1"},{"id":"27","nombre":"Bimbo M\u00e9xico Santa Mar\u00eda ","direccion":"Mimosas 117, 118 Col. Santa Mar\u00eda Insurgentes Cuauht\u00e9moc CDMX ","ciudad":"CDMX","pais":"M\u00e9xico","fecha_creacion":"2025-11-02 10:48:40","estatus":"1"},{"id":"28","nombre":"HAZPAN-LONCHIBON","direccion":"EMILIANO ZAPATA 25, PQUE. IND. LERMA","ciudad":"TOLUCA","pais":"M\u00e9xico","fecha_creacion":"2025-11-27 11:43:59","estatus":"1"},{"id":"29","nombre":"Suandy Marinela Toluca","direccion":"Emiliano Zapata 25, Pque. Ind. Lerma","ciudad":"TOLUCA","pais":"M\u00e9xico","fecha_creacion":"2025-11-27 11:55:24","estatus":"1"},{"id":"30","nombre":"T\u00eda Rosa, Toluca ","direccion":"Benito Juarez Mz. 027","ciudad":"Sta. Ma. Totoltepec, Toluca","pais":"M\u00e9xico","fecha_creacion":"2025-11-27 11:56:59","estatus":"1"},{"id":"31","nombre":"Bimbo Norte","direccion":"Av. F\u00e9lix U. G\u00f3mez 4203, Coyoac\u00e1n, C.P. 64510","ciudad":"Monterrey N.L.","pais":"M\u00e9xico","fecha_creacion":"2025-11-28 15:45:37","estatus":"1"},{"id":"32","nombre":"PLANTA DE PRUEBA","direccion":"PRUEBAS","ciudad":"DCDS","pais":"MEXICO","fecha_creacion":"2025-12-07 18:59:44","estatus":"1"},{"id":"33","nombre":"BSL","direccion":"Eje 128 #135 manzana 3, zona industrial segunda secci\u00f3n ","ciudad":"San Luis Potos\u00ed","pais":"M\u00e9xico","fecha_creacion":"2025-12-08 21:23:56","estatus":"1"},{"id":"34","nombre":"Sanissimo Monterrey","direccion":"Manuel de la Pe\u00f1a y Pe\u00f1a #1020-5, Bella Vista","ciudad":"Monterrey N.L.","pais":"M\u00e9xico","fecha_creacion":"2025-12-08 21:28:12","estatus":"1"}]
WARNING - 2025-12-15 13:34:57 --> [DEPRECATED] Passing lowercase HTTP method "get" is deprecated. Use uppercase HTTP method like "GET". in SYSTEMPATH/Router/RouteCollection.php on line 1026.
 1 SYSTEMPATH/Router/RouteCollection.php(1026): trigger_error('Passing lowercase HTTP method "get" is deprecated. Use uppercase HTTP method like "GET".', 16384)
 2 APPPATH/Config/Routes.php(131): CodeIgniter\Router\RouteCollection->match([...], 'locations/generarPDF', 'LocationsPdfController::generarPDF')
 3 SYSTEMPATH/Router/RouteCollection.php(339): require('/home/u976386866/domains/servipro.site/public_html/app/app/Config/Routes.php')
 4 SYSTEMPATH/CodeIgniter.php(821): CodeIgniter\Router\RouteCollection->loadRoutes()
 5 SYSTEMPATH/CodeIgniter.php(455): CodeIgniter\CodeIgniter->tryToRouteIt(null)
 6 SYSTEMPATH/CodeIgniter.php(354): CodeIgniter\CodeIgniter->handleRequest(null, Object(Config\Cache), false)
 7 SYSTEMPATH/Boot.php(334): CodeIgniter\CodeIgniter->run()
 8 SYSTEMPATH/Boot.php(67): CodeIgniter\Boot::runCodeIgniter(Object(CodeIgniter\CodeIgniter))
 9 FCPATH/index.php(56): CodeIgniter\Boot::bootWeb(Object(Config\Paths))
WARNING - 2025-12-15 13:34:57 --> [DEPRECATED] Passing lowercase HTTP method "post" is deprecated. Use uppercase HTTP method like "POST". in SYSTEMPATH/Router/RouteCollection.php on line 1026.
 1 SYSTEMPATH/Router/RouteCollection.php(1026): trigger_error('Passing lowercase HTTP method "post" is deprecated. Use uppercase HTTP method like "POST".', 16384)
 2 APPPATH/Config/Routes.php(131): CodeIgniter\Router\RouteCollection->match([...], 'locations/generarPDF', 'LocationsPdfController::generarPDF')
 3 SYSTEMPATH/Router/RouteCollection.php(339): require('/home/u976386866/domains/servipro.site/public_html/app/app/Config/Routes.php')
 4 SYSTEMPATH/CodeIgniter.php(821): CodeIgniter\Router\RouteCollection->loadRoutes()
 5 SYSTEMPATH/CodeIgniter.php(455): CodeIgniter\CodeIgniter->tryToRouteIt(null)
 6 SYSTEMPATH/CodeIgniter.php(354): CodeIgniter\CodeIgniter->handleRequest(null, Object(Config\Cache), false)
 7 SYSTEMPATH/Boot.php(334): CodeIgniter\CodeIgniter->run()
 8 SYSTEMPATH/Boot.php(67): CodeIgniter\Boot::runCodeIgniter(Object(CodeIgniter\CodeIgniter))
 9 FCPATH/index.php(56): CodeIgniter\Boot::bootWeb(Object(Config\Paths))
DEBUG - 2025-12-15 13:34:57 --> Session: Class initialized using 'CodeIgniter\Session\Handlers\FileHandler' driver.
WARNING - 2025-12-15 13:35:51 --> [DEPRECATED] Passing lowercase HTTP method "get" is deprecated. Use uppercase HTTP method like "GET". in SYSTEMPATH/Router/RouteCollection.php on line 1026.
 1 SYSTEMPATH/Router/RouteCollection.php(1026): trigger_error('Passing lowercase HTTP method "get" is deprecated. Use uppercase HTTP method like "GET".', 16384)
 2 APPPATH/Config/Routes.php(131): CodeIgniter\Router\RouteCollection->match([...], 'locations/generarPDF', 'LocationsPdfController::generarPDF')
 3 SYSTEMPATH/Router/RouteCollection.php(339): require('/home/u976386866/domains/servipro.site/public_html/app/app/Config/Routes.php')
 4 SYSTEMPATH/CodeIgniter.php(821): CodeIgniter\Router\RouteCollection->loadRoutes()
 5 SYSTEMPATH/CodeIgniter.php(455): CodeIgniter\CodeIgniter->tryToRouteIt(null)
 6 SYSTEMPATH/CodeIgniter.php(354): CodeIgniter\CodeIgniter->handleRequest(null, Object(Config\Cache), false)
 7 SYSTEMPATH/Boot.php(334): CodeIgniter\CodeIgniter->run()
 8 SYSTEMPATH/Boot.php(67): CodeIgniter\Boot::runCodeIgniter(Object(CodeIgniter\CodeIgniter))
 9 FCPATH/index.php(56): CodeIgniter\Boot::bootWeb(Object(Config\Paths))
WARNING - 2025-12-15 13:35:51 --> [DEPRECATED] Passing lowercase HTTP method "post" is deprecated. Use uppercase HTTP method like "POST". in SYSTEMPATH/Router/RouteCollection.php on line 1026.
 1 SYSTEMPATH/Router/RouteCollection.php(1026): trigger_error('Passing lowercase HTTP method "post" is deprecated. Use uppercase HTTP method like "POST".', 16384)
 2 APPPATH/Config/Routes.php(131): CodeIgniter\Router\RouteCollection->match([...], 'locations/generarPDF', 'LocationsPdfController::generarPDF')
 3 SYSTEMPATH/Router/RouteCollection.php(339): require('/home/u976386866/domains/servipro.site/public_html/app/app/Config/Routes.php')
 4 SYSTEMPATH/CodeIgniter.php(821): CodeIgniter\Router\RouteCollection->loadRoutes()
 5 SYSTEMPATH/CodeIgniter.php(455): CodeIgniter\CodeIgniter->tryToRouteIt(null)
 6 SYSTEMPATH/CodeIgniter.php(354): CodeIgniter\CodeIgniter->handleRequest(null, Object(Config\Cache), false)
 7 SYSTEMPATH/Boot.php(334): CodeIgniter\CodeIgniter->run()
 8 SYSTEMPATH/Boot.php(67): CodeIgniter\Boot::runCodeIgniter(Object(CodeIgniter\CodeIgniter))
 9 FCPATH/index.php(56): CodeIgniter\Boot::bootWeb(Object(Config\Paths))
DEBUG - 2025-12-15 13:35:51 --> Session: Class initialized using 'CodeIgniter\Session\Handlers\FileHandler' driver.
DEBUG - 2025-12-15 13:35:51 --> Iniciando carga de sedes
DEBUG - 2025-12-15 13:35:51 --> Sedes cargadas: [{"id":"17","nombre":"Bimbo Santa Maria","direccion":"Avenida ServiPro","ciudad":"CDMX","pais":"Mexico","fecha_creacion":"2025-04-03 13:01:50","estatus":"1"},{"id":"18","nombre":"Bimbo Azcapotzalco","direccion":"Av San Pablo Xalpa 520, San Martin Xochinahuac, Azcapotzalco, 02120 Ciudad de M\u00e9xico, CDMX","ciudad":"CDMC","pais":"M\u00e9xico","fecha_creacion":"2025-04-07 12:06:45","estatus":"1"},{"id":"21","nombre":"Bimbo Villahermosa","direccion":"Av. Cobre 105, Cd Industrial, 86010 Villahermosa, Tabasco","ciudad":"Villahermosa, Tabasco","pais":"M\u00e9xico","fecha_creacion":"2025-05-12 12:11:50","estatus":"1"},{"id":"22","nombre":"Totis Planta uno Botana","direccion":"Av. San Pablo Xalpa 520, San Mart\u00edn Xochinahuac, Azcapotzalco, 02120 Ciudad de M\u00e9xico, CDMX","ciudad":"CDMX","pais":"Mexico","fecha_creacion":"2025-05-28 09:41:53","estatus":"1"},{"id":"23","nombre":"BIMBO YUCAT\u00c1N","direccion":"CALLE 21, #426, INT 0, COL. CIUDAD INDUSTRIAL","ciudad":"M\u00c9RIDA","pais":"M\u00c9XICO","fecha_creacion":"2025-07-14 17:00:19","estatus":"1"},{"id":"24","nombre":"Bimbo Toluca","direccion":"Corredor Industrial, Mz 2, Lote E, Ex Rancho El Coecillo","ciudad":"Toluca","pais":"M\u00e9xico","fecha_creacion":"2025-07-28 13:39:14","estatus":"1"},{"id":"26","nombre":"Totis planta dos","direccion":"Eje oriente poniente no. 38, col. Ciudad industrial, CP 43800, Tizayuca, Hidalgo","ciudad":"Tizayuca","pais":"M\u00e9xico","fecha_creacion":"2025-10-27 16:30:54","estatus":"1"},{"id":"27","nombre":"Bimbo M\u00e9xico Santa Mar\u00eda ","direccion":"Mimosas 117, 118 Col. Santa Mar\u00eda Insurgentes Cuauht\u00e9moc CDMX ","ciudad":"CDMX","pais":"M\u00e9xico","fecha_creacion":"2025-11-02 10:48:40","estatus":"1"},{"id":"28","nombre":"HAZPAN-LONCHIBON","direccion":"EMILIANO ZAPATA 25, PQUE. IND. LERMA","ciudad":"TOLUCA","pais":"M\u00e9xico","fecha_creacion":"2025-11-27 11:43:59","estatus":"1"},{"id":"29","nombre":"Suandy Marinela Toluca","direccion":"Emiliano Zapata 25, Pque. Ind. Lerma","ciudad":"TOLUCA","pais":"M\u00e9xico","fecha_creacion":"2025-11-27 11:55:24","estatus":"1"},{"id":"30","nombre":"T\u00eda Rosa, Toluca ","direccion":"Benito Juarez Mz. 027","ciudad":"Sta. Ma. Totoltepec, Toluca","pais":"M\u00e9xico","fecha_creacion":"2025-11-27 11:56:59","estatus":"1"},{"id":"31","nombre":"Bimbo Norte","direccion":"Av. F\u00e9lix U. G\u00f3mez 4203, Coyoac\u00e1n, C.P. 64510","ciudad":"Monterrey N.L.","pais":"M\u00e9xico","fecha_creacion":"2025-11-28 15:45:37","estatus":"1"},{"id":"32","nombre":"PLANTA DE PRUEBA","direccion":"PRUEBAS","ciudad":"DCDS","pais":"MEXICO","fecha_creacion":"2025-12-07 18:59:44","estatus":"1"},{"id":"33","nombre":"BSL","direccion":"Eje 128 #135 manzana 3, zona industrial segunda secci\u00f3n ","ciudad":"San Luis Potos\u00ed","pais":"M\u00e9xico","fecha_creacion":"2025-12-08 21:23:56","estatus":"1"},{"id":"34","nombre":"Sanissimo Monterrey","direccion":"Manuel de la Pe\u00f1a y Pe\u00f1a #1020-5, Bella Vista","ciudad":"Monterrey N.L.","pais":"M\u00e9xico","fecha_creacion":"2025-12-08 21:28:12","estatus":"1"}]
WARNING - 2025-12-15 13:35:52 --> [DEPRECATED] Passing lowercase HTTP method "get" is deprecated. Use uppercase HTTP method like "GET". in SYSTEMPATH/Router/RouteCollection.php on line 1026.
 1 SYSTEMPATH/Router/RouteCollection.php(1026): trigger_error('Passing lowercase HTTP method "get" is deprecated. Use uppercase HTTP method like "GET".', 16384)
 2 APPPATH/Config/Routes.php(131): CodeIgniter\Router\RouteCollection->match([...], 'locations/generarPDF', 'LocationsPdfController::generarPDF')
 3 SYSTEMPATH/Router/RouteCollection.php(339): require('/home/u976386866/domains/servipro.site/public_html/app/app/Config/Routes.php')
 4 SYSTEMPATH/CodeIgniter.php(821): CodeIgniter\Router\RouteCollection->loadRoutes()
 5 SYSTEMPATH/CodeIgniter.php(455): CodeIgniter\CodeIgniter->tryToRouteIt(null)
 6 SYSTEMPATH/CodeIgniter.php(354): CodeIgniter\CodeIgniter->handleRequest(null, Object(Config\Cache), false)
 7 SYSTEMPATH/Boot.php(334): CodeIgniter\CodeIgniter->run()
 8 SYSTEMPATH/Boot.php(67): CodeIgniter\Boot::runCodeIgniter(Object(CodeIgniter\CodeIgniter))
 9 FCPATH/index.php(56): CodeIgniter\Boot::bootWeb(Object(Config\Paths))
WARNING - 2025-12-15 13:35:52 --> [DEPRECATED] Passing lowercase HTTP method "post" is deprecated. Use uppercase HTTP method like "POST". in SYSTEMPATH/Router/RouteCollection.php on line 1026.
 1 SYSTEMPATH/Router/RouteCollection.php(1026): trigger_error('Passing lowercase HTTP method "post" is deprecated. Use uppercase HTTP method like "POST".', 16384)
 2 APPPATH/Config/Routes.php(131): CodeIgniter\Router\RouteCollection->match([...], 'locations/generarPDF', 'LocationsPdfController::generarPDF')
 3 SYSTEMPATH/Router/RouteCollection.php(339): require('/home/u976386866/domains/servipro.site/public_html/app/app/Config/Routes.php')
 4 SYSTEMPATH/CodeIgniter.php(821): CodeIgniter\Router\RouteCollection->loadRoutes()
 5 SYSTEMPATH/CodeIgniter.php(455): CodeIgniter\CodeIgniter->tryToRouteIt(null)
 6 SYSTEMPATH/CodeIgniter.php(354): CodeIgniter\CodeIgniter->handleRequest(null, Object(Config\Cache), false)
 7 SYSTEMPATH/Boot.php(334): CodeIgniter\CodeIgniter->run()
 8 SYSTEMPATH/Boot.php(67): CodeIgniter\Boot::runCodeIgniter(Object(CodeIgniter\CodeIgniter))
 9 FCPATH/index.php(56): CodeIgniter\Boot::bootWeb(Object(Config\Paths))
DEBUG - 2025-12-15 13:35:52 --> Session: Class initialized using 'CodeIgniter\Session\Handlers\FileHandler' driver.
WARNING - 2025-12-15 13:39:09 --> [DEPRECATED] Passing lowercase HTTP method "get" is deprecated. Use uppercase HTTP method like "GET". in SYSTEMPATH/Router/RouteCollection.php on line 1026.
 1 SYSTEMPATH/Router/RouteCollection.php(1026): trigger_error('Passing lowercase HTTP method "get" is deprecated. Use uppercase HTTP method like "GET".', 16384)
 2 APPPATH/Config/Routes.php(131): CodeIgniter\Router\RouteCollection->match([...], 'locations/generarPDF', 'LocationsPdfController::generarPDF')
 3 SYSTEMPATH/Router/RouteCollection.php(339): require('/home/u976386866/domains/servipro.site/public_html/app/app/Config/Routes.php')
 4 SYSTEMPATH/CodeIgniter.php(821): CodeIgniter\Router\RouteCollection->loadRoutes()
 5 SYSTEMPATH/CodeIgniter.php(455): CodeIgniter\CodeIgniter->tryToRouteIt(null)
 6 SYSTEMPATH/CodeIgniter.php(354): CodeIgniter\CodeIgniter->handleRequest(null, Object(Config\Cache), false)
 7 SYSTEMPATH/Boot.php(334): CodeIgniter\CodeIgniter->run()
 8 SYSTEMPATH/Boot.php(67): CodeIgniter\Boot::runCodeIgniter(Object(CodeIgniter\CodeIgniter))
 9 FCPATH/index.php(56): CodeIgniter\Boot::bootWeb(Object(Config\Paths))
WARNING - 2025-12-15 13:39:09 --> [DEPRECATED] Passing lowercase HTTP method "post" is deprecated. Use uppercase HTTP method like "POST". in SYSTEMPATH/Router/RouteCollection.php on line 1026.
 1 SYSTEMPATH/Router/RouteCollection.php(1026): trigger_error('Passing lowercase HTTP method "post" is deprecated. Use uppercase HTTP method like "POST".', 16384)
 2 APPPATH/Config/Routes.php(131): CodeIgniter\Router\RouteCollection->match([...], 'locations/generarPDF', 'LocationsPdfController::generarPDF')
 3 SYSTEMPATH/Router/RouteCollection.php(339): require('/home/u976386866/domains/servipro.site/public_html/app/app/Config/Routes.php')
 4 SYSTEMPATH/CodeIgniter.php(821): CodeIgniter\Router\RouteCollection->loadRoutes()
 5 SYSTEMPATH/CodeIgniter.php(455): CodeIgniter\CodeIgniter->tryToRouteIt(null)
 6 SYSTEMPATH/CodeIgniter.php(354): CodeIgniter\CodeIgniter->handleRequest(null, Object(Config\Cache), false)
 7 SYSTEMPATH/Boot.php(334): CodeIgniter\CodeIgniter->run()
 8 SYSTEMPATH/Boot.php(67): CodeIgniter\Boot::runCodeIgniter(Object(CodeIgniter\CodeIgniter))
 9 FCPATH/index.php(56): CodeIgniter\Boot::bootWeb(Object(Config\Paths))
DEBUG - 2025-12-15 13:39:09 --> Session: Class initialized using 'CodeIgniter\Session\Handlers\FileHandler' driver.
DEBUG - 2025-12-15 13:39:09 --> Iniciando carga de sedes
DEBUG - 2025-12-15 13:39:09 --> Sedes cargadas: [{"id":"17","nombre":"Bimbo Santa Maria","direccion":"Avenida ServiPro","ciudad":"CDMX","pais":"Mexico","fecha_creacion":"2025-04-03 13:01:50","estatus":"1"},{"id":"18","nombre":"Bimbo Azcapotzalco","direccion":"Av San Pablo Xalpa 520, San Martin Xochinahuac, Azcapotzalco, 02120 Ciudad de M\u00e9xico, CDMX","ciudad":"CDMC","pais":"M\u00e9xico","fecha_creacion":"2025-04-07 12:06:45","estatus":"1"},{"id":"21","nombre":"Bimbo Villahermosa","direccion":"Av. Cobre 105, Cd Industrial, 86010 Villahermosa, Tabasco","ciudad":"Villahermosa, Tabasco","pais":"M\u00e9xico","fecha_creacion":"2025-05-12 12:11:50","estatus":"1"},{"id":"22","nombre":"Totis Planta uno Botana","direccion":"Av. San Pablo Xalpa 520, San Mart\u00edn Xochinahuac, Azcapotzalco, 02120 Ciudad de M\u00e9xico, CDMX","ciudad":"CDMX","pais":"Mexico","fecha_creacion":"2025-05-28 09:41:53","estatus":"1"},{"id":"23","nombre":"BIMBO YUCAT\u00c1N","direccion":"CALLE 21, #426, INT 0, COL. CIUDAD INDUSTRIAL","ciudad":"M\u00c9RIDA","pais":"M\u00c9XICO","fecha_creacion":"2025-07-14 17:00:19","estatus":"1"},{"id":"24","nombre":"Bimbo Toluca","direccion":"Corredor Industrial, Mz 2, Lote E, Ex Rancho El Coecillo","ciudad":"Toluca","pais":"M\u00e9xico","fecha_creacion":"2025-07-28 13:39:14","estatus":"1"},{"id":"26","nombre":"Totis planta dos","direccion":"Eje oriente poniente no. 38, col. Ciudad industrial, CP 43800, Tizayuca, Hidalgo","ciudad":"Tizayuca","pais":"M\u00e9xico","fecha_creacion":"2025-10-27 16:30:54","estatus":"1"},{"id":"27","nombre":"Bimbo M\u00e9xico Santa Mar\u00eda ","direccion":"Mimosas 117, 118 Col. Santa Mar\u00eda Insurgentes Cuauht\u00e9moc CDMX ","ciudad":"CDMX","pais":"M\u00e9xico","fecha_creacion":"2025-11-02 10:48:40","estatus":"1"},{"id":"28","nombre":"HAZPAN-LONCHIBON","direccion":"EMILIANO ZAPATA 25, PQUE. IND. LERMA","ciudad":"TOLUCA","pais":"M\u00e9xico","fecha_creacion":"2025-11-27 11:43:59","estatus":"1"},{"id":"29","nombre":"Suandy Marinela Toluca","direccion":"Emiliano Zapata 25, Pque. Ind. Lerma","ciudad":"TOLUCA","pais":"M\u00e9xico","fecha_creacion":"2025-11-27 11:55:24","estatus":"1"},{"id":"30","nombre":"T\u00eda Rosa, Toluca ","direccion":"Benito Juarez Mz. 027","ciudad":"Sta. Ma. Totoltepec, Toluca","pais":"M\u00e9xico","fecha_creacion":"2025-11-27 11:56:59","estatus":"1"},{"id":"31","nombre":"Bimbo Norte","direccion":"Av. F\u00e9lix U. G\u00f3mez 4203, Coyoac\u00e1n, C.P. 64510","ciudad":"Monterrey N.L.","pais":"M\u00e9xico","fecha_creacion":"2025-11-28 15:45:37","estatus":"1"},{"id":"32","nombre":"PLANTA DE PRUEBA","direccion":"PRUEBAS","ciudad":"DCDS","pais":"MEXICO","fecha_creacion":"2025-12-07 18:59:44","estatus":"1"},{"id":"33","nombre":"BSL","direccion":"Eje 128 #135 manzana 3, zona industrial segunda secci\u00f3n ","ciudad":"San Luis Potos\u00ed","pais":"M\u00e9xico","fecha_creacion":"2025-12-08 21:23:56","estatus":"1"},{"id":"34","nombre":"Sanissimo Monterrey","direccion":"Manuel de la Pe\u00f1a y Pe\u00f1a #1020-5, Bella Vista","ciudad":"Monterrey N.L.","pais":"M\u00e9xico","fecha_creacion":"2025-12-08 21:28:12","estatus":"1"}]
WARNING - 2025-12-15 13:39:09 --> [DEPRECATED] Passing lowercase HTTP method "get" is deprecated. Use uppercase HTTP method like "GET". in SYSTEMPATH/Router/RouteCollection.php on line 1026.
 1 SYSTEMPATH/Router/RouteCollection.php(1026): trigger_error('Passing lowercase HTTP method "get" is deprecated. Use uppercase HTTP method like "GET".', 16384)
 2 APPPATH/Config/Routes.php(131): CodeIgniter\Router\RouteCollection->match([...], 'locations/generarPDF', 'LocationsPdfController::generarPDF')
 3 SYSTEMPATH/Router/RouteCollection.php(339): require('/home/u976386866/domains/servipro.site/public_html/app/app/Config/Routes.php')
 4 SYSTEMPATH/CodeIgniter.php(821): CodeIgniter\Router\RouteCollection->loadRoutes()
 5 SYSTEMPATH/CodeIgniter.php(455): CodeIgniter\CodeIgniter->tryToRouteIt(null)
 6 SYSTEMPATH/CodeIgniter.php(354): CodeIgniter\CodeIgniter->handleRequest(null, Object(Config\Cache), false)
 7 SYSTEMPATH/Boot.php(334): CodeIgniter\CodeIgniter->run()
 8 SYSTEMPATH/Boot.php(67): CodeIgniter\Boot::runCodeIgniter(Object(CodeIgniter\CodeIgniter))
 9 FCPATH/index.php(56): CodeIgniter\Boot::bootWeb(Object(Config\Paths))
WARNING - 2025-12-15 13:39:09 --> [DEPRECATED] Passing lowercase HTTP method "post" is deprecated. Use uppercase HTTP method like "POST". in SYSTEMPATH/Router/RouteCollection.php on line 1026.
 1 SYSTEMPATH/Router/RouteCollection.php(1026): trigger_error('Passing lowercase HTTP method "post" is deprecated. Use uppercase HTTP method like "POST".', 16384)
 2 APPPATH/Config/Routes.php(131): CodeIgniter\Router\RouteCollection->match([...], 'locations/generarPDF', 'LocationsPdfController::generarPDF')
 3 SYSTEMPATH/Router/RouteCollection.php(339): require('/home/u976386866/domains/servipro.site/public_html/app/app/Config/Routes.php')
 4 SYSTEMPATH/CodeIgniter.php(821): CodeIgniter\Router\RouteCollection->loadRoutes()
 5 SYSTEMPATH/CodeIgniter.php(455): CodeIgniter\CodeIgniter->tryToRouteIt(null)
 6 SYSTEMPATH/CodeIgniter.php(354): CodeIgniter\CodeIgniter->handleRequest(null, Object(Config\Cache), false)
 7 SYSTEMPATH/Boot.php(334): CodeIgniter\CodeIgniter->run()
 8 SYSTEMPATH/Boot.php(67): CodeIgniter\Boot::runCodeIgniter(Object(CodeIgniter\CodeIgniter))
 9 FCPATH/index.php(56): CodeIgniter\Boot::bootWeb(Object(Config\Paths))
DEBUG - 2025-12-15 13:39:09 --> Session: Class initialized using 'CodeIgniter\Session\Handlers\FileHandler' driver.
WARNING - 2025-12-15 13:45:48 --> [DEPRECATED] Passing lowercase HTTP method "get" is deprecated. Use uppercase HTTP method like "GET". in SYSTEMPATH/Router/RouteCollection.php on line 1026.
 1 SYSTEMPATH/Router/RouteCollection.php(1026): trigger_error('Passing lowercase HTTP method "get" is deprecated. Use uppercase HTTP method like "GET".', 16384)
 2 APPPATH/Config/Routes.php(131): CodeIgniter\Router\RouteCollection->match([...], 'locations/generarPDF', 'LocationsPdfController::generarPDF')
 3 SYSTEMPATH/Router/RouteCollection.php(339): require('/home/u976386866/domains/servipro.site/public_html/app/app/Config/Routes.php')
 4 SYSTEMPATH/CodeIgniter.php(821): CodeIgniter\Router\RouteCollection->loadRoutes()
 5 SYSTEMPATH/CodeIgniter.php(455): CodeIgniter\CodeIgniter->tryToRouteIt(null)
 6 SYSTEMPATH/CodeIgniter.php(354): CodeIgniter\CodeIgniter->handleRequest(null, Object(Config\Cache), false)
 7 SYSTEMPATH/Boot.php(334): CodeIgniter\CodeIgniter->run()
 8 SYSTEMPATH/Boot.php(67): CodeIgniter\Boot::runCodeIgniter(Object(CodeIgniter\CodeIgniter))
 9 FCPATH/index.php(56): CodeIgniter\Boot::bootWeb(Object(Config\Paths))
WARNING - 2025-12-15 13:45:48 --> [DEPRECATED] Passing lowercase HTTP method "post" is deprecated. Use uppercase HTTP method like "POST". in SYSTEMPATH/Router/RouteCollection.php on line 1026.
 1 SYSTEMPATH/Router/RouteCollection.php(1026): trigger_error('Passing lowercase HTTP method "post" is deprecated. Use uppercase HTTP method like "POST".', 16384)
 2 APPPATH/Config/Routes.php(131): CodeIgniter\Router\RouteCollection->match([...], 'locations/generarPDF', 'LocationsPdfController::generarPDF')
 3 SYSTEMPATH/Router/RouteCollection.php(339): require('/home/u976386866/domains/servipro.site/public_html/app/app/Config/Routes.php')
 4 SYSTEMPATH/CodeIgniter.php(821): CodeIgniter\Router\RouteCollection->loadRoutes()
 5 SYSTEMPATH/CodeIgniter.php(455): CodeIgniter\CodeIgniter->tryToRouteIt(null)
 6 SYSTEMPATH/CodeIgniter.php(354): CodeIgniter\CodeIgniter->handleRequest(null, Object(Config\Cache), false)
 7 SYSTEMPATH/Boot.php(334): CodeIgniter\CodeIgniter->run()
 8 SYSTEMPATH/Boot.php(67): CodeIgniter\Boot::runCodeIgniter(Object(CodeIgniter\CodeIgniter))
 9 FCPATH/index.php(56): CodeIgniter\Boot::bootWeb(Object(Config\Paths))
DEBUG - 2025-12-15 13:45:48 --> Session: Class initialized using 'CodeIgniter\Session\Handlers\FileHandler' driver.
WARNING - 2025-12-15 13:46:03 --> [DEPRECATED] Passing lowercase HTTP method "get" is deprecated. Use uppercase HTTP method like "GET". in SYSTEMPATH/Router/RouteCollection.php on line 1026.
 1 SYSTEMPATH/Router/RouteCollection.php(1026): trigger_error('Passing lowercase HTTP method "get" is deprecated. Use uppercase HTTP method like "GET".', 16384)
 2 APPPATH/Config/Routes.php(131): CodeIgniter\Router\RouteCollection->match([...], 'locations/generarPDF', 'LocationsPdfController::generarPDF')
 3 SYSTEMPATH/Router/RouteCollection.php(339): require('/home/u976386866/domains/servipro.site/public_html/app/app/Config/Routes.php')
 4 SYSTEMPATH/CodeIgniter.php(821): CodeIgniter\Router\RouteCollection->loadRoutes()
 5 SYSTEMPATH/CodeIgniter.php(455): CodeIgniter\CodeIgniter->tryToRouteIt(null)
 6 SYSTEMPATH/CodeIgniter.php(354): CodeIgniter\CodeIgniter->handleRequest(null, Object(Config\Cache), false)
 7 SYSTEMPATH/Boot.php(334): CodeIgniter\CodeIgniter->run()
 8 SYSTEMPATH/Boot.php(67): CodeIgniter\Boot::runCodeIgniter(Object(CodeIgniter\CodeIgniter))
 9 FCPATH/index.php(56): CodeIgniter\Boot::bootWeb(Object(Config\Paths))
WARNING - 2025-12-15 13:46:03 --> [DEPRECATED] Passing lowercase HTTP method "post" is deprecated. Use uppercase HTTP method like "POST". in SYSTEMPATH/Router/RouteCollection.php on line 1026.
 1 SYSTEMPATH/Router/RouteCollection.php(1026): trigger_error('Passing lowercase HTTP method "post" is deprecated. Use uppercase HTTP method like "POST".', 16384)
 2 APPPATH/Config/Routes.php(131): CodeIgniter\Router\RouteCollection->match([...], 'locations/generarPDF', 'LocationsPdfController::generarPDF')
 3 SYSTEMPATH/Router/RouteCollection.php(339): require('/home/u976386866/domains/servipro.site/public_html/app/app/Config/Routes.php')
 4 SYSTEMPATH/CodeIgniter.php(821): CodeIgniter\Router\RouteCollection->loadRoutes()
 5 SYSTEMPATH/CodeIgniter.php(455): CodeIgniter\CodeIgniter->tryToRouteIt(null)
 6 SYSTEMPATH/CodeIgniter.php(354): CodeIgniter\CodeIgniter->handleRequest(null, Object(Config\Cache), false)
 7 SYSTEMPATH/Boot.php(334): CodeIgniter\CodeIgniter->run()
 8 SYSTEMPATH/Boot.php(67): CodeIgniter\Boot::runCodeIgniter(Object(CodeIgniter\CodeIgniter))
 9 FCPATH/index.php(56): CodeIgniter\Boot::bootWeb(Object(Config\Paths))
DEBUG - 2025-12-15 13:46:03 --> Session: Class initialized using 'CodeIgniter\Session\Handlers\FileHandler' driver.
WARNING - 2025-12-15 13:46:08 --> [DEPRECATED] Passing lowercase HTTP method "get" is deprecated. Use uppercase HTTP method like "GET". in SYSTEMPATH/Router/RouteCollection.php on line 1026.
 1 SYSTEMPATH/Router/RouteCollection.php(1026): trigger_error('Passing lowercase HTTP method "get" is deprecated. Use uppercase HTTP method like "GET".', 16384)
 2 APPPATH/Config/Routes.php(131): CodeIgniter\Router\RouteCollection->match([...], 'locations/generarPDF', 'LocationsPdfController::generarPDF')
 3 SYSTEMPATH/Router/RouteCollection.php(339): require('/home/u976386866/domains/servipro.site/public_html/app/app/Config/Routes.php')
 4 SYSTEMPATH/CodeIgniter.php(821): CodeIgniter\Router\RouteCollection->loadRoutes()
 5 SYSTEMPATH/CodeIgniter.php(455): CodeIgniter\CodeIgniter->tryToRouteIt(null)
 6 SYSTEMPATH/CodeIgniter.php(354): CodeIgniter\CodeIgniter->handleRequest(null, Object(Config\Cache), false)
 7 SYSTEMPATH/Boot.php(334): CodeIgniter\CodeIgniter->run()
 8 SYSTEMPATH/Boot.php(67): CodeIgniter\Boot::runCodeIgniter(Object(CodeIgniter\CodeIgniter))
 9 FCPATH/index.php(56): CodeIgniter\Boot::bootWeb(Object(Config\Paths))
WARNING - 2025-12-15 13:46:08 --> [DEPRECATED] Passing lowercase HTTP method "post" is deprecated. Use uppercase HTTP method like "POST". in SYSTEMPATH/Router/RouteCollection.php on line 1026.
 1 SYSTEMPATH/Router/RouteCollection.php(1026): trigger_error('Passing lowercase HTTP method "post" is deprecated. Use uppercase HTTP method like "POST".', 16384)
 2 APPPATH/Config/Routes.php(131): CodeIgniter\Router\RouteCollection->match([...], 'locations/generarPDF', 'LocationsPdfController::generarPDF')
 3 SYSTEMPATH/Router/RouteCollection.php(339): require('/home/u976386866/domains/servipro.site/public_html/app/app/Config/Routes.php')
 4 SYSTEMPATH/CodeIgniter.php(821): CodeIgniter\Router\RouteCollection->loadRoutes()
 5 SYSTEMPATH/CodeIgniter.php(455): CodeIgniter\CodeIgniter->tryToRouteIt(null)
 6 SYSTEMPATH/CodeIgniter.php(354): CodeIgniter\CodeIgniter->handleRequest(null, Object(Config\Cache), false)
 7 SYSTEMPATH/Boot.php(334): CodeIgniter\CodeIgniter->run()
 8 SYSTEMPATH/Boot.php(67): CodeIgniter\Boot::runCodeIgniter(Object(CodeIgniter\CodeIgniter))
 9 FCPATH/index.php(56): CodeIgniter\Boot::bootWeb(Object(Config\Paths))
DEBUG - 2025-12-15 13:46:08 --> Session: Class initialized using 'CodeIgniter\Session\Handlers\FileHandler' driver.
DEBUG - 2025-12-15 13:46:08 --> Iniciando carga de sedes
DEBUG - 2025-12-15 13:46:08 --> Sedes cargadas: [{"id":"17","nombre":"Bimbo Santa Maria","direccion":"Avenida ServiPro","ciudad":"CDMX","pais":"Mexico","fecha_creacion":"2025-04-03 13:01:50","estatus":"1"},{"id":"18","nombre":"Bimbo Azcapotzalco","direccion":"Av San Pablo Xalpa 520, San Martin Xochinahuac, Azcapotzalco, 02120 Ciudad de M\u00e9xico, CDMX","ciudad":"CDMC","pais":"M\u00e9xico","fecha_creacion":"2025-04-07 12:06:45","estatus":"1"},{"id":"21","nombre":"Bimbo Villahermosa","direccion":"Av. Cobre 105, Cd Industrial, 86010 Villahermosa, Tabasco","ciudad":"Villahermosa, Tabasco","pais":"M\u00e9xico","fecha_creacion":"2025-05-12 12:11:50","estatus":"1"},{"id":"22","nombre":"Totis Planta uno Botana","direccion":"Av. San Pablo Xalpa 520, San Mart\u00edn Xochinahuac, Azcapotzalco, 02120 Ciudad de M\u00e9xico, CDMX","ciudad":"CDMX","pais":"Mexico","fecha_creacion":"2025-05-28 09:41:53","estatus":"1"},{"id":"23","nombre":"BIMBO YUCAT\u00c1N","direccion":"CALLE 21, #426, INT 0, COL. CIUDAD INDUSTRIAL","ciudad":"M\u00c9RIDA","pais":"M\u00c9XICO","fecha_creacion":"2025-07-14 17:00:19","estatus":"1"},{"id":"24","nombre":"Bimbo Toluca","direccion":"Corredor Industrial, Mz 2, Lote E, Ex Rancho El Coecillo","ciudad":"Toluca","pais":"M\u00e9xico","fecha_creacion":"2025-07-28 13:39:14","estatus":"1"},{"id":"26","nombre":"Totis planta dos","direccion":"Eje oriente poniente no. 38, col. Ciudad industrial, CP 43800, Tizayuca, Hidalgo","ciudad":"Tizayuca","pais":"M\u00e9xico","fecha_creacion":"2025-10-27 16:30:54","estatus":"1"},{"id":"27","nombre":"Bimbo M\u00e9xico Santa Mar\u00eda ","direccion":"Mimosas 117, 118 Col. Santa Mar\u00eda Insurgentes Cuauht\u00e9moc CDMX ","ciudad":"CDMX","pais":"M\u00e9xico","fecha_creacion":"2025-11-02 10:48:40","estatus":"1"},{"id":"28","nombre":"HAZPAN-LONCHIBON","direccion":"EMILIANO ZAPATA 25, PQUE. IND. LERMA","ciudad":"TOLUCA","pais":"M\u00e9xico","fecha_creacion":"2025-11-27 11:43:59","estatus":"1"},{"id":"29","nombre":"Suandy Marinela Toluca","direccion":"Emiliano Zapata 25, Pque. Ind. Lerma","ciudad":"TOLUCA","pais":"M\u00e9xico","fecha_creacion":"2025-11-27 11:55:24","estatus":"1"},{"id":"30","nombre":"T\u00eda Rosa, Toluca ","direccion":"Benito Juarez Mz. 027","ciudad":"Sta. Ma. Totoltepec, Toluca","pais":"M\u00e9xico","fecha_creacion":"2025-11-27 11:56:59","estatus":"1"},{"id":"31","nombre":"Bimbo Norte","direccion":"Av. F\u00e9lix U. G\u00f3mez 4203, Coyoac\u00e1n, C.P. 64510","ciudad":"Monterrey N.L.","pais":"M\u00e9xico","fecha_creacion":"2025-11-28 15:45:37","estatus":"1"},{"id":"32","nombre":"PLANTA DE PRUEBA","direccion":"PRUEBAS","ciudad":"DCDS","pais":"MEXICO","fecha_creacion":"2025-12-07 18:59:44","estatus":"1"},{"id":"33","nombre":"BSL","direccion":"Eje 128 #135 manzana 3, zona industrial segunda secci\u00f3n ","ciudad":"San Luis Potos\u00ed","pais":"M\u00e9xico","fecha_creacion":"2025-12-08 21:23:56","estatus":"1"},{"id":"34","nombre":"Sanissimo Monterrey","direccion":"Manuel de la Pe\u00f1a y Pe\u00f1a #1020-5, Bella Vista","ciudad":"Monterrey N.L.","pais":"M\u00e9xico","fecha_creacion":"2025-12-08 21:28:12","estatus":"1"}]
WARNING - 2025-12-15 13:46:11 --> [DEPRECATED] Passing lowercase HTTP method "get" is deprecated. Use uppercase HTTP method like "GET". in SYSTEMPATH/Router/RouteCollection.php on line 1026.
 1 SYSTEMPATH/Router/RouteCollection.php(1026): trigger_error('Passing lowercase HTTP method "get" is deprecated. Use uppercase HTTP method like "GET".', 16384)
 2 APPPATH/Config/Routes.php(131): CodeIgniter\Router\RouteCollection->match([...], 'locations/generarPDF', 'LocationsPdfController::generarPDF')
 3 SYSTEMPATH/Router/RouteCollection.php(339): require('/home/u976386866/domains/servipro.site/public_html/app/app/Config/Routes.php')
 4 SYSTEMPATH/CodeIgniter.php(821): CodeIgniter\Router\RouteCollection->loadRoutes()
 5 SYSTEMPATH/CodeIgniter.php(455): CodeIgniter\CodeIgniter->tryToRouteIt(null)
 6 SYSTEMPATH/CodeIgniter.php(354): CodeIgniter\CodeIgniter->handleRequest(null, Object(Config\Cache), false)
 7 SYSTEMPATH/Boot.php(334): CodeIgniter\CodeIgniter->run()
 8 SYSTEMPATH/Boot.php(67): CodeIgniter\Boot::runCodeIgniter(Object(CodeIgniter\CodeIgniter))
 9 FCPATH/index.php(56): CodeIgniter\Boot::bootWeb(Object(Config\Paths))
WARNING - 2025-12-15 13:46:11 --> [DEPRECATED] Passing lowercase HTTP method "post" is deprecated. Use uppercase HTTP method like "POST". in SYSTEMPATH/Router/RouteCollection.php on line 1026.
 1 SYSTEMPATH/Router/RouteCollection.php(1026): trigger_error('Passing lowercase HTTP method "post" is deprecated. Use uppercase HTTP method like "POST".', 16384)
 2 APPPATH/Config/Routes.php(131): CodeIgniter\Router\RouteCollection->match([...], 'locations/generarPDF', 'LocationsPdfController::generarPDF')
 3 SYSTEMPATH/Router/RouteCollection.php(339): require('/home/u976386866/domains/servipro.site/public_html/app/app/Config/Routes.php')
 4 SYSTEMPATH/CodeIgniter.php(821): CodeIgniter\Router\RouteCollection->loadRoutes()
 5 SYSTEMPATH/CodeIgniter.php(455): CodeIgniter\CodeIgniter->tryToRouteIt(null)
 6 SYSTEMPATH/CodeIgniter.php(354): CodeIgniter\CodeIgniter->handleRequest(null, Object(Config\Cache), false)
 7 SYSTEMPATH/Boot.php(334): CodeIgniter\CodeIgniter->run()
 8 SYSTEMPATH/Boot.php(67): CodeIgniter\Boot::runCodeIgniter(Object(CodeIgniter\CodeIgniter))
 9 FCPATH/index.php(56): CodeIgniter\Boot::bootWeb(Object(Config\Paths))
DEBUG - 2025-12-15 13:46:11 --> Session: Class initialized using 'CodeIgniter\Session\Handlers\FileHandler' driver.
DEBUG - 2025-12-15 13:46:11 --> Iniciando carga de sedes
DEBUG - 2025-12-15 13:46:11 --> Sedes cargadas: [{"id":"17","nombre":"Bimbo Santa Maria","direccion":"Avenida ServiPro","ciudad":"CDMX","pais":"Mexico","fecha_creacion":"2025-04-03 13:01:50","estatus":"1"},{"id":"18","nombre":"Bimbo Azcapotzalco","direccion":"Av San Pablo Xalpa 520, San Martin Xochinahuac, Azcapotzalco, 02120 Ciudad de M\u00e9xico, CDMX","ciudad":"CDMC","pais":"M\u00e9xico","fecha_creacion":"2025-04-07 12:06:45","estatus":"1"},{"id":"21","nombre":"Bimbo Villahermosa","direccion":"Av. Cobre 105, Cd Industrial, 86010 Villahermosa, Tabasco","ciudad":"Villahermosa, Tabasco","pais":"M\u00e9xico","fecha_creacion":"2025-05-12 12:11:50","estatus":"1"},{"id":"22","nombre":"Totis Planta uno Botana","direccion":"Av. San Pablo Xalpa 520, San Mart\u00edn Xochinahuac, Azcapotzalco, 02120 Ciudad de M\u00e9xico, CDMX","ciudad":"CDMX","pais":"Mexico","fecha_creacion":"2025-05-28 09:41:53","estatus":"1"},{"id":"23","nombre":"BIMBO YUCAT\u00c1N","direccion":"CALLE 21, #426, INT 0, COL. CIUDAD INDUSTRIAL","ciudad":"M\u00c9RIDA","pais":"M\u00c9XICO","fecha_creacion":"2025-07-14 17:00:19","estatus":"1"},{"id":"24","nombre":"Bimbo Toluca","direccion":"Corredor Industrial, Mz 2, Lote E, Ex Rancho El Coecillo","ciudad":"Toluca","pais":"M\u00e9xico","fecha_creacion":"2025-07-28 13:39:14","estatus":"1"},{"id":"26","nombre":"Totis planta dos","direccion":"Eje oriente poniente no. 38, col. Ciudad industrial, CP 43800, Tizayuca, Hidalgo","ciudad":"Tizayuca","pais":"M\u00e9xico","fecha_creacion":"2025-10-27 16:30:54","estatus":"1"},{"id":"27","nombre":"Bimbo M\u00e9xico Santa Mar\u00eda ","direccion":"Mimosas 117, 118 Col. Santa Mar\u00eda Insurgentes Cuauht\u00e9moc CDMX ","ciudad":"CDMX","pais":"M\u00e9xico","fecha_creacion":"2025-11-02 10:48:40","estatus":"1"},{"id":"28","nombre":"HAZPAN-LONCHIBON","direccion":"EMILIANO ZAPATA 25, PQUE. IND. LERMA","ciudad":"TOLUCA","pais":"M\u00e9xico","fecha_creacion":"2025-11-27 11:43:59","estatus":"1"},{"id":"29","nombre":"Suandy Marinela Toluca","direccion":"Emiliano Zapata 25, Pque. Ind. Lerma","ciudad":"TOLUCA","pais":"M\u00e9xico","fecha_creacion":"2025-11-27 11:55:24","estatus":"1"},{"id":"30","nombre":"T\u00eda Rosa, Toluca ","direccion":"Benito Juarez Mz. 027","ciudad":"Sta. Ma. Totoltepec, Toluca","pais":"M\u00e9xico","fecha_creacion":"2025-11-27 11:56:59","estatus":"1"},{"id":"31","nombre":"Bimbo Norte","direccion":"Av. F\u00e9lix U. G\u00f3mez 4203, Coyoac\u00e1n, C.P. 64510","ciudad":"Monterrey N.L.","pais":"M\u00e9xico","fecha_creacion":"2025-11-28 15:45:37","estatus":"1"},{"id":"32","nombre":"PLANTA DE PRUEBA","direccion":"PRUEBAS","ciudad":"DCDS","pais":"MEXICO","fecha_creacion":"2025-12-07 18:59:44","estatus":"1"},{"id":"33","nombre":"BSL","direccion":"Eje 128 #135 manzana 3, zona industrial segunda secci\u00f3n ","ciudad":"San Luis Potos\u00ed","pais":"M\u00e9xico","fecha_creacion":"2025-12-08 21:23:56","estatus":"1"},{"id":"34","nombre":"Sanissimo Monterrey","direccion":"Manuel de la Pe\u00f1a y Pe\u00f1a #1020-5, Bella Vista","ciudad":"Monterrey N.L.","pais":"M\u00e9xico","fecha_creacion":"2025-12-08 21:28:12","estatus":"1"}]
WARNING - 2025-12-15 13:46:11 --> [DEPRECATED] Passing lowercase HTTP method "get" is deprecated. Use uppercase HTTP method like "GET". in SYSTEMPATH/Router/RouteCollection.php on line 1026.
 1 SYSTEMPATH/Router/RouteCollection.php(1026): trigger_error('Passing lowercase HTTP method "get" is deprecated. Use uppercase HTTP method like "GET".', 16384)
 2 APPPATH/Config/Routes.php(131): CodeIgniter\Router\RouteCollection->match([...], 'locations/generarPDF', 'LocationsPdfController::generarPDF')
 3 SYSTEMPATH/Router/RouteCollection.php(339): require('/home/u976386866/domains/servipro.site/public_html/app/app/Config/Routes.php')
 4 SYSTEMPATH/CodeIgniter.php(821): CodeIgniter\Router\RouteCollection->loadRoutes()
 5 SYSTEMPATH/CodeIgniter.php(455): CodeIgniter\CodeIgniter->tryToRouteIt(null)
 6 SYSTEMPATH/CodeIgniter.php(354): CodeIgniter\CodeIgniter->handleRequest(null, Object(Config\Cache), false)
 7 SYSTEMPATH/Boot.php(334): CodeIgniter\CodeIgniter->run()
 8 SYSTEMPATH/Boot.php(67): CodeIgniter\Boot::runCodeIgniter(Object(CodeIgniter\CodeIgniter))
 9 FCPATH/index.php(56): CodeIgniter\Boot::bootWeb(Object(Config\Paths))
WARNING - 2025-12-15 13:46:11 --> [DEPRECATED] Passing lowercase HTTP method "post" is deprecated. Use uppercase HTTP method like "POST". in SYSTEMPATH/Router/RouteCollection.php on line 1026.
 1 SYSTEMPATH/Router/RouteCollection.php(1026): trigger_error('Passing lowercase HTTP method "post" is deprecated. Use uppercase HTTP method like "POST".', 16384)
 2 APPPATH/Config/Routes.php(131): CodeIgniter\Router\RouteCollection->match([...], 'locations/generarPDF', 'LocationsPdfController::generarPDF')
 3 SYSTEMPATH/Router/RouteCollection.php(339): require('/home/u976386866/domains/servipro.site/public_html/app/app/Config/Routes.php')
 4 SYSTEMPATH/CodeIgniter.php(821): CodeIgniter\Router\RouteCollection->loadRoutes()
 5 SYSTEMPATH/CodeIgniter.php(455): CodeIgniter\CodeIgniter->tryToRouteIt(null)
 6 SYSTEMPATH/CodeIgniter.php(354): CodeIgniter\CodeIgniter->handleRequest(null, Object(Config\Cache), false)
 7 SYSTEMPATH/Boot.php(334): CodeIgniter\CodeIgniter->run()
 8 SYSTEMPATH/Boot.php(67): CodeIgniter\Boot::runCodeIgniter(Object(CodeIgniter\CodeIgniter))
 9 FCPATH/index.php(56): CodeIgniter\Boot::bootWeb(Object(Config\Paths))
DEBUG - 2025-12-15 13:46:11 --> Session: Class initialized using 'CodeIgniter\Session\Handlers\FileHandler' driver.
WARNING - 2025-12-15 13:46:16 --> [DEPRECATED] Passing lowercase HTTP method "get" is deprecated. Use uppercase HTTP method like "GET". in SYSTEMPATH/Router/RouteCollection.php on line 1026.
 1 SYSTEMPATH/Router/RouteCollection.php(1026): trigger_error('Passing lowercase HTTP method "get" is deprecated. Use uppercase HTTP method like "GET".', 16384)
 2 APPPATH/Config/Routes.php(131): CodeIgniter\Router\RouteCollection->match([...], 'locations/generarPDF', 'LocationsPdfController::generarPDF')
 3 SYSTEMPATH/Router/RouteCollection.php(339): require('/home/u976386866/domains/servipro.site/public_html/app/app/Config/Routes.php')
 4 SYSTEMPATH/CodeIgniter.php(821): CodeIgniter\Router\RouteCollection->loadRoutes()
 5 SYSTEMPATH/CodeIgniter.php(455): CodeIgniter\CodeIgniter->tryToRouteIt(null)
 6 SYSTEMPATH/CodeIgniter.php(354): CodeIgniter\CodeIgniter->handleRequest(null, Object(Config\Cache), false)
 7 SYSTEMPATH/Boot.php(334): CodeIgniter\CodeIgniter->run()
 8 SYSTEMPATH/Boot.php(67): CodeIgniter\Boot::runCodeIgniter(Object(CodeIgniter\CodeIgniter))
 9 FCPATH/index.php(56): CodeIgniter\Boot::bootWeb(Object(Config\Paths))
WARNING - 2025-12-15 13:46:16 --> [DEPRECATED] Passing lowercase HTTP method "post" is deprecated. Use uppercase HTTP method like "POST". in SYSTEMPATH/Router/RouteCollection.php on line 1026.
 1 SYSTEMPATH/Router/RouteCollection.php(1026): trigger_error('Passing lowercase HTTP method "post" is deprecated. Use uppercase HTTP method like "POST".', 16384)
 2 APPPATH/Config/Routes.php(131): CodeIgniter\Router\RouteCollection->match([...], 'locations/generarPDF', 'LocationsPdfController::generarPDF')
 3 SYSTEMPATH/Router/RouteCollection.php(339): require('/home/u976386866/domains/servipro.site/public_html/app/app/Config/Routes.php')
 4 SYSTEMPATH/CodeIgniter.php(821): CodeIgniter\Router\RouteCollection->loadRoutes()
 5 SYSTEMPATH/CodeIgniter.php(455): CodeIgniter\CodeIgniter->tryToRouteIt(null)
 6 SYSTEMPATH/CodeIgniter.php(354): CodeIgniter\CodeIgniter->handleRequest(null, Object(Config\Cache), false)
 7 SYSTEMPATH/Boot.php(334): CodeIgniter\CodeIgniter->run()
 8 SYSTEMPATH/Boot.php(67): CodeIgniter\Boot::runCodeIgniter(Object(CodeIgniter\CodeIgniter))
 9 FCPATH/index.php(56): CodeIgniter\Boot::bootWeb(Object(Config\Paths))
DEBUG - 2025-12-15 13:46:16 --> Session: Class initialized using 'CodeIgniter\Session\Handlers\FileHandler' driver.
WARNING - 2025-12-15 13:46:18 --> [DEPRECATED] Passing lowercase HTTP method "get" is deprecated. Use uppercase HTTP method like "GET". in SYSTEMPATH/Router/RouteCollection.php on line 1026.
 1 SYSTEMPATH/Router/RouteCollection.php(1026): trigger_error('Passing lowercase HTTP method "get" is deprecated. Use uppercase HTTP method like "GET".', 16384)
 2 APPPATH/Config/Routes.php(131): CodeIgniter\Router\RouteCollection->match([...], 'locations/generarPDF', 'LocationsPdfController::generarPDF')
 3 SYSTEMPATH/Router/RouteCollection.php(339): require('/home/u976386866/domains/servipro.site/public_html/app/app/Config/Routes.php')
 4 SYSTEMPATH/CodeIgniter.php(821): CodeIgniter\Router\RouteCollection->loadRoutes()
 5 SYSTEMPATH/CodeIgniter.php(455): CodeIgniter\CodeIgniter->tryToRouteIt(null)
 6 SYSTEMPATH/CodeIgniter.php(354): CodeIgniter\CodeIgniter->handleRequest(null, Object(Config\Cache), false)
 7 SYSTEMPATH/Boot.php(334): CodeIgniter\CodeIgniter->run()
 8 SYSTEMPATH/Boot.php(67): CodeIgniter\Boot::runCodeIgniter(Object(CodeIgniter\CodeIgniter))
 9 FCPATH/index.php(56): CodeIgniter\Boot::bootWeb(Object(Config\Paths))
WARNING - 2025-12-15 13:46:18 --> [DEPRECATED] Passing lowercase HTTP method "post" is deprecated. Use uppercase HTTP method like "POST". in SYSTEMPATH/Router/RouteCollection.php on line 1026.
 1 SYSTEMPATH/Router/RouteCollection.php(1026): trigger_error('Passing lowercase HTTP method "post" is deprecated. Use uppercase HTTP method like "POST".', 16384)
 2 APPPATH/Config/Routes.php(131): CodeIgniter\Router\RouteCollection->match([...], 'locations/generarPDF', 'LocationsPdfController::generarPDF')
 3 SYSTEMPATH/Router/RouteCollection.php(339): require('/home/u976386866/domains/servipro.site/public_html/app/app/Config/Routes.php')
 4 SYSTEMPATH/CodeIgniter.php(821): CodeIgniter\Router\RouteCollection->loadRoutes()
 5 SYSTEMPATH/CodeIgniter.php(455): CodeIgniter\CodeIgniter->tryToRouteIt(null)
 6 SYSTEMPATH/CodeIgniter.php(354): CodeIgniter\CodeIgniter->handleRequest(null, Object(Config\Cache), false)
 7 SYSTEMPATH/Boot.php(334): CodeIgniter\CodeIgniter->run()
 8 SYSTEMPATH/Boot.php(67): CodeIgniter\Boot::runCodeIgniter(Object(CodeIgniter\CodeIgniter))
 9 FCPATH/index.php(56): CodeIgniter\Boot::bootWeb(Object(Config\Paths))
DEBUG - 2025-12-15 13:46:18 --> Session: Class initialized using 'CodeIgniter\Session\Handlers\FileHandler' driver.
DEBUG - 2025-12-15 13:46:18 --> Iniciando carga de sedes
DEBUG - 2025-12-15 13:46:18 --> Sedes cargadas: [{"id":"17","nombre":"Bimbo Santa Maria","direccion":"Avenida ServiPro","ciudad":"CDMX","pais":"Mexico","fecha_creacion":"2025-04-03 13:01:50","estatus":"1"},{"id":"18","nombre":"Bimbo Azcapotzalco","direccion":"Av San Pablo Xalpa 520, San Martin Xochinahuac, Azcapotzalco, 02120 Ciudad de M\u00e9xico, CDMX","ciudad":"CDMC","pais":"M\u00e9xico","fecha_creacion":"2025-04-07 12:06:45","estatus":"1"},{"id":"21","nombre":"Bimbo Villahermosa","direccion":"Av. Cobre 105, Cd Industrial, 86010 Villahermosa, Tabasco","ciudad":"Villahermosa, Tabasco","pais":"M\u00e9xico","fecha_creacion":"2025-05-12 12:11:50","estatus":"1"},{"id":"22","nombre":"Totis Planta uno Botana","direccion":"Av. San Pablo Xalpa 520, San Mart\u00edn Xochinahuac, Azcapotzalco, 02120 Ciudad de M\u00e9xico, CDMX","ciudad":"CDMX","pais":"Mexico","fecha_creacion":"2025-05-28 09:41:53","estatus":"1"},{"id":"23","nombre":"BIMBO YUCAT\u00c1N","direccion":"CALLE 21, #426, INT 0, COL. CIUDAD INDUSTRIAL","ciudad":"M\u00c9RIDA","pais":"M\u00c9XICO","fecha_creacion":"2025-07-14 17:00:19","estatus":"1"},{"id":"24","nombre":"Bimbo Toluca","direccion":"Corredor Industrial, Mz 2, Lote E, Ex Rancho El Coecillo","ciudad":"Toluca","pais":"M\u00e9xico","fecha_creacion":"2025-07-28 13:39:14","estatus":"1"},{"id":"26","nombre":"Totis planta dos","direccion":"Eje oriente poniente no. 38, col. Ciudad industrial, CP 43800, Tizayuca, Hidalgo","ciudad":"Tizayuca","pais":"M\u00e9xico","fecha_creacion":"2025-10-27 16:30:54","estatus":"1"},{"id":"27","nombre":"Bimbo M\u00e9xico Santa Mar\u00eda ","direccion":"Mimosas 117, 118 Col. Santa Mar\u00eda Insurgentes Cuauht\u00e9moc CDMX ","ciudad":"CDMX","pais":"M\u00e9xico","fecha_creacion":"2025-11-02 10:48:40","estatus":"1"},{"id":"28","nombre":"HAZPAN-LONCHIBON","direccion":"EMILIANO ZAPATA 25, PQUE. IND. LERMA","ciudad":"TOLUCA","pais":"M\u00e9xico","fecha_creacion":"2025-11-27 11:43:59","estatus":"1"},{"id":"29","nombre":"Suandy Marinela Toluca","direccion":"Emiliano Zapata 25, Pque. Ind. Lerma","ciudad":"TOLUCA","pais":"M\u00e9xico","fecha_creacion":"2025-11-27 11:55:24","estatus":"1"},{"id":"30","nombre":"T\u00eda Rosa, Toluca ","direccion":"Benito Juarez Mz. 027","ciudad":"Sta. Ma. Totoltepec, Toluca","pais":"M\u00e9xico","fecha_creacion":"2025-11-27 11:56:59","estatus":"1"},{"id":"31","nombre":"Bimbo Norte","direccion":"Av. F\u00e9lix U. G\u00f3mez 4203, Coyoac\u00e1n, C.P. 64510","ciudad":"Monterrey N.L.","pais":"M\u00e9xico","fecha_creacion":"2025-11-28 15:45:37","estatus":"1"},{"id":"32","nombre":"PLANTA DE PRUEBA","direccion":"PRUEBAS","ciudad":"DCDS","pais":"MEXICO","fecha_creacion":"2025-12-07 18:59:44","estatus":"1"},{"id":"33","nombre":"BSL","direccion":"Eje 128 #135 manzana 3, zona industrial segunda secci\u00f3n ","ciudad":"San Luis Potos\u00ed","pais":"M\u00e9xico","fecha_creacion":"2025-12-08 21:23:56","estatus":"1"},{"id":"34","nombre":"Sanissimo Monterrey","direccion":"Manuel de la Pe\u00f1a y Pe\u00f1a #1020-5, Bella Vista","ciudad":"Monterrey N.L.","pais":"M\u00e9xico","fecha_creacion":"2025-12-08 21:28:12","estatus":"1"}]
WARNING - 2025-12-15 13:46:19 --> [DEPRECATED] Passing lowercase HTTP method "get" is deprecated. Use uppercase HTTP method like "GET". in SYSTEMPATH/Router/RouteCollection.php on line 1026.
 1 SYSTEMPATH/Router/RouteCollection.php(1026): trigger_error('Passing lowercase HTTP method "get" is deprecated. Use uppercase HTTP method like "GET".', 16384)
 2 APPPATH/Config/Routes.php(131): CodeIgniter\Router\RouteCollection->match([...], 'locations/generarPDF', 'LocationsPdfController::generarPDF')
 3 SYSTEMPATH/Router/RouteCollection.php(339): require('/home/u976386866/domains/servipro.site/public_html/app/app/Config/Routes.php')
 4 SYSTEMPATH/CodeIgniter.php(821): CodeIgniter\Router\RouteCollection->loadRoutes()
 5 SYSTEMPATH/CodeIgniter.php(455): CodeIgniter\CodeIgniter->tryToRouteIt(null)
 6 SYSTEMPATH/CodeIgniter.php(354): CodeIgniter\CodeIgniter->handleRequest(null, Object(Config\Cache), false)
 7 SYSTEMPATH/Boot.php(334): CodeIgniter\CodeIgniter->run()
 8 SYSTEMPATH/Boot.php(67): CodeIgniter\Boot::runCodeIgniter(Object(CodeIgniter\CodeIgniter))
 9 FCPATH/index.php(56): CodeIgniter\Boot::bootWeb(Object(Config\Paths))
WARNING - 2025-12-15 13:46:19 --> [DEPRECATED] Passing lowercase HTTP method "post" is deprecated. Use uppercase HTTP method like "POST". in SYSTEMPATH/Router/RouteCollection.php on line 1026.
 1 SYSTEMPATH/Router/RouteCollection.php(1026): trigger_error('Passing lowercase HTTP method "post" is deprecated. Use uppercase HTTP method like "POST".', 16384)
 2 APPPATH/Config/Routes.php(131): CodeIgniter\Router\RouteCollection->match([...], 'locations/generarPDF', 'LocationsPdfController::generarPDF')
 3 SYSTEMPATH/Router/RouteCollection.php(339): require('/home/u976386866/domains/servipro.site/public_html/app/app/Config/Routes.php')
 4 SYSTEMPATH/CodeIgniter.php(821): CodeIgniter\Router\RouteCollection->loadRoutes()
 5 SYSTEMPATH/CodeIgniter.php(455): CodeIgniter\CodeIgniter->tryToRouteIt(null)
 6 SYSTEMPATH/CodeIgniter.php(354): CodeIgniter\CodeIgniter->handleRequest(null, Object(Config\Cache), false)
 7 SYSTEMPATH/Boot.php(334): CodeIgniter\CodeIgniter->run()
 8 SYSTEMPATH/Boot.php(67): CodeIgniter\Boot::runCodeIgniter(Object(CodeIgniter\CodeIgniter))
 9 FCPATH/index.php(56): CodeIgniter\Boot::bootWeb(Object(Config\Paths))
DEBUG - 2025-12-15 13:46:19 --> Session: Class initialized using 'CodeIgniter\Session\Handlers\FileHandler' driver.
WARNING - 2025-12-15 13:47:27 --> [DEPRECATED] Passing lowercase HTTP method "get" is deprecated. Use uppercase HTTP method like "GET". in SYSTEMPATH/Router/RouteCollection.php on line 1026.
 1 SYSTEMPATH/Router/RouteCollection.php(1026): trigger_error('Passing lowercase HTTP method "get" is deprecated. Use uppercase HTTP method like "GET".', 16384)
 2 APPPATH/Config/Routes.php(131): CodeIgniter\Router\RouteCollection->match([...], 'locations/generarPDF', 'LocationsPdfController::generarPDF')
 3 SYSTEMPATH/Router/RouteCollection.php(339): require('/home/u976386866/domains/servipro.site/public_html/app/app/Config/Routes.php')
 4 SYSTEMPATH/CodeIgniter.php(821): CodeIgniter\Router\RouteCollection->loadRoutes()
 5 SYSTEMPATH/CodeIgniter.php(455): CodeIgniter\CodeIgniter->tryToRouteIt(null)
 6 SYSTEMPATH/CodeIgniter.php(354): CodeIgniter\CodeIgniter->handleRequest(null, Object(Config\Cache), false)
 7 SYSTEMPATH/Boot.php(334): CodeIgniter\CodeIgniter->run()
 8 SYSTEMPATH/Boot.php(67): CodeIgniter\Boot::runCodeIgniter(Object(CodeIgniter\CodeIgniter))
 9 FCPATH/index.php(56): CodeIgniter\Boot::bootWeb(Object(Config\Paths))
WARNING - 2025-12-15 13:47:27 --> [DEPRECATED] Passing lowercase HTTP method "post" is deprecated. Use uppercase HTTP method like "POST". in SYSTEMPATH/Router/RouteCollection.php on line 1026.
 1 SYSTEMPATH/Router/RouteCollection.php(1026): trigger_error('Passing lowercase HTTP method "post" is deprecated. Use uppercase HTTP method like "POST".', 16384)
 2 APPPATH/Config/Routes.php(131): CodeIgniter\Router\RouteCollection->match([...], 'locations/generarPDF', 'LocationsPdfController::generarPDF')
 3 SYSTEMPATH/Router/RouteCollection.php(339): require('/home/u976386866/domains/servipro.site/public_html/app/app/Config/Routes.php')
 4 SYSTEMPATH/CodeIgniter.php(821): CodeIgniter\Router\RouteCollection->loadRoutes()
 5 SYSTEMPATH/CodeIgniter.php(455): CodeIgniter\CodeIgniter->tryToRouteIt(null)
 6 SYSTEMPATH/CodeIgniter.php(354): CodeIgniter\CodeIgniter->handleRequest(null, Object(Config\Cache), false)
 7 SYSTEMPATH/Boot.php(334): CodeIgniter\CodeIgniter->run()
 8 SYSTEMPATH/Boot.php(67): CodeIgniter\Boot::runCodeIgniter(Object(CodeIgniter\CodeIgniter))
 9 FCPATH/index.php(56): CodeIgniter\Boot::bootWeb(Object(Config\Paths))
DEBUG - 2025-12-15 13:47:27 --> Session: Class initialized using 'CodeIgniter\Session\Handlers\FileHandler' driver.
WARNING - 2025-12-15 13:47:32 --> [DEPRECATED] Passing lowercase HTTP method "get" is deprecated. Use uppercase HTTP method like "GET". in SYSTEMPATH/Router/RouteCollection.php on line 1026.
 1 SYSTEMPATH/Router/RouteCollection.php(1026): trigger_error('Passing lowercase HTTP method "get" is deprecated. Use uppercase HTTP method like "GET".', 16384)
 2 APPPATH/Config/Routes.php(131): CodeIgniter\Router\RouteCollection->match([...], 'locations/generarPDF', 'LocationsPdfController::generarPDF')
 3 SYSTEMPATH/Router/RouteCollection.php(339): require('/home/u976386866/domains/servipro.site/public_html/app/app/Config/Routes.php')
 4 SYSTEMPATH/CodeIgniter.php(821): CodeIgniter\Router\RouteCollection->loadRoutes()
 5 SYSTEMPATH/CodeIgniter.php(455): CodeIgniter\CodeIgniter->tryToRouteIt(null)
 6 SYSTEMPATH/CodeIgniter.php(354): CodeIgniter\CodeIgniter->handleRequest(null, Object(Config\Cache), false)
 7 SYSTEMPATH/Boot.php(334): CodeIgniter\CodeIgniter->run()
 8 SYSTEMPATH/Boot.php(67): CodeIgniter\Boot::runCodeIgniter(Object(CodeIgniter\CodeIgniter))
 9 FCPATH/index.php(56): CodeIgniter\Boot::bootWeb(Object(Config\Paths))
WARNING - 2025-12-15 13:47:32 --> [DEPRECATED] Passing lowercase HTTP method "post" is deprecated. Use uppercase HTTP method like "POST". in SYSTEMPATH/Router/RouteCollection.php on line 1026.
 1 SYSTEMPATH/Router/RouteCollection.php(1026): trigger_error('Passing lowercase HTTP method "post" is deprecated. Use uppercase HTTP method like "POST".', 16384)
 2 APPPATH/Config/Routes.php(131): CodeIgniter\Router\RouteCollection->match([...], 'locations/generarPDF', 'LocationsPdfController::generarPDF')
 3 SYSTEMPATH/Router/RouteCollection.php(339): require('/home/u976386866/domains/servipro.site/public_html/app/app/Config/Routes.php')
 4 SYSTEMPATH/CodeIgniter.php(821): CodeIgniter\Router\RouteCollection->loadRoutes()
 5 SYSTEMPATH/CodeIgniter.php(455): CodeIgniter\CodeIgniter->tryToRouteIt(null)
 6 SYSTEMPATH/CodeIgniter.php(354): CodeIgniter\CodeIgniter->handleRequest(null, Object(Config\Cache), false)
 7 SYSTEMPATH/Boot.php(334): CodeIgniter\CodeIgniter->run()
 8 SYSTEMPATH/Boot.php(67): CodeIgniter\Boot::runCodeIgniter(Object(CodeIgniter\CodeIgniter))
 9 FCPATH/index.php(56): CodeIgniter\Boot::bootWeb(Object(Config\Paths))
DEBUG - 2025-12-15 13:47:32 --> Session: Class initialized using 'CodeIgniter\Session\Handlers\FileHandler' driver.
DEBUG - 2025-12-15 13:47:32 --> Iniciando carga de sedes
DEBUG - 2025-12-15 13:47:32 --> Sedes cargadas: [{"id":"17","nombre":"Bimbo Santa Maria","direccion":"Avenida ServiPro","ciudad":"CDMX","pais":"Mexico","fecha_creacion":"2025-04-03 13:01:50","estatus":"1"},{"id":"18","nombre":"Bimbo Azcapotzalco","direccion":"Av San Pablo Xalpa 520, San Martin Xochinahuac, Azcapotzalco, 02120 Ciudad de M\u00e9xico, CDMX","ciudad":"CDMC","pais":"M\u00e9xico","fecha_creacion":"2025-04-07 12:06:45","estatus":"1"},{"id":"21","nombre":"Bimbo Villahermosa","direccion":"Av. Cobre 105, Cd Industrial, 86010 Villahermosa, Tabasco","ciudad":"Villahermosa, Tabasco","pais":"M\u00e9xico","fecha_creacion":"2025-05-12 12:11:50","estatus":"1"},{"id":"22","nombre":"Totis Planta uno Botana","direccion":"Av. San Pablo Xalpa 520, San Mart\u00edn Xochinahuac, Azcapotzalco, 02120 Ciudad de M\u00e9xico, CDMX","ciudad":"CDMX","pais":"Mexico","fecha_creacion":"2025-05-28 09:41:53","estatus":"1"},{"id":"23","nombre":"BIMBO YUCAT\u00c1N","direccion":"CALLE 21, #426, INT 0, COL. CIUDAD INDUSTRIAL","ciudad":"M\u00c9RIDA","pais":"M\u00c9XICO","fecha_creacion":"2025-07-14 17:00:19","estatus":"1"},{"id":"24","nombre":"Bimbo Toluca","direccion":"Corredor Industrial, Mz 2, Lote E, Ex Rancho El Coecillo","ciudad":"Toluca","pais":"M\u00e9xico","fecha_creacion":"2025-07-28 13:39:14","estatus":"1"},{"id":"26","nombre":"Totis planta dos","direccion":"Eje oriente poniente no. 38, col. Ciudad industrial, CP 43800, Tizayuca, Hidalgo","ciudad":"Tizayuca","pais":"M\u00e9xico","fecha_creacion":"2025-10-27 16:30:54","estatus":"1"},{"id":"27","nombre":"Bimbo M\u00e9xico Santa Mar\u00eda ","direccion":"Mimosas 117, 118 Col. Santa Mar\u00eda Insurgentes Cuauht\u00e9moc CDMX ","ciudad":"CDMX","pais":"M\u00e9xico","fecha_creacion":"2025-11-02 10:48:40","estatus":"1"},{"id":"28","nombre":"HAZPAN-LONCHIBON","direccion":"EMILIANO ZAPATA 25, PQUE. IND. LERMA","ciudad":"TOLUCA","pais":"M\u00e9xico","fecha_creacion":"2025-11-27 11:43:59","estatus":"1"},{"id":"29","nombre":"Suandy Marinela Toluca","direccion":"Emiliano Zapata 25, Pque. Ind. Lerma","ciudad":"TOLUCA","pais":"M\u00e9xico","fecha_creacion":"2025-11-27 11:55:24","estatus":"1"},{"id":"30","nombre":"T\u00eda Rosa, Toluca ","direccion":"Benito Juarez Mz. 027","ciudad":"Sta. Ma. Totoltepec, Toluca","pais":"M\u00e9xico","fecha_creacion":"2025-11-27 11:56:59","estatus":"1"},{"id":"31","nombre":"Bimbo Norte","direccion":"Av. F\u00e9lix U. G\u00f3mez 4203, Coyoac\u00e1n, C.P. 64510","ciudad":"Monterrey N.L.","pais":"M\u00e9xico","fecha_creacion":"2025-11-28 15:45:37","estatus":"1"},{"id":"32","nombre":"PLANTA DE PRUEBA","direccion":"PRUEBAS","ciudad":"DCDS","pais":"MEXICO","fecha_creacion":"2025-12-07 18:59:44","estatus":"1"},{"id":"33","nombre":"BSL","direccion":"Eje 128 #135 manzana 3, zona industrial segunda secci\u00f3n ","ciudad":"San Luis Potos\u00ed","pais":"M\u00e9xico","fecha_creacion":"2025-12-08 21:23:56","estatus":"1"},{"id":"34","nombre":"Sanissimo Monterrey","direccion":"Manuel de la Pe\u00f1a y Pe\u00f1a #1020-5, Bella Vista","ciudad":"Monterrey N.L.","pais":"M\u00e9xico","fecha_creacion":"2025-12-08 21:28:12","estatus":"1"}]
WARNING - 2025-12-15 13:47:32 --> [DEPRECATED] Passing lowercase HTTP method "get" is deprecated. Use uppercase HTTP method like "GET". in SYSTEMPATH/Router/RouteCollection.php on line 1026.
 1 SYSTEMPATH/Router/RouteCollection.php(1026): trigger_error('Passing lowercase HTTP method "get" is deprecated. Use uppercase HTTP method like "GET".', 16384)
 2 APPPATH/Config/Routes.php(131): CodeIgniter\Router\RouteCollection->match([...], 'locations/generarPDF', 'LocationsPdfController::generarPDF')
 3 SYSTEMPATH/Router/RouteCollection.php(339): require('/home/u976386866/domains/servipro.site/public_html/app/app/Config/Routes.php')
 4 SYSTEMPATH/CodeIgniter.php(821): CodeIgniter\Router\RouteCollection->loadRoutes()
 5 SYSTEMPATH/CodeIgniter.php(455): CodeIgniter\CodeIgniter->tryToRouteIt(null)
 6 SYSTEMPATH/CodeIgniter.php(354): CodeIgniter\CodeIgniter->handleRequest(null, Object(Config\Cache), false)
 7 SYSTEMPATH/Boot.php(334): CodeIgniter\CodeIgniter->run()
 8 SYSTEMPATH/Boot.php(67): CodeIgniter\Boot::runCodeIgniter(Object(CodeIgniter\CodeIgniter))
 9 FCPATH/index.php(56): CodeIgniter\Boot::bootWeb(Object(Config\Paths))
WARNING - 2025-12-15 13:47:32 --> [DEPRECATED] Passing lowercase HTTP method "post" is deprecated. Use uppercase HTTP method like "POST". in SYSTEMPATH/Router/RouteCollection.php on line 1026.
 1 SYSTEMPATH/Router/RouteCollection.php(1026): trigger_error('Passing lowercase HTTP method "post" is deprecated. Use uppercase HTTP method like "POST".', 16384)
 2 APPPATH/Config/Routes.php(131): CodeIgniter\Router\RouteCollection->match([...], 'locations/generarPDF', 'LocationsPdfController::generarPDF')
 3 SYSTEMPATH/Router/RouteCollection.php(339): require('/home/u976386866/domains/servipro.site/public_html/app/app/Config/Routes.php')
 4 SYSTEMPATH/CodeIgniter.php(821): CodeIgniter\Router\RouteCollection->loadRoutes()
 5 SYSTEMPATH/CodeIgniter.php(455): CodeIgniter\CodeIgniter->tryToRouteIt(null)
 6 SYSTEMPATH/CodeIgniter.php(354): CodeIgniter\CodeIgniter->handleRequest(null, Object(Config\Cache), false)
 7 SYSTEMPATH/Boot.php(334): CodeIgniter\CodeIgniter->run()
 8 SYSTEMPATH/Boot.php(67): CodeIgniter\Boot::runCodeIgniter(Object(CodeIgniter\CodeIgniter))
 9 FCPATH/index.php(56): CodeIgniter\Boot::bootWeb(Object(Config\Paths))
DEBUG - 2025-12-15 13:47:32 --> Session: Class initialized using 'CodeIgniter\Session\Handlers\FileHandler' driver.
WARNING - 2025-12-15 13:47:35 --> [DEPRECATED] Passing lowercase HTTP method "get" is deprecated. Use uppercase HTTP method like "GET". in SYSTEMPATH/Router/RouteCollection.php on line 1026.
 1 SYSTEMPATH/Router/RouteCollection.php(1026): trigger_error('Passing lowercase HTTP method "get" is deprecated. Use uppercase HTTP method like "GET".', 16384)
 2 APPPATH/Config/Routes.php(131): CodeIgniter\Router\RouteCollection->match([...], 'locations/generarPDF', 'LocationsPdfController::generarPDF')
 3 SYSTEMPATH/Router/RouteCollection.php(339): require('/home/u976386866/domains/servipro.site/public_html/app/app/Config/Routes.php')
 4 SYSTEMPATH/CodeIgniter.php(821): CodeIgniter\Router\RouteCollection->loadRoutes()
 5 SYSTEMPATH/CodeIgniter.php(455): CodeIgniter\CodeIgniter->tryToRouteIt(null)
 6 SYSTEMPATH/CodeIgniter.php(354): CodeIgniter\CodeIgniter->handleRequest(null, Object(Config\Cache), false)
 7 SYSTEMPATH/Boot.php(334): CodeIgniter\CodeIgniter->run()
 8 SYSTEMPATH/Boot.php(67): CodeIgniter\Boot::runCodeIgniter(Object(CodeIgniter\CodeIgniter))
 9 FCPATH/index.php(56): CodeIgniter\Boot::bootWeb(Object(Config\Paths))
WARNING - 2025-12-15 13:47:35 --> [DEPRECATED] Passing lowercase HTTP method "post" is deprecated. Use uppercase HTTP method like "POST". in SYSTEMPATH/Router/RouteCollection.php on line 1026.
 1 SYSTEMPATH/Router/RouteCollection.php(1026): trigger_error('Passing lowercase HTTP method "post" is deprecated. Use uppercase HTTP method like "POST".', 16384)
 2 APPPATH/Config/Routes.php(131): CodeIgniter\Router\RouteCollection->match([...], 'locations/generarPDF', 'LocationsPdfController::generarPDF')
 3 SYSTEMPATH/Router/RouteCollection.php(339): require('/home/u976386866/domains/servipro.site/public_html/app/app/Config/Routes.php')
 4 SYSTEMPATH/CodeIgniter.php(821): CodeIgniter\Router\RouteCollection->loadRoutes()
 5 SYSTEMPATH/CodeIgniter.php(455): CodeIgniter\CodeIgniter->tryToRouteIt(null)
 6 SYSTEMPATH/CodeIgniter.php(354): CodeIgniter\CodeIgniter->handleRequest(null, Object(Config\Cache), false)
 7 SYSTEMPATH/Boot.php(334): CodeIgniter\CodeIgniter->run()
 8 SYSTEMPATH/Boot.php(67): CodeIgniter\Boot::runCodeIgniter(Object(CodeIgniter\CodeIgniter))
 9 FCPATH/index.php(56): CodeIgniter\Boot::bootWeb(Object(Config\Paths))
DEBUG - 2025-12-15 13:47:35 --> Session: Class initialized using 'CodeIgniter\Session\Handlers\FileHandler' driver.
INFO - 2025-12-15 13:47:35 --> Debug PDF - Acciones de seguimiento recibidas: ''
INFO - 2025-12-15 13:47:35 --> Debug PDF - Acciones de seguimiento están vacías o no se recibieron
WARNING - 2025-12-15 13:49:22 --> [DEPRECATED] Passing lowercase HTTP method "get" is deprecated. Use uppercase HTTP method like "GET". in SYSTEMPATH/Router/RouteCollection.php on line 1026.
 1 SYSTEMPATH/Router/RouteCollection.php(1026): trigger_error('Passing lowercase HTTP method "get" is deprecated. Use uppercase HTTP method like "GET".', 16384)
 2 APPPATH/Config/Routes.php(131): CodeIgniter\Router\RouteCollection->match([...], 'locations/generarPDF', 'LocationsPdfController::generarPDF')
 3 SYSTEMPATH/Router/RouteCollection.php(339): require('/home/u976386866/domains/servipro.site/public_html/app/app/Config/Routes.php')
 4 SYSTEMPATH/CodeIgniter.php(821): CodeIgniter\Router\RouteCollection->loadRoutes()
 5 SYSTEMPATH/CodeIgniter.php(455): CodeIgniter\CodeIgniter->tryToRouteIt(null)
 6 SYSTEMPATH/CodeIgniter.php(354): CodeIgniter\CodeIgniter->handleRequest(null, Object(Config\Cache), false)
 7 SYSTEMPATH/Boot.php(334): CodeIgniter\CodeIgniter->run()
 8 SYSTEMPATH/Boot.php(67): CodeIgniter\Boot::runCodeIgniter(Object(CodeIgniter\CodeIgniter))
 9 FCPATH/index.php(56): CodeIgniter\Boot::bootWeb(Object(Config\Paths))
WARNING - 2025-12-15 13:49:22 --> [DEPRECATED] Passing lowercase HTTP method "post" is deprecated. Use uppercase HTTP method like "POST". in SYSTEMPATH/Router/RouteCollection.php on line 1026.
 1 SYSTEMPATH/Router/RouteCollection.php(1026): trigger_error('Passing lowercase HTTP method "post" is deprecated. Use uppercase HTTP method like "POST".', 16384)
 2 APPPATH/Config/Routes.php(131): CodeIgniter\Router\RouteCollection->match([...], 'locations/generarPDF', 'LocationsPdfController::generarPDF')
 3 SYSTEMPATH/Router/RouteCollection.php(339): require('/home/u976386866/domains/servipro.site/public_html/app/app/Config/Routes.php')
 4 SYSTEMPATH/CodeIgniter.php(821): CodeIgniter\Router\RouteCollection->loadRoutes()
 5 SYSTEMPATH/CodeIgniter.php(455): CodeIgniter\CodeIgniter->tryToRouteIt(null)
 6 SYSTEMPATH/CodeIgniter.php(354): CodeIgniter\CodeIgniter->handleRequest(null, Object(Config\Cache), false)
 7 SYSTEMPATH/Boot.php(334): CodeIgniter\CodeIgniter->run()
 8 SYSTEMPATH/Boot.php(67): CodeIgniter\Boot::runCodeIgniter(Object(CodeIgniter\CodeIgniter))
 9 FCPATH/index.php(56): CodeIgniter\Boot::bootWeb(Object(Config\Paths))
DEBUG - 2025-12-15 13:49:22 --> Session: Class initialized using 'CodeIgniter\Session\Handlers\FileHandler' driver.
WARNING - 2025-12-15 13:49:31 --> [DEPRECATED] Passing lowercase HTTP method "get" is deprecated. Use uppercase HTTP method like "GET". in SYSTEMPATH/Router/RouteCollection.php on line 1026.
 1 SYSTEMPATH/Router/RouteCollection.php(1026): trigger_error('Passing lowercase HTTP method "get" is deprecated. Use uppercase HTTP method like "GET".', 16384)
 2 APPPATH/Config/Routes.php(131): CodeIgniter\Router\RouteCollection->match([...], 'locations/generarPDF', 'LocationsPdfController::generarPDF')
 3 SYSTEMPATH/Router/RouteCollection.php(339): require('/home/u976386866/domains/servipro.site/public_html/app/app/Config/Routes.php')
 4 SYSTEMPATH/CodeIgniter.php(821): CodeIgniter\Router\RouteCollection->loadRoutes()
 5 SYSTEMPATH/CodeIgniter.php(455): CodeIgniter\CodeIgniter->tryToRouteIt(null)
 6 SYSTEMPATH/CodeIgniter.php(354): CodeIgniter\CodeIgniter->handleRequest(null, Object(Config\Cache), false)
 7 SYSTEMPATH/Boot.php(334): CodeIgniter\CodeIgniter->run()
 8 SYSTEMPATH/Boot.php(67): CodeIgniter\Boot::runCodeIgniter(Object(CodeIgniter\CodeIgniter))
 9 FCPATH/index.php(56): CodeIgniter\Boot::bootWeb(Object(Config\Paths))
WARNING - 2025-12-15 13:49:31 --> [DEPRECATED] Passing lowercase HTTP method "post" is deprecated. Use uppercase HTTP method like "POST". in SYSTEMPATH/Router/RouteCollection.php on line 1026.
 1 SYSTEMPATH/Router/RouteCollection.php(1026): trigger_error('Passing lowercase HTTP method "post" is deprecated. Use uppercase HTTP method like "POST".', 16384)
 2 APPPATH/Config/Routes.php(131): CodeIgniter\Router\RouteCollection->match([...], 'locations/generarPDF', 'LocationsPdfController::generarPDF')
 3 SYSTEMPATH/Router/RouteCollection.php(339): require('/home/u976386866/domains/servipro.site/public_html/app/app/Config/Routes.php')
 4 SYSTEMPATH/CodeIgniter.php(821): CodeIgniter\Router\RouteCollection->loadRoutes()
 5 SYSTEMPATH/CodeIgniter.php(455): CodeIgniter\CodeIgniter->tryToRouteIt(null)
 6 SYSTEMPATH/CodeIgniter.php(354): CodeIgniter\CodeIgniter->handleRequest(null, Object(Config\Cache), false)
 7 SYSTEMPATH/Boot.php(334): CodeIgniter\CodeIgniter->run()
 8 SYSTEMPATH/Boot.php(67): CodeIgniter\Boot::runCodeIgniter(Object(CodeIgniter\CodeIgniter))
 9 FCPATH/index.php(56): CodeIgniter\Boot::bootWeb(Object(Config\Paths))
DEBUG - 2025-12-15 13:49:31 --> Session: Class initialized using 'CodeIgniter\Session\Handlers\FileHandler' driver.
WARNING - 2025-12-15 13:50:00 --> [DEPRECATED] Passing lowercase HTTP method "get" is deprecated. Use uppercase HTTP method like "GET". in SYSTEMPATH/Router/RouteCollection.php on line 1026.
 1 SYSTEMPATH/Router/RouteCollection.php(1026): trigger_error('Passing lowercase HTTP method "get" is deprecated. Use uppercase HTTP method like "GET".', 16384)
 2 APPPATH/Config/Routes.php(131): CodeIgniter\Router\RouteCollection->match([...], 'locations/generarPDF', 'LocationsPdfController::generarPDF')
 3 SYSTEMPATH/Router/RouteCollection.php(339): require('/home/u976386866/domains/servipro.site/public_html/app/app/Config/Routes.php')
 4 SYSTEMPATH/CodeIgniter.php(821): CodeIgniter\Router\RouteCollection->loadRoutes()
 5 SYSTEMPATH/CodeIgniter.php(455): CodeIgniter\CodeIgniter->tryToRouteIt(null)
 6 SYSTEMPATH/CodeIgniter.php(354): CodeIgniter\CodeIgniter->handleRequest(null, Object(Config\Cache), false)
 7 SYSTEMPATH/Boot.php(334): CodeIgniter\CodeIgniter->run()
 8 SYSTEMPATH/Boot.php(67): CodeIgniter\Boot::runCodeIgniter(Object(CodeIgniter\CodeIgniter))
 9 FCPATH/index.php(56): CodeIgniter\Boot::bootWeb(Object(Config\Paths))
WARNING - 2025-12-15 13:50:00 --> [DEPRECATED] Passing lowercase HTTP method "post" is deprecated. Use uppercase HTTP method like "POST". in SYSTEMPATH/Router/RouteCollection.php on line 1026.
 1 SYSTEMPATH/Router/RouteCollection.php(1026): trigger_error('Passing lowercase HTTP method "post" is deprecated. Use uppercase HTTP method like "POST".', 16384)
 2 APPPATH/Config/Routes.php(131): CodeIgniter\Router\RouteCollection->match([...], 'locations/generarPDF', 'LocationsPdfController::generarPDF')
 3 SYSTEMPATH/Router/RouteCollection.php(339): require('/home/u976386866/domains/servipro.site/public_html/app/app/Config/Routes.php')
 4 SYSTEMPATH/CodeIgniter.php(821): CodeIgniter\Router\RouteCollection->loadRoutes()
 5 SYSTEMPATH/CodeIgniter.php(455): CodeIgniter\CodeIgniter->tryToRouteIt(null)
 6 SYSTEMPATH/CodeIgniter.php(354): CodeIgniter\CodeIgniter->handleRequest(null, Object(Config\Cache), false)
 7 SYSTEMPATH/Boot.php(334): CodeIgniter\CodeIgniter->run()
 8 SYSTEMPATH/Boot.php(67): CodeIgniter\Boot::runCodeIgniter(Object(CodeIgniter\CodeIgniter))
 9 FCPATH/index.php(56): CodeIgniter\Boot::bootWeb(Object(Config\Paths))
DEBUG - 2025-12-15 13:50:00 --> Session: Class initialized using 'CodeIgniter\Session\Handlers\FileHandler' driver.
INFO - 2025-12-15 13:50:00 --> Incidencia actualizada con ID: 98
WARNING - 2025-12-15 13:50:02 --> [DEPRECATED] Passing lowercase HTTP method "get" is deprecated. Use uppercase HTTP method like "GET". in SYSTEMPATH/Router/RouteCollection.php on line 1026.
 1 SYSTEMPATH/Router/RouteCollection.php(1026): trigger_error('Passing lowercase HTTP method "get" is deprecated. Use uppercase HTTP method like "GET".', 16384)
 2 APPPATH/Config/Routes.php(131): CodeIgniter\Router\RouteCollection->match([...], 'locations/generarPDF', 'LocationsPdfController::generarPDF')
 3 SYSTEMPATH/Router/RouteCollection.php(339): require('/home/u976386866/domains/servipro.site/public_html/app/app/Config/Routes.php')
 4 SYSTEMPATH/CodeIgniter.php(821): CodeIgniter\Router\RouteCollection->loadRoutes()
 5 SYSTEMPATH/CodeIgniter.php(455): CodeIgniter\CodeIgniter->tryToRouteIt(null)
 6 SYSTEMPATH/CodeIgniter.php(354): CodeIgniter\CodeIgniter->handleRequest(null, Object(Config\Cache), false)
 7 SYSTEMPATH/Boot.php(334): CodeIgniter\CodeIgniter->run()
 8 SYSTEMPATH/Boot.php(67): CodeIgniter\Boot::runCodeIgniter(Object(CodeIgniter\CodeIgniter))
 9 FCPATH/index.php(56): CodeIgniter\Boot::bootWeb(Object(Config\Paths))
WARNING - 2025-12-15 13:50:02 --> [DEPRECATED] Passing lowercase HTTP method "post" is deprecated. Use uppercase HTTP method like "POST". in SYSTEMPATH/Router/RouteCollection.php on line 1026.
 1 SYSTEMPATH/Router/RouteCollection.php(1026): trigger_error('Passing lowercase HTTP method "post" is deprecated. Use uppercase HTTP method like "POST".', 16384)
 2 APPPATH/Config/Routes.php(131): CodeIgniter\Router\RouteCollection->match([...], 'locations/generarPDF', 'LocationsPdfController::generarPDF')
 3 SYSTEMPATH/Router/RouteCollection.php(339): require('/home/u976386866/domains/servipro.site/public_html/app/app/Config/Routes.php')
 4 SYSTEMPATH/CodeIgniter.php(821): CodeIgniter\Router\RouteCollection->loadRoutes()
 5 SYSTEMPATH/CodeIgniter.php(455): CodeIgniter\CodeIgniter->tryToRouteIt(null)
 6 SYSTEMPATH/CodeIgniter.php(354): CodeIgniter\CodeIgniter->handleRequest(null, Object(Config\Cache), false)
 7 SYSTEMPATH/Boot.php(334): CodeIgniter\CodeIgniter->run()
 8 SYSTEMPATH/Boot.php(67): CodeIgniter\Boot::runCodeIgniter(Object(CodeIgniter\CodeIgniter))
 9 FCPATH/index.php(56): CodeIgniter\Boot::bootWeb(Object(Config\Paths))
DEBUG - 2025-12-15 13:50:02 --> Session: Class initialized using 'CodeIgniter\Session\Handlers\FileHandler' driver.
WARNING - 2025-12-15 13:50:12 --> [DEPRECATED] Passing lowercase HTTP method "get" is deprecated. Use uppercase HTTP method like "GET". in SYSTEMPATH/Router/RouteCollection.php on line 1026.
 1 SYSTEMPATH/Router/RouteCollection.php(1026): trigger_error('Passing lowercase HTTP method "get" is deprecated. Use uppercase HTTP method like "GET".', 16384)
 2 APPPATH/Config/Routes.php(131): CodeIgniter\Router\RouteCollection->match([...], 'locations/generarPDF', 'LocationsPdfController::generarPDF')
 3 SYSTEMPATH/Router/RouteCollection.php(339): require('/home/u976386866/domains/servipro.site/public_html/app/app/Config/Routes.php')
 4 SYSTEMPATH/CodeIgniter.php(821): CodeIgniter\Router\RouteCollection->loadRoutes()
 5 SYSTEMPATH/CodeIgniter.php(455): CodeIgniter\CodeIgniter->tryToRouteIt(null)
 6 SYSTEMPATH/CodeIgniter.php(354): CodeIgniter\CodeIgniter->handleRequest(null, Object(Config\Cache), false)
 7 SYSTEMPATH/Boot.php(334): CodeIgniter\CodeIgniter->run()
 8 SYSTEMPATH/Boot.php(67): CodeIgniter\Boot::runCodeIgniter(Object(CodeIgniter\CodeIgniter))
 9 FCPATH/index.php(56): CodeIgniter\Boot::bootWeb(Object(Config\Paths))
WARNING - 2025-12-15 13:50:12 --> [DEPRECATED] Passing lowercase HTTP method "post" is deprecated. Use uppercase HTTP method like "POST". in SYSTEMPATH/Router/RouteCollection.php on line 1026.
 1 SYSTEMPATH/Router/RouteCollection.php(1026): trigger_error('Passing lowercase HTTP method "post" is deprecated. Use uppercase HTTP method like "POST".', 16384)
 2 APPPATH/Config/Routes.php(131): CodeIgniter\Router\RouteCollection->match([...], 'locations/generarPDF', 'LocationsPdfController::generarPDF')
 3 SYSTEMPATH/Router/RouteCollection.php(339): require('/home/u976386866/domains/servipro.site/public_html/app/app/Config/Routes.php')
 4 SYSTEMPATH/CodeIgniter.php(821): CodeIgniter\Router\RouteCollection->loadRoutes()
 5 SYSTEMPATH/CodeIgniter.php(455): CodeIgniter\CodeIgniter->tryToRouteIt(null)
 6 SYSTEMPATH/CodeIgniter.php(354): CodeIgniter\CodeIgniter->handleRequest(null, Object(Config\Cache), false)
 7 SYSTEMPATH/Boot.php(334): CodeIgniter\CodeIgniter->run()
 8 SYSTEMPATH/Boot.php(67): CodeIgniter\Boot::runCodeIgniter(Object(CodeIgniter\CodeIgniter))
 9 FCPATH/index.php(56): CodeIgniter\Boot::bootWeb(Object(Config\Paths))
DEBUG - 2025-12-15 13:50:12 --> Session: Class initialized using 'CodeIgniter\Session\Handlers\FileHandler' driver.
WARNING - 2025-12-15 13:50:14 --> [DEPRECATED] Passing lowercase HTTP method "get" is deprecated. Use uppercase HTTP method like "GET". in SYSTEMPATH/Router/RouteCollection.php on line 1026.
 1 SYSTEMPATH/Router/RouteCollection.php(1026): trigger_error('Passing lowercase HTTP method "get" is deprecated. Use uppercase HTTP method like "GET".', 16384)
 2 APPPATH/Config/Routes.php(131): CodeIgniter\Router\RouteCollection->match([...], 'locations/generarPDF', 'LocationsPdfController::generarPDF')
 3 SYSTEMPATH/Router/RouteCollection.php(339): require('/home/u976386866/domains/servipro.site/public_html/app/app/Config/Routes.php')
 4 SYSTEMPATH/CodeIgniter.php(821): CodeIgniter\Router\RouteCollection->loadRoutes()
 5 SYSTEMPATH/CodeIgniter.php(455): CodeIgniter\CodeIgniter->tryToRouteIt(null)
 6 SYSTEMPATH/CodeIgniter.php(354): CodeIgniter\CodeIgniter->handleRequest(null, Object(Config\Cache), false)
 7 SYSTEMPATH/Boot.php(334): CodeIgniter\CodeIgniter->run()
 8 SYSTEMPATH/Boot.php(67): CodeIgniter\Boot::runCodeIgniter(Object(CodeIgniter\CodeIgniter))
 9 FCPATH/index.php(56): CodeIgniter\Boot::bootWeb(Object(Config\Paths))
WARNING - 2025-12-15 13:50:14 --> [DEPRECATED] Passing lowercase HTTP method "post" is deprecated. Use uppercase HTTP method like "POST". in SYSTEMPATH/Router/RouteCollection.php on line 1026.
 1 SYSTEMPATH/Router/RouteCollection.php(1026): trigger_error('Passing lowercase HTTP method "post" is deprecated. Use uppercase HTTP method like "POST".', 16384)
 2 APPPATH/Config/Routes.php(131): CodeIgniter\Router\RouteCollection->match([...], 'locations/generarPDF', 'LocationsPdfController::generarPDF')
 3 SYSTEMPATH/Router/RouteCollection.php(339): require('/home/u976386866/domains/servipro.site/public_html/app/app/Config/Routes.php')
 4 SYSTEMPATH/CodeIgniter.php(821): CodeIgniter\Router\RouteCollection->loadRoutes()
 5 SYSTEMPATH/CodeIgniter.php(455): CodeIgniter\CodeIgniter->tryToRouteIt(null)
 6 SYSTEMPATH/CodeIgniter.php(354): CodeIgniter\CodeIgniter->handleRequest(null, Object(Config\Cache), false)
 7 SYSTEMPATH/Boot.php(334): CodeIgniter\CodeIgniter->run()
 8 SYSTEMPATH/Boot.php(67): CodeIgniter\Boot::runCodeIgniter(Object(CodeIgniter\CodeIgniter))
 9 FCPATH/index.php(56): CodeIgniter\Boot::bootWeb(Object(Config\Paths))
DEBUG - 2025-12-15 13:50:14 --> Session: Class initialized using 'CodeIgniter\Session\Handlers\FileHandler' driver.
DEBUG - 2025-12-15 13:50:14 --> Iniciando carga de sedes
DEBUG - 2025-12-15 13:50:14 --> Sedes cargadas: [{"id":"17","nombre":"Bimbo Santa Maria","direccion":"Avenida ServiPro","ciudad":"CDMX","pais":"Mexico","fecha_creacion":"2025-04-03 13:01:50","estatus":"1"},{"id":"18","nombre":"Bimbo Azcapotzalco","direccion":"Av San Pablo Xalpa 520, San Martin Xochinahuac, Azcapotzalco, 02120 Ciudad de M\u00e9xico, CDMX","ciudad":"CDMC","pais":"M\u00e9xico","fecha_creacion":"2025-04-07 12:06:45","estatus":"1"},{"id":"21","nombre":"Bimbo Villahermosa","direccion":"Av. Cobre 105, Cd Industrial, 86010 Villahermosa, Tabasco","ciudad":"Villahermosa, Tabasco","pais":"M\u00e9xico","fecha_creacion":"2025-05-12 12:11:50","estatus":"1"},{"id":"22","nombre":"Totis Planta uno Botana","direccion":"Av. San Pablo Xalpa 520, San Mart\u00edn Xochinahuac, Azcapotzalco, 02120 Ciudad de M\u00e9xico, CDMX","ciudad":"CDMX","pais":"Mexico","fecha_creacion":"2025-05-28 09:41:53","estatus":"1"},{"id":"23","nombre":"BIMBO YUCAT\u00c1N","direccion":"CALLE 21, #426, INT 0, COL. CIUDAD INDUSTRIAL","ciudad":"M\u00c9RIDA","pais":"M\u00c9XICO","fecha_creacion":"2025-07-14 17:00:19","estatus":"1"},{"id":"24","nombre":"Bimbo Toluca","direccion":"Corredor Industrial, Mz 2, Lote E, Ex Rancho El Coecillo","ciudad":"Toluca","pais":"M\u00e9xico","fecha_creacion":"2025-07-28 13:39:14","estatus":"1"},{"id":"26","nombre":"Totis planta dos","direccion":"Eje oriente poniente no. 38, col. Ciudad industrial, CP 43800, Tizayuca, Hidalgo","ciudad":"Tizayuca","pais":"M\u00e9xico","fecha_creacion":"2025-10-27 16:30:54","estatus":"1"},{"id":"27","nombre":"Bimbo M\u00e9xico Santa Mar\u00eda ","direccion":"Mimosas 117, 118 Col. Santa Mar\u00eda Insurgentes Cuauht\u00e9moc CDMX ","ciudad":"CDMX","pais":"M\u00e9xico","fecha_creacion":"2025-11-02 10:48:40","estatus":"1"},{"id":"28","nombre":"HAZPAN-LONCHIBON","direccion":"EMILIANO ZAPATA 25, PQUE. IND. LERMA","ciudad":"TOLUCA","pais":"M\u00e9xico","fecha_creacion":"2025-11-27 11:43:59","estatus":"1"},{"id":"29","nombre":"Suandy Marinela Toluca","direccion":"Emiliano Zapata 25, Pque. Ind. Lerma","ciudad":"TOLUCA","pais":"M\u00e9xico","fecha_creacion":"2025-11-27 11:55:24","estatus":"1"},{"id":"30","nombre":"T\u00eda Rosa, Toluca ","direccion":"Benito Juarez Mz. 027","ciudad":"Sta. Ma. Totoltepec, Toluca","pais":"M\u00e9xico","fecha_creacion":"2025-11-27 11:56:59","estatus":"1"},{"id":"31","nombre":"Bimbo Norte","direccion":"Av. F\u00e9lix U. G\u00f3mez 4203, Coyoac\u00e1n, C.P. 64510","ciudad":"Monterrey N.L.","pais":"M\u00e9xico","fecha_creacion":"2025-11-28 15:45:37","estatus":"1"},{"id":"32","nombre":"PLANTA DE PRUEBA","direccion":"PRUEBAS","ciudad":"DCDS","pais":"MEXICO","fecha_creacion":"2025-12-07 18:59:44","estatus":"1"},{"id":"33","nombre":"BSL","direccion":"Eje 128 #135 manzana 3, zona industrial segunda secci\u00f3n ","ciudad":"San Luis Potos\u00ed","pais":"M\u00e9xico","fecha_creacion":"2025-12-08 21:23:56","estatus":"1"},{"id":"34","nombre":"Sanissimo Monterrey","direccion":"Manuel de la Pe\u00f1a y Pe\u00f1a #1020-5, Bella Vista","ciudad":"Monterrey N.L.","pais":"M\u00e9xico","fecha_creacion":"2025-12-08 21:28:12","estatus":"1"}]
WARNING - 2025-12-15 13:50:20 --> [DEPRECATED] Passing lowercase HTTP method "get" is deprecated. Use uppercase HTTP method like "GET". in SYSTEMPATH/Router/RouteCollection.php on line 1026.
 1 SYSTEMPATH/Router/RouteCollection.php(1026): trigger_error('Passing lowercase HTTP method "get" is deprecated. Use uppercase HTTP method like "GET".', 16384)
 2 APPPATH/Config/Routes.php(131): CodeIgniter\Router\RouteCollection->match([...], 'locations/generarPDF', 'LocationsPdfController::generarPDF')
 3 SYSTEMPATH/Router/RouteCollection.php(339): require('/home/u976386866/domains/servipro.site/public_html/app/app/Config/Routes.php')
 4 SYSTEMPATH/CodeIgniter.php(821): CodeIgniter\Router\RouteCollection->loadRoutes()
 5 SYSTEMPATH/CodeIgniter.php(455): CodeIgniter\CodeIgniter->tryToRouteIt(null)
 6 SYSTEMPATH/CodeIgniter.php(354): CodeIgniter\CodeIgniter->handleRequest(null, Object(Config\Cache), false)
 7 SYSTEMPATH/Boot.php(334): CodeIgniter\CodeIgniter->run()
 8 SYSTEMPATH/Boot.php(67): CodeIgniter\Boot::runCodeIgniter(Object(CodeIgniter\CodeIgniter))
 9 FCPATH/index.php(56): CodeIgniter\Boot::bootWeb(Object(Config\Paths))
WARNING - 2025-12-15 13:50:20 --> [DEPRECATED] Passing lowercase HTTP method "post" is deprecated. Use uppercase HTTP method like "POST". in SYSTEMPATH/Router/RouteCollection.php on line 1026.
 1 SYSTEMPATH/Router/RouteCollection.php(1026): trigger_error('Passing lowercase HTTP method "post" is deprecated. Use uppercase HTTP method like "POST".', 16384)
 2 APPPATH/Config/Routes.php(131): CodeIgniter\Router\RouteCollection->match([...], 'locations/generarPDF', 'LocationsPdfController::generarPDF')
 3 SYSTEMPATH/Router/RouteCollection.php(339): require('/home/u976386866/domains/servipro.site/public_html/app/app/Config/Routes.php')
 4 SYSTEMPATH/CodeIgniter.php(821): CodeIgniter\Router\RouteCollection->loadRoutes()
 5 SYSTEMPATH/CodeIgniter.php(455): CodeIgniter\CodeIgniter->tryToRouteIt(null)
 6 SYSTEMPATH/CodeIgniter.php(354): CodeIgniter\CodeIgniter->handleRequest(null, Object(Config\Cache), false)
 7 SYSTEMPATH/Boot.php(334): CodeIgniter\CodeIgniter->run()
 8 SYSTEMPATH/Boot.php(67): CodeIgniter\Boot::runCodeIgniter(Object(CodeIgniter\CodeIgniter))
 9 FCPATH/index.php(56): CodeIgniter\Boot::bootWeb(Object(Config\Paths))
DEBUG - 2025-12-15 13:50:20 --> Session: Class initialized using 'CodeIgniter\Session\Handlers\FileHandler' driver.
WARNING - 2025-12-15 13:51:06 --> [DEPRECATED] Passing lowercase HTTP method "get" is deprecated. Use uppercase HTTP method like "GET". in SYSTEMPATH/Router/RouteCollection.php on line 1026.
 1 SYSTEMPATH/Router/RouteCollection.php(1026): trigger_error('Passing lowercase HTTP method "get" is deprecated. Use uppercase HTTP method like "GET".', 16384)
 2 APPPATH/Config/Routes.php(131): CodeIgniter\Router\RouteCollection->match([...], 'locations/generarPDF', 'LocationsPdfController::generarPDF')
 3 SYSTEMPATH/Router/RouteCollection.php(339): require('/home/u976386866/domains/servipro.site/public_html/app/app/Config/Routes.php')
 4 SYSTEMPATH/CodeIgniter.php(821): CodeIgniter\Router\RouteCollection->loadRoutes()
 5 SYSTEMPATH/CodeIgniter.php(455): CodeIgniter\CodeIgniter->tryToRouteIt(null)
 6 SYSTEMPATH/CodeIgniter.php(354): CodeIgniter\CodeIgniter->handleRequest(null, Object(Config\Cache), false)
 7 SYSTEMPATH/Boot.php(334): CodeIgniter\CodeIgniter->run()
 8 SYSTEMPATH/Boot.php(67): CodeIgniter\Boot::runCodeIgniter(Object(CodeIgniter\CodeIgniter))
 9 FCPATH/index.php(56): CodeIgniter\Boot::bootWeb(Object(Config\Paths))
WARNING - 2025-12-15 13:51:06 --> [DEPRECATED] Passing lowercase HTTP method "post" is deprecated. Use uppercase HTTP method like "POST". in SYSTEMPATH/Router/RouteCollection.php on line 1026.
 1 SYSTEMPATH/Router/RouteCollection.php(1026): trigger_error('Passing lowercase HTTP method "post" is deprecated. Use uppercase HTTP method like "POST".', 16384)
 2 APPPATH/Config/Routes.php(131): CodeIgniter\Router\RouteCollection->match([...], 'locations/generarPDF', 'LocationsPdfController::generarPDF')
 3 SYSTEMPATH/Router/RouteCollection.php(339): require('/home/u976386866/domains/servipro.site/public_html/app/app/Config/Routes.php')
 4 SYSTEMPATH/CodeIgniter.php(821): CodeIgniter\Router\RouteCollection->loadRoutes()
 5 SYSTEMPATH/CodeIgniter.php(455): CodeIgniter\CodeIgniter->tryToRouteIt(null)
 6 SYSTEMPATH/CodeIgniter.php(354): CodeIgniter\CodeIgniter->handleRequest(null, Object(Config\Cache), false)
 7 SYSTEMPATH/Boot.php(334): CodeIgniter\CodeIgniter->run()
 8 SYSTEMPATH/Boot.php(67): CodeIgniter\Boot::runCodeIgniter(Object(CodeIgniter\CodeIgniter))
 9 FCPATH/index.php(56): CodeIgniter\Boot::bootWeb(Object(Config\Paths))
DEBUG - 2025-12-15 13:51:06 --> Session: Class initialized using 'CodeIgniter\Session\Handlers\FileHandler' driver.
WARNING - 2025-12-15 13:51:12 --> [DEPRECATED] Passing lowercase HTTP method "get" is deprecated. Use uppercase HTTP method like "GET". in SYSTEMPATH/Router/RouteCollection.php on line 1026.
 1 SYSTEMPATH/Router/RouteCollection.php(1026): trigger_error('Passing lowercase HTTP method "get" is deprecated. Use uppercase HTTP method like "GET".', 16384)
 2 APPPATH/Config/Routes.php(131): CodeIgniter\Router\RouteCollection->match([...], 'locations/generarPDF', 'LocationsPdfController::generarPDF')
 3 SYSTEMPATH/Router/RouteCollection.php(339): require('/home/u976386866/domains/servipro.site/public_html/app/app/Config/Routes.php')
 4 SYSTEMPATH/CodeIgniter.php(821): CodeIgniter\Router\RouteCollection->loadRoutes()
 5 SYSTEMPATH/CodeIgniter.php(455): CodeIgniter\CodeIgniter->tryToRouteIt(null)
 6 SYSTEMPATH/CodeIgniter.php(354): CodeIgniter\CodeIgniter->handleRequest(null, Object(Config\Cache), false)
 7 SYSTEMPATH/Boot.php(334): CodeIgniter\CodeIgniter->run()
 8 SYSTEMPATH/Boot.php(67): CodeIgniter\Boot::runCodeIgniter(Object(CodeIgniter\CodeIgniter))
 9 FCPATH/index.php(56): CodeIgniter\Boot::bootWeb(Object(Config\Paths))
WARNING - 2025-12-15 13:51:12 --> [DEPRECATED] Passing lowercase HTTP method "post" is deprecated. Use uppercase HTTP method like "POST". in SYSTEMPATH/Router/RouteCollection.php on line 1026.
 1 SYSTEMPATH/Router/RouteCollection.php(1026): trigger_error('Passing lowercase HTTP method "post" is deprecated. Use uppercase HTTP method like "POST".', 16384)
 2 APPPATH/Config/Routes.php(131): CodeIgniter\Router\RouteCollection->match([...], 'locations/generarPDF', 'LocationsPdfController::generarPDF')
 3 SYSTEMPATH/Router/RouteCollection.php(339): require('/home/u976386866/domains/servipro.site/public_html/app/app/Config/Routes.php')
 4 SYSTEMPATH/CodeIgniter.php(821): CodeIgniter\Router\RouteCollection->loadRoutes()
 5 SYSTEMPATH/CodeIgniter.php(455): CodeIgniter\CodeIgniter->tryToRouteIt(null)
 6 SYSTEMPATH/CodeIgniter.php(354): CodeIgniter\CodeIgniter->handleRequest(null, Object(Config\Cache), false)
 7 SYSTEMPATH/Boot.php(334): CodeIgniter\CodeIgniter->run()
 8 SYSTEMPATH/Boot.php(67): CodeIgniter\Boot::runCodeIgniter(Object(CodeIgniter\CodeIgniter))
 9 FCPATH/index.php(56): CodeIgniter\Boot::bootWeb(Object(Config\Paths))
DEBUG - 2025-12-15 13:51:12 --> Session: Class initialized using 'CodeIgniter\Session\Handlers\FileHandler' driver.
DEBUG - 2025-12-15 13:51:12 --> Iniciando carga de sedes
DEBUG - 2025-12-15 13:51:12 --> Sedes cargadas: [{"id":"17","nombre":"Bimbo Santa Maria","direccion":"Avenida ServiPro","ciudad":"CDMX","pais":"Mexico","fecha_creacion":"2025-04-03 13:01:50","estatus":"1"},{"id":"18","nombre":"Bimbo Azcapotzalco","direccion":"Av San Pablo Xalpa 520, San Martin Xochinahuac, Azcapotzalco, 02120 Ciudad de M\u00e9xico, CDMX","ciudad":"CDMC","pais":"M\u00e9xico","fecha_creacion":"2025-04-07 12:06:45","estatus":"1"},{"id":"21","nombre":"Bimbo Villahermosa","direccion":"Av. Cobre 105, Cd Industrial, 86010 Villahermosa, Tabasco","ciudad":"Villahermosa, Tabasco","pais":"M\u00e9xico","fecha_creacion":"2025-05-12 12:11:50","estatus":"1"},{"id":"22","nombre":"Totis Planta uno Botana","direccion":"Av. San Pablo Xalpa 520, San Mart\u00edn Xochinahuac, Azcapotzalco, 02120 Ciudad de M\u00e9xico, CDMX","ciudad":"CDMX","pais":"Mexico","fecha_creacion":"2025-05-28 09:41:53","estatus":"1"},{"id":"23","nombre":"BIMBO YUCAT\u00c1N","direccion":"CALLE 21, #426, INT 0, COL. CIUDAD INDUSTRIAL","ciudad":"M\u00c9RIDA","pais":"M\u00c9XICO","fecha_creacion":"2025-07-14 17:00:19","estatus":"1"},{"id":"24","nombre":"Bimbo Toluca","direccion":"Corredor Industrial, Mz 2, Lote E, Ex Rancho El Coecillo","ciudad":"Toluca","pais":"M\u00e9xico","fecha_creacion":"2025-07-28 13:39:14","estatus":"1"},{"id":"26","nombre":"Totis planta dos","direccion":"Eje oriente poniente no. 38, col. Ciudad industrial, CP 43800, Tizayuca, Hidalgo","ciudad":"Tizayuca","pais":"M\u00e9xico","fecha_creacion":"2025-10-27 16:30:54","estatus":"1"},{"id":"27","nombre":"Bimbo M\u00e9xico Santa Mar\u00eda ","direccion":"Mimosas 117, 118 Col. Santa Mar\u00eda Insurgentes Cuauht\u00e9moc CDMX ","ciudad":"CDMX","pais":"M\u00e9xico","fecha_creacion":"2025-11-02 10:48:40","estatus":"1"},{"id":"28","nombre":"HAZPAN-LONCHIBON","direccion":"EMILIANO ZAPATA 25, PQUE. IND. LERMA","ciudad":"TOLUCA","pais":"M\u00e9xico","fecha_creacion":"2025-11-27 11:43:59","estatus":"1"},{"id":"29","nombre":"Suandy Marinela Toluca","direccion":"Emiliano Zapata 25, Pque. Ind. Lerma","ciudad":"TOLUCA","pais":"M\u00e9xico","fecha_creacion":"2025-11-27 11:55:24","estatus":"1"},{"id":"30","nombre":"T\u00eda Rosa, Toluca ","direccion":"Benito Juarez Mz. 027","ciudad":"Sta. Ma. Totoltepec, Toluca","pais":"M\u00e9xico","fecha_creacion":"2025-11-27 11:56:59","estatus":"1"},{"id":"31","nombre":"Bimbo Norte","direccion":"Av. F\u00e9lix U. G\u00f3mez 4203, Coyoac\u00e1n, C.P. 64510","ciudad":"Monterrey N.L.","pais":"M\u00e9xico","fecha_creacion":"2025-11-28 15:45:37","estatus":"1"},{"id":"32","nombre":"PLANTA DE PRUEBA","direccion":"PRUEBAS","ciudad":"DCDS","pais":"MEXICO","fecha_creacion":"2025-12-07 18:59:44","estatus":"1"},{"id":"33","nombre":"BSL","direccion":"Eje 128 #135 manzana 3, zona industrial segunda secci\u00f3n ","ciudad":"San Luis Potos\u00ed","pais":"M\u00e9xico","fecha_creacion":"2025-12-08 21:23:56","estatus":"1"},{"id":"34","nombre":"Sanissimo Monterrey","direccion":"Manuel de la Pe\u00f1a y Pe\u00f1a #1020-5, Bella Vista","ciudad":"Monterrey N.L.","pais":"M\u00e9xico","fecha_creacion":"2025-12-08 21:28:12","estatus":"1"}]
WARNING - 2025-12-15 13:51:19 --> [DEPRECATED] Passing lowercase HTTP method "get" is deprecated. Use uppercase HTTP method like "GET". in SYSTEMPATH/Router/RouteCollection.php on line 1026.
 1 SYSTEMPATH/Router/RouteCollection.php(1026): trigger_error('Passing lowercase HTTP method "get" is deprecated. Use uppercase HTTP method like "GET".', 16384)
 2 APPPATH/Config/Routes.php(131): CodeIgniter\Router\RouteCollection->match([...], 'locations/generarPDF', 'LocationsPdfController::generarPDF')
 3 SYSTEMPATH/Router/RouteCollection.php(339): require('/home/u976386866/domains/servipro.site/public_html/app/app/Config/Routes.php')
 4 SYSTEMPATH/CodeIgniter.php(821): CodeIgniter\Router\RouteCollection->loadRoutes()
 5 SYSTEMPATH/CodeIgniter.php(455): CodeIgniter\CodeIgniter->tryToRouteIt(null)
 6 SYSTEMPATH/CodeIgniter.php(354): CodeIgniter\CodeIgniter->handleRequest(null, Object(Config\Cache), false)
 7 SYSTEMPATH/Boot.php(334): CodeIgniter\CodeIgniter->run()
 8 SYSTEMPATH/Boot.php(67): CodeIgniter\Boot::runCodeIgniter(Object(CodeIgniter\CodeIgniter))
 9 FCPATH/index.php(56): CodeIgniter\Boot::bootWeb(Object(Config\Paths))
WARNING - 2025-12-15 13:51:19 --> [DEPRECATED] Passing lowercase HTTP method "post" is deprecated. Use uppercase HTTP method like "POST". in SYSTEMPATH/Router/RouteCollection.php on line 1026.
 1 SYSTEMPATH/Router/RouteCollection.php(1026): trigger_error('Passing lowercase HTTP method "post" is deprecated. Use uppercase HTTP method like "POST".', 16384)
 2 APPPATH/Config/Routes.php(131): CodeIgniter\Router\RouteCollection->match([...], 'locations/generarPDF', 'LocationsPdfController::generarPDF')
 3 SYSTEMPATH/Router/RouteCollection.php(339): require('/home/u976386866/domains/servipro.site/public_html/app/app/Config/Routes.php')
 4 SYSTEMPATH/CodeIgniter.php(821): CodeIgniter\Router\RouteCollection->loadRoutes()
 5 SYSTEMPATH/CodeIgniter.php(455): CodeIgniter\CodeIgniter->tryToRouteIt(null)
 6 SYSTEMPATH/CodeIgniter.php(354): CodeIgniter\CodeIgniter->handleRequest(null, Object(Config\Cache), false)
 7 SYSTEMPATH/Boot.php(334): CodeIgniter\CodeIgniter->run()
 8 SYSTEMPATH/Boot.php(67): CodeIgniter\Boot::runCodeIgniter(Object(CodeIgniter\CodeIgniter))
 9 FCPATH/index.php(56): CodeIgniter\Boot::bootWeb(Object(Config\Paths))
DEBUG - 2025-12-15 13:51:19 --> Session: Class initialized using 'CodeIgniter\Session\Handlers\FileHandler' driver.
DEBUG - 2025-12-15 13:51:19 --> Iniciando carga de sedes
DEBUG - 2025-12-15 13:51:19 --> Sedes cargadas: [{"id":"17","nombre":"Bimbo Santa Maria","direccion":"Avenida ServiPro","ciudad":"CDMX","pais":"Mexico","fecha_creacion":"2025-04-03 13:01:50","estatus":"1"},{"id":"18","nombre":"Bimbo Azcapotzalco","direccion":"Av San Pablo Xalpa 520, San Martin Xochinahuac, Azcapotzalco, 02120 Ciudad de M\u00e9xico, CDMX","ciudad":"CDMC","pais":"M\u00e9xico","fecha_creacion":"2025-04-07 12:06:45","estatus":"1"},{"id":"21","nombre":"Bimbo Villahermosa","direccion":"Av. Cobre 105, Cd Industrial, 86010 Villahermosa, Tabasco","ciudad":"Villahermosa, Tabasco","pais":"M\u00e9xico","fecha_creacion":"2025-05-12 12:11:50","estatus":"1"},{"id":"22","nombre":"Totis Planta uno Botana","direccion":"Av. San Pablo Xalpa 520, San Mart\u00edn Xochinahuac, Azcapotzalco, 02120 Ciudad de M\u00e9xico, CDMX","ciudad":"CDMX","pais":"Mexico","fecha_creacion":"2025-05-28 09:41:53","estatus":"1"},{"id":"23","nombre":"BIMBO YUCAT\u00c1N","direccion":"CALLE 21, #426, INT 0, COL. CIUDAD INDUSTRIAL","ciudad":"M\u00c9RIDA","pais":"M\u00c9XICO","fecha_creacion":"2025-07-14 17:00:19","estatus":"1"},{"id":"24","nombre":"Bimbo Toluca","direccion":"Corredor Industrial, Mz 2, Lote E, Ex Rancho El Coecillo","ciudad":"Toluca","pais":"M\u00e9xico","fecha_creacion":"2025-07-28 13:39:14","estatus":"1"},{"id":"26","nombre":"Totis planta dos","direccion":"Eje oriente poniente no. 38, col. Ciudad industrial, CP 43800, Tizayuca, Hidalgo","ciudad":"Tizayuca","pais":"M\u00e9xico","fecha_creacion":"2025-10-27 16:30:54","estatus":"1"},{"id":"27","nombre":"Bimbo M\u00e9xico Santa Mar\u00eda ","direccion":"Mimosas 117, 118 Col. Santa Mar\u00eda Insurgentes Cuauht\u00e9moc CDMX ","ciudad":"CDMX","pais":"M\u00e9xico","fecha_creacion":"2025-11-02 10:48:40","estatus":"1"},{"id":"28","nombre":"HAZPAN-LONCHIBON","direccion":"EMILIANO ZAPATA 25, PQUE. IND. LERMA","ciudad":"TOLUCA","pais":"M\u00e9xico","fecha_creacion":"2025-11-27 11:43:59","estatus":"1"},{"id":"29","nombre":"Suandy Marinela Toluca","direccion":"Emiliano Zapata 25, Pque. Ind. Lerma","ciudad":"TOLUCA","pais":"M\u00e9xico","fecha_creacion":"2025-11-27 11:55:24","estatus":"1"},{"id":"30","nombre":"T\u00eda Rosa, Toluca ","direccion":"Benito Juarez Mz. 027","ciudad":"Sta. Ma. Totoltepec, Toluca","pais":"M\u00e9xico","fecha_creacion":"2025-11-27 11:56:59","estatus":"1"},{"id":"31","nombre":"Bimbo Norte","direccion":"Av. F\u00e9lix U. G\u00f3mez 4203, Coyoac\u00e1n, C.P. 64510","ciudad":"Monterrey N.L.","pais":"M\u00e9xico","fecha_creacion":"2025-11-28 15:45:37","estatus":"1"},{"id":"32","nombre":"PLANTA DE PRUEBA","direccion":"PRUEBAS","ciudad":"DCDS","pais":"MEXICO","fecha_creacion":"2025-12-07 18:59:44","estatus":"1"},{"id":"33","nombre":"BSL","direccion":"Eje 128 #135 manzana 3, zona industrial segunda secci\u00f3n ","ciudad":"San Luis Potos\u00ed","pais":"M\u00e9xico","fecha_creacion":"2025-12-08 21:23:56","estatus":"1"},{"id":"34","nombre":"Sanissimo Monterrey","direccion":"Manuel de la Pe\u00f1a y Pe\u00f1a #1020-5, Bella Vista","ciudad":"Monterrey N.L.","pais":"M\u00e9xico","fecha_creacion":"2025-12-08 21:28:12","estatus":"1"}]
WARNING - 2025-12-15 13:51:19 --> [DEPRECATED] Passing lowercase HTTP method "get" is deprecated. Use uppercase HTTP method like "GET". in SYSTEMPATH/Router/RouteCollection.php on line 1026.
 1 SYSTEMPATH/Router/RouteCollection.php(1026): trigger_error('Passing lowercase HTTP method "get" is deprecated. Use uppercase HTTP method like "GET".', 16384)
 2 APPPATH/Config/Routes.php(131): CodeIgniter\Router\RouteCollection->match([...], 'locations/generarPDF', 'LocationsPdfController::generarPDF')
 3 SYSTEMPATH/Router/RouteCollection.php(339): require('/home/u976386866/domains/servipro.site/public_html/app/app/Config/Routes.php')
 4 SYSTEMPATH/CodeIgniter.php(821): CodeIgniter\Router\RouteCollection->loadRoutes()
 5 SYSTEMPATH/CodeIgniter.php(455): CodeIgniter\CodeIgniter->tryToRouteIt(null)
 6 SYSTEMPATH/CodeIgniter.php(354): CodeIgniter\CodeIgniter->handleRequest(null, Object(Config\Cache), false)
 7 SYSTEMPATH/Boot.php(334): CodeIgniter\CodeIgniter->run()
 8 SYSTEMPATH/Boot.php(67): CodeIgniter\Boot::runCodeIgniter(Object(CodeIgniter\CodeIgniter))
 9 FCPATH/index.php(56): CodeIgniter\Boot::bootWeb(Object(Config\Paths))
WARNING - 2025-12-15 13:51:19 --> [DEPRECATED] Passing lowercase HTTP method "post" is deprecated. Use uppercase HTTP method like "POST". in SYSTEMPATH/Router/RouteCollection.php on line 1026.
 1 SYSTEMPATH/Router/RouteCollection.php(1026): trigger_error('Passing lowercase HTTP method "post" is deprecated. Use uppercase HTTP method like "POST".', 16384)
 2 APPPATH/Config/Routes.php(131): CodeIgniter\Router\RouteCollection->match([...], 'locations/generarPDF', 'LocationsPdfController::generarPDF')
 3 SYSTEMPATH/Router/RouteCollection.php(339): require('/home/u976386866/domains/servipro.site/public_html/app/app/Config/Routes.php')
 4 SYSTEMPATH/CodeIgniter.php(821): CodeIgniter\Router\RouteCollection->loadRoutes()
 5 SYSTEMPATH/CodeIgniter.php(455): CodeIgniter\CodeIgniter->tryToRouteIt(null)
 6 SYSTEMPATH/CodeIgniter.php(354): CodeIgniter\CodeIgniter->handleRequest(null, Object(Config\Cache), false)
 7 SYSTEMPATH/Boot.php(334): CodeIgniter\CodeIgniter->run()
 8 SYSTEMPATH/Boot.php(67): CodeIgniter\Boot::runCodeIgniter(Object(CodeIgniter\CodeIgniter))
 9 FCPATH/index.php(56): CodeIgniter\Boot::bootWeb(Object(Config\Paths))
DEBUG - 2025-12-15 13:51:19 --> Session: Class initialized using 'CodeIgniter\Session\Handlers\FileHandler' driver.
WARNING - 2025-12-15 13:51:21 --> [DEPRECATED] Passing lowercase HTTP method "get" is deprecated. Use uppercase HTTP method like "GET". in SYSTEMPATH/Router/RouteCollection.php on line 1026.
 1 SYSTEMPATH/Router/RouteCollection.php(1026): trigger_error('Passing lowercase HTTP method "get" is deprecated. Use uppercase HTTP method like "GET".', 16384)
 2 APPPATH/Config/Routes.php(131): CodeIgniter\Router\RouteCollection->match([...], 'locations/generarPDF', 'LocationsPdfController::generarPDF')
 3 SYSTEMPATH/Router/RouteCollection.php(339): require('/home/u976386866/domains/servipro.site/public_html/app/app/Config/Routes.php')
 4 SYSTEMPATH/CodeIgniter.php(821): CodeIgniter\Router\RouteCollection->loadRoutes()
 5 SYSTEMPATH/CodeIgniter.php(455): CodeIgniter\CodeIgniter->tryToRouteIt(null)
 6 SYSTEMPATH/CodeIgniter.php(354): CodeIgniter\CodeIgniter->handleRequest(null, Object(Config\Cache), false)
 7 SYSTEMPATH/Boot.php(334): CodeIgniter\CodeIgniter->run()
 8 SYSTEMPATH/Boot.php(67): CodeIgniter\Boot::runCodeIgniter(Object(CodeIgniter\CodeIgniter))
 9 FCPATH/index.php(56): CodeIgniter\Boot::bootWeb(Object(Config\Paths))
WARNING - 2025-12-15 13:51:21 --> [DEPRECATED] Passing lowercase HTTP method "post" is deprecated. Use uppercase HTTP method like "POST". in SYSTEMPATH/Router/RouteCollection.php on line 1026.
 1 SYSTEMPATH/Router/RouteCollection.php(1026): trigger_error('Passing lowercase HTTP method "post" is deprecated. Use uppercase HTTP method like "POST".', 16384)
 2 APPPATH/Config/Routes.php(131): CodeIgniter\Router\RouteCollection->match([...], 'locations/generarPDF', 'LocationsPdfController::generarPDF')
 3 SYSTEMPATH/Router/RouteCollection.php(339): require('/home/u976386866/domains/servipro.site/public_html/app/app/Config/Routes.php')
 4 SYSTEMPATH/CodeIgniter.php(821): CodeIgniter\Router\RouteCollection->loadRoutes()
 5 SYSTEMPATH/CodeIgniter.php(455): CodeIgniter\CodeIgniter->tryToRouteIt(null)
 6 SYSTEMPATH/CodeIgniter.php(354): CodeIgniter\CodeIgniter->handleRequest(null, Object(Config\Cache), false)
 7 SYSTEMPATH/Boot.php(334): CodeIgniter\CodeIgniter->run()
 8 SYSTEMPATH/Boot.php(67): CodeIgniter\Boot::runCodeIgniter(Object(CodeIgniter\CodeIgniter))
 9 FCPATH/index.php(56): CodeIgniter\Boot::bootWeb(Object(Config\Paths))
DEBUG - 2025-12-15 13:51:21 --> Session: Class initialized using 'CodeIgniter\Session\Handlers\FileHandler' driver.
WARNING - 2025-12-15 13:51:24 --> [DEPRECATED] Passing lowercase HTTP method "get" is deprecated. Use uppercase HTTP method like "GET". in SYSTEMPATH/Router/RouteCollection.php on line 1026.
 1 SYSTEMPATH/Router/RouteCollection.php(1026): trigger_error('Passing lowercase HTTP method "get" is deprecated. Use uppercase HTTP method like "GET".', 16384)
 2 APPPATH/Config/Routes.php(131): CodeIgniter\Router\RouteCollection->match([...], 'locations/generarPDF', 'LocationsPdfController::generarPDF')
 3 SYSTEMPATH/Router/RouteCollection.php(339): require('/home/u976386866/domains/servipro.site/public_html/app/app/Config/Routes.php')
 4 SYSTEMPATH/CodeIgniter.php(821): CodeIgniter\Router\RouteCollection->loadRoutes()
 5 SYSTEMPATH/CodeIgniter.php(455): CodeIgniter\CodeIgniter->tryToRouteIt(null)
 6 SYSTEMPATH/CodeIgniter.php(354): CodeIgniter\CodeIgniter->handleRequest(null, Object(Config\Cache), false)
 7 SYSTEMPATH/Boot.php(334): CodeIgniter\CodeIgniter->run()
 8 SYSTEMPATH/Boot.php(67): CodeIgniter\Boot::runCodeIgniter(Object(CodeIgniter\CodeIgniter))
 9 FCPATH/index.php(56): CodeIgniter\Boot::bootWeb(Object(Config\Paths))
WARNING - 2025-12-15 13:51:24 --> [DEPRECATED] Passing lowercase HTTP method "post" is deprecated. Use uppercase HTTP method like "POST". in SYSTEMPATH/Router/RouteCollection.php on line 1026.
 1 SYSTEMPATH/Router/RouteCollection.php(1026): trigger_error('Passing lowercase HTTP method "post" is deprecated. Use uppercase HTTP method like "POST".', 16384)
 2 APPPATH/Config/Routes.php(131): CodeIgniter\Router\RouteCollection->match([...], 'locations/generarPDF', 'LocationsPdfController::generarPDF')
 3 SYSTEMPATH/Router/RouteCollection.php(339): require('/home/u976386866/domains/servipro.site/public_html/app/app/Config/Routes.php')
 4 SYSTEMPATH/CodeIgniter.php(821): CodeIgniter\Router\RouteCollection->loadRoutes()
 5 SYSTEMPATH/CodeIgniter.php(455): CodeIgniter\CodeIgniter->tryToRouteIt(null)
 6 SYSTEMPATH/CodeIgniter.php(354): CodeIgniter\CodeIgniter->handleRequest(null, Object(Config\Cache), false)
 7 SYSTEMPATH/Boot.php(334): CodeIgniter\CodeIgniter->run()
 8 SYSTEMPATH/Boot.php(67): CodeIgniter\Boot::runCodeIgniter(Object(CodeIgniter\CodeIgniter))
 9 FCPATH/index.php(56): CodeIgniter\Boot::bootWeb(Object(Config\Paths))
DEBUG - 2025-12-15 13:51:24 --> Session: Class initialized using 'CodeIgniter\Session\Handlers\FileHandler' driver.
DEBUG - 2025-12-15 13:51:24 --> Iniciando carga de sedes
DEBUG - 2025-12-15 13:51:24 --> Sedes cargadas: [{"id":"17","nombre":"Bimbo Santa Maria","direccion":"Avenida ServiPro","ciudad":"CDMX","pais":"Mexico","fecha_creacion":"2025-04-03 13:01:50","estatus":"1"},{"id":"18","nombre":"Bimbo Azcapotzalco","direccion":"Av San Pablo Xalpa 520, San Martin Xochinahuac, Azcapotzalco, 02120 Ciudad de M\u00e9xico, CDMX","ciudad":"CDMC","pais":"M\u00e9xico","fecha_creacion":"2025-04-07 12:06:45","estatus":"1"},{"id":"21","nombre":"Bimbo Villahermosa","direccion":"Av. Cobre 105, Cd Industrial, 86010 Villahermosa, Tabasco","ciudad":"Villahermosa, Tabasco","pais":"M\u00e9xico","fecha_creacion":"2025-05-12 12:11:50","estatus":"1"},{"id":"22","nombre":"Totis Planta uno Botana","direccion":"Av. San Pablo Xalpa 520, San Mart\u00edn Xochinahuac, Azcapotzalco, 02120 Ciudad de M\u00e9xico, CDMX","ciudad":"CDMX","pais":"Mexico","fecha_creacion":"2025-05-28 09:41:53","estatus":"1"},{"id":"23","nombre":"BIMBO YUCAT\u00c1N","direccion":"CALLE 21, #426, INT 0, COL. CIUDAD INDUSTRIAL","ciudad":"M\u00c9RIDA","pais":"M\u00c9XICO","fecha_creacion":"2025-07-14 17:00:19","estatus":"1"},{"id":"24","nombre":"Bimbo Toluca","direccion":"Corredor Industrial, Mz 2, Lote E, Ex Rancho El Coecillo","ciudad":"Toluca","pais":"M\u00e9xico","fecha_creacion":"2025-07-28 13:39:14","estatus":"1"},{"id":"26","nombre":"Totis planta dos","direccion":"Eje oriente poniente no. 38, col. Ciudad industrial, CP 43800, Tizayuca, Hidalgo","ciudad":"Tizayuca","pais":"M\u00e9xico","fecha_creacion":"2025-10-27 16:30:54","estatus":"1"},{"id":"27","nombre":"Bimbo M\u00e9xico Santa Mar\u00eda ","direccion":"Mimosas 117, 118 Col. Santa Mar\u00eda Insurgentes Cuauht\u00e9moc CDMX ","ciudad":"CDMX","pais":"M\u00e9xico","fecha_creacion":"2025-11-02 10:48:40","estatus":"1"},{"id":"28","nombre":"HAZPAN-LONCHIBON","direccion":"EMILIANO ZAPATA 25, PQUE. IND. LERMA","ciudad":"TOLUCA","pais":"M\u00e9xico","fecha_creacion":"2025-11-27 11:43:59","estatus":"1"},{"id":"29","nombre":"Suandy Marinela Toluca","direccion":"Emiliano Zapata 25, Pque. Ind. Lerma","ciudad":"TOLUCA","pais":"M\u00e9xico","fecha_creacion":"2025-11-27 11:55:24","estatus":"1"},{"id":"30","nombre":"T\u00eda Rosa, Toluca ","direccion":"Benito Juarez Mz. 027","ciudad":"Sta. Ma. Totoltepec, Toluca","pais":"M\u00e9xico","fecha_creacion":"2025-11-27 11:56:59","estatus":"1"},{"id":"31","nombre":"Bimbo Norte","direccion":"Av. F\u00e9lix U. G\u00f3mez 4203, Coyoac\u00e1n, C.P. 64510","ciudad":"Monterrey N.L.","pais":"M\u00e9xico","fecha_creacion":"2025-11-28 15:45:37","estatus":"1"},{"id":"32","nombre":"PLANTA DE PRUEBA","direccion":"PRUEBAS","ciudad":"DCDS","pais":"MEXICO","fecha_creacion":"2025-12-07 18:59:44","estatus":"1"},{"id":"33","nombre":"BSL","direccion":"Eje 128 #135 manzana 3, zona industrial segunda secci\u00f3n ","ciudad":"San Luis Potos\u00ed","pais":"M\u00e9xico","fecha_creacion":"2025-12-08 21:23:56","estatus":"1"},{"id":"34","nombre":"Sanissimo Monterrey","direccion":"Manuel de la Pe\u00f1a y Pe\u00f1a #1020-5, Bella Vista","ciudad":"Monterrey N.L.","pais":"M\u00e9xico","fecha_creacion":"2025-12-08 21:28:12","estatus":"1"}]
WARNING - 2025-12-15 13:51:25 --> [DEPRECATED] Passing lowercase HTTP method "get" is deprecated. Use uppercase HTTP method like "GET". in SYSTEMPATH/Router/RouteCollection.php on line 1026.
 1 SYSTEMPATH/Router/RouteCollection.php(1026): trigger_error('Passing lowercase HTTP method "get" is deprecated. Use uppercase HTTP method like "GET".', 16384)
 2 APPPATH/Config/Routes.php(131): CodeIgniter\Router\RouteCollection->match([...], 'locations/generarPDF', 'LocationsPdfController::generarPDF')
 3 SYSTEMPATH/Router/RouteCollection.php(339): require('/home/u976386866/domains/servipro.site/public_html/app/app/Config/Routes.php')
 4 SYSTEMPATH/CodeIgniter.php(821): CodeIgniter\Router\RouteCollection->loadRoutes()
 5 SYSTEMPATH/CodeIgniter.php(455): CodeIgniter\CodeIgniter->tryToRouteIt(null)
 6 SYSTEMPATH/CodeIgniter.php(354): CodeIgniter\CodeIgniter->handleRequest(null, Object(Config\Cache), false)
 7 SYSTEMPATH/Boot.php(334): CodeIgniter\CodeIgniter->run()
 8 SYSTEMPATH/Boot.php(67): CodeIgniter\Boot::runCodeIgniter(Object(CodeIgniter\CodeIgniter))
 9 FCPATH/index.php(56): CodeIgniter\Boot::bootWeb(Object(Config\Paths))
WARNING - 2025-12-15 13:51:25 --> [DEPRECATED] Passing lowercase HTTP method "post" is deprecated. Use uppercase HTTP method like "POST". in SYSTEMPATH/Router/RouteCollection.php on line 1026.
 1 SYSTEMPATH/Router/RouteCollection.php(1026): trigger_error('Passing lowercase HTTP method "post" is deprecated. Use uppercase HTTP method like "POST".', 16384)
 2 APPPATH/Config/Routes.php(131): CodeIgniter\Router\RouteCollection->match([...], 'locations/generarPDF', 'LocationsPdfController::generarPDF')
 3 SYSTEMPATH/Router/RouteCollection.php(339): require('/home/u976386866/domains/servipro.site/public_html/app/app/Config/Routes.php')
 4 SYSTEMPATH/CodeIgniter.php(821): CodeIgniter\Router\RouteCollection->loadRoutes()
 5 SYSTEMPATH/CodeIgniter.php(455): CodeIgniter\CodeIgniter->tryToRouteIt(null)
 6 SYSTEMPATH/CodeIgniter.php(354): CodeIgniter\CodeIgniter->handleRequest(null, Object(Config\Cache), false)
 7 SYSTEMPATH/Boot.php(334): CodeIgniter\CodeIgniter->run()
 8 SYSTEMPATH/Boot.php(67): CodeIgniter\Boot::runCodeIgniter(Object(CodeIgniter\CodeIgniter))
 9 FCPATH/index.php(56): CodeIgniter\Boot::bootWeb(Object(Config\Paths))
DEBUG - 2025-12-15 13:51:25 --> Session: Class initialized using 'CodeIgniter\Session\Handlers\FileHandler' driver.
WARNING - 2025-12-15 13:52:00 --> [DEPRECATED] Passing lowercase HTTP method "get" is deprecated. Use uppercase HTTP method like "GET". in SYSTEMPATH/Router/RouteCollection.php on line 1026.
 1 SYSTEMPATH/Router/RouteCollection.php(1026): trigger_error('Passing lowercase HTTP method "get" is deprecated. Use uppercase HTTP method like "GET".', 16384)
 2 APPPATH/Config/Routes.php(131): CodeIgniter\Router\RouteCollection->match([...], 'locations/generarPDF', 'LocationsPdfController::generarPDF')
 3 SYSTEMPATH/Router/RouteCollection.php(339): require('/home/u976386866/domains/servipro.site/public_html/app/app/Config/Routes.php')
 4 SYSTEMPATH/CodeIgniter.php(821): CodeIgniter\Router\RouteCollection->loadRoutes()
 5 SYSTEMPATH/CodeIgniter.php(455): CodeIgniter\CodeIgniter->tryToRouteIt(null)
 6 SYSTEMPATH/CodeIgniter.php(354): CodeIgniter\CodeIgniter->handleRequest(null, Object(Config\Cache), false)
 7 SYSTEMPATH/Boot.php(334): CodeIgniter\CodeIgniter->run()
 8 SYSTEMPATH/Boot.php(67): CodeIgniter\Boot::runCodeIgniter(Object(CodeIgniter\CodeIgniter))
 9 FCPATH/index.php(56): CodeIgniter\Boot::bootWeb(Object(Config\Paths))
WARNING - 2025-12-15 13:52:00 --> [DEPRECATED] Passing lowercase HTTP method "post" is deprecated. Use uppercase HTTP method like "POST". in SYSTEMPATH/Router/RouteCollection.php on line 1026.
 1 SYSTEMPATH/Router/RouteCollection.php(1026): trigger_error('Passing lowercase HTTP method "post" is deprecated. Use uppercase HTTP method like "POST".', 16384)
 2 APPPATH/Config/Routes.php(131): CodeIgniter\Router\RouteCollection->match([...], 'locations/generarPDF', 'LocationsPdfController::generarPDF')
 3 SYSTEMPATH/Router/RouteCollection.php(339): require('/home/u976386866/domains/servipro.site/public_html/app/app/Config/Routes.php')
 4 SYSTEMPATH/CodeIgniter.php(821): CodeIgniter\Router\RouteCollection->loadRoutes()
 5 SYSTEMPATH/CodeIgniter.php(455): CodeIgniter\CodeIgniter->tryToRouteIt(null)
 6 SYSTEMPATH/CodeIgniter.php(354): CodeIgniter\CodeIgniter->handleRequest(null, Object(Config\Cache), false)
 7 SYSTEMPATH/Boot.php(334): CodeIgniter\CodeIgniter->run()
 8 SYSTEMPATH/Boot.php(67): CodeIgniter\Boot::runCodeIgniter(Object(CodeIgniter\CodeIgniter))
 9 FCPATH/index.php(56): CodeIgniter\Boot::bootWeb(Object(Config\Paths))
DEBUG - 2025-12-15 13:52:00 --> Session: Class initialized using 'CodeIgniter\Session\Handlers\FileHandler' driver.
WARNING - 2025-12-15 13:52:04 --> [DEPRECATED] Passing lowercase HTTP method "get" is deprecated. Use uppercase HTTP method like "GET". in SYSTEMPATH/Router/RouteCollection.php on line 1026.
 1 SYSTEMPATH/Router/RouteCollection.php(1026): trigger_error('Passing lowercase HTTP method "get" is deprecated. Use uppercase HTTP method like "GET".', 16384)
 2 APPPATH/Config/Routes.php(131): CodeIgniter\Router\RouteCollection->match([...], 'locations/generarPDF', 'LocationsPdfController::generarPDF')
 3 SYSTEMPATH/Router/RouteCollection.php(339): require('/home/u976386866/domains/servipro.site/public_html/app/app/Config/Routes.php')
 4 SYSTEMPATH/CodeIgniter.php(821): CodeIgniter\Router\RouteCollection->loadRoutes()
 5 SYSTEMPATH/CodeIgniter.php(455): CodeIgniter\CodeIgniter->tryToRouteIt(null)
 6 SYSTEMPATH/CodeIgniter.php(354): CodeIgniter\CodeIgniter->handleRequest(null, Object(Config\Cache), false)
 7 SYSTEMPATH/Boot.php(334): CodeIgniter\CodeIgniter->run()
 8 SYSTEMPATH/Boot.php(67): CodeIgniter\Boot::runCodeIgniter(Object(CodeIgniter\CodeIgniter))
 9 FCPATH/index.php(56): CodeIgniter\Boot::bootWeb(Object(Config\Paths))
WARNING - 2025-12-15 13:52:04 --> [DEPRECATED] Passing lowercase HTTP method "post" is deprecated. Use uppercase HTTP method like "POST". in SYSTEMPATH/Router/RouteCollection.php on line 1026.
 1 SYSTEMPATH/Router/RouteCollection.php(1026): trigger_error('Passing lowercase HTTP method "post" is deprecated. Use uppercase HTTP method like "POST".', 16384)
 2 APPPATH/Config/Routes.php(131): CodeIgniter\Router\RouteCollection->match([...], 'locations/generarPDF', 'LocationsPdfController::generarPDF')
 3 SYSTEMPATH/Router/RouteCollection.php(339): require('/home/u976386866/domains/servipro.site/public_html/app/app/Config/Routes.php')
 4 SYSTEMPATH/CodeIgniter.php(821): CodeIgniter\Router\RouteCollection->loadRoutes()
 5 SYSTEMPATH/CodeIgniter.php(455): CodeIgniter\CodeIgniter->tryToRouteIt(null)
 6 SYSTEMPATH/CodeIgniter.php(354): CodeIgniter\CodeIgniter->handleRequest(null, Object(Config\Cache), false)
 7 SYSTEMPATH/Boot.php(334): CodeIgniter\CodeIgniter->run()
 8 SYSTEMPATH/Boot.php(67): CodeIgniter\Boot::runCodeIgniter(Object(CodeIgniter\CodeIgniter))
 9 FCPATH/index.php(56): CodeIgniter\Boot::bootWeb(Object(Config\Paths))
DEBUG - 2025-12-15 13:52:04 --> Session: Class initialized using 'CodeIgniter\Session\Handlers\FileHandler' driver.
WARNING - 2025-12-15 13:52:13 --> [DEPRECATED] Passing lowercase HTTP method "get" is deprecated. Use uppercase HTTP method like "GET". in SYSTEMPATH/Router/RouteCollection.php on line 1026.
 1 SYSTEMPATH/Router/RouteCollection.php(1026): trigger_error('Passing lowercase HTTP method "get" is deprecated. Use uppercase HTTP method like "GET".', 16384)
 2 APPPATH/Config/Routes.php(131): CodeIgniter\Router\RouteCollection->match([...], 'locations/generarPDF', 'LocationsPdfController::generarPDF')
 3 SYSTEMPATH/Router/RouteCollection.php(339): require('/home/u976386866/domains/servipro.site/public_html/app/app/Config/Routes.php')
 4 SYSTEMPATH/CodeIgniter.php(821): CodeIgniter\Router\RouteCollection->loadRoutes()
 5 SYSTEMPATH/CodeIgniter.php(455): CodeIgniter\CodeIgniter->tryToRouteIt(null)
 6 SYSTEMPATH/CodeIgniter.php(354): CodeIgniter\CodeIgniter->handleRequest(null, Object(Config\Cache), false)
 7 SYSTEMPATH/Boot.php(334): CodeIgniter\CodeIgniter->run()
 8 SYSTEMPATH/Boot.php(67): CodeIgniter\Boot::runCodeIgniter(Object(CodeIgniter\CodeIgniter))
 9 FCPATH/index.php(56): CodeIgniter\Boot::bootWeb(Object(Config\Paths))
WARNING - 2025-12-15 13:52:13 --> [DEPRECATED] Passing lowercase HTTP method "post" is deprecated. Use uppercase HTTP method like "POST". in SYSTEMPATH/Router/RouteCollection.php on line 1026.
 1 SYSTEMPATH/Router/RouteCollection.php(1026): trigger_error('Passing lowercase HTTP method "post" is deprecated. Use uppercase HTTP method like "POST".', 16384)
 2 APPPATH/Config/Routes.php(131): CodeIgniter\Router\RouteCollection->match([...], 'locations/generarPDF', 'LocationsPdfController::generarPDF')
 3 SYSTEMPATH/Router/RouteCollection.php(339): require('/home/u976386866/domains/servipro.site/public_html/app/app/Config/Routes.php')
 4 SYSTEMPATH/CodeIgniter.php(821): CodeIgniter\Router\RouteCollection->loadRoutes()
 5 SYSTEMPATH/CodeIgniter.php(455): CodeIgniter\CodeIgniter->tryToRouteIt(null)
 6 SYSTEMPATH/CodeIgniter.php(354): CodeIgniter\CodeIgniter->handleRequest(null, Object(Config\Cache), false)
 7 SYSTEMPATH/Boot.php(334): CodeIgniter\CodeIgniter->run()
 8 SYSTEMPATH/Boot.php(67): CodeIgniter\Boot::runCodeIgniter(Object(CodeIgniter\CodeIgniter))
 9 FCPATH/index.php(56): CodeIgniter\Boot::bootWeb(Object(Config\Paths))
DEBUG - 2025-12-15 13:52:13 --> Session: Class initialized using 'CodeIgniter\Session\Handlers\FileHandler' driver.
WARNING - 2025-12-15 13:52:34 --> [DEPRECATED] Passing lowercase HTTP method "get" is deprecated. Use uppercase HTTP method like "GET". in SYSTEMPATH/Router/RouteCollection.php on line 1026.
 1 SYSTEMPATH/Router/RouteCollection.php(1026): trigger_error('Passing lowercase HTTP method "get" is deprecated. Use uppercase HTTP method like "GET".', 16384)
 2 APPPATH/Config/Routes.php(131): CodeIgniter\Router\RouteCollection->match([...], 'locations/generarPDF', 'LocationsPdfController::generarPDF')
 3 SYSTEMPATH/Router/RouteCollection.php(339): require('/home/u976386866/domains/servipro.site/public_html/app/app/Config/Routes.php')
 4 SYSTEMPATH/CodeIgniter.php(821): CodeIgniter\Router\RouteCollection->loadRoutes()
 5 SYSTEMPATH/CodeIgniter.php(455): CodeIgniter\CodeIgniter->tryToRouteIt(null)
 6 SYSTEMPATH/CodeIgniter.php(354): CodeIgniter\CodeIgniter->handleRequest(null, Object(Config\Cache), false)
 7 SYSTEMPATH/Boot.php(334): CodeIgniter\CodeIgniter->run()
 8 SYSTEMPATH/Boot.php(67): CodeIgniter\Boot::runCodeIgniter(Object(CodeIgniter\CodeIgniter))
 9 FCPATH/index.php(56): CodeIgniter\Boot::bootWeb(Object(Config\Paths))
WARNING - 2025-12-15 13:52:34 --> [DEPRECATED] Passing lowercase HTTP method "post" is deprecated. Use uppercase HTTP method like "POST". in SYSTEMPATH/Router/RouteCollection.php on line 1026.
 1 SYSTEMPATH/Router/RouteCollection.php(1026): trigger_error('Passing lowercase HTTP method "post" is deprecated. Use uppercase HTTP method like "POST".', 16384)
 2 APPPATH/Config/Routes.php(131): CodeIgniter\Router\RouteCollection->match([...], 'locations/generarPDF', 'LocationsPdfController::generarPDF')
 3 SYSTEMPATH/Router/RouteCollection.php(339): require('/home/u976386866/domains/servipro.site/public_html/app/app/Config/Routes.php')
 4 SYSTEMPATH/CodeIgniter.php(821): CodeIgniter\Router\RouteCollection->loadRoutes()
 5 SYSTEMPATH/CodeIgniter.php(455): CodeIgniter\CodeIgniter->tryToRouteIt(null)
 6 SYSTEMPATH/CodeIgniter.php(354): CodeIgniter\CodeIgniter->handleRequest(null, Object(Config\Cache), false)
 7 SYSTEMPATH/Boot.php(334): CodeIgniter\CodeIgniter->run()
 8 SYSTEMPATH/Boot.php(67): CodeIgniter\Boot::runCodeIgniter(Object(CodeIgniter\CodeIgniter))
 9 FCPATH/index.php(56): CodeIgniter\Boot::bootWeb(Object(Config\Paths))
DEBUG - 2025-12-15 13:52:34 --> Session: Class initialized using 'CodeIgniter\Session\Handlers\FileHandler' driver.
WARNING - 2025-12-15 13:52:39 --> [DEPRECATED] Passing lowercase HTTP method "get" is deprecated. Use uppercase HTTP method like "GET". in SYSTEMPATH/Router/RouteCollection.php on line 1026.
 1 SYSTEMPATH/Router/RouteCollection.php(1026): trigger_error('Passing lowercase HTTP method "get" is deprecated. Use uppercase HTTP method like "GET".', 16384)
 2 APPPATH/Config/Routes.php(131): CodeIgniter\Router\RouteCollection->match([...], 'locations/generarPDF', 'LocationsPdfController::generarPDF')
 3 SYSTEMPATH/Router/RouteCollection.php(339): require('/home/u976386866/domains/servipro.site/public_html/app/app/Config/Routes.php')
 4 SYSTEMPATH/CodeIgniter.php(821): CodeIgniter\Router\RouteCollection->loadRoutes()
 5 SYSTEMPATH/CodeIgniter.php(455): CodeIgniter\CodeIgniter->tryToRouteIt(null)
 6 SYSTEMPATH/CodeIgniter.php(354): CodeIgniter\CodeIgniter->handleRequest(null, Object(Config\Cache), false)
 7 SYSTEMPATH/Boot.php(334): CodeIgniter\CodeIgniter->run()
 8 SYSTEMPATH/Boot.php(67): CodeIgniter\Boot::runCodeIgniter(Object(CodeIgniter\CodeIgniter))
 9 FCPATH/index.php(56): CodeIgniter\Boot::bootWeb(Object(Config\Paths))
WARNING - 2025-12-15 13:52:39 --> [DEPRECATED] Passing lowercase HTTP method "post" is deprecated. Use uppercase HTTP method like "POST". in SYSTEMPATH/Router/RouteCollection.php on line 1026.
 1 SYSTEMPATH/Router/RouteCollection.php(1026): trigger_error('Passing lowercase HTTP method "post" is deprecated. Use uppercase HTTP method like "POST".', 16384)
 2 APPPATH/Config/Routes.php(131): CodeIgniter\Router\RouteCollection->match([...], 'locations/generarPDF', 'LocationsPdfController::generarPDF')
 3 SYSTEMPATH/Router/RouteCollection.php(339): require('/home/u976386866/domains/servipro.site/public_html/app/app/Config/Routes.php')
 4 SYSTEMPATH/CodeIgniter.php(821): CodeIgniter\Router\RouteCollection->loadRoutes()
 5 SYSTEMPATH/CodeIgniter.php(455): CodeIgniter\CodeIgniter->tryToRouteIt(null)
 6 SYSTEMPATH/CodeIgniter.php(354): CodeIgniter\CodeIgniter->handleRequest(null, Object(Config\Cache), false)
 7 SYSTEMPATH/Boot.php(334): CodeIgniter\CodeIgniter->run()
 8 SYSTEMPATH/Boot.php(67): CodeIgniter\Boot::runCodeIgniter(Object(CodeIgniter\CodeIgniter))
 9 FCPATH/index.php(56): CodeIgniter\Boot::bootWeb(Object(Config\Paths))
DEBUG - 2025-12-15 13:52:39 --> Session: Class initialized using 'CodeIgniter\Session\Handlers\FileHandler' driver.
DEBUG - 2025-12-15 13:52:39 --> Iniciando carga de sedes
DEBUG - 2025-12-15 13:52:39 --> Sedes cargadas: [{"id":"17","nombre":"Bimbo Santa Maria","direccion":"Avenida ServiPro","ciudad":"CDMX","pais":"Mexico","fecha_creacion":"2025-04-03 13:01:50","estatus":"1"},{"id":"18","nombre":"Bimbo Azcapotzalco","direccion":"Av San Pablo Xalpa 520, San Martin Xochinahuac, Azcapotzalco, 02120 Ciudad de M\u00e9xico, CDMX","ciudad":"CDMC","pais":"M\u00e9xico","fecha_creacion":"2025-04-07 12:06:45","estatus":"1"},{"id":"21","nombre":"Bimbo Villahermosa","direccion":"Av. Cobre 105, Cd Industrial, 86010 Villahermosa, Tabasco","ciudad":"Villahermosa, Tabasco","pais":"M\u00e9xico","fecha_creacion":"2025-05-12 12:11:50","estatus":"1"},{"id":"22","nombre":"Totis Planta uno Botana","direccion":"Av. San Pablo Xalpa 520, San Mart\u00edn Xochinahuac, Azcapotzalco, 02120 Ciudad de M\u00e9xico, CDMX","ciudad":"CDMX","pais":"Mexico","fecha_creacion":"2025-05-28 09:41:53","estatus":"1"},{"id":"23","nombre":"BIMBO YUCAT\u00c1N","direccion":"CALLE 21, #426, INT 0, COL. CIUDAD INDUSTRIAL","ciudad":"M\u00c9RIDA","pais":"M\u00c9XICO","fecha_creacion":"2025-07-14 17:00:19","estatus":"1"},{"id":"24","nombre":"Bimbo Toluca","direccion":"Corredor Industrial, Mz 2, Lote E, Ex Rancho El Coecillo","ciudad":"Toluca","pais":"M\u00e9xico","fecha_creacion":"2025-07-28 13:39:14","estatus":"1"},{"id":"26","nombre":"Totis planta dos","direccion":"Eje oriente poniente no. 38, col. Ciudad industrial, CP 43800, Tizayuca, Hidalgo","ciudad":"Tizayuca","pais":"M\u00e9xico","fecha_creacion":"2025-10-27 16:30:54","estatus":"1"},{"id":"27","nombre":"Bimbo M\u00e9xico Santa Mar\u00eda ","direccion":"Mimosas 117, 118 Col. Santa Mar\u00eda Insurgentes Cuauht\u00e9moc CDMX ","ciudad":"CDMX","pais":"M\u00e9xico","fecha_creacion":"2025-11-02 10:48:40","estatus":"1"},{"id":"28","nombre":"HAZPAN-LONCHIBON","direccion":"EMILIANO ZAPATA 25, PQUE. IND. LERMA","ciudad":"TOLUCA","pais":"M\u00e9xico","fecha_creacion":"2025-11-27 11:43:59","estatus":"1"},{"id":"29","nombre":"Suandy Marinela Toluca","direccion":"Emiliano Zapata 25, Pque. Ind. Lerma","ciudad":"TOLUCA","pais":"M\u00e9xico","fecha_creacion":"2025-11-27 11:55:24","estatus":"1"},{"id":"30","nombre":"T\u00eda Rosa, Toluca ","direccion":"Benito Juarez Mz. 027","ciudad":"Sta. Ma. Totoltepec, Toluca","pais":"M\u00e9xico","fecha_creacion":"2025-11-27 11:56:59","estatus":"1"},{"id":"31","nombre":"Bimbo Norte","direccion":"Av. F\u00e9lix U. G\u00f3mez 4203, Coyoac\u00e1n, C.P. 64510","ciudad":"Monterrey N.L.","pais":"M\u00e9xico","fecha_creacion":"2025-11-28 15:45:37","estatus":"1"},{"id":"32","nombre":"PLANTA DE PRUEBA","direccion":"PRUEBAS","ciudad":"DCDS","pais":"MEXICO","fecha_creacion":"2025-12-07 18:59:44","estatus":"1"},{"id":"33","nombre":"BSL","direccion":"Eje 128 #135 manzana 3, zona industrial segunda secci\u00f3n ","ciudad":"San Luis Potos\u00ed","pais":"M\u00e9xico","fecha_creacion":"2025-12-08 21:23:56","estatus":"1"},{"id":"34","nombre":"Sanissimo Monterrey","direccion":"Manuel de la Pe\u00f1a y Pe\u00f1a #1020-5, Bella Vista","ciudad":"Monterrey N.L.","pais":"M\u00e9xico","fecha_creacion":"2025-12-08 21:28:12","estatus":"1"}]
WARNING - 2025-12-15 13:52:39 --> [DEPRECATED] Passing lowercase HTTP method "get" is deprecated. Use uppercase HTTP method like "GET". in SYSTEMPATH/Router/RouteCollection.php on line 1026.
 1 SYSTEMPATH/Router/RouteCollection.php(1026): trigger_error('Passing lowercase HTTP method "get" is deprecated. Use uppercase HTTP method like "GET".', 16384)
 2 APPPATH/Config/Routes.php(131): CodeIgniter\Router\RouteCollection->match([...], 'locations/generarPDF', 'LocationsPdfController::generarPDF')
 3 SYSTEMPATH/Router/RouteCollection.php(339): require('/home/u976386866/domains/servipro.site/public_html/app/app/Config/Routes.php')
 4 SYSTEMPATH/CodeIgniter.php(821): CodeIgniter\Router\RouteCollection->loadRoutes()
 5 SYSTEMPATH/CodeIgniter.php(455): CodeIgniter\CodeIgniter->tryToRouteIt(null)
 6 SYSTEMPATH/CodeIgniter.php(354): CodeIgniter\CodeIgniter->handleRequest(null, Object(Config\Cache), false)
 7 SYSTEMPATH/Boot.php(334): CodeIgniter\CodeIgniter->run()
 8 SYSTEMPATH/Boot.php(67): CodeIgniter\Boot::runCodeIgniter(Object(CodeIgniter\CodeIgniter))
 9 FCPATH/index.php(56): CodeIgniter\Boot::bootWeb(Object(Config\Paths))
WARNING - 2025-12-15 13:52:39 --> [DEPRECATED] Passing lowercase HTTP method "post" is deprecated. Use uppercase HTTP method like "POST". in SYSTEMPATH/Router/RouteCollection.php on line 1026.
 1 SYSTEMPATH/Router/RouteCollection.php(1026): trigger_error('Passing lowercase HTTP method "post" is deprecated. Use uppercase HTTP method like "POST".', 16384)
 2 APPPATH/Config/Routes.php(131): CodeIgniter\Router\RouteCollection->match([...], 'locations/generarPDF', 'LocationsPdfController::generarPDF')
 3 SYSTEMPATH/Router/RouteCollection.php(339): require('/home/u976386866/domains/servipro.site/public_html/app/app/Config/Routes.php')
 4 SYSTEMPATH/CodeIgniter.php(821): CodeIgniter\Router\RouteCollection->loadRoutes()
 5 SYSTEMPATH/CodeIgniter.php(455): CodeIgniter\CodeIgniter->tryToRouteIt(null)
 6 SYSTEMPATH/CodeIgniter.php(354): CodeIgniter\CodeIgniter->handleRequest(null, Object(Config\Cache), false)
 7 SYSTEMPATH/Boot.php(334): CodeIgniter\CodeIgniter->run()
 8 SYSTEMPATH/Boot.php(67): CodeIgniter\Boot::runCodeIgniter(Object(CodeIgniter\CodeIgniter))
 9 FCPATH/index.php(56): CodeIgniter\Boot::bootWeb(Object(Config\Paths))
DEBUG - 2025-12-15 13:52:39 --> Session: Class initialized using 'CodeIgniter\Session\Handlers\FileHandler' driver.
WARNING - 2025-12-15 13:53:00 --> [DEPRECATED] Passing lowercase HTTP method "get" is deprecated. Use uppercase HTTP method like "GET". in SYSTEMPATH/Router/RouteCollection.php on line 1026.
 1 SYSTEMPATH/Router/RouteCollection.php(1026): trigger_error('Passing lowercase HTTP method "get" is deprecated. Use uppercase HTTP method like "GET".', 16384)
 2 APPPATH/Config/Routes.php(131): CodeIgniter\Router\RouteCollection->match([...], 'locations/generarPDF', 'LocationsPdfController::generarPDF')
 3 SYSTEMPATH/Router/RouteCollection.php(339): require('/home/u976386866/domains/servipro.site/public_html/app/app/Config/Routes.php')
 4 SYSTEMPATH/CodeIgniter.php(821): CodeIgniter\Router\RouteCollection->loadRoutes()
 5 SYSTEMPATH/CodeIgniter.php(455): CodeIgniter\CodeIgniter->tryToRouteIt(null)
 6 SYSTEMPATH/CodeIgniter.php(354): CodeIgniter\CodeIgniter->handleRequest(null, Object(Config\Cache), false)
 7 SYSTEMPATH/Boot.php(334): CodeIgniter\CodeIgniter->run()
 8 SYSTEMPATH/Boot.php(67): CodeIgniter\Boot::runCodeIgniter(Object(CodeIgniter\CodeIgniter))
 9 FCPATH/index.php(56): CodeIgniter\Boot::bootWeb(Object(Config\Paths))
WARNING - 2025-12-15 13:53:00 --> [DEPRECATED] Passing lowercase HTTP method "post" is deprecated. Use uppercase HTTP method like "POST". in SYSTEMPATH/Router/RouteCollection.php on line 1026.
 1 SYSTEMPATH/Router/RouteCollection.php(1026): trigger_error('Passing lowercase HTTP method "post" is deprecated. Use uppercase HTTP method like "POST".', 16384)
 2 APPPATH/Config/Routes.php(131): CodeIgniter\Router\RouteCollection->match([...], 'locations/generarPDF', 'LocationsPdfController::generarPDF')
 3 SYSTEMPATH/Router/RouteCollection.php(339): require('/home/u976386866/domains/servipro.site/public_html/app/app/Config/Routes.php')
 4 SYSTEMPATH/CodeIgniter.php(821): CodeIgniter\Router\RouteCollection->loadRoutes()
 5 SYSTEMPATH/CodeIgniter.php(455): CodeIgniter\CodeIgniter->tryToRouteIt(null)
 6 SYSTEMPATH/CodeIgniter.php(354): CodeIgniter\CodeIgniter->handleRequest(null, Object(Config\Cache), false)
 7 SYSTEMPATH/Boot.php(334): CodeIgniter\CodeIgniter->run()
 8 SYSTEMPATH/Boot.php(67): CodeIgniter\Boot::runCodeIgniter(Object(CodeIgniter\CodeIgniter))
 9 FCPATH/index.php(56): CodeIgniter\Boot::bootWeb(Object(Config\Paths))
DEBUG - 2025-12-15 13:53:00 --> Session: Class initialized using 'CodeIgniter\Session\Handlers\FileHandler' driver.
WARNING - 2025-12-15 13:53:05 --> [DEPRECATED] Passing lowercase HTTP method "get" is deprecated. Use uppercase HTTP method like "GET". in SYSTEMPATH/Router/RouteCollection.php on line 1026.
 1 SYSTEMPATH/Router/RouteCollection.php(1026): trigger_error('Passing lowercase HTTP method "get" is deprecated. Use uppercase HTTP method like "GET".', 16384)
 2 APPPATH/Config/Routes.php(131): CodeIgniter\Router\RouteCollection->match([...], 'locations/generarPDF', 'LocationsPdfController::generarPDF')
 3 SYSTEMPATH/Router/RouteCollection.php(339): require('/home/u976386866/domains/servipro.site/public_html/app/app/Config/Routes.php')
 4 SYSTEMPATH/CodeIgniter.php(821): CodeIgniter\Router\RouteCollection->loadRoutes()
 5 SYSTEMPATH/CodeIgniter.php(455): CodeIgniter\CodeIgniter->tryToRouteIt(null)
 6 SYSTEMPATH/CodeIgniter.php(354): CodeIgniter\CodeIgniter->handleRequest(null, Object(Config\Cache), false)
 7 SYSTEMPATH/Boot.php(334): CodeIgniter\CodeIgniter->run()
 8 SYSTEMPATH/Boot.php(67): CodeIgniter\Boot::runCodeIgniter(Object(CodeIgniter\CodeIgniter))
 9 FCPATH/index.php(56): CodeIgniter\Boot::bootWeb(Object(Config\Paths))
WARNING - 2025-12-15 13:53:05 --> [DEPRECATED] Passing lowercase HTTP method "post" is deprecated. Use uppercase HTTP method like "POST". in SYSTEMPATH/Router/RouteCollection.php on line 1026.
 1 SYSTEMPATH/Router/RouteCollection.php(1026): trigger_error('Passing lowercase HTTP method "post" is deprecated. Use uppercase HTTP method like "POST".', 16384)
 2 APPPATH/Config/Routes.php(131): CodeIgniter\Router\RouteCollection->match([...], 'locations/generarPDF', 'LocationsPdfController::generarPDF')
 3 SYSTEMPATH/Router/RouteCollection.php(339): require('/home/u976386866/domains/servipro.site/public_html/app/app/Config/Routes.php')
 4 SYSTEMPATH/CodeIgniter.php(821): CodeIgniter\Router\RouteCollection->loadRoutes()
 5 SYSTEMPATH/CodeIgniter.php(455): CodeIgniter\CodeIgniter->tryToRouteIt(null)
 6 SYSTEMPATH/CodeIgniter.php(354): CodeIgniter\CodeIgniter->handleRequest(null, Object(Config\Cache), false)
 7 SYSTEMPATH/Boot.php(334): CodeIgniter\CodeIgniter->run()
 8 SYSTEMPATH/Boot.php(67): CodeIgniter\Boot::runCodeIgniter(Object(CodeIgniter\CodeIgniter))
 9 FCPATH/index.php(56): CodeIgniter\Boot::bootWeb(Object(Config\Paths))
DEBUG - 2025-12-15 13:53:05 --> Session: Class initialized using 'CodeIgniter\Session\Handlers\FileHandler' driver.
WARNING - 2025-12-15 13:53:15 --> [DEPRECATED] Passing lowercase HTTP method "get" is deprecated. Use uppercase HTTP method like "GET". in SYSTEMPATH/Router/RouteCollection.php on line 1026.
 1 SYSTEMPATH/Router/RouteCollection.php(1026): trigger_error('Passing lowercase HTTP method "get" is deprecated. Use uppercase HTTP method like "GET".', 16384)
 2 APPPATH/Config/Routes.php(131): CodeIgniter\Router\RouteCollection->match([...], 'locations/generarPDF', 'LocationsPdfController::generarPDF')
 3 SYSTEMPATH/Router/RouteCollection.php(339): require('/home/u976386866/domains/servipro.site/public_html/app/app/Config/Routes.php')
 4 SYSTEMPATH/CodeIgniter.php(821): CodeIgniter\Router\RouteCollection->loadRoutes()
 5 SYSTEMPATH/CodeIgniter.php(455): CodeIgniter\CodeIgniter->tryToRouteIt(null)
 6 SYSTEMPATH/CodeIgniter.php(354): CodeIgniter\CodeIgniter->handleRequest(null, Object(Config\Cache), false)
 7 SYSTEMPATH/Boot.php(334): CodeIgniter\CodeIgniter->run()
 8 SYSTEMPATH/Boot.php(67): CodeIgniter\Boot::runCodeIgniter(Object(CodeIgniter\CodeIgniter))
 9 FCPATH/index.php(56): CodeIgniter\Boot::bootWeb(Object(Config\Paths))
WARNING - 2025-12-15 13:53:15 --> [DEPRECATED] Passing lowercase HTTP method "post" is deprecated. Use uppercase HTTP method like "POST". in SYSTEMPATH/Router/RouteCollection.php on line 1026.
 1 SYSTEMPATH/Router/RouteCollection.php(1026): trigger_error('Passing lowercase HTTP method "post" is deprecated. Use uppercase HTTP method like "POST".', 16384)
 2 APPPATH/Config/Routes.php(131): CodeIgniter\Router\RouteCollection->match([...], 'locations/generarPDF', 'LocationsPdfController::generarPDF')
 3 SYSTEMPATH/Router/RouteCollection.php(339): require('/home/u976386866/domains/servipro.site/public_html/app/app/Config/Routes.php')
 4 SYSTEMPATH/CodeIgniter.php(821): CodeIgniter\Router\RouteCollection->loadRoutes()
 5 SYSTEMPATH/CodeIgniter.php(455): CodeIgniter\CodeIgniter->tryToRouteIt(null)
 6 SYSTEMPATH/CodeIgniter.php(354): CodeIgniter\CodeIgniter->handleRequest(null, Object(Config\Cache), false)
 7 SYSTEMPATH/Boot.php(334): CodeIgniter\CodeIgniter->run()
 8 SYSTEMPATH/Boot.php(67): CodeIgniter\Boot::runCodeIgniter(Object(CodeIgniter\CodeIgniter))
 9 FCPATH/index.php(56): CodeIgniter\Boot::bootWeb(Object(Config\Paths))
DEBUG - 2025-12-15 13:53:15 --> Session: Class initialized using 'CodeIgniter\Session\Handlers\FileHandler' driver.
WARNING - 2025-12-15 13:53:31 --> [DEPRECATED] Passing lowercase HTTP method "get" is deprecated. Use uppercase HTTP method like "GET". in SYSTEMPATH/Router/RouteCollection.php on line 1026.
 1 SYSTEMPATH/Router/RouteCollection.php(1026): trigger_error('Passing lowercase HTTP method "get" is deprecated. Use uppercase HTTP method like "GET".', 16384)
 2 APPPATH/Config/Routes.php(131): CodeIgniter\Router\RouteCollection->match([...], 'locations/generarPDF', 'LocationsPdfController::generarPDF')
 3 SYSTEMPATH/Router/RouteCollection.php(339): require('/home/u976386866/domains/servipro.site/public_html/app/app/Config/Routes.php')
 4 SYSTEMPATH/CodeIgniter.php(821): CodeIgniter\Router\RouteCollection->loadRoutes()
 5 SYSTEMPATH/CodeIgniter.php(455): CodeIgniter\CodeIgniter->tryToRouteIt(null)
 6 SYSTEMPATH/CodeIgniter.php(354): CodeIgniter\CodeIgniter->handleRequest(null, Object(Config\Cache), false)
 7 SYSTEMPATH/Boot.php(334): CodeIgniter\CodeIgniter->run()
 8 SYSTEMPATH/Boot.php(67): CodeIgniter\Boot::runCodeIgniter(Object(CodeIgniter\CodeIgniter))
 9 FCPATH/index.php(56): CodeIgniter\Boot::bootWeb(Object(Config\Paths))
WARNING - 2025-12-15 13:53:31 --> [DEPRECATED] Passing lowercase HTTP method "post" is deprecated. Use uppercase HTTP method like "POST". in SYSTEMPATH/Router/RouteCollection.php on line 1026.
 1 SYSTEMPATH/Router/RouteCollection.php(1026): trigger_error('Passing lowercase HTTP method "post" is deprecated. Use uppercase HTTP method like "POST".', 16384)
 2 APPPATH/Config/Routes.php(131): CodeIgniter\Router\RouteCollection->match([...], 'locations/generarPDF', 'LocationsPdfController::generarPDF')
 3 SYSTEMPATH/Router/RouteCollection.php(339): require('/home/u976386866/domains/servipro.site/public_html/app/app/Config/Routes.php')
 4 SYSTEMPATH/CodeIgniter.php(821): CodeIgniter\Router\RouteCollection->loadRoutes()
 5 SYSTEMPATH/CodeIgniter.php(455): CodeIgniter\CodeIgniter->tryToRouteIt(null)
 6 SYSTEMPATH/CodeIgniter.php(354): CodeIgniter\CodeIgniter->handleRequest(null, Object(Config\Cache), false)
 7 SYSTEMPATH/Boot.php(334): CodeIgniter\CodeIgniter->run()
 8 SYSTEMPATH/Boot.php(67): CodeIgniter\Boot::runCodeIgniter(Object(CodeIgniter\CodeIgniter))
 9 FCPATH/index.php(56): CodeIgniter\Boot::bootWeb(Object(Config\Paths))
WARNING - 2025-12-15 13:53:31 --> [DEPRECATED] Passing lowercase HTTP method "get" is deprecated. Use uppercase HTTP method like "GET". in SYSTEMPATH/Router/RouteCollection.php on line 1026.
 1 SYSTEMPATH/Router/RouteCollection.php(1026): trigger_error('Passing lowercase HTTP method "get" is deprecated. Use uppercase HTTP method like "GET".', 16384)
 2 APPPATH/Config/Routes.php(131): CodeIgniter\Router\RouteCollection->match([...], 'locations/generarPDF', 'LocationsPdfController::generarPDF')
 3 SYSTEMPATH/Router/RouteCollection.php(339): require('/home/u976386866/domains/servipro.site/public_html/app/app/Config/Routes.php')
 4 SYSTEMPATH/CodeIgniter.php(821): CodeIgniter\Router\RouteCollection->loadRoutes()
 5 SYSTEMPATH/CodeIgniter.php(455): CodeIgniter\CodeIgniter->tryToRouteIt(null)
 6 SYSTEMPATH/CodeIgniter.php(354): CodeIgniter\CodeIgniter->handleRequest(null, Object(Config\Cache), false)
 7 SYSTEMPATH/Boot.php(334): CodeIgniter\CodeIgniter->run()
 8 SYSTEMPATH/Boot.php(67): CodeIgniter\Boot::runCodeIgniter(Object(CodeIgniter\CodeIgniter))
 9 FCPATH/index.php(56): CodeIgniter\Boot::bootWeb(Object(Config\Paths))
WARNING - 2025-12-15 13:53:31 --> [DEPRECATED] Passing lowercase HTTP method "post" is deprecated. Use uppercase HTTP method like "POST". in SYSTEMPATH/Router/RouteCollection.php on line 1026.
 1 SYSTEMPATH/Router/RouteCollection.php(1026): trigger_error('Passing lowercase HTTP method "post" is deprecated. Use uppercase HTTP method like "POST".', 16384)
 2 APPPATH/Config/Routes.php(131): CodeIgniter\Router\RouteCollection->match([...], 'locations/generarPDF', 'LocationsPdfController::generarPDF')
 3 SYSTEMPATH/Router/RouteCollection.php(339): require('/home/u976386866/domains/servipro.site/public_html/app/app/Config/Routes.php')
 4 SYSTEMPATH/CodeIgniter.php(821): CodeIgniter\Router\RouteCollection->loadRoutes()
 5 SYSTEMPATH/CodeIgniter.php(455): CodeIgniter\CodeIgniter->tryToRouteIt(null)
 6 SYSTEMPATH/CodeIgniter.php(354): CodeIgniter\CodeIgniter->handleRequest(null, Object(Config\Cache), false)
 7 SYSTEMPATH/Boot.php(334): CodeIgniter\CodeIgniter->run()
 8 SYSTEMPATH/Boot.php(67): CodeIgniter\Boot::runCodeIgniter(Object(CodeIgniter\CodeIgniter))
 9 FCPATH/index.php(56): CodeIgniter\Boot::bootWeb(Object(Config\Paths))
WARNING - 2025-12-15 13:53:37 --> [DEPRECATED] Passing lowercase HTTP method "get" is deprecated. Use uppercase HTTP method like "GET". in SYSTEMPATH/Router/RouteCollection.php on line 1026.
 1 SYSTEMPATH/Router/RouteCollection.php(1026): trigger_error('Passing lowercase HTTP method "get" is deprecated. Use uppercase HTTP method like "GET".', 16384)
 2 APPPATH/Config/Routes.php(131): CodeIgniter\Router\RouteCollection->match([...], 'locations/generarPDF', 'LocationsPdfController::generarPDF')
 3 SYSTEMPATH/Router/RouteCollection.php(339): require('/home/u976386866/domains/servipro.site/public_html/app/app/Config/Routes.php')
 4 SYSTEMPATH/CodeIgniter.php(821): CodeIgniter\Router\RouteCollection->loadRoutes()
 5 SYSTEMPATH/CodeIgniter.php(455): CodeIgniter\CodeIgniter->tryToRouteIt(null)
 6 SYSTEMPATH/CodeIgniter.php(354): CodeIgniter\CodeIgniter->handleRequest(null, Object(Config\Cache), false)
 7 SYSTEMPATH/Boot.php(334): CodeIgniter\CodeIgniter->run()
 8 SYSTEMPATH/Boot.php(67): CodeIgniter\Boot::runCodeIgniter(Object(CodeIgniter\CodeIgniter))
 9 FCPATH/index.php(56): CodeIgniter\Boot::bootWeb(Object(Config\Paths))
WARNING - 2025-12-15 13:53:37 --> [DEPRECATED] Passing lowercase HTTP method "post" is deprecated. Use uppercase HTTP method like "POST". in SYSTEMPATH/Router/RouteCollection.php on line 1026.
 1 SYSTEMPATH/Router/RouteCollection.php(1026): trigger_error('Passing lowercase HTTP method "post" is deprecated. Use uppercase HTTP method like "POST".', 16384)
 2 APPPATH/Config/Routes.php(131): CodeIgniter\Router\RouteCollection->match([...], 'locations/generarPDF', 'LocationsPdfController::generarPDF')
 3 SYSTEMPATH/Router/RouteCollection.php(339): require('/home/u976386866/domains/servipro.site/public_html/app/app/Config/Routes.php')
 4 SYSTEMPATH/CodeIgniter.php(821): CodeIgniter\Router\RouteCollection->loadRoutes()
 5 SYSTEMPATH/CodeIgniter.php(455): CodeIgniter\CodeIgniter->tryToRouteIt(null)
 6 SYSTEMPATH/CodeIgniter.php(354): CodeIgniter\CodeIgniter->handleRequest(null, Object(Config\Cache), false)
 7 SYSTEMPATH/Boot.php(334): CodeIgniter\CodeIgniter->run()
 8 SYSTEMPATH/Boot.php(67): CodeIgniter\Boot::runCodeIgniter(Object(CodeIgniter\CodeIgniter))
 9 FCPATH/index.php(56): CodeIgniter\Boot::bootWeb(Object(Config\Paths))
DEBUG - 2025-12-15 13:53:37 --> Session: Class initialized using 'CodeIgniter\Session\Handlers\FileHandler' driver.
WARNING - 2025-12-15 13:53:37 --> [DEPRECATED] Passing lowercase HTTP method "get" is deprecated. Use uppercase HTTP method like "GET". in SYSTEMPATH/Router/RouteCollection.php on line 1026.
 1 SYSTEMPATH/Router/RouteCollection.php(1026): trigger_error('Passing lowercase HTTP method "get" is deprecated. Use uppercase HTTP method like "GET".', 16384)
 2 APPPATH/Config/Routes.php(131): CodeIgniter\Router\RouteCollection->match([...], 'locations/generarPDF', 'LocationsPdfController::generarPDF')
 3 SYSTEMPATH/Router/RouteCollection.php(339): require('/home/u976386866/domains/servipro.site/public_html/app/app/Config/Routes.php')
 4 SYSTEMPATH/CodeIgniter.php(821): CodeIgniter\Router\RouteCollection->loadRoutes()
 5 SYSTEMPATH/CodeIgniter.php(455): CodeIgniter\CodeIgniter->tryToRouteIt(null)
 6 SYSTEMPATH/CodeIgniter.php(354): CodeIgniter\CodeIgniter->handleRequest(null, Object(Config\Cache), false)
 7 SYSTEMPATH/Boot.php(334): CodeIgniter\CodeIgniter->run()
 8 SYSTEMPATH/Boot.php(67): CodeIgniter\Boot::runCodeIgniter(Object(CodeIgniter\CodeIgniter))
 9 FCPATH/index.php(56): CodeIgniter\Boot::bootWeb(Object(Config\Paths))
WARNING - 2025-12-15 13:53:37 --> [DEPRECATED] Passing lowercase HTTP method "post" is deprecated. Use uppercase HTTP method like "POST". in SYSTEMPATH/Router/RouteCollection.php on line 1026.
 1 SYSTEMPATH/Router/RouteCollection.php(1026): trigger_error('Passing lowercase HTTP method "post" is deprecated. Use uppercase HTTP method like "POST".', 16384)
 2 APPPATH/Config/Routes.php(131): CodeIgniter\Router\RouteCollection->match([...], 'locations/generarPDF', 'LocationsPdfController::generarPDF')
 3 SYSTEMPATH/Router/RouteCollection.php(339): require('/home/u976386866/domains/servipro.site/public_html/app/app/Config/Routes.php')
 4 SYSTEMPATH/CodeIgniter.php(821): CodeIgniter\Router\RouteCollection->loadRoutes()
 5 SYSTEMPATH/CodeIgniter.php(455): CodeIgniter\CodeIgniter->tryToRouteIt(null)
 6 SYSTEMPATH/CodeIgniter.php(354): CodeIgniter\CodeIgniter->handleRequest(null, Object(Config\Cache), false)
 7 SYSTEMPATH/Boot.php(334): CodeIgniter\CodeIgniter->run()
 8 SYSTEMPATH/Boot.php(67): CodeIgniter\Boot::runCodeIgniter(Object(CodeIgniter\CodeIgniter))
 9 FCPATH/index.php(56): CodeIgniter\Boot::bootWeb(Object(Config\Paths))
WARNING - 2025-12-15 13:53:41 --> [DEPRECATED] Passing lowercase HTTP method "get" is deprecated. Use uppercase HTTP method like "GET". in SYSTEMPATH/Router/RouteCollection.php on line 1026.
 1 SYSTEMPATH/Router/RouteCollection.php(1026): trigger_error('Passing lowercase HTTP method "get" is deprecated. Use uppercase HTTP method like "GET".', 16384)
 2 APPPATH/Config/Routes.php(131): CodeIgniter\Router\RouteCollection->match([...], 'locations/generarPDF', 'LocationsPdfController::generarPDF')
 3 SYSTEMPATH/Router/RouteCollection.php(339): require('/home/u976386866/domains/servipro.site/public_html/app/app/Config/Routes.php')
 4 SYSTEMPATH/CodeIgniter.php(821): CodeIgniter\Router\RouteCollection->loadRoutes()
 5 SYSTEMPATH/CodeIgniter.php(455): CodeIgniter\CodeIgniter->tryToRouteIt(null)
 6 SYSTEMPATH/CodeIgniter.php(354): CodeIgniter\CodeIgniter->handleRequest(null, Object(Config\Cache), false)
 7 SYSTEMPATH/Boot.php(334): CodeIgniter\CodeIgniter->run()
 8 SYSTEMPATH/Boot.php(67): CodeIgniter\Boot::runCodeIgniter(Object(CodeIgniter\CodeIgniter))
 9 FCPATH/index.php(56): CodeIgniter\Boot::bootWeb(Object(Config\Paths))
WARNING - 2025-12-15 13:53:41 --> [DEPRECATED] Passing lowercase HTTP method "post" is deprecated. Use uppercase HTTP method like "POST". in SYSTEMPATH/Router/RouteCollection.php on line 1026.
 1 SYSTEMPATH/Router/RouteCollection.php(1026): trigger_error('Passing lowercase HTTP method "post" is deprecated. Use uppercase HTTP method like "POST".', 16384)
 2 APPPATH/Config/Routes.php(131): CodeIgniter\Router\RouteCollection->match([...], 'locations/generarPDF', 'LocationsPdfController::generarPDF')
 3 SYSTEMPATH/Router/RouteCollection.php(339): require('/home/u976386866/domains/servipro.site/public_html/app/app/Config/Routes.php')
 4 SYSTEMPATH/CodeIgniter.php(821): CodeIgniter\Router\RouteCollection->loadRoutes()
 5 SYSTEMPATH/CodeIgniter.php(455): CodeIgniter\CodeIgniter->tryToRouteIt(null)
 6 SYSTEMPATH/CodeIgniter.php(354): CodeIgniter\CodeIgniter->handleRequest(null, Object(Config\Cache), false)
 7 SYSTEMPATH/Boot.php(334): CodeIgniter\CodeIgniter->run()
 8 SYSTEMPATH/Boot.php(67): CodeIgniter\Boot::runCodeIgniter(Object(CodeIgniter\CodeIgniter))
 9 FCPATH/index.php(56): CodeIgniter\Boot::bootWeb(Object(Config\Paths))
DEBUG - 2025-12-15 13:53:41 --> Session: Class initialized using 'CodeIgniter\Session\Handlers\FileHandler' driver.
WARNING - 2025-12-15 13:53:44 --> [DEPRECATED] Passing lowercase HTTP method "get" is deprecated. Use uppercase HTTP method like "GET". in SYSTEMPATH/Router/RouteCollection.php on line 1026.
 1 SYSTEMPATH/Router/RouteCollection.php(1026): trigger_error('Passing lowercase HTTP method "get" is deprecated. Use uppercase HTTP method like "GET".', 16384)
 2 APPPATH/Config/Routes.php(131): CodeIgniter\Router\RouteCollection->match([...], 'locations/generarPDF', 'LocationsPdfController::generarPDF')
 3 SYSTEMPATH/Router/RouteCollection.php(339): require('/home/u976386866/domains/servipro.site/public_html/app/app/Config/Routes.php')
 4 SYSTEMPATH/CodeIgniter.php(821): CodeIgniter\Router\RouteCollection->loadRoutes()
 5 SYSTEMPATH/CodeIgniter.php(455): CodeIgniter\CodeIgniter->tryToRouteIt(null)
 6 SYSTEMPATH/CodeIgniter.php(354): CodeIgniter\CodeIgniter->handleRequest(null, Object(Config\Cache), false)
 7 SYSTEMPATH/Boot.php(334): CodeIgniter\CodeIgniter->run()
 8 SYSTEMPATH/Boot.php(67): CodeIgniter\Boot::runCodeIgniter(Object(CodeIgniter\CodeIgniter))
 9 FCPATH/index.php(56): CodeIgniter\Boot::bootWeb(Object(Config\Paths))
WARNING - 2025-12-15 13:53:44 --> [DEPRECATED] Passing lowercase HTTP method "post" is deprecated. Use uppercase HTTP method like "POST". in SYSTEMPATH/Router/RouteCollection.php on line 1026.
 1 SYSTEMPATH/Router/RouteCollection.php(1026): trigger_error('Passing lowercase HTTP method "post" is deprecated. Use uppercase HTTP method like "POST".', 16384)
 2 APPPATH/Config/Routes.php(131): CodeIgniter\Router\RouteCollection->match([...], 'locations/generarPDF', 'LocationsPdfController::generarPDF')
 3 SYSTEMPATH/Router/RouteCollection.php(339): require('/home/u976386866/domains/servipro.site/public_html/app/app/Config/Routes.php')
 4 SYSTEMPATH/CodeIgniter.php(821): CodeIgniter\Router\RouteCollection->loadRoutes()
 5 SYSTEMPATH/CodeIgniter.php(455): CodeIgniter\CodeIgniter->tryToRouteIt(null)
 6 SYSTEMPATH/CodeIgniter.php(354): CodeIgniter\CodeIgniter->handleRequest(null, Object(Config\Cache), false)
 7 SYSTEMPATH/Boot.php(334): CodeIgniter\CodeIgniter->run()
 8 SYSTEMPATH/Boot.php(67): CodeIgniter\Boot::runCodeIgniter(Object(CodeIgniter\CodeIgniter))
 9 FCPATH/index.php(56): CodeIgniter\Boot::bootWeb(Object(Config\Paths))
DEBUG - 2025-12-15 13:53:44 --> Session: Class initialized using 'CodeIgniter\Session\Handlers\FileHandler' driver.
DEBUG - 2025-12-15 13:53:44 --> Iniciando carga de sedes
DEBUG - 2025-12-15 13:53:44 --> Sedes cargadas: [{"id":"17","nombre":"Bimbo Santa Maria","direccion":"Avenida ServiPro","ciudad":"CDMX","pais":"Mexico","fecha_creacion":"2025-04-03 13:01:50","estatus":"1"},{"id":"18","nombre":"Bimbo Azcapotzalco","direccion":"Av San Pablo Xalpa 520, San Martin Xochinahuac, Azcapotzalco, 02120 Ciudad de M\u00e9xico, CDMX","ciudad":"CDMC","pais":"M\u00e9xico","fecha_creacion":"2025-04-07 12:06:45","estatus":"1"},{"id":"21","nombre":"Bimbo Villahermosa","direccion":"Av. Cobre 105, Cd Industrial, 86010 Villahermosa, Tabasco","ciudad":"Villahermosa, Tabasco","pais":"M\u00e9xico","fecha_creacion":"2025-05-12 12:11:50","estatus":"1"},{"id":"22","nombre":"Totis Planta uno Botana","direccion":"Av. San Pablo Xalpa 520, San Mart\u00edn Xochinahuac, Azcapotzalco, 02120 Ciudad de M\u00e9xico, CDMX","ciudad":"CDMX","pais":"Mexico","fecha_creacion":"2025-05-28 09:41:53","estatus":"1"},{"id":"23","nombre":"BIMBO YUCAT\u00c1N","direccion":"CALLE 21, #426, INT 0, COL. CIUDAD INDUSTRIAL","ciudad":"M\u00c9RIDA","pais":"M\u00c9XICO","fecha_creacion":"2025-07-14 17:00:19","estatus":"1"},{"id":"24","nombre":"Bimbo Toluca","direccion":"Corredor Industrial, Mz 2, Lote E, Ex Rancho El Coecillo","ciudad":"Toluca","pais":"M\u00e9xico","fecha_creacion":"2025-07-28 13:39:14","estatus":"1"},{"id":"26","nombre":"Totis planta dos","direccion":"Eje oriente poniente no. 38, col. Ciudad industrial, CP 43800, Tizayuca, Hidalgo","ciudad":"Tizayuca","pais":"M\u00e9xico","fecha_creacion":"2025-10-27 16:30:54","estatus":"1"},{"id":"27","nombre":"Bimbo M\u00e9xico Santa Mar\u00eda ","direccion":"Mimosas 117, 118 Col. Santa Mar\u00eda Insurgentes Cuauht\u00e9moc CDMX ","ciudad":"CDMX","pais":"M\u00e9xico","fecha_creacion":"2025-11-02 10:48:40","estatus":"1"},{"id":"28","nombre":"HAZPAN-LONCHIBON","direccion":"EMILIANO ZAPATA 25, PQUE. IND. LERMA","ciudad":"TOLUCA","pais":"M\u00e9xico","fecha_creacion":"2025-11-27 11:43:59","estatus":"1"},{"id":"29","nombre":"Suandy Marinela Toluca","direccion":"Emiliano Zapata 25, Pque. Ind. Lerma","ciudad":"TOLUCA","pais":"M\u00e9xico","fecha_creacion":"2025-11-27 11:55:24","estatus":"1"},{"id":"30","nombre":"T\u00eda Rosa, Toluca ","direccion":"Benito Juarez Mz. 027","ciudad":"Sta. Ma. Totoltepec, Toluca","pais":"M\u00e9xico","fecha_creacion":"2025-11-27 11:56:59","estatus":"1"},{"id":"31","nombre":"Bimbo Norte","direccion":"Av. F\u00e9lix U. G\u00f3mez 4203, Coyoac\u00e1n, C.P. 64510","ciudad":"Monterrey N.L.","pais":"M\u00e9xico","fecha_creacion":"2025-11-28 15:45:37","estatus":"1"},{"id":"32","nombre":"PLANTA DE PRUEBA","direccion":"PRUEBAS","ciudad":"DCDS","pais":"MEXICO","fecha_creacion":"2025-12-07 18:59:44","estatus":"1"},{"id":"33","nombre":"BSL","direccion":"Eje 128 #135 manzana 3, zona industrial segunda secci\u00f3n ","ciudad":"San Luis Potos\u00ed","pais":"M\u00e9xico","fecha_creacion":"2025-12-08 21:23:56","estatus":"1"},{"id":"34","nombre":"Sanissimo Monterrey","direccion":"Manuel de la Pe\u00f1a y Pe\u00f1a #1020-5, Bella Vista","ciudad":"Monterrey N.L.","pais":"M\u00e9xico","fecha_creacion":"2025-12-08 21:28:12","estatus":"1"}]
WARNING - 2025-12-15 13:54:14 --> [DEPRECATED] Passing lowercase HTTP method "get" is deprecated. Use uppercase HTTP method like "GET". in SYSTEMPATH/Router/RouteCollection.php on line 1026.
 1 SYSTEMPATH/Router/RouteCollection.php(1026): trigger_error('Passing lowercase HTTP method "get" is deprecated. Use uppercase HTTP method like "GET".', 16384)
 2 APPPATH/Config/Routes.php(131): CodeIgniter\Router\RouteCollection->match([...], 'locations/generarPDF', 'LocationsPdfController::generarPDF')
 3 SYSTEMPATH/Router/RouteCollection.php(339): require('/home/u976386866/domains/servipro.site/public_html/app/app/Config/Routes.php')
 4 SYSTEMPATH/CodeIgniter.php(821): CodeIgniter\Router\RouteCollection->loadRoutes()
 5 SYSTEMPATH/CodeIgniter.php(455): CodeIgniter\CodeIgniter->tryToRouteIt(null)
 6 SYSTEMPATH/CodeIgniter.php(354): CodeIgniter\CodeIgniter->handleRequest(null, Object(Config\Cache), false)
 7 SYSTEMPATH/Boot.php(334): CodeIgniter\CodeIgniter->run()
 8 SYSTEMPATH/Boot.php(67): CodeIgniter\Boot::runCodeIgniter(Object(CodeIgniter\CodeIgniter))
 9 FCPATH/index.php(56): CodeIgniter\Boot::bootWeb(Object(Config\Paths))
WARNING - 2025-12-15 13:54:14 --> [DEPRECATED] Passing lowercase HTTP method "post" is deprecated. Use uppercase HTTP method like "POST". in SYSTEMPATH/Router/RouteCollection.php on line 1026.
 1 SYSTEMPATH/Router/RouteCollection.php(1026): trigger_error('Passing lowercase HTTP method "post" is deprecated. Use uppercase HTTP method like "POST".', 16384)
 2 APPPATH/Config/Routes.php(131): CodeIgniter\Router\RouteCollection->match([...], 'locations/generarPDF', 'LocationsPdfController::generarPDF')
 3 SYSTEMPATH/Router/RouteCollection.php(339): require('/home/u976386866/domains/servipro.site/public_html/app/app/Config/Routes.php')
 4 SYSTEMPATH/CodeIgniter.php(821): CodeIgniter\Router\RouteCollection->loadRoutes()
 5 SYSTEMPATH/CodeIgniter.php(455): CodeIgniter\CodeIgniter->tryToRouteIt(null)
 6 SYSTEMPATH/CodeIgniter.php(354): CodeIgniter\CodeIgniter->handleRequest(null, Object(Config\Cache), false)
 7 SYSTEMPATH/Boot.php(334): CodeIgniter\CodeIgniter->run()
 8 SYSTEMPATH/Boot.php(67): CodeIgniter\Boot::runCodeIgniter(Object(CodeIgniter\CodeIgniter))
 9 FCPATH/index.php(56): CodeIgniter\Boot::bootWeb(Object(Config\Paths))
DEBUG - 2025-12-15 13:54:14 --> Session: Class initialized using 'CodeIgniter\Session\Handlers\FileHandler' driver.
WARNING - 2025-12-15 13:54:19 --> [DEPRECATED] Passing lowercase HTTP method "get" is deprecated. Use uppercase HTTP method like "GET". in SYSTEMPATH/Router/RouteCollection.php on line 1026.
 1 SYSTEMPATH/Router/RouteCollection.php(1026): trigger_error('Passing lowercase HTTP method "get" is deprecated. Use uppercase HTTP method like "GET".', 16384)
 2 APPPATH/Config/Routes.php(131): CodeIgniter\Router\RouteCollection->match([...], 'locations/generarPDF', 'LocationsPdfController::generarPDF')
 3 SYSTEMPATH/Router/RouteCollection.php(339): require('/home/u976386866/domains/servipro.site/public_html/app/app/Config/Routes.php')
 4 SYSTEMPATH/CodeIgniter.php(821): CodeIgniter\Router\RouteCollection->loadRoutes()
 5 SYSTEMPATH/CodeIgniter.php(455): CodeIgniter\CodeIgniter->tryToRouteIt(null)
 6 SYSTEMPATH/CodeIgniter.php(354): CodeIgniter\CodeIgniter->handleRequest(null, Object(Config\Cache), false)
 7 SYSTEMPATH/Boot.php(334): CodeIgniter\CodeIgniter->run()
 8 SYSTEMPATH/Boot.php(67): CodeIgniter\Boot::runCodeIgniter(Object(CodeIgniter\CodeIgniter))
 9 FCPATH/index.php(56): CodeIgniter\Boot::bootWeb(Object(Config\Paths))
WARNING - 2025-12-15 13:54:19 --> [DEPRECATED] Passing lowercase HTTP method "post" is deprecated. Use uppercase HTTP method like "POST". in SYSTEMPATH/Router/RouteCollection.php on line 1026.
 1 SYSTEMPATH/Router/RouteCollection.php(1026): trigger_error('Passing lowercase HTTP method "post" is deprecated. Use uppercase HTTP method like "POST".', 16384)
 2 APPPATH/Config/Routes.php(131): CodeIgniter\Router\RouteCollection->match([...], 'locations/generarPDF', 'LocationsPdfController::generarPDF')
 3 SYSTEMPATH/Router/RouteCollection.php(339): require('/home/u976386866/domains/servipro.site/public_html/app/app/Config/Routes.php')
 4 SYSTEMPATH/CodeIgniter.php(821): CodeIgniter\Router\RouteCollection->loadRoutes()
 5 SYSTEMPATH/CodeIgniter.php(455): CodeIgniter\CodeIgniter->tryToRouteIt(null)
 6 SYSTEMPATH/CodeIgniter.php(354): CodeIgniter\CodeIgniter->handleRequest(null, Object(Config\Cache), false)
 7 SYSTEMPATH/Boot.php(334): CodeIgniter\CodeIgniter->run()
 8 SYSTEMPATH/Boot.php(67): CodeIgniter\Boot::runCodeIgniter(Object(CodeIgniter\CodeIgniter))
 9 FCPATH/index.php(56): CodeIgniter\Boot::bootWeb(Object(Config\Paths))
DEBUG - 2025-12-15 13:54:19 --> Session: Class initialized using 'CodeIgniter\Session\Handlers\FileHandler' driver.
WARNING - 2025-12-15 13:54:32 --> [DEPRECATED] Passing lowercase HTTP method "get" is deprecated. Use uppercase HTTP method like "GET". in SYSTEMPATH/Router/RouteCollection.php on line 1026.
 1 SYSTEMPATH/Router/RouteCollection.php(1026): trigger_error('Passing lowercase HTTP method "get" is deprecated. Use uppercase HTTP method like "GET".', 16384)
 2 APPPATH/Config/Routes.php(131): CodeIgniter\Router\RouteCollection->match([...], 'locations/generarPDF', 'LocationsPdfController::generarPDF')
 3 SYSTEMPATH/Router/RouteCollection.php(339): require('/home/u976386866/domains/servipro.site/public_html/app/app/Config/Routes.php')
 4 SYSTEMPATH/CodeIgniter.php(821): CodeIgniter\Router\RouteCollection->loadRoutes()
 5 SYSTEMPATH/CodeIgniter.php(455): CodeIgniter\CodeIgniter->tryToRouteIt(null)
 6 SYSTEMPATH/CodeIgniter.php(354): CodeIgniter\CodeIgniter->handleRequest(null, Object(Config\Cache), false)
 7 SYSTEMPATH/Boot.php(334): CodeIgniter\CodeIgniter->run()
 8 SYSTEMPATH/Boot.php(67): CodeIgniter\Boot::runCodeIgniter(Object(CodeIgniter\CodeIgniter))
 9 FCPATH/index.php(56): CodeIgniter\Boot::bootWeb(Object(Config\Paths))
WARNING - 2025-12-15 13:54:32 --> [DEPRECATED] Passing lowercase HTTP method "post" is deprecated. Use uppercase HTTP method like "POST". in SYSTEMPATH/Router/RouteCollection.php on line 1026.
 1 SYSTEMPATH/Router/RouteCollection.php(1026): trigger_error('Passing lowercase HTTP method "post" is deprecated. Use uppercase HTTP method like "POST".', 16384)
 2 APPPATH/Config/Routes.php(131): CodeIgniter\Router\RouteCollection->match([...], 'locations/generarPDF', 'LocationsPdfController::generarPDF')
 3 SYSTEMPATH/Router/RouteCollection.php(339): require('/home/u976386866/domains/servipro.site/public_html/app/app/Config/Routes.php')
 4 SYSTEMPATH/CodeIgniter.php(821): CodeIgniter\Router\RouteCollection->loadRoutes()
 5 SYSTEMPATH/CodeIgniter.php(455): CodeIgniter\CodeIgniter->tryToRouteIt(null)
 6 SYSTEMPATH/CodeIgniter.php(354): CodeIgniter\CodeIgniter->handleRequest(null, Object(Config\Cache), false)
 7 SYSTEMPATH/Boot.php(334): CodeIgniter\CodeIgniter->run()
 8 SYSTEMPATH/Boot.php(67): CodeIgniter\Boot::runCodeIgniter(Object(CodeIgniter\CodeIgniter))
 9 FCPATH/index.php(56): CodeIgniter\Boot::bootWeb(Object(Config\Paths))
DEBUG - 2025-12-15 13:54:32 --> Session: Class initialized using 'CodeIgniter\Session\Handlers\FileHandler' driver.
WARNING - 2025-12-15 13:54:35 --> [DEPRECATED] Passing lowercase HTTP method "get" is deprecated. Use uppercase HTTP method like "GET". in SYSTEMPATH/Router/RouteCollection.php on line 1026.
 1 SYSTEMPATH/Router/RouteCollection.php(1026): trigger_error('Passing lowercase HTTP method "get" is deprecated. Use uppercase HTTP method like "GET".', 16384)
 2 APPPATH/Config/Routes.php(131): CodeIgniter\Router\RouteCollection->match([...], 'locations/generarPDF', 'LocationsPdfController::generarPDF')
 3 SYSTEMPATH/Router/RouteCollection.php(339): require('/home/u976386866/domains/servipro.site/public_html/app/app/Config/Routes.php')
 4 SYSTEMPATH/CodeIgniter.php(821): CodeIgniter\Router\RouteCollection->loadRoutes()
 5 SYSTEMPATH/CodeIgniter.php(455): CodeIgniter\CodeIgniter->tryToRouteIt(null)
 6 SYSTEMPATH/CodeIgniter.php(354): CodeIgniter\CodeIgniter->handleRequest(null, Object(Config\Cache), false)
 7 SYSTEMPATH/Boot.php(334): CodeIgniter\CodeIgniter->run()
 8 SYSTEMPATH/Boot.php(67): CodeIgniter\Boot::runCodeIgniter(Object(CodeIgniter\CodeIgniter))
 9 FCPATH/index.php(56): CodeIgniter\Boot::bootWeb(Object(Config\Paths))
WARNING - 2025-12-15 13:54:35 --> [DEPRECATED] Passing lowercase HTTP method "post" is deprecated. Use uppercase HTTP method like "POST". in SYSTEMPATH/Router/RouteCollection.php on line 1026.
 1 SYSTEMPATH/Router/RouteCollection.php(1026): trigger_error('Passing lowercase HTTP method "post" is deprecated. Use uppercase HTTP method like "POST".', 16384)
 2 APPPATH/Config/Routes.php(131): CodeIgniter\Router\RouteCollection->match([...], 'locations/generarPDF', 'LocationsPdfController::generarPDF')
 3 SYSTEMPATH/Router/RouteCollection.php(339): require('/home/u976386866/domains/servipro.site/public_html/app/app/Config/Routes.php')
 4 SYSTEMPATH/CodeIgniter.php(821): CodeIgniter\Router\RouteCollection->loadRoutes()
 5 SYSTEMPATH/CodeIgniter.php(455): CodeIgniter\CodeIgniter->tryToRouteIt(null)
 6 SYSTEMPATH/CodeIgniter.php(354): CodeIgniter\CodeIgniter->handleRequest(null, Object(Config\Cache), false)
 7 SYSTEMPATH/Boot.php(334): CodeIgniter\CodeIgniter->run()
 8 SYSTEMPATH/Boot.php(67): CodeIgniter\Boot::runCodeIgniter(Object(CodeIgniter\CodeIgniter))
 9 FCPATH/index.php(56): CodeIgniter\Boot::bootWeb(Object(Config\Paths))
DEBUG - 2025-12-15 13:54:35 --> Session: Class initialized using 'CodeIgniter\Session\Handlers\FileHandler' driver.
WARNING - 2025-12-15 13:54:49 --> [DEPRECATED] Passing lowercase HTTP method "get" is deprecated. Use uppercase HTTP method like "GET". in SYSTEMPATH/Router/RouteCollection.php on line 1026.
 1 SYSTEMPATH/Router/RouteCollection.php(1026): trigger_error('Passing lowercase HTTP method "get" is deprecated. Use uppercase HTTP method like "GET".', 16384)
 2 APPPATH/Config/Routes.php(131): CodeIgniter\Router\RouteCollection->match([...], 'locations/generarPDF', 'LocationsPdfController::generarPDF')
 3 SYSTEMPATH/Router/RouteCollection.php(339): require('/home/u976386866/domains/servipro.site/public_html/app/app/Config/Routes.php')
 4 SYSTEMPATH/CodeIgniter.php(821): CodeIgniter\Router\RouteCollection->loadRoutes()
 5 SYSTEMPATH/CodeIgniter.php(455): CodeIgniter\CodeIgniter->tryToRouteIt(null)
 6 SYSTEMPATH/CodeIgniter.php(354): CodeIgniter\CodeIgniter->handleRequest(null, Object(Config\Cache), false)
 7 SYSTEMPATH/Boot.php(334): CodeIgniter\CodeIgniter->run()
 8 SYSTEMPATH/Boot.php(67): CodeIgniter\Boot::runCodeIgniter(Object(CodeIgniter\CodeIgniter))
 9 FCPATH/index.php(56): CodeIgniter\Boot::bootWeb(Object(Config\Paths))
WARNING - 2025-12-15 13:54:49 --> [DEPRECATED] Passing lowercase HTTP method "post" is deprecated. Use uppercase HTTP method like "POST". in SYSTEMPATH/Router/RouteCollection.php on line 1026.
 1 SYSTEMPATH/Router/RouteCollection.php(1026): trigger_error('Passing lowercase HTTP method "post" is deprecated. Use uppercase HTTP method like "POST".', 16384)
 2 APPPATH/Config/Routes.php(131): CodeIgniter\Router\RouteCollection->match([...], 'locations/generarPDF', 'LocationsPdfController::generarPDF')
 3 SYSTEMPATH/Router/RouteCollection.php(339): require('/home/u976386866/domains/servipro.site/public_html/app/app/Config/Routes.php')
 4 SYSTEMPATH/CodeIgniter.php(821): CodeIgniter\Router\RouteCollection->loadRoutes()
 5 SYSTEMPATH/CodeIgniter.php(455): CodeIgniter\CodeIgniter->tryToRouteIt(null)
 6 SYSTEMPATH/CodeIgniter.php(354): CodeIgniter\CodeIgniter->handleRequest(null, Object(Config\Cache), false)
 7 SYSTEMPATH/Boot.php(334): CodeIgniter\CodeIgniter->run()
 8 SYSTEMPATH/Boot.php(67): CodeIgniter\Boot::runCodeIgniter(Object(CodeIgniter\CodeIgniter))
 9 FCPATH/index.php(56): CodeIgniter\Boot::bootWeb(Object(Config\Paths))
DEBUG - 2025-12-15 13:54:49 --> Session: Class initialized using 'CodeIgniter\Session\Handlers\FileHandler' driver.
WARNING - 2025-12-15 13:54:49 --> [DEPRECATED] Passing lowercase HTTP method "get" is deprecated. Use uppercase HTTP method like "GET". in SYSTEMPATH/Router/RouteCollection.php on line 1026.
 1 SYSTEMPATH/Router/RouteCollection.php(1026): trigger_error('Passing lowercase HTTP method "get" is deprecated. Use uppercase HTTP method like "GET".', 16384)
 2 APPPATH/Config/Routes.php(131): CodeIgniter\Router\RouteCollection->match([...], 'locations/generarPDF', 'LocationsPdfController::generarPDF')
 3 SYSTEMPATH/Router/RouteCollection.php(339): require('/home/u976386866/domains/servipro.site/public_html/app/app/Config/Routes.php')
 4 SYSTEMPATH/CodeIgniter.php(821): CodeIgniter\Router\RouteCollection->loadRoutes()
 5 SYSTEMPATH/CodeIgniter.php(455): CodeIgniter\CodeIgniter->tryToRouteIt(null)
 6 SYSTEMPATH/CodeIgniter.php(354): CodeIgniter\CodeIgniter->handleRequest(null, Object(Config\Cache), false)
 7 SYSTEMPATH/Boot.php(334): CodeIgniter\CodeIgniter->run()
 8 SYSTEMPATH/Boot.php(67): CodeIgniter\Boot::runCodeIgniter(Object(CodeIgniter\CodeIgniter))
 9 FCPATH/index.php(56): CodeIgniter\Boot::bootWeb(Object(Config\Paths))
WARNING - 2025-12-15 13:54:49 --> [DEPRECATED] Passing lowercase HTTP method "post" is deprecated. Use uppercase HTTP method like "POST". in SYSTEMPATH/Router/RouteCollection.php on line 1026.
 1 SYSTEMPATH/Router/RouteCollection.php(1026): trigger_error('Passing lowercase HTTP method "post" is deprecated. Use uppercase HTTP method like "POST".', 16384)
 2 APPPATH/Config/Routes.php(131): CodeIgniter\Router\RouteCollection->match([...], 'locations/generarPDF', 'LocationsPdfController::generarPDF')
 3 SYSTEMPATH/Router/RouteCollection.php(339): require('/home/u976386866/domains/servipro.site/public_html/app/app/Config/Routes.php')
 4 SYSTEMPATH/CodeIgniter.php(821): CodeIgniter\Router\RouteCollection->loadRoutes()
 5 SYSTEMPATH/CodeIgniter.php(455): CodeIgniter\CodeIgniter->tryToRouteIt(null)
 6 SYSTEMPATH/CodeIgniter.php(354): CodeIgniter\CodeIgniter->handleRequest(null, Object(Config\Cache), false)
 7 SYSTEMPATH/Boot.php(334): CodeIgniter\CodeIgniter->run()
 8 SYSTEMPATH/Boot.php(67): CodeIgniter\Boot::runCodeIgniter(Object(CodeIgniter\CodeIgniter))
 9 FCPATH/index.php(56): CodeIgniter\Boot::bootWeb(Object(Config\Paths))
DEBUG - 2025-12-15 13:54:49 --> Session: Class initialized using 'CodeIgniter\Session\Handlers\FileHandler' driver.
WARNING - 2025-12-15 13:54:52 --> [DEPRECATED] Passing lowercase HTTP method "get" is deprecated. Use uppercase HTTP method like "GET". in SYSTEMPATH/Router/RouteCollection.php on line 1026.
 1 SYSTEMPATH/Router/RouteCollection.php(1026): trigger_error('Passing lowercase HTTP method "get" is deprecated. Use uppercase HTTP method like "GET".', 16384)
 2 APPPATH/Config/Routes.php(131): CodeIgniter\Router\RouteCollection->match([...], 'locations/generarPDF', 'LocationsPdfController::generarPDF')
 3 SYSTEMPATH/Router/RouteCollection.php(339): require('/home/u976386866/domains/servipro.site/public_html/app/app/Config/Routes.php')
 4 SYSTEMPATH/CodeIgniter.php(821): CodeIgniter\Router\RouteCollection->loadRoutes()
 5 SYSTEMPATH/CodeIgniter.php(455): CodeIgniter\CodeIgniter->tryToRouteIt(null)
 6 SYSTEMPATH/CodeIgniter.php(354): CodeIgniter\CodeIgniter->handleRequest(null, Object(Config\Cache), false)
 7 SYSTEMPATH/Boot.php(334): CodeIgniter\CodeIgniter->run()
 8 SYSTEMPATH/Boot.php(67): CodeIgniter\Boot::runCodeIgniter(Object(CodeIgniter\CodeIgniter))
 9 FCPATH/index.php(56): CodeIgniter\Boot::bootWeb(Object(Config\Paths))
WARNING - 2025-12-15 13:54:52 --> [DEPRECATED] Passing lowercase HTTP method "post" is deprecated. Use uppercase HTTP method like "POST". in SYSTEMPATH/Router/RouteCollection.php on line 1026.
 1 SYSTEMPATH/Router/RouteCollection.php(1026): trigger_error('Passing lowercase HTTP method "post" is deprecated. Use uppercase HTTP method like "POST".', 16384)
 2 APPPATH/Config/Routes.php(131): CodeIgniter\Router\RouteCollection->match([...], 'locations/generarPDF', 'LocationsPdfController::generarPDF')
 3 SYSTEMPATH/Router/RouteCollection.php(339): require('/home/u976386866/domains/servipro.site/public_html/app/app/Config/Routes.php')
 4 SYSTEMPATH/CodeIgniter.php(821): CodeIgniter\Router\RouteCollection->loadRoutes()
 5 SYSTEMPATH/CodeIgniter.php(455): CodeIgniter\CodeIgniter->tryToRouteIt(null)
 6 SYSTEMPATH/CodeIgniter.php(354): CodeIgniter\CodeIgniter->handleRequest(null, Object(Config\Cache), false)
 7 SYSTEMPATH/Boot.php(334): CodeIgniter\CodeIgniter->run()
 8 SYSTEMPATH/Boot.php(67): CodeIgniter\Boot::runCodeIgniter(Object(CodeIgniter\CodeIgniter))
 9 FCPATH/index.php(56): CodeIgniter\Boot::bootWeb(Object(Config\Paths))
DEBUG - 2025-12-15 13:54:52 --> Session: Class initialized using 'CodeIgniter\Session\Handlers\FileHandler' driver.
WARNING - 2025-12-15 13:54:54 --> [DEPRECATED] Passing lowercase HTTP method "get" is deprecated. Use uppercase HTTP method like "GET". in SYSTEMPATH/Router/RouteCollection.php on line 1026.
 1 SYSTEMPATH/Router/RouteCollection.php(1026): trigger_error('Passing lowercase HTTP method "get" is deprecated. Use uppercase HTTP method like "GET".', 16384)
 2 APPPATH/Config/Routes.php(131): CodeIgniter\Router\RouteCollection->match([...], 'locations/generarPDF', 'LocationsPdfController::generarPDF')
 3 SYSTEMPATH/Router/RouteCollection.php(339): require('/home/u976386866/domains/servipro.site/public_html/app/app/Config/Routes.php')
 4 SYSTEMPATH/CodeIgniter.php(821): CodeIgniter\Router\RouteCollection->loadRoutes()
 5 SYSTEMPATH/CodeIgniter.php(455): CodeIgniter\CodeIgniter->tryToRouteIt(null)
 6 SYSTEMPATH/CodeIgniter.php(354): CodeIgniter\CodeIgniter->handleRequest(null, Object(Config\Cache), false)
 7 SYSTEMPATH/Boot.php(334): CodeIgniter\CodeIgniter->run()
 8 SYSTEMPATH/Boot.php(67): CodeIgniter\Boot::runCodeIgniter(Object(CodeIgniter\CodeIgniter))
 9 FCPATH/index.php(56): CodeIgniter\Boot::bootWeb(Object(Config\Paths))
WARNING - 2025-12-15 13:54:54 --> [DEPRECATED] Passing lowercase HTTP method "post" is deprecated. Use uppercase HTTP method like "POST". in SYSTEMPATH/Router/RouteCollection.php on line 1026.
 1 SYSTEMPATH/Router/RouteCollection.php(1026): trigger_error('Passing lowercase HTTP method "post" is deprecated. Use uppercase HTTP method like "POST".', 16384)
 2 APPPATH/Config/Routes.php(131): CodeIgniter\Router\RouteCollection->match([...], 'locations/generarPDF', 'LocationsPdfController::generarPDF')
 3 SYSTEMPATH/Router/RouteCollection.php(339): require('/home/u976386866/domains/servipro.site/public_html/app/app/Config/Routes.php')
 4 SYSTEMPATH/CodeIgniter.php(821): CodeIgniter\Router\RouteCollection->loadRoutes()
 5 SYSTEMPATH/CodeIgniter.php(455): CodeIgniter\CodeIgniter->tryToRouteIt(null)
 6 SYSTEMPATH/CodeIgniter.php(354): CodeIgniter\CodeIgniter->handleRequest(null, Object(Config\Cache), false)
 7 SYSTEMPATH/Boot.php(334): CodeIgniter\CodeIgniter->run()
 8 SYSTEMPATH/Boot.php(67): CodeIgniter\Boot::runCodeIgniter(Object(CodeIgniter\CodeIgniter))
 9 FCPATH/index.php(56): CodeIgniter\Boot::bootWeb(Object(Config\Paths))
DEBUG - 2025-12-15 13:54:54 --> Session: Class initialized using 'CodeIgniter\Session\Handlers\FileHandler' driver.
WARNING - 2025-12-15 13:55:10 --> [DEPRECATED] Passing lowercase HTTP method "get" is deprecated. Use uppercase HTTP method like "GET". in SYSTEMPATH/Router/RouteCollection.php on line 1026.
 1 SYSTEMPATH/Router/RouteCollection.php(1026): trigger_error('Passing lowercase HTTP method "get" is deprecated. Use uppercase HTTP method like "GET".', 16384)
 2 APPPATH/Config/Routes.php(131): CodeIgniter\Router\RouteCollection->match([...], 'locations/generarPDF', 'LocationsPdfController::generarPDF')
 3 SYSTEMPATH/Router/RouteCollection.php(339): require('/home/u976386866/domains/servipro.site/public_html/app/app/Config/Routes.php')
 4 SYSTEMPATH/CodeIgniter.php(821): CodeIgniter\Router\RouteCollection->loadRoutes()
 5 SYSTEMPATH/CodeIgniter.php(455): CodeIgniter\CodeIgniter->tryToRouteIt(null)
 6 SYSTEMPATH/CodeIgniter.php(354): CodeIgniter\CodeIgniter->handleRequest(null, Object(Config\Cache), false)
 7 SYSTEMPATH/Boot.php(334): CodeIgniter\CodeIgniter->run()
 8 SYSTEMPATH/Boot.php(67): CodeIgniter\Boot::runCodeIgniter(Object(CodeIgniter\CodeIgniter))
 9 FCPATH/index.php(56): CodeIgniter\Boot::bootWeb(Object(Config\Paths))
WARNING - 2025-12-15 13:55:10 --> [DEPRECATED] Passing lowercase HTTP method "post" is deprecated. Use uppercase HTTP method like "POST". in SYSTEMPATH/Router/RouteCollection.php on line 1026.
 1 SYSTEMPATH/Router/RouteCollection.php(1026): trigger_error('Passing lowercase HTTP method "post" is deprecated. Use uppercase HTTP method like "POST".', 16384)
 2 APPPATH/Config/Routes.php(131): CodeIgniter\Router\RouteCollection->match([...], 'locations/generarPDF', 'LocationsPdfController::generarPDF')
 3 SYSTEMPATH/Router/RouteCollection.php(339): require('/home/u976386866/domains/servipro.site/public_html/app/app/Config/Routes.php')
 4 SYSTEMPATH/CodeIgniter.php(821): CodeIgniter\Router\RouteCollection->loadRoutes()
 5 SYSTEMPATH/CodeIgniter.php(455): CodeIgniter\CodeIgniter->tryToRouteIt(null)
 6 SYSTEMPATH/CodeIgniter.php(354): CodeIgniter\CodeIgniter->handleRequest(null, Object(Config\Cache), false)
 7 SYSTEMPATH/Boot.php(334): CodeIgniter\CodeIgniter->run()
 8 SYSTEMPATH/Boot.php(67): CodeIgniter\Boot::runCodeIgniter(Object(CodeIgniter\CodeIgniter))
 9 FCPATH/index.php(56): CodeIgniter\Boot::bootWeb(Object(Config\Paths))
DEBUG - 2025-12-15 13:55:10 --> Session: Class initialized using 'CodeIgniter\Session\Handlers\FileHandler' driver.
WARNING - 2025-12-15 13:55:59 --> [DEPRECATED] Passing lowercase HTTP method "get" is deprecated. Use uppercase HTTP method like "GET". in SYSTEMPATH/Router/RouteCollection.php on line 1026.
 1 SYSTEMPATH/Router/RouteCollection.php(1026): trigger_error('Passing lowercase HTTP method "get" is deprecated. Use uppercase HTTP method like "GET".', 16384)
 2 APPPATH/Config/Routes.php(131): CodeIgniter\Router\RouteCollection->match([...], 'locations/generarPDF', 'LocationsPdfController::generarPDF')
 3 SYSTEMPATH/Router/RouteCollection.php(339): require('/home/u976386866/domains/servipro.site/public_html/app/app/Config/Routes.php')
 4 SYSTEMPATH/CodeIgniter.php(821): CodeIgniter\Router\RouteCollection->loadRoutes()
 5 SYSTEMPATH/CodeIgniter.php(455): CodeIgniter\CodeIgniter->tryToRouteIt(null)
 6 SYSTEMPATH/CodeIgniter.php(354): CodeIgniter\CodeIgniter->handleRequest(null, Object(Config\Cache), false)
 7 SYSTEMPATH/Boot.php(334): CodeIgniter\CodeIgniter->run()
 8 SYSTEMPATH/Boot.php(67): CodeIgniter\Boot::runCodeIgniter(Object(CodeIgniter\CodeIgniter))
 9 FCPATH/index.php(56): CodeIgniter\Boot::bootWeb(Object(Config\Paths))
WARNING - 2025-12-15 13:55:59 --> [DEPRECATED] Passing lowercase HTTP method "post" is deprecated. Use uppercase HTTP method like "POST". in SYSTEMPATH/Router/RouteCollection.php on line 1026.
 1 SYSTEMPATH/Router/RouteCollection.php(1026): trigger_error('Passing lowercase HTTP method "post" is deprecated. Use uppercase HTTP method like "POST".', 16384)
 2 APPPATH/Config/Routes.php(131): CodeIgniter\Router\RouteCollection->match([...], 'locations/generarPDF', 'LocationsPdfController::generarPDF')
 3 SYSTEMPATH/Router/RouteCollection.php(339): require('/home/u976386866/domains/servipro.site/public_html/app/app/Config/Routes.php')
 4 SYSTEMPATH/CodeIgniter.php(821): CodeIgniter\Router\RouteCollection->loadRoutes()
 5 SYSTEMPATH/CodeIgniter.php(455): CodeIgniter\CodeIgniter->tryToRouteIt(null)
 6 SYSTEMPATH/CodeIgniter.php(354): CodeIgniter\CodeIgniter->handleRequest(null, Object(Config\Cache), false)
 7 SYSTEMPATH/Boot.php(334): CodeIgniter\CodeIgniter->run()
 8 SYSTEMPATH/Boot.php(67): CodeIgniter\Boot::runCodeIgniter(Object(CodeIgniter\CodeIgniter))
 9 FCPATH/index.php(56): CodeIgniter\Boot::bootWeb(Object(Config\Paths))
WARNING - 2025-12-15 13:56:20 --> [DEPRECATED] Passing lowercase HTTP method "get" is deprecated. Use uppercase HTTP method like "GET". in SYSTEMPATH/Router/RouteCollection.php on line 1026.
 1 SYSTEMPATH/Router/RouteCollection.php(1026): trigger_error('Passing lowercase HTTP method "get" is deprecated. Use uppercase HTTP method like "GET".', 16384)
 2 APPPATH/Config/Routes.php(131): CodeIgniter\Router\RouteCollection->match([...], 'locations/generarPDF', 'LocationsPdfController::generarPDF')
 3 SYSTEMPATH/Router/RouteCollection.php(339): require('/home/u976386866/domains/servipro.site/public_html/app/app/Config/Routes.php')
 4 SYSTEMPATH/CodeIgniter.php(821): CodeIgniter\Router\RouteCollection->loadRoutes()
 5 SYSTEMPATH/CodeIgniter.php(455): CodeIgniter\CodeIgniter->tryToRouteIt(null)
 6 SYSTEMPATH/CodeIgniter.php(354): CodeIgniter\CodeIgniter->handleRequest(null, Object(Config\Cache), false)
 7 SYSTEMPATH/Boot.php(334): CodeIgniter\CodeIgniter->run()
 8 SYSTEMPATH/Boot.php(67): CodeIgniter\Boot::runCodeIgniter(Object(CodeIgniter\CodeIgniter))
 9 FCPATH/index.php(56): CodeIgniter\Boot::bootWeb(Object(Config\Paths))
WARNING - 2025-12-15 13:56:20 --> [DEPRECATED] Passing lowercase HTTP method "post" is deprecated. Use uppercase HTTP method like "POST". in SYSTEMPATH/Router/RouteCollection.php on line 1026.
 1 SYSTEMPATH/Router/RouteCollection.php(1026): trigger_error('Passing lowercase HTTP method "post" is deprecated. Use uppercase HTTP method like "POST".', 16384)
 2 APPPATH/Config/Routes.php(131): CodeIgniter\Router\RouteCollection->match([...], 'locations/generarPDF', 'LocationsPdfController::generarPDF')
 3 SYSTEMPATH/Router/RouteCollection.php(339): require('/home/u976386866/domains/servipro.site/public_html/app/app/Config/Routes.php')
 4 SYSTEMPATH/CodeIgniter.php(821): CodeIgniter\Router\RouteCollection->loadRoutes()
 5 SYSTEMPATH/CodeIgniter.php(455): CodeIgniter\CodeIgniter->tryToRouteIt(null)
 6 SYSTEMPATH/CodeIgniter.php(354): CodeIgniter\CodeIgniter->handleRequest(null, Object(Config\Cache), false)
 7 SYSTEMPATH/Boot.php(334): CodeIgniter\CodeIgniter->run()
 8 SYSTEMPATH/Boot.php(67): CodeIgniter\Boot::runCodeIgniter(Object(CodeIgniter\CodeIgniter))
 9 FCPATH/index.php(56): CodeIgniter\Boot::bootWeb(Object(Config\Paths))
DEBUG - 2025-12-15 13:56:20 --> Session: Class initialized using 'CodeIgniter\Session\Handlers\FileHandler' driver.
WARNING - 2025-12-15 13:56:40 --> [DEPRECATED] Passing lowercase HTTP method "get" is deprecated. Use uppercase HTTP method like "GET". in SYSTEMPATH/Router/RouteCollection.php on line 1026.
 1 SYSTEMPATH/Router/RouteCollection.php(1026): trigger_error('Passing lowercase HTTP method "get" is deprecated. Use uppercase HTTP method like "GET".', 16384)
 2 APPPATH/Config/Routes.php(131): CodeIgniter\Router\RouteCollection->match([...], 'locations/generarPDF', 'LocationsPdfController::generarPDF')
 3 SYSTEMPATH/Router/RouteCollection.php(339): require('/home/u976386866/domains/servipro.site/public_html/app/app/Config/Routes.php')
 4 SYSTEMPATH/CodeIgniter.php(821): CodeIgniter\Router\RouteCollection->loadRoutes()
 5 SYSTEMPATH/CodeIgniter.php(455): CodeIgniter\CodeIgniter->tryToRouteIt(null)
 6 SYSTEMPATH/CodeIgniter.php(354): CodeIgniter\CodeIgniter->handleRequest(null, Object(Config\Cache), false)
 7 SYSTEMPATH/Boot.php(334): CodeIgniter\CodeIgniter->run()
 8 SYSTEMPATH/Boot.php(67): CodeIgniter\Boot::runCodeIgniter(Object(CodeIgniter\CodeIgniter))
 9 FCPATH/index.php(56): CodeIgniter\Boot::bootWeb(Object(Config\Paths))
WARNING - 2025-12-15 13:56:40 --> [DEPRECATED] Passing lowercase HTTP method "post" is deprecated. Use uppercase HTTP method like "POST". in SYSTEMPATH/Router/RouteCollection.php on line 1026.
 1 SYSTEMPATH/Router/RouteCollection.php(1026): trigger_error('Passing lowercase HTTP method "post" is deprecated. Use uppercase HTTP method like "POST".', 16384)
 2 APPPATH/Config/Routes.php(131): CodeIgniter\Router\RouteCollection->match([...], 'locations/generarPDF', 'LocationsPdfController::generarPDF')
 3 SYSTEMPATH/Router/RouteCollection.php(339): require('/home/u976386866/domains/servipro.site/public_html/app/app/Config/Routes.php')
 4 SYSTEMPATH/CodeIgniter.php(821): CodeIgniter\Router\RouteCollection->loadRoutes()
 5 SYSTEMPATH/CodeIgniter.php(455): CodeIgniter\CodeIgniter->tryToRouteIt(null)
 6 SYSTEMPATH/CodeIgniter.php(354): CodeIgniter\CodeIgniter->handleRequest(null, Object(Config\Cache), false)
 7 SYSTEMPATH/Boot.php(334): CodeIgniter\CodeIgniter->run()
 8 SYSTEMPATH/Boot.php(67): CodeIgniter\Boot::runCodeIgniter(Object(CodeIgniter\CodeIgniter))
 9 FCPATH/index.php(56): CodeIgniter\Boot::bootWeb(Object(Config\Paths))
WARNING - 2025-12-15 13:56:44 --> [DEPRECATED] Passing lowercase HTTP method "get" is deprecated. Use uppercase HTTP method like "GET". in SYSTEMPATH/Router/RouteCollection.php on line 1026.
 1 SYSTEMPATH/Router/RouteCollection.php(1026): trigger_error('Passing lowercase HTTP method "get" is deprecated. Use uppercase HTTP method like "GET".', 16384)
 2 APPPATH/Config/Routes.php(131): CodeIgniter\Router\RouteCollection->match([...], 'locations/generarPDF', 'LocationsPdfController::generarPDF')
 3 SYSTEMPATH/Router/RouteCollection.php(339): require('/home/u976386866/domains/servipro.site/public_html/app/app/Config/Routes.php')
 4 SYSTEMPATH/CodeIgniter.php(821): CodeIgniter\Router\RouteCollection->loadRoutes()
 5 SYSTEMPATH/CodeIgniter.php(455): CodeIgniter\CodeIgniter->tryToRouteIt(null)
 6 SYSTEMPATH/CodeIgniter.php(354): CodeIgniter\CodeIgniter->handleRequest(null, Object(Config\Cache), false)
 7 SYSTEMPATH/Boot.php(334): CodeIgniter\CodeIgniter->run()
 8 SYSTEMPATH/Boot.php(67): CodeIgniter\Boot::runCodeIgniter(Object(CodeIgniter\CodeIgniter))
 9 FCPATH/index.php(56): CodeIgniter\Boot::bootWeb(Object(Config\Paths))
WARNING - 2025-12-15 13:56:44 --> [DEPRECATED] Passing lowercase HTTP method "post" is deprecated. Use uppercase HTTP method like "POST". in SYSTEMPATH/Router/RouteCollection.php on line 1026.
 1 SYSTEMPATH/Router/RouteCollection.php(1026): trigger_error('Passing lowercase HTTP method "post" is deprecated. Use uppercase HTTP method like "POST".', 16384)
 2 APPPATH/Config/Routes.php(131): CodeIgniter\Router\RouteCollection->match([...], 'locations/generarPDF', 'LocationsPdfController::generarPDF')
 3 SYSTEMPATH/Router/RouteCollection.php(339): require('/home/u976386866/domains/servipro.site/public_html/app/app/Config/Routes.php')
 4 SYSTEMPATH/CodeIgniter.php(821): CodeIgniter\Router\RouteCollection->loadRoutes()
 5 SYSTEMPATH/CodeIgniter.php(455): CodeIgniter\CodeIgniter->tryToRouteIt(null)
 6 SYSTEMPATH/CodeIgniter.php(354): CodeIgniter\CodeIgniter->handleRequest(null, Object(Config\Cache), false)
 7 SYSTEMPATH/Boot.php(334): CodeIgniter\CodeIgniter->run()
 8 SYSTEMPATH/Boot.php(67): CodeIgniter\Boot::runCodeIgniter(Object(CodeIgniter\CodeIgniter))
 9 FCPATH/index.php(56): CodeIgniter\Boot::bootWeb(Object(Config\Paths))
WARNING - 2025-12-15 13:56:47 --> [DEPRECATED] Passing lowercase HTTP method "get" is deprecated. Use uppercase HTTP method like "GET". in SYSTEMPATH/Router/RouteCollection.php on line 1026.
 1 SYSTEMPATH/Router/RouteCollection.php(1026): trigger_error('Passing lowercase HTTP method "get" is deprecated. Use uppercase HTTP method like "GET".', 16384)
 2 APPPATH/Config/Routes.php(131): CodeIgniter\Router\RouteCollection->match([...], 'locations/generarPDF', 'LocationsPdfController::generarPDF')
 3 SYSTEMPATH/Router/RouteCollection.php(339): require('/home/u976386866/domains/servipro.site/public_html/app/app/Config/Routes.php')
 4 SYSTEMPATH/CodeIgniter.php(821): CodeIgniter\Router\RouteCollection->loadRoutes()
 5 SYSTEMPATH/CodeIgniter.php(455): CodeIgniter\CodeIgniter->tryToRouteIt(null)
 6 SYSTEMPATH/CodeIgniter.php(354): CodeIgniter\CodeIgniter->handleRequest(null, Object(Config\Cache), false)
 7 SYSTEMPATH/Boot.php(334): CodeIgniter\CodeIgniter->run()
 8 SYSTEMPATH/Boot.php(67): CodeIgniter\Boot::runCodeIgniter(Object(CodeIgniter\CodeIgniter))
 9 FCPATH/index.php(56): CodeIgniter\Boot::bootWeb(Object(Config\Paths))
WARNING - 2025-12-15 13:56:47 --> [DEPRECATED] Passing lowercase HTTP method "post" is deprecated. Use uppercase HTTP method like "POST". in SYSTEMPATH/Router/RouteCollection.php on line 1026.
 1 SYSTEMPATH/Router/RouteCollection.php(1026): trigger_error('Passing lowercase HTTP method "post" is deprecated. Use uppercase HTTP method like "POST".', 16384)
 2 APPPATH/Config/Routes.php(131): CodeIgniter\Router\RouteCollection->match([...], 'locations/generarPDF', 'LocationsPdfController::generarPDF')
 3 SYSTEMPATH/Router/RouteCollection.php(339): require('/home/u976386866/domains/servipro.site/public_html/app/app/Config/Routes.php')
 4 SYSTEMPATH/CodeIgniter.php(821): CodeIgniter\Router\RouteCollection->loadRoutes()
 5 SYSTEMPATH/CodeIgniter.php(455): CodeIgniter\CodeIgniter->tryToRouteIt(null)
 6 SYSTEMPATH/CodeIgniter.php(354): CodeIgniter\CodeIgniter->handleRequest(null, Object(Config\Cache), false)
 7 SYSTEMPATH/Boot.php(334): CodeIgniter\CodeIgniter->run()
 8 SYSTEMPATH/Boot.php(67): CodeIgniter\Boot::runCodeIgniter(Object(CodeIgniter\CodeIgniter))
 9 FCPATH/index.php(56): CodeIgniter\Boot::bootWeb(Object(Config\Paths))
DEBUG - 2025-12-15 13:56:47 --> Session: Class initialized using 'CodeIgniter\Session\Handlers\FileHandler' driver.
WARNING - 2025-12-15 13:57:05 --> [DEPRECATED] Passing lowercase HTTP method "get" is deprecated. Use uppercase HTTP method like "GET". in SYSTEMPATH/Router/RouteCollection.php on line 1026.
 1 SYSTEMPATH/Router/RouteCollection.php(1026): trigger_error('Passing lowercase HTTP method "get" is deprecated. Use uppercase HTTP method like "GET".', 16384)
 2 APPPATH/Config/Routes.php(131): CodeIgniter\Router\RouteCollection->match([...], 'locations/generarPDF', 'LocationsPdfController::generarPDF')
 3 SYSTEMPATH/Router/RouteCollection.php(339): require('/home/u976386866/domains/servipro.site/public_html/app/app/Config/Routes.php')
 4 SYSTEMPATH/CodeIgniter.php(821): CodeIgniter\Router\RouteCollection->loadRoutes()
 5 SYSTEMPATH/CodeIgniter.php(455): CodeIgniter\CodeIgniter->tryToRouteIt(null)
 6 SYSTEMPATH/CodeIgniter.php(354): CodeIgniter\CodeIgniter->handleRequest(null, Object(Config\Cache), false)
 7 SYSTEMPATH/Boot.php(334): CodeIgniter\CodeIgniter->run()
 8 SYSTEMPATH/Boot.php(67): CodeIgniter\Boot::runCodeIgniter(Object(CodeIgniter\CodeIgniter))
 9 FCPATH/index.php(56): CodeIgniter\Boot::bootWeb(Object(Config\Paths))
WARNING - 2025-12-15 13:57:05 --> [DEPRECATED] Passing lowercase HTTP method "post" is deprecated. Use uppercase HTTP method like "POST". in SYSTEMPATH/Router/RouteCollection.php on line 1026.
 1 SYSTEMPATH/Router/RouteCollection.php(1026): trigger_error('Passing lowercase HTTP method "post" is deprecated. Use uppercase HTTP method like "POST".', 16384)
 2 APPPATH/Config/Routes.php(131): CodeIgniter\Router\RouteCollection->match([...], 'locations/generarPDF', 'LocationsPdfController::generarPDF')
 3 SYSTEMPATH/Router/RouteCollection.php(339): require('/home/u976386866/domains/servipro.site/public_html/app/app/Config/Routes.php')
 4 SYSTEMPATH/CodeIgniter.php(821): CodeIgniter\Router\RouteCollection->loadRoutes()
 5 SYSTEMPATH/CodeIgniter.php(455): CodeIgniter\CodeIgniter->tryToRouteIt(null)
 6 SYSTEMPATH/CodeIgniter.php(354): CodeIgniter\CodeIgniter->handleRequest(null, Object(Config\Cache), false)
 7 SYSTEMPATH/Boot.php(334): CodeIgniter\CodeIgniter->run()
 8 SYSTEMPATH/Boot.php(67): CodeIgniter\Boot::runCodeIgniter(Object(CodeIgniter\CodeIgniter))
 9 FCPATH/index.php(56): CodeIgniter\Boot::bootWeb(Object(Config\Paths))
DEBUG - 2025-12-15 13:57:05 --> Session: Class initialized using 'CodeIgniter\Session\Handlers\FileHandler' driver.
DEBUG - 2025-12-15 13:57:05 --> Iniciando carga de sedes
DEBUG - 2025-12-15 13:57:05 --> Sedes cargadas: [{"id":"17","nombre":"Bimbo Santa Maria","direccion":"Avenida ServiPro","ciudad":"CDMX","pais":"Mexico","fecha_creacion":"2025-04-03 13:01:50","estatus":"1"},{"id":"18","nombre":"Bimbo Azcapotzalco","direccion":"Av San Pablo Xalpa 520, San Martin Xochinahuac, Azcapotzalco, 02120 Ciudad de M\u00e9xico, CDMX","ciudad":"CDMC","pais":"M\u00e9xico","fecha_creacion":"2025-04-07 12:06:45","estatus":"1"},{"id":"21","nombre":"Bimbo Villahermosa","direccion":"Av. Cobre 105, Cd Industrial, 86010 Villahermosa, Tabasco","ciudad":"Villahermosa, Tabasco","pais":"M\u00e9xico","fecha_creacion":"2025-05-12 12:11:50","estatus":"1"},{"id":"22","nombre":"Totis Planta uno Botana","direccion":"Av. San Pablo Xalpa 520, San Mart\u00edn Xochinahuac, Azcapotzalco, 02120 Ciudad de M\u00e9xico, CDMX","ciudad":"CDMX","pais":"Mexico","fecha_creacion":"2025-05-28 09:41:53","estatus":"1"},{"id":"23","nombre":"BIMBO YUCAT\u00c1N","direccion":"CALLE 21, #426, INT 0, COL. CIUDAD INDUSTRIAL","ciudad":"M\u00c9RIDA","pais":"M\u00c9XICO","fecha_creacion":"2025-07-14 17:00:19","estatus":"1"},{"id":"24","nombre":"Bimbo Toluca","direccion":"Corredor Industrial, Mz 2, Lote E, Ex Rancho El Coecillo","ciudad":"Toluca","pais":"M\u00e9xico","fecha_creacion":"2025-07-28 13:39:14","estatus":"1"},{"id":"26","nombre":"Totis planta dos","direccion":"Eje oriente poniente no. 38, col. Ciudad industrial, CP 43800, Tizayuca, Hidalgo","ciudad":"Tizayuca","pais":"M\u00e9xico","fecha_creacion":"2025-10-27 16:30:54","estatus":"1"},{"id":"27","nombre":"Bimbo M\u00e9xico Santa Mar\u00eda ","direccion":"Mimosas 117, 118 Col. Santa Mar\u00eda Insurgentes Cuauht\u00e9moc CDMX ","ciudad":"CDMX","pais":"M\u00e9xico","fecha_creacion":"2025-11-02 10:48:40","estatus":"1"},{"id":"28","nombre":"HAZPAN-LONCHIBON","direccion":"EMILIANO ZAPATA 25, PQUE. IND. LERMA","ciudad":"TOLUCA","pais":"M\u00e9xico","fecha_creacion":"2025-11-27 11:43:59","estatus":"1"},{"id":"29","nombre":"Suandy Marinela Toluca","direccion":"Emiliano Zapata 25, Pque. Ind. Lerma","ciudad":"TOLUCA","pais":"M\u00e9xico","fecha_creacion":"2025-11-27 11:55:24","estatus":"1"},{"id":"30","nombre":"T\u00eda Rosa, Toluca ","direccion":"Benito Juarez Mz. 027","ciudad":"Sta. Ma. Totoltepec, Toluca","pais":"M\u00e9xico","fecha_creacion":"2025-11-27 11:56:59","estatus":"1"},{"id":"31","nombre":"Bimbo Norte","direccion":"Av. F\u00e9lix U. G\u00f3mez 4203, Coyoac\u00e1n, C.P. 64510","ciudad":"Monterrey N.L.","pais":"M\u00e9xico","fecha_creacion":"2025-11-28 15:45:37","estatus":"1"},{"id":"32","nombre":"PLANTA DE PRUEBA","direccion":"PRUEBAS","ciudad":"DCDS","pais":"MEXICO","fecha_creacion":"2025-12-07 18:59:44","estatus":"1"},{"id":"33","nombre":"BSL","direccion":"Eje 128 #135 manzana 3, zona industrial segunda secci\u00f3n ","ciudad":"San Luis Potos\u00ed","pais":"M\u00e9xico","fecha_creacion":"2025-12-08 21:23:56","estatus":"1"},{"id":"34","nombre":"Sanissimo Monterrey","direccion":"Manuel de la Pe\u00f1a y Pe\u00f1a #1020-5, Bella Vista","ciudad":"Monterrey N.L.","pais":"M\u00e9xico","fecha_creacion":"2025-12-08 21:28:12","estatus":"1"}]
WARNING - 2025-12-15 13:58:14 --> [DEPRECATED] Passing lowercase HTTP method "get" is deprecated. Use uppercase HTTP method like "GET". in SYSTEMPATH/Router/RouteCollection.php on line 1026.
 1 SYSTEMPATH/Router/RouteCollection.php(1026): trigger_error('Passing lowercase HTTP method "get" is deprecated. Use uppercase HTTP method like "GET".', 16384)
 2 APPPATH/Config/Routes.php(131): CodeIgniter\Router\RouteCollection->match([...], 'locations/generarPDF', 'LocationsPdfController::generarPDF')
 3 SYSTEMPATH/Router/RouteCollection.php(339): require('/home/u976386866/domains/servipro.site/public_html/app/app/Config/Routes.php')
 4 SYSTEMPATH/CodeIgniter.php(821): CodeIgniter\Router\RouteCollection->loadRoutes()
 5 SYSTEMPATH/CodeIgniter.php(455): CodeIgniter\CodeIgniter->tryToRouteIt(null)
 6 SYSTEMPATH/CodeIgniter.php(354): CodeIgniter\CodeIgniter->handleRequest(null, Object(Config\Cache), false)
 7 SYSTEMPATH/Boot.php(334): CodeIgniter\CodeIgniter->run()
 8 SYSTEMPATH/Boot.php(67): CodeIgniter\Boot::runCodeIgniter(Object(CodeIgniter\CodeIgniter))
 9 FCPATH/index.php(56): CodeIgniter\Boot::bootWeb(Object(Config\Paths))
WARNING - 2025-12-15 13:58:14 --> [DEPRECATED] Passing lowercase HTTP method "post" is deprecated. Use uppercase HTTP method like "POST". in SYSTEMPATH/Router/RouteCollection.php on line 1026.
 1 SYSTEMPATH/Router/RouteCollection.php(1026): trigger_error('Passing lowercase HTTP method "post" is deprecated. Use uppercase HTTP method like "POST".', 16384)
 2 APPPATH/Config/Routes.php(131): CodeIgniter\Router\RouteCollection->match([...], 'locations/generarPDF', 'LocationsPdfController::generarPDF')
 3 SYSTEMPATH/Router/RouteCollection.php(339): require('/home/u976386866/domains/servipro.site/public_html/app/app/Config/Routes.php')
 4 SYSTEMPATH/CodeIgniter.php(821): CodeIgniter\Router\RouteCollection->loadRoutes()
 5 SYSTEMPATH/CodeIgniter.php(455): CodeIgniter\CodeIgniter->tryToRouteIt(null)
 6 SYSTEMPATH/CodeIgniter.php(354): CodeIgniter\CodeIgniter->handleRequest(null, Object(Config\Cache), false)
 7 SYSTEMPATH/Boot.php(334): CodeIgniter\CodeIgniter->run()
 8 SYSTEMPATH/Boot.php(67): CodeIgniter\Boot::runCodeIgniter(Object(CodeIgniter\CodeIgniter))
 9 FCPATH/index.php(56): CodeIgniter\Boot::bootWeb(Object(Config\Paths))
DEBUG - 2025-12-15 13:58:14 --> Session: Class initialized using 'CodeIgniter\Session\Handlers\FileHandler' driver.
WARNING - 2025-12-15 13:58:22 --> [DEPRECATED] Passing lowercase HTTP method "get" is deprecated. Use uppercase HTTP method like "GET". in SYSTEMPATH/Router/RouteCollection.php on line 1026.
 1 SYSTEMPATH/Router/RouteCollection.php(1026): trigger_error('Passing lowercase HTTP method "get" is deprecated. Use uppercase HTTP method like "GET".', 16384)
 2 APPPATH/Config/Routes.php(131): CodeIgniter\Router\RouteCollection->match([...], 'locations/generarPDF', 'LocationsPdfController::generarPDF')
 3 SYSTEMPATH/Router/RouteCollection.php(339): require('/home/u976386866/domains/servipro.site/public_html/app/app/Config/Routes.php')
 4 SYSTEMPATH/CodeIgniter.php(821): CodeIgniter\Router\RouteCollection->loadRoutes()
 5 SYSTEMPATH/CodeIgniter.php(455): CodeIgniter\CodeIgniter->tryToRouteIt(null)
 6 SYSTEMPATH/CodeIgniter.php(354): CodeIgniter\CodeIgniter->handleRequest(null, Object(Config\Cache), false)
 7 SYSTEMPATH/Boot.php(334): CodeIgniter\CodeIgniter->run()
 8 SYSTEMPATH/Boot.php(67): CodeIgniter\Boot::runCodeIgniter(Object(CodeIgniter\CodeIgniter))
 9 FCPATH/index.php(56): CodeIgniter\Boot::bootWeb(Object(Config\Paths))
WARNING - 2025-12-15 13:58:22 --> [DEPRECATED] Passing lowercase HTTP method "post" is deprecated. Use uppercase HTTP method like "POST". in SYSTEMPATH/Router/RouteCollection.php on line 1026.
 1 SYSTEMPATH/Router/RouteCollection.php(1026): trigger_error('Passing lowercase HTTP method "post" is deprecated. Use uppercase HTTP method like "POST".', 16384)
 2 APPPATH/Config/Routes.php(131): CodeIgniter\Router\RouteCollection->match([...], 'locations/generarPDF', 'LocationsPdfController::generarPDF')
 3 SYSTEMPATH/Router/RouteCollection.php(339): require('/home/u976386866/domains/servipro.site/public_html/app/app/Config/Routes.php')
 4 SYSTEMPATH/CodeIgniter.php(821): CodeIgniter\Router\RouteCollection->loadRoutes()
 5 SYSTEMPATH/CodeIgniter.php(455): CodeIgniter\CodeIgniter->tryToRouteIt(null)
 6 SYSTEMPATH/CodeIgniter.php(354): CodeIgniter\CodeIgniter->handleRequest(null, Object(Config\Cache), false)
 7 SYSTEMPATH/Boot.php(334): CodeIgniter\CodeIgniter->run()
 8 SYSTEMPATH/Boot.php(67): CodeIgniter\Boot::runCodeIgniter(Object(CodeIgniter\CodeIgniter))
 9 FCPATH/index.php(56): CodeIgniter\Boot::bootWeb(Object(Config\Paths))
DEBUG - 2025-12-15 13:58:22 --> Session: Class initialized using 'CodeIgniter\Session\Handlers\FileHandler' driver.
WARNING - 2025-12-15 13:59:20 --> [DEPRECATED] Passing lowercase HTTP method "get" is deprecated. Use uppercase HTTP method like "GET". in SYSTEMPATH/Router/RouteCollection.php on line 1026.
 1 SYSTEMPATH/Router/RouteCollection.php(1026): trigger_error('Passing lowercase HTTP method "get" is deprecated. Use uppercase HTTP method like "GET".', 16384)
 2 APPPATH/Config/Routes.php(131): CodeIgniter\Router\RouteCollection->match([...], 'locations/generarPDF', 'LocationsPdfController::generarPDF')
 3 SYSTEMPATH/Router/RouteCollection.php(339): require('/home/u976386866/domains/servipro.site/public_html/app/app/Config/Routes.php')
 4 SYSTEMPATH/CodeIgniter.php(821): CodeIgniter\Router\RouteCollection->loadRoutes()
 5 SYSTEMPATH/CodeIgniter.php(455): CodeIgniter\CodeIgniter->tryToRouteIt(null)
 6 SYSTEMPATH/CodeIgniter.php(354): CodeIgniter\CodeIgniter->handleRequest(null, Object(Config\Cache), false)
 7 SYSTEMPATH/Boot.php(334): CodeIgniter\CodeIgniter->run()
 8 SYSTEMPATH/Boot.php(67): CodeIgniter\Boot::runCodeIgniter(Object(CodeIgniter\CodeIgniter))
 9 FCPATH/index.php(56): CodeIgniter\Boot::bootWeb(Object(Config\Paths))
WARNING - 2025-12-15 13:59:20 --> [DEPRECATED] Passing lowercase HTTP method "post" is deprecated. Use uppercase HTTP method like "POST". in SYSTEMPATH/Router/RouteCollection.php on line 1026.
 1 SYSTEMPATH/Router/RouteCollection.php(1026): trigger_error('Passing lowercase HTTP method "post" is deprecated. Use uppercase HTTP method like "POST".', 16384)
 2 APPPATH/Config/Routes.php(131): CodeIgniter\Router\RouteCollection->match([...], 'locations/generarPDF', 'LocationsPdfController::generarPDF')
 3 SYSTEMPATH/Router/RouteCollection.php(339): require('/home/u976386866/domains/servipro.site/public_html/app/app/Config/Routes.php')
 4 SYSTEMPATH/CodeIgniter.php(821): CodeIgniter\Router\RouteCollection->loadRoutes()
 5 SYSTEMPATH/CodeIgniter.php(455): CodeIgniter\CodeIgniter->tryToRouteIt(null)
 6 SYSTEMPATH/CodeIgniter.php(354): CodeIgniter\CodeIgniter->handleRequest(null, Object(Config\Cache), false)
 7 SYSTEMPATH/Boot.php(334): CodeIgniter\CodeIgniter->run()
 8 SYSTEMPATH/Boot.php(67): CodeIgniter\Boot::runCodeIgniter(Object(CodeIgniter\CodeIgniter))
 9 FCPATH/index.php(56): CodeIgniter\Boot::bootWeb(Object(Config\Paths))
DEBUG - 2025-12-15 13:59:20 --> Session: Class initialized using 'CodeIgniter\Session\Handlers\FileHandler' driver.
INFO - 2025-12-15 13:59:20 --> Incidencia actualizada con ID: 2021
WARNING - 2025-12-15 13:59:22 --> [DEPRECATED] Passing lowercase HTTP method "get" is deprecated. Use uppercase HTTP method like "GET". in SYSTEMPATH/Router/RouteCollection.php on line 1026.
 1 SYSTEMPATH/Router/RouteCollection.php(1026): trigger_error('Passing lowercase HTTP method "get" is deprecated. Use uppercase HTTP method like "GET".', 16384)
 2 APPPATH/Config/Routes.php(131): CodeIgniter\Router\RouteCollection->match([...], 'locations/generarPDF', 'LocationsPdfController::generarPDF')
 3 SYSTEMPATH/Router/RouteCollection.php(339): require('/home/u976386866/domains/servipro.site/public_html/app/app/Config/Routes.php')
 4 SYSTEMPATH/CodeIgniter.php(821): CodeIgniter\Router\RouteCollection->loadRoutes()
 5 SYSTEMPATH/CodeIgniter.php(455): CodeIgniter\CodeIgniter->tryToRouteIt(null)
 6 SYSTEMPATH/CodeIgniter.php(354): CodeIgniter\CodeIgniter->handleRequest(null, Object(Config\Cache), false)
 7 SYSTEMPATH/Boot.php(334): CodeIgniter\CodeIgniter->run()
 8 SYSTEMPATH/Boot.php(67): CodeIgniter\Boot::runCodeIgniter(Object(CodeIgniter\CodeIgniter))
 9 FCPATH/index.php(56): CodeIgniter\Boot::bootWeb(Object(Config\Paths))
WARNING - 2025-12-15 13:59:22 --> [DEPRECATED] Passing lowercase HTTP method "post" is deprecated. Use uppercase HTTP method like "POST". in SYSTEMPATH/Router/RouteCollection.php on line 1026.
 1 SYSTEMPATH/Router/RouteCollection.php(1026): trigger_error('Passing lowercase HTTP method "post" is deprecated. Use uppercase HTTP method like "POST".', 16384)
 2 APPPATH/Config/Routes.php(131): CodeIgniter\Router\RouteCollection->match([...], 'locations/generarPDF', 'LocationsPdfController::generarPDF')
 3 SYSTEMPATH/Router/RouteCollection.php(339): require('/home/u976386866/domains/servipro.site/public_html/app/app/Config/Routes.php')
 4 SYSTEMPATH/CodeIgniter.php(821): CodeIgniter\Router\RouteCollection->loadRoutes()
 5 SYSTEMPATH/CodeIgniter.php(455): CodeIgniter\CodeIgniter->tryToRouteIt(null)
 6 SYSTEMPATH/CodeIgniter.php(354): CodeIgniter\CodeIgniter->handleRequest(null, Object(Config\Cache), false)
 7 SYSTEMPATH/Boot.php(334): CodeIgniter\CodeIgniter->run()
 8 SYSTEMPATH/Boot.php(67): CodeIgniter\Boot::runCodeIgniter(Object(CodeIgniter\CodeIgniter))
 9 FCPATH/index.php(56): CodeIgniter\Boot::bootWeb(Object(Config\Paths))
DEBUG - 2025-12-15 13:59:22 --> Session: Class initialized using 'CodeIgniter\Session\Handlers\FileHandler' driver.
WARNING - 2025-12-15 13:59:45 --> [DEPRECATED] Passing lowercase HTTP method "get" is deprecated. Use uppercase HTTP method like "GET". in SYSTEMPATH/Router/RouteCollection.php on line 1026.
 1 SYSTEMPATH/Router/RouteCollection.php(1026): trigger_error('Passing lowercase HTTP method "get" is deprecated. Use uppercase HTTP method like "GET".', 16384)
 2 APPPATH/Config/Routes.php(131): CodeIgniter\Router\RouteCollection->match([...], 'locations/generarPDF', 'LocationsPdfController::generarPDF')
 3 SYSTEMPATH/Router/RouteCollection.php(339): require('/home/u976386866/domains/servipro.site/public_html/app/app/Config/Routes.php')
 4 SYSTEMPATH/CodeIgniter.php(821): CodeIgniter\Router\RouteCollection->loadRoutes()
 5 SYSTEMPATH/CodeIgniter.php(455): CodeIgniter\CodeIgniter->tryToRouteIt(null)
 6 SYSTEMPATH/CodeIgniter.php(354): CodeIgniter\CodeIgniter->handleRequest(null, Object(Config\Cache), false)
 7 SYSTEMPATH/Boot.php(334): CodeIgniter\CodeIgniter->run()
 8 SYSTEMPATH/Boot.php(67): CodeIgniter\Boot::runCodeIgniter(Object(CodeIgniter\CodeIgniter))
 9 FCPATH/index.php(56): CodeIgniter\Boot::bootWeb(Object(Config\Paths))
WARNING - 2025-12-15 13:59:45 --> [DEPRECATED] Passing lowercase HTTP method "post" is deprecated. Use uppercase HTTP method like "POST". in SYSTEMPATH/Router/RouteCollection.php on line 1026.
 1 SYSTEMPATH/Router/RouteCollection.php(1026): trigger_error('Passing lowercase HTTP method "post" is deprecated. Use uppercase HTTP method like "POST".', 16384)
 2 APPPATH/Config/Routes.php(131): CodeIgniter\Router\RouteCollection->match([...], 'locations/generarPDF', 'LocationsPdfController::generarPDF')
 3 SYSTEMPATH/Router/RouteCollection.php(339): require('/home/u976386866/domains/servipro.site/public_html/app/app/Config/Routes.php')
 4 SYSTEMPATH/CodeIgniter.php(821): CodeIgniter\Router\RouteCollection->loadRoutes()
 5 SYSTEMPATH/CodeIgniter.php(455): CodeIgniter\CodeIgniter->tryToRouteIt(null)
 6 SYSTEMPATH/CodeIgniter.php(354): CodeIgniter\CodeIgniter->handleRequest(null, Object(Config\Cache), false)
 7 SYSTEMPATH/Boot.php(334): CodeIgniter\CodeIgniter->run()
 8 SYSTEMPATH/Boot.php(67): CodeIgniter\Boot::runCodeIgniter(Object(CodeIgniter\CodeIgniter))
 9 FCPATH/index.php(56): CodeIgniter\Boot::bootWeb(Object(Config\Paths))
WARNING - 2025-12-15 13:59:54 --> [DEPRECATED] Passing lowercase HTTP method "get" is deprecated. Use uppercase HTTP method like "GET". in SYSTEMPATH/Router/RouteCollection.php on line 1026.
 1 SYSTEMPATH/Router/RouteCollection.php(1026): trigger_error('Passing lowercase HTTP method "get" is deprecated. Use uppercase HTTP method like "GET".', 16384)
 2 APPPATH/Config/Routes.php(131): CodeIgniter\Router\RouteCollection->match([...], 'locations/generarPDF', 'LocationsPdfController::generarPDF')
 3 SYSTEMPATH/Router/RouteCollection.php(339): require('/home/u976386866/domains/servipro.site/public_html/app/app/Config/Routes.php')
 4 SYSTEMPATH/CodeIgniter.php(821): CodeIgniter\Router\RouteCollection->loadRoutes()
 5 SYSTEMPATH/CodeIgniter.php(455): CodeIgniter\CodeIgniter->tryToRouteIt(null)
 6 SYSTEMPATH/CodeIgniter.php(354): CodeIgniter\CodeIgniter->handleRequest(null, Object(Config\Cache), false)
 7 SYSTEMPATH/Boot.php(334): CodeIgniter\CodeIgniter->run()
 8 SYSTEMPATH/Boot.php(67): CodeIgniter\Boot::runCodeIgniter(Object(CodeIgniter\CodeIgniter))
 9 FCPATH/index.php(56): CodeIgniter\Boot::bootWeb(Object(Config\Paths))
WARNING - 2025-12-15 13:59:54 --> [DEPRECATED] Passing lowercase HTTP method "post" is deprecated. Use uppercase HTTP method like "POST". in SYSTEMPATH/Router/RouteCollection.php on line 1026.
 1 SYSTEMPATH/Router/RouteCollection.php(1026): trigger_error('Passing lowercase HTTP method "post" is deprecated. Use uppercase HTTP method like "POST".', 16384)
 2 APPPATH/Config/Routes.php(131): CodeIgniter\Router\RouteCollection->match([...], 'locations/generarPDF', 'LocationsPdfController::generarPDF')
 3 SYSTEMPATH/Router/RouteCollection.php(339): require('/home/u976386866/domains/servipro.site/public_html/app/app/Config/Routes.php')
 4 SYSTEMPATH/CodeIgniter.php(821): CodeIgniter\Router\RouteCollection->loadRoutes()
 5 SYSTEMPATH/CodeIgniter.php(455): CodeIgniter\CodeIgniter->tryToRouteIt(null)
 6 SYSTEMPATH/CodeIgniter.php(354): CodeIgniter\CodeIgniter->handleRequest(null, Object(Config\Cache), false)
 7 SYSTEMPATH/Boot.php(334): CodeIgniter\CodeIgniter->run()
 8 SYSTEMPATH/Boot.php(67): CodeIgniter\Boot::runCodeIgniter(Object(CodeIgniter\CodeIgniter))
 9 FCPATH/index.php(56): CodeIgniter\Boot::bootWeb(Object(Config\Paths))
DEBUG - 2025-12-15 13:59:54 --> Session: Class initialized using 'CodeIgniter\Session\Handlers\FileHandler' driver.
WARNING - 2025-12-15 13:59:59 --> [DEPRECATED] Passing lowercase HTTP method "get" is deprecated. Use uppercase HTTP method like "GET". in SYSTEMPATH/Router/RouteCollection.php on line 1026.
 1 SYSTEMPATH/Router/RouteCollection.php(1026): trigger_error('Passing lowercase HTTP method "get" is deprecated. Use uppercase HTTP method like "GET".', 16384)
 2 APPPATH/Config/Routes.php(131): CodeIgniter\Router\RouteCollection->match([...], 'locations/generarPDF', 'LocationsPdfController::generarPDF')
 3 SYSTEMPATH/Router/RouteCollection.php(339): require('/home/u976386866/domains/servipro.site/public_html/app/app/Config/Routes.php')
 4 SYSTEMPATH/CodeIgniter.php(821): CodeIgniter\Router\RouteCollection->loadRoutes()
 5 SYSTEMPATH/CodeIgniter.php(455): CodeIgniter\CodeIgniter->tryToRouteIt(null)
 6 SYSTEMPATH/CodeIgniter.php(354): CodeIgniter\CodeIgniter->handleRequest(null, Object(Config\Cache), false)
 7 SYSTEMPATH/Boot.php(334): CodeIgniter\CodeIgniter->run()
 8 SYSTEMPATH/Boot.php(67): CodeIgniter\Boot::runCodeIgniter(Object(CodeIgniter\CodeIgniter))
 9 FCPATH/index.php(56): CodeIgniter\Boot::bootWeb(Object(Config\Paths))
WARNING - 2025-12-15 13:59:59 --> [DEPRECATED] Passing lowercase HTTP method "post" is deprecated. Use uppercase HTTP method like "POST". in SYSTEMPATH/Router/RouteCollection.php on line 1026.
 1 SYSTEMPATH/Router/RouteCollection.php(1026): trigger_error('Passing lowercase HTTP method "post" is deprecated. Use uppercase HTTP method like "POST".', 16384)
 2 APPPATH/Config/Routes.php(131): CodeIgniter\Router\RouteCollection->match([...], 'locations/generarPDF', 'LocationsPdfController::generarPDF')
 3 SYSTEMPATH/Router/RouteCollection.php(339): require('/home/u976386866/domains/servipro.site/public_html/app/app/Config/Routes.php')
 4 SYSTEMPATH/CodeIgniter.php(821): CodeIgniter\Router\RouteCollection->loadRoutes()
 5 SYSTEMPATH/CodeIgniter.php(455): CodeIgniter\CodeIgniter->tryToRouteIt(null)
 6 SYSTEMPATH/CodeIgniter.php(354): CodeIgniter\CodeIgniter->handleRequest(null, Object(Config\Cache), false)
 7 SYSTEMPATH/Boot.php(334): CodeIgniter\CodeIgniter->run()
 8 SYSTEMPATH/Boot.php(67): CodeIgniter\Boot::runCodeIgniter(Object(CodeIgniter\CodeIgniter))
 9 FCPATH/index.php(56): CodeIgniter\Boot::bootWeb(Object(Config\Paths))
DEBUG - 2025-12-15 13:59:59 --> Session: Class initialized using 'CodeIgniter\Session\Handlers\FileHandler' driver.
WARNING - 2025-12-15 14:00:01 --> [DEPRECATED] Passing lowercase HTTP method "get" is deprecated. Use uppercase HTTP method like "GET". in SYSTEMPATH/Router/RouteCollection.php on line 1026.
 1 SYSTEMPATH/Router/RouteCollection.php(1026): trigger_error('Passing lowercase HTTP method "get" is deprecated. Use uppercase HTTP method like "GET".', 16384)
 2 APPPATH/Config/Routes.php(131): CodeIgniter\Router\RouteCollection->match([...], 'locations/generarPDF', 'LocationsPdfController::generarPDF')
 3 SYSTEMPATH/Router/RouteCollection.php(339): require('/home/u976386866/domains/servipro.site/public_html/app/app/Config/Routes.php')
 4 SYSTEMPATH/CodeIgniter.php(821): CodeIgniter\Router\RouteCollection->loadRoutes()
 5 SYSTEMPATH/CodeIgniter.php(455): CodeIgniter\CodeIgniter->tryToRouteIt(null)
 6 SYSTEMPATH/CodeIgniter.php(354): CodeIgniter\CodeIgniter->handleRequest(null, Object(Config\Cache), false)
 7 SYSTEMPATH/Boot.php(334): CodeIgniter\CodeIgniter->run()
 8 SYSTEMPATH/Boot.php(67): CodeIgniter\Boot::runCodeIgniter(Object(CodeIgniter\CodeIgniter))
 9 FCPATH/index.php(56): CodeIgniter\Boot::bootWeb(Object(Config\Paths))
WARNING - 2025-12-15 14:00:01 --> [DEPRECATED] Passing lowercase HTTP method "post" is deprecated. Use uppercase HTTP method like "POST". in SYSTEMPATH/Router/RouteCollection.php on line 1026.
 1 SYSTEMPATH/Router/RouteCollection.php(1026): trigger_error('Passing lowercase HTTP method "post" is deprecated. Use uppercase HTTP method like "POST".', 16384)
 2 APPPATH/Config/Routes.php(131): CodeIgniter\Router\RouteCollection->match([...], 'locations/generarPDF', 'LocationsPdfController::generarPDF')
 3 SYSTEMPATH/Router/RouteCollection.php(339): require('/home/u976386866/domains/servipro.site/public_html/app/app/Config/Routes.php')
 4 SYSTEMPATH/CodeIgniter.php(821): CodeIgniter\Router\RouteCollection->loadRoutes()
 5 SYSTEMPATH/CodeIgniter.php(455): CodeIgniter\CodeIgniter->tryToRouteIt(null)
 6 SYSTEMPATH/CodeIgniter.php(354): CodeIgniter\CodeIgniter->handleRequest(null, Object(Config\Cache), false)
 7 SYSTEMPATH/Boot.php(334): CodeIgniter\CodeIgniter->run()
 8 SYSTEMPATH/Boot.php(67): CodeIgniter\Boot::runCodeIgniter(Object(CodeIgniter\CodeIgniter))
 9 FCPATH/index.php(56): CodeIgniter\Boot::bootWeb(Object(Config\Paths))
DEBUG - 2025-12-15 14:00:01 --> Session: Class initialized using 'CodeIgniter\Session\Handlers\FileHandler' driver.
DEBUG - 2025-12-15 14:00:01 --> Iniciando carga de sedes
DEBUG - 2025-12-15 14:00:01 --> Sedes cargadas: [{"id":"17","nombre":"Bimbo Santa Maria","direccion":"Avenida ServiPro","ciudad":"CDMX","pais":"Mexico","fecha_creacion":"2025-04-03 13:01:50","estatus":"1"},{"id":"18","nombre":"Bimbo Azcapotzalco","direccion":"Av San Pablo Xalpa 520, San Martin Xochinahuac, Azcapotzalco, 02120 Ciudad de M\u00e9xico, CDMX","ciudad":"CDMC","pais":"M\u00e9xico","fecha_creacion":"2025-04-07 12:06:45","estatus":"1"},{"id":"21","nombre":"Bimbo Villahermosa","direccion":"Av. Cobre 105, Cd Industrial, 86010 Villahermosa, Tabasco","ciudad":"Villahermosa, Tabasco","pais":"M\u00e9xico","fecha_creacion":"2025-05-12 12:11:50","estatus":"1"},{"id":"22","nombre":"Totis Planta uno Botana","direccion":"Av. San Pablo Xalpa 520, San Mart\u00edn Xochinahuac, Azcapotzalco, 02120 Ciudad de M\u00e9xico, CDMX","ciudad":"CDMX","pais":"Mexico","fecha_creacion":"2025-05-28 09:41:53","estatus":"1"},{"id":"23","nombre":"BIMBO YUCAT\u00c1N","direccion":"CALLE 21, #426, INT 0, COL. CIUDAD INDUSTRIAL","ciudad":"M\u00c9RIDA","pais":"M\u00c9XICO","fecha_creacion":"2025-07-14 17:00:19","estatus":"1"},{"id":"24","nombre":"Bimbo Toluca","direccion":"Corredor Industrial, Mz 2, Lote E, Ex Rancho El Coecillo","ciudad":"Toluca","pais":"M\u00e9xico","fecha_creacion":"2025-07-28 13:39:14","estatus":"1"},{"id":"26","nombre":"Totis planta dos","direccion":"Eje oriente poniente no. 38, col. Ciudad industrial, CP 43800, Tizayuca, Hidalgo","ciudad":"Tizayuca","pais":"M\u00e9xico","fecha_creacion":"2025-10-27 16:30:54","estatus":"1"},{"id":"27","nombre":"Bimbo M\u00e9xico Santa Mar\u00eda ","direccion":"Mimosas 117, 118 Col. Santa Mar\u00eda Insurgentes Cuauht\u00e9moc CDMX ","ciudad":"CDMX","pais":"M\u00e9xico","fecha_creacion":"2025-11-02 10:48:40","estatus":"1"},{"id":"28","nombre":"HAZPAN-LONCHIBON","direccion":"EMILIANO ZAPATA 25, PQUE. IND. LERMA","ciudad":"TOLUCA","pais":"M\u00e9xico","fecha_creacion":"2025-11-27 11:43:59","estatus":"1"},{"id":"29","nombre":"Suandy Marinela Toluca","direccion":"Emiliano Zapata 25, Pque. Ind. Lerma","ciudad":"TOLUCA","pais":"M\u00e9xico","fecha_creacion":"2025-11-27 11:55:24","estatus":"1"},{"id":"30","nombre":"T\u00eda Rosa, Toluca ","direccion":"Benito Juarez Mz. 027","ciudad":"Sta. Ma. Totoltepec, Toluca","pais":"M\u00e9xico","fecha_creacion":"2025-11-27 11:56:59","estatus":"1"},{"id":"31","nombre":"Bimbo Norte","direccion":"Av. F\u00e9lix U. G\u00f3mez 4203, Coyoac\u00e1n, C.P. 64510","ciudad":"Monterrey N.L.","pais":"M\u00e9xico","fecha_creacion":"2025-11-28 15:45:37","estatus":"1"},{"id":"32","nombre":"PLANTA DE PRUEBA","direccion":"PRUEBAS","ciudad":"DCDS","pais":"MEXICO","fecha_creacion":"2025-12-07 18:59:44","estatus":"1"},{"id":"33","nombre":"BSL","direccion":"Eje 128 #135 manzana 3, zona industrial segunda secci\u00f3n ","ciudad":"San Luis Potos\u00ed","pais":"M\u00e9xico","fecha_creacion":"2025-12-08 21:23:56","estatus":"1"},{"id":"34","nombre":"Sanissimo Monterrey","direccion":"Manuel de la Pe\u00f1a y Pe\u00f1a #1020-5, Bella Vista","ciudad":"Monterrey N.L.","pais":"M\u00e9xico","fecha_creacion":"2025-12-08 21:28:12","estatus":"1"}]
WARNING - 2025-12-15 14:00:06 --> [DEPRECATED] Passing lowercase HTTP method "get" is deprecated. Use uppercase HTTP method like "GET". in SYSTEMPATH/Router/RouteCollection.php on line 1026.
 1 SYSTEMPATH/Router/RouteCollection.php(1026): trigger_error('Passing lowercase HTTP method "get" is deprecated. Use uppercase HTTP method like "GET".', 16384)
 2 APPPATH/Config/Routes.php(131): CodeIgniter\Router\RouteCollection->match([...], 'locations/generarPDF', 'LocationsPdfController::generarPDF')
 3 SYSTEMPATH/Router/RouteCollection.php(339): require('/home/u976386866/domains/servipro.site/public_html/app/app/Config/Routes.php')
 4 SYSTEMPATH/CodeIgniter.php(821): CodeIgniter\Router\RouteCollection->loadRoutes()
 5 SYSTEMPATH/CodeIgniter.php(455): CodeIgniter\CodeIgniter->tryToRouteIt(null)
 6 SYSTEMPATH/CodeIgniter.php(354): CodeIgniter\CodeIgniter->handleRequest(null, Object(Config\Cache), false)
 7 SYSTEMPATH/Boot.php(334): CodeIgniter\CodeIgniter->run()
 8 SYSTEMPATH/Boot.php(67): CodeIgniter\Boot::runCodeIgniter(Object(CodeIgniter\CodeIgniter))
 9 FCPATH/index.php(56): CodeIgniter\Boot::bootWeb(Object(Config\Paths))
WARNING - 2025-12-15 14:00:06 --> [DEPRECATED] Passing lowercase HTTP method "post" is deprecated. Use uppercase HTTP method like "POST". in SYSTEMPATH/Router/RouteCollection.php on line 1026.
 1 SYSTEMPATH/Router/RouteCollection.php(1026): trigger_error('Passing lowercase HTTP method "post" is deprecated. Use uppercase HTTP method like "POST".', 16384)
 2 APPPATH/Config/Routes.php(131): CodeIgniter\Router\RouteCollection->match([...], 'locations/generarPDF', 'LocationsPdfController::generarPDF')
 3 SYSTEMPATH/Router/RouteCollection.php(339): require('/home/u976386866/domains/servipro.site/public_html/app/app/Config/Routes.php')
 4 SYSTEMPATH/CodeIgniter.php(821): CodeIgniter\Router\RouteCollection->loadRoutes()
 5 SYSTEMPATH/CodeIgniter.php(455): CodeIgniter\CodeIgniter->tryToRouteIt(null)
 6 SYSTEMPATH/CodeIgniter.php(354): CodeIgniter\CodeIgniter->handleRequest(null, Object(Config\Cache), false)
 7 SYSTEMPATH/Boot.php(334): CodeIgniter\CodeIgniter->run()
 8 SYSTEMPATH/Boot.php(67): CodeIgniter\Boot::runCodeIgniter(Object(CodeIgniter\CodeIgniter))
 9 FCPATH/index.php(56): CodeIgniter\Boot::bootWeb(Object(Config\Paths))
DEBUG - 2025-12-15 14:00:06 --> Session: Class initialized using 'CodeIgniter\Session\Handlers\FileHandler' driver.
WARNING - 2025-12-15 14:00:14 --> [DEPRECATED] Passing lowercase HTTP method "get" is deprecated. Use uppercase HTTP method like "GET". in SYSTEMPATH/Router/RouteCollection.php on line 1026.
 1 SYSTEMPATH/Router/RouteCollection.php(1026): trigger_error('Passing lowercase HTTP method "get" is deprecated. Use uppercase HTTP method like "GET".', 16384)
 2 APPPATH/Config/Routes.php(131): CodeIgniter\Router\RouteCollection->match([...], 'locations/generarPDF', 'LocationsPdfController::generarPDF')
 3 SYSTEMPATH/Router/RouteCollection.php(339): require('/home/u976386866/domains/servipro.site/public_html/app/app/Config/Routes.php')
 4 SYSTEMPATH/CodeIgniter.php(821): CodeIgniter\Router\RouteCollection->loadRoutes()
 5 SYSTEMPATH/CodeIgniter.php(455): CodeIgniter\CodeIgniter->tryToRouteIt(null)
 6 SYSTEMPATH/CodeIgniter.php(354): CodeIgniter\CodeIgniter->handleRequest(null, Object(Config\Cache), false)
 7 SYSTEMPATH/Boot.php(334): CodeIgniter\CodeIgniter->run()
 8 SYSTEMPATH/Boot.php(67): CodeIgniter\Boot::runCodeIgniter(Object(CodeIgniter\CodeIgniter))
 9 FCPATH/index.php(56): CodeIgniter\Boot::bootWeb(Object(Config\Paths))
WARNING - 2025-12-15 14:00:14 --> [DEPRECATED] Passing lowercase HTTP method "post" is deprecated. Use uppercase HTTP method like "POST". in SYSTEMPATH/Router/RouteCollection.php on line 1026.
 1 SYSTEMPATH/Router/RouteCollection.php(1026): trigger_error('Passing lowercase HTTP method "post" is deprecated. Use uppercase HTTP method like "POST".', 16384)
 2 APPPATH/Config/Routes.php(131): CodeIgniter\Router\RouteCollection->match([...], 'locations/generarPDF', 'LocationsPdfController::generarPDF')
 3 SYSTEMPATH/Router/RouteCollection.php(339): require('/home/u976386866/domains/servipro.site/public_html/app/app/Config/Routes.php')
 4 SYSTEMPATH/CodeIgniter.php(821): CodeIgniter\Router\RouteCollection->loadRoutes()
 5 SYSTEMPATH/CodeIgniter.php(455): CodeIgniter\CodeIgniter->tryToRouteIt(null)
 6 SYSTEMPATH/CodeIgniter.php(354): CodeIgniter\CodeIgniter->handleRequest(null, Object(Config\Cache), false)
 7 SYSTEMPATH/Boot.php(334): CodeIgniter\CodeIgniter->run()
 8 SYSTEMPATH/Boot.php(67): CodeIgniter\Boot::runCodeIgniter(Object(CodeIgniter\CodeIgniter))
 9 FCPATH/index.php(56): CodeIgniter\Boot::bootWeb(Object(Config\Paths))
DEBUG - 2025-12-15 14:00:14 --> Session: Class initialized using 'CodeIgniter\Session\Handlers\FileHandler' driver.
WARNING - 2025-12-15 14:00:24 --> [DEPRECATED] Passing lowercase HTTP method "get" is deprecated. Use uppercase HTTP method like "GET". in SYSTEMPATH/Router/RouteCollection.php on line 1026.
 1 SYSTEMPATH/Router/RouteCollection.php(1026): trigger_error('Passing lowercase HTTP method "get" is deprecated. Use uppercase HTTP method like "GET".', 16384)
 2 APPPATH/Config/Routes.php(131): CodeIgniter\Router\RouteCollection->match([...], 'locations/generarPDF', 'LocationsPdfController::generarPDF')
 3 SYSTEMPATH/Router/RouteCollection.php(339): require('/home/u976386866/domains/servipro.site/public_html/app/app/Config/Routes.php')
 4 SYSTEMPATH/CodeIgniter.php(821): CodeIgniter\Router\RouteCollection->loadRoutes()
 5 SYSTEMPATH/CodeIgniter.php(455): CodeIgniter\CodeIgniter->tryToRouteIt(null)
 6 SYSTEMPATH/CodeIgniter.php(354): CodeIgniter\CodeIgniter->handleRequest(null, Object(Config\Cache), false)
 7 SYSTEMPATH/Boot.php(334): CodeIgniter\CodeIgniter->run()
 8 SYSTEMPATH/Boot.php(67): CodeIgniter\Boot::runCodeIgniter(Object(CodeIgniter\CodeIgniter))
 9 FCPATH/index.php(56): CodeIgniter\Boot::bootWeb(Object(Config\Paths))
WARNING - 2025-12-15 14:00:24 --> [DEPRECATED] Passing lowercase HTTP method "post" is deprecated. Use uppercase HTTP method like "POST". in SYSTEMPATH/Router/RouteCollection.php on line 1026.
 1 SYSTEMPATH/Router/RouteCollection.php(1026): trigger_error('Passing lowercase HTTP method "post" is deprecated. Use uppercase HTTP method like "POST".', 16384)
 2 APPPATH/Config/Routes.php(131): CodeIgniter\Router\RouteCollection->match([...], 'locations/generarPDF', 'LocationsPdfController::generarPDF')
 3 SYSTEMPATH/Router/RouteCollection.php(339): require('/home/u976386866/domains/servipro.site/public_html/app/app/Config/Routes.php')
 4 SYSTEMPATH/CodeIgniter.php(821): CodeIgniter\Router\RouteCollection->loadRoutes()
 5 SYSTEMPATH/CodeIgniter.php(455): CodeIgniter\CodeIgniter->tryToRouteIt(null)
 6 SYSTEMPATH/CodeIgniter.php(354): CodeIgniter\CodeIgniter->handleRequest(null, Object(Config\Cache), false)
 7 SYSTEMPATH/Boot.php(334): CodeIgniter\CodeIgniter->run()
 8 SYSTEMPATH/Boot.php(67): CodeIgniter\Boot::runCodeIgniter(Object(CodeIgniter\CodeIgniter))
 9 FCPATH/index.php(56): CodeIgniter\Boot::bootWeb(Object(Config\Paths))
DEBUG - 2025-12-15 14:00:24 --> Session: Class initialized using 'CodeIgniter\Session\Handlers\FileHandler' driver.
WARNING - 2025-12-15 14:00:49 --> [DEPRECATED] Passing lowercase HTTP method "get" is deprecated. Use uppercase HTTP method like "GET". in SYSTEMPATH/Router/RouteCollection.php on line 1026.
 1 SYSTEMPATH/Router/RouteCollection.php(1026): trigger_error('Passing lowercase HTTP method "get" is deprecated. Use uppercase HTTP method like "GET".', 16384)
 2 APPPATH/Config/Routes.php(131): CodeIgniter\Router\RouteCollection->match([...], 'locations/generarPDF', 'LocationsPdfController::generarPDF')
 3 SYSTEMPATH/Router/RouteCollection.php(339): require('/home/u976386866/domains/servipro.site/public_html/app/app/Config/Routes.php')
 4 SYSTEMPATH/CodeIgniter.php(821): CodeIgniter\Router\RouteCollection->loadRoutes()
 5 SYSTEMPATH/CodeIgniter.php(455): CodeIgniter\CodeIgniter->tryToRouteIt(null)
 6 SYSTEMPATH/CodeIgniter.php(354): CodeIgniter\CodeIgniter->handleRequest(null, Object(Config\Cache), false)
 7 SYSTEMPATH/Boot.php(334): CodeIgniter\CodeIgniter->run()
 8 SYSTEMPATH/Boot.php(67): CodeIgniter\Boot::runCodeIgniter(Object(CodeIgniter\CodeIgniter))
 9 FCPATH/index.php(56): CodeIgniter\Boot::bootWeb(Object(Config\Paths))
WARNING - 2025-12-15 14:00:49 --> [DEPRECATED] Passing lowercase HTTP method "post" is deprecated. Use uppercase HTTP method like "POST". in SYSTEMPATH/Router/RouteCollection.php on line 1026.
 1 SYSTEMPATH/Router/RouteCollection.php(1026): trigger_error('Passing lowercase HTTP method "post" is deprecated. Use uppercase HTTP method like "POST".', 16384)
 2 APPPATH/Config/Routes.php(131): CodeIgniter\Router\RouteCollection->match([...], 'locations/generarPDF', 'LocationsPdfController::generarPDF')
 3 SYSTEMPATH/Router/RouteCollection.php(339): require('/home/u976386866/domains/servipro.site/public_html/app/app/Config/Routes.php')
 4 SYSTEMPATH/CodeIgniter.php(821): CodeIgniter\Router\RouteCollection->loadRoutes()
 5 SYSTEMPATH/CodeIgniter.php(455): CodeIgniter\CodeIgniter->tryToRouteIt(null)
 6 SYSTEMPATH/CodeIgniter.php(354): CodeIgniter\CodeIgniter->handleRequest(null, Object(Config\Cache), false)
 7 SYSTEMPATH/Boot.php(334): CodeIgniter\CodeIgniter->run()
 8 SYSTEMPATH/Boot.php(67): CodeIgniter\Boot::runCodeIgniter(Object(CodeIgniter\CodeIgniter))
 9 FCPATH/index.php(56): CodeIgniter\Boot::bootWeb(Object(Config\Paths))
DEBUG - 2025-12-15 14:00:49 --> Session: Class initialized using 'CodeIgniter\Session\Handlers\FileHandler' driver.
WARNING - 2025-12-15 14:09:37 --> [DEPRECATED] Passing lowercase HTTP method "get" is deprecated. Use uppercase HTTP method like "GET". in SYSTEMPATH/Router/RouteCollection.php on line 1026.
 1 SYSTEMPATH/Router/RouteCollection.php(1026): trigger_error('Passing lowercase HTTP method "get" is deprecated. Use uppercase HTTP method like "GET".', 16384)
 2 APPPATH/Config/Routes.php(131): CodeIgniter\Router\RouteCollection->match([...], 'locations/generarPDF', 'LocationsPdfController::generarPDF')
 3 SYSTEMPATH/Router/RouteCollection.php(339): require('/home/u976386866/domains/servipro.site/public_html/app/app/Config/Routes.php')
 4 SYSTEMPATH/CodeIgniter.php(821): CodeIgniter\Router\RouteCollection->loadRoutes()
 5 SYSTEMPATH/CodeIgniter.php(455): CodeIgniter\CodeIgniter->tryToRouteIt(null)
 6 SYSTEMPATH/CodeIgniter.php(354): CodeIgniter\CodeIgniter->handleRequest(null, Object(Config\Cache), false)
 7 SYSTEMPATH/Boot.php(334): CodeIgniter\CodeIgniter->run()
 8 SYSTEMPATH/Boot.php(67): CodeIgniter\Boot::runCodeIgniter(Object(CodeIgniter\CodeIgniter))
 9 FCPATH/index.php(56): CodeIgniter\Boot::bootWeb(Object(Config\Paths))
WARNING - 2025-12-15 14:09:37 --> [DEPRECATED] Passing lowercase HTTP method "post" is deprecated. Use uppercase HTTP method like "POST". in SYSTEMPATH/Router/RouteCollection.php on line 1026.
 1 SYSTEMPATH/Router/RouteCollection.php(1026): trigger_error('Passing lowercase HTTP method "post" is deprecated. Use uppercase HTTP method like "POST".', 16384)
 2 APPPATH/Config/Routes.php(131): CodeIgniter\Router\RouteCollection->match([...], 'locations/generarPDF', 'LocationsPdfController::generarPDF')
 3 SYSTEMPATH/Router/RouteCollection.php(339): require('/home/u976386866/domains/servipro.site/public_html/app/app/Config/Routes.php')
 4 SYSTEMPATH/CodeIgniter.php(821): CodeIgniter\Router\RouteCollection->loadRoutes()
 5 SYSTEMPATH/CodeIgniter.php(455): CodeIgniter\CodeIgniter->tryToRouteIt(null)
 6 SYSTEMPATH/CodeIgniter.php(354): CodeIgniter\CodeIgniter->handleRequest(null, Object(Config\Cache), false)
 7 SYSTEMPATH/Boot.php(334): CodeIgniter\CodeIgniter->run()
 8 SYSTEMPATH/Boot.php(67): CodeIgniter\Boot::runCodeIgniter(Object(CodeIgniter\CodeIgniter))
 9 FCPATH/index.php(56): CodeIgniter\Boot::bootWeb(Object(Config\Paths))
DEBUG - 2025-12-15 14:09:37 --> Session: Class initialized using 'CodeIgniter\Session\Handlers\FileHandler' driver.
WARNING - 2025-12-15 14:14:24 --> [DEPRECATED] Passing lowercase HTTP method "get" is deprecated. Use uppercase HTTP method like "GET". in SYSTEMPATH/Router/RouteCollection.php on line 1026.
 1 SYSTEMPATH/Router/RouteCollection.php(1026): trigger_error('Passing lowercase HTTP method "get" is deprecated. Use uppercase HTTP method like "GET".', 16384)
 2 APPPATH/Config/Routes.php(131): CodeIgniter\Router\RouteCollection->match([...], 'locations/generarPDF', 'LocationsPdfController::generarPDF')
 3 SYSTEMPATH/Router/RouteCollection.php(339): require('/home/u976386866/domains/servipro.site/public_html/app/app/Config/Routes.php')
 4 SYSTEMPATH/CodeIgniter.php(821): CodeIgniter\Router\RouteCollection->loadRoutes()
 5 SYSTEMPATH/CodeIgniter.php(455): CodeIgniter\CodeIgniter->tryToRouteIt(null)
 6 SYSTEMPATH/CodeIgniter.php(354): CodeIgniter\CodeIgniter->handleRequest(null, Object(Config\Cache), false)
 7 SYSTEMPATH/Boot.php(334): CodeIgniter\CodeIgniter->run()
 8 SYSTEMPATH/Boot.php(67): CodeIgniter\Boot::runCodeIgniter(Object(CodeIgniter\CodeIgniter))
 9 FCPATH/index.php(56): CodeIgniter\Boot::bootWeb(Object(Config\Paths))
WARNING - 2025-12-15 14:14:24 --> [DEPRECATED] Passing lowercase HTTP method "post" is deprecated. Use uppercase HTTP method like "POST". in SYSTEMPATH/Router/RouteCollection.php on line 1026.
 1 SYSTEMPATH/Router/RouteCollection.php(1026): trigger_error('Passing lowercase HTTP method "post" is deprecated. Use uppercase HTTP method like "POST".', 16384)
 2 APPPATH/Config/Routes.php(131): CodeIgniter\Router\RouteCollection->match([...], 'locations/generarPDF', 'LocationsPdfController::generarPDF')
 3 SYSTEMPATH/Router/RouteCollection.php(339): require('/home/u976386866/domains/servipro.site/public_html/app/app/Config/Routes.php')
 4 SYSTEMPATH/CodeIgniter.php(821): CodeIgniter\Router\RouteCollection->loadRoutes()
 5 SYSTEMPATH/CodeIgniter.php(455): CodeIgniter\CodeIgniter->tryToRouteIt(null)
 6 SYSTEMPATH/CodeIgniter.php(354): CodeIgniter\CodeIgniter->handleRequest(null, Object(Config\Cache), false)
 7 SYSTEMPATH/Boot.php(334): CodeIgniter\CodeIgniter->run()
 8 SYSTEMPATH/Boot.php(67): CodeIgniter\Boot::runCodeIgniter(Object(CodeIgniter\CodeIgniter))
 9 FCPATH/index.php(56): CodeIgniter\Boot::bootWeb(Object(Config\Paths))
DEBUG - 2025-12-15 14:14:24 --> Session: Class initialized using 'CodeIgniter\Session\Handlers\FileHandler' driver.
WARNING - 2025-12-15 14:20:09 --> [DEPRECATED] Passing lowercase HTTP method "get" is deprecated. Use uppercase HTTP method like "GET". in SYSTEMPATH/Router/RouteCollection.php on line 1026.
 1 SYSTEMPATH/Router/RouteCollection.php(1026): trigger_error('Passing lowercase HTTP method "get" is deprecated. Use uppercase HTTP method like "GET".', 16384)
 2 APPPATH/Config/Routes.php(131): CodeIgniter\Router\RouteCollection->match([...], 'locations/generarPDF', 'LocationsPdfController::generarPDF')
 3 SYSTEMPATH/Router/RouteCollection.php(339): require('/home/u976386866/domains/servipro.site/public_html/app/app/Config/Routes.php')
 4 SYSTEMPATH/CodeIgniter.php(821): CodeIgniter\Router\RouteCollection->loadRoutes()
 5 SYSTEMPATH/CodeIgniter.php(455): CodeIgniter\CodeIgniter->tryToRouteIt(null)
 6 SYSTEMPATH/CodeIgniter.php(354): CodeIgniter\CodeIgniter->handleRequest(null, Object(Config\Cache), false)
 7 SYSTEMPATH/Boot.php(334): CodeIgniter\CodeIgniter->run()
 8 SYSTEMPATH/Boot.php(67): CodeIgniter\Boot::runCodeIgniter(Object(CodeIgniter\CodeIgniter))
 9 FCPATH/index.php(56): CodeIgniter\Boot::bootWeb(Object(Config\Paths))
WARNING - 2025-12-15 14:20:09 --> [DEPRECATED] Passing lowercase HTTP method "post" is deprecated. Use uppercase HTTP method like "POST". in SYSTEMPATH/Router/RouteCollection.php on line 1026.
 1 SYSTEMPATH/Router/RouteCollection.php(1026): trigger_error('Passing lowercase HTTP method "post" is deprecated. Use uppercase HTTP method like "POST".', 16384)
 2 APPPATH/Config/Routes.php(131): CodeIgniter\Router\RouteCollection->match([...], 'locations/generarPDF', 'LocationsPdfController::generarPDF')
 3 SYSTEMPATH/Router/RouteCollection.php(339): require('/home/u976386866/domains/servipro.site/public_html/app/app/Config/Routes.php')
 4 SYSTEMPATH/CodeIgniter.php(821): CodeIgniter\Router\RouteCollection->loadRoutes()
 5 SYSTEMPATH/CodeIgniter.php(455): CodeIgniter\CodeIgniter->tryToRouteIt(null)
 6 SYSTEMPATH/CodeIgniter.php(354): CodeIgniter\CodeIgniter->handleRequest(null, Object(Config\Cache), false)
 7 SYSTEMPATH/Boot.php(334): CodeIgniter\CodeIgniter->run()
 8 SYSTEMPATH/Boot.php(67): CodeIgniter\Boot::runCodeIgniter(Object(CodeIgniter\CodeIgniter))
 9 FCPATH/index.php(56): CodeIgniter\Boot::bootWeb(Object(Config\Paths))
DEBUG - 2025-12-15 14:20:09 --> Session: Class initialized using 'CodeIgniter\Session\Handlers\FileHandler' driver.
WARNING - 2025-12-15 14:47:09 --> [DEPRECATED] Passing lowercase HTTP method "get" is deprecated. Use uppercase HTTP method like "GET". in SYSTEMPATH/Router/RouteCollection.php on line 1026.
 1 SYSTEMPATH/Router/RouteCollection.php(1026): trigger_error('Passing lowercase HTTP method "get" is deprecated. Use uppercase HTTP method like "GET".', 16384)
 2 APPPATH/Config/Routes.php(131): CodeIgniter\Router\RouteCollection->match([...], 'locations/generarPDF', 'LocationsPdfController::generarPDF')
 3 SYSTEMPATH/Router/RouteCollection.php(339): require('/home/u976386866/domains/servipro.site/public_html/app/app/Config/Routes.php')
 4 SYSTEMPATH/CodeIgniter.php(821): CodeIgniter\Router\RouteCollection->loadRoutes()
 5 SYSTEMPATH/CodeIgniter.php(455): CodeIgniter\CodeIgniter->tryToRouteIt(null)
 6 SYSTEMPATH/CodeIgniter.php(354): CodeIgniter\CodeIgniter->handleRequest(null, Object(Config\Cache), false)
 7 SYSTEMPATH/Boot.php(334): CodeIgniter\CodeIgniter->run()
 8 SYSTEMPATH/Boot.php(67): CodeIgniter\Boot::runCodeIgniter(Object(CodeIgniter\CodeIgniter))
 9 FCPATH/index.php(56): CodeIgniter\Boot::bootWeb(Object(Config\Paths))
WARNING - 2025-12-15 14:47:09 --> [DEPRECATED] Passing lowercase HTTP method "post" is deprecated. Use uppercase HTTP method like "POST". in SYSTEMPATH/Router/RouteCollection.php on line 1026.
 1 SYSTEMPATH/Router/RouteCollection.php(1026): trigger_error('Passing lowercase HTTP method "post" is deprecated. Use uppercase HTTP method like "POST".', 16384)
 2 APPPATH/Config/Routes.php(131): CodeIgniter\Router\RouteCollection->match([...], 'locations/generarPDF', 'LocationsPdfController::generarPDF')
 3 SYSTEMPATH/Router/RouteCollection.php(339): require('/home/u976386866/domains/servipro.site/public_html/app/app/Config/Routes.php')
 4 SYSTEMPATH/CodeIgniter.php(821): CodeIgniter\Router\RouteCollection->loadRoutes()
 5 SYSTEMPATH/CodeIgniter.php(455): CodeIgniter\CodeIgniter->tryToRouteIt(null)
 6 SYSTEMPATH/CodeIgniter.php(354): CodeIgniter\CodeIgniter->handleRequest(null, Object(Config\Cache), false)
 7 SYSTEMPATH/Boot.php(334): CodeIgniter\CodeIgniter->run()
 8 SYSTEMPATH/Boot.php(67): CodeIgniter\Boot::runCodeIgniter(Object(CodeIgniter\CodeIgniter))
 9 FCPATH/index.php(56): CodeIgniter\Boot::bootWeb(Object(Config\Paths))
DEBUG - 2025-12-15 14:47:09 --> Session: Class initialized using 'CodeIgniter\Session\Handlers\FileHandler' driver.
WARNING - 2025-12-15 19:13:06 --> [DEPRECATED] Passing lowercase HTTP method "get" is deprecated. Use uppercase HTTP method like "GET". in SYSTEMPATH/Router/RouteCollection.php on line 1026.
 1 SYSTEMPATH/Router/RouteCollection.php(1026): trigger_error('Passing lowercase HTTP method "get" is deprecated. Use uppercase HTTP method like "GET".', 16384)
 2 APPPATH/Config/Routes.php(131): CodeIgniter\Router\RouteCollection->match([...], 'locations/generarPDF', 'LocationsPdfController::generarPDF')
 3 SYSTEMPATH/Router/RouteCollection.php(339): require('/home/u976386866/domains/servipro.site/public_html/app/app/Config/Routes.php')
 4 SYSTEMPATH/CodeIgniter.php(821): CodeIgniter\Router\RouteCollection->loadRoutes()
 5 SYSTEMPATH/CodeIgniter.php(455): CodeIgniter\CodeIgniter->tryToRouteIt(null)
 6 SYSTEMPATH/CodeIgniter.php(354): CodeIgniter\CodeIgniter->handleRequest(null, Object(Config\Cache), false)
 7 SYSTEMPATH/Boot.php(334): CodeIgniter\CodeIgniter->run()
 8 SYSTEMPATH/Boot.php(67): CodeIgniter\Boot::runCodeIgniter(Object(CodeIgniter\CodeIgniter))
 9 FCPATH/index.php(56): CodeIgniter\Boot::bootWeb(Object(Config\Paths))
WARNING - 2025-12-15 19:13:06 --> [DEPRECATED] Passing lowercase HTTP method "post" is deprecated. Use uppercase HTTP method like "POST". in SYSTEMPATH/Router/RouteCollection.php on line 1026.
 1 SYSTEMPATH/Router/RouteCollection.php(1026): trigger_error('Passing lowercase HTTP method "post" is deprecated. Use uppercase HTTP method like "POST".', 16384)
 2 APPPATH/Config/Routes.php(131): CodeIgniter\Router\RouteCollection->match([...], 'locations/generarPDF', 'LocationsPdfController::generarPDF')
 3 SYSTEMPATH/Router/RouteCollection.php(339): require('/home/u976386866/domains/servipro.site/public_html/app/app/Config/Routes.php')
 4 SYSTEMPATH/CodeIgniter.php(821): CodeIgniter\Router\RouteCollection->loadRoutes()
 5 SYSTEMPATH/CodeIgniter.php(455): CodeIgniter\CodeIgniter->tryToRouteIt(null)
 6 SYSTEMPATH/CodeIgniter.php(354): CodeIgniter\CodeIgniter->handleRequest(null, Object(Config\Cache), false)
 7 SYSTEMPATH/Boot.php(334): CodeIgniter\CodeIgniter->run()
 8 SYSTEMPATH/Boot.php(67): CodeIgniter\Boot::runCodeIgniter(Object(CodeIgniter\CodeIgniter))
 9 FCPATH/index.php(56): CodeIgniter\Boot::bootWeb(Object(Config\Paths))
DEBUG - 2025-12-15 19:13:06 --> Session: Class initialized using 'CodeIgniter\Session\Handlers\FileHandler' driver.
WARNING - 2025-12-15 19:13:09 --> [DEPRECATED] Passing lowercase HTTP method "get" is deprecated. Use uppercase HTTP method like "GET". in SYSTEMPATH/Router/RouteCollection.php on line 1026.
 1 SYSTEMPATH/Router/RouteCollection.php(1026): trigger_error('Passing lowercase HTTP method "get" is deprecated. Use uppercase HTTP method like "GET".', 16384)
 2 APPPATH/Config/Routes.php(131): CodeIgniter\Router\RouteCollection->match([...], 'locations/generarPDF', 'LocationsPdfController::generarPDF')
 3 SYSTEMPATH/Router/RouteCollection.php(339): require('/home/u976386866/domains/servipro.site/public_html/app/app/Config/Routes.php')
 4 SYSTEMPATH/CodeIgniter.php(821): CodeIgniter\Router\RouteCollection->loadRoutes()
 5 SYSTEMPATH/CodeIgniter.php(455): CodeIgniter\CodeIgniter->tryToRouteIt(null)
 6 SYSTEMPATH/CodeIgniter.php(354): CodeIgniter\CodeIgniter->handleRequest(null, Object(Config\Cache), false)
 7 SYSTEMPATH/Boot.php(334): CodeIgniter\CodeIgniter->run()
 8 SYSTEMPATH/Boot.php(67): CodeIgniter\Boot::runCodeIgniter(Object(CodeIgniter\CodeIgniter))
 9 FCPATH/index.php(56): CodeIgniter\Boot::bootWeb(Object(Config\Paths))
WARNING - 2025-12-15 19:13:09 --> [DEPRECATED] Passing lowercase HTTP method "post" is deprecated. Use uppercase HTTP method like "POST". in SYSTEMPATH/Router/RouteCollection.php on line 1026.
 1 SYSTEMPATH/Router/RouteCollection.php(1026): trigger_error('Passing lowercase HTTP method "post" is deprecated. Use uppercase HTTP method like "POST".', 16384)
 2 APPPATH/Config/Routes.php(131): CodeIgniter\Router\RouteCollection->match([...], 'locations/generarPDF', 'LocationsPdfController::generarPDF')
 3 SYSTEMPATH/Router/RouteCollection.php(339): require('/home/u976386866/domains/servipro.site/public_html/app/app/Config/Routes.php')
 4 SYSTEMPATH/CodeIgniter.php(821): CodeIgniter\Router\RouteCollection->loadRoutes()
 5 SYSTEMPATH/CodeIgniter.php(455): CodeIgniter\CodeIgniter->tryToRouteIt(null)
 6 SYSTEMPATH/CodeIgniter.php(354): CodeIgniter\CodeIgniter->handleRequest(null, Object(Config\Cache), false)
 7 SYSTEMPATH/Boot.php(334): CodeIgniter\CodeIgniter->run()
 8 SYSTEMPATH/Boot.php(67): CodeIgniter\Boot::runCodeIgniter(Object(CodeIgniter\CodeIgniter))
 9 FCPATH/index.php(56): CodeIgniter\Boot::bootWeb(Object(Config\Paths))
DEBUG - 2025-12-15 19:13:09 --> Session: Class initialized using 'CodeIgniter\Session\Handlers\FileHandler' driver.
WARNING - 2025-12-15 19:13:10 --> [DEPRECATED] Passing lowercase HTTP method "get" is deprecated. Use uppercase HTTP method like "GET". in SYSTEMPATH/Router/RouteCollection.php on line 1026.
 1 SYSTEMPATH/Router/RouteCollection.php(1026): trigger_error('Passing lowercase HTTP method "get" is deprecated. Use uppercase HTTP method like "GET".', 16384)
 2 APPPATH/Config/Routes.php(131): CodeIgniter\Router\RouteCollection->match([...], 'locations/generarPDF', 'LocationsPdfController::generarPDF')
 3 SYSTEMPATH/Router/RouteCollection.php(339): require('/home/u976386866/domains/servipro.site/public_html/app/app/Config/Routes.php')
 4 SYSTEMPATH/CodeIgniter.php(821): CodeIgniter\Router\RouteCollection->loadRoutes()
 5 SYSTEMPATH/CodeIgniter.php(455): CodeIgniter\CodeIgniter->tryToRouteIt(null)
 6 SYSTEMPATH/CodeIgniter.php(354): CodeIgniter\CodeIgniter->handleRequest(null, Object(Config\Cache), false)
 7 SYSTEMPATH/Boot.php(334): CodeIgniter\CodeIgniter->run()
 8 SYSTEMPATH/Boot.php(67): CodeIgniter\Boot::runCodeIgniter(Object(CodeIgniter\CodeIgniter))
 9 FCPATH/index.php(56): CodeIgniter\Boot::bootWeb(Object(Config\Paths))
WARNING - 2025-12-15 19:13:10 --> [DEPRECATED] Passing lowercase HTTP method "post" is deprecated. Use uppercase HTTP method like "POST". in SYSTEMPATH/Router/RouteCollection.php on line 1026.
 1 SYSTEMPATH/Router/RouteCollection.php(1026): trigger_error('Passing lowercase HTTP method "post" is deprecated. Use uppercase HTTP method like "POST".', 16384)
 2 APPPATH/Config/Routes.php(131): CodeIgniter\Router\RouteCollection->match([...], 'locations/generarPDF', 'LocationsPdfController::generarPDF')
 3 SYSTEMPATH/Router/RouteCollection.php(339): require('/home/u976386866/domains/servipro.site/public_html/app/app/Config/Routes.php')
 4 SYSTEMPATH/CodeIgniter.php(821): CodeIgniter\Router\RouteCollection->loadRoutes()
 5 SYSTEMPATH/CodeIgniter.php(455): CodeIgniter\CodeIgniter->tryToRouteIt(null)
 6 SYSTEMPATH/CodeIgniter.php(354): CodeIgniter\CodeIgniter->handleRequest(null, Object(Config\Cache), false)
 7 SYSTEMPATH/Boot.php(334): CodeIgniter\CodeIgniter->run()
 8 SYSTEMPATH/Boot.php(67): CodeIgniter\Boot::runCodeIgniter(Object(CodeIgniter\CodeIgniter))
 9 FCPATH/index.php(56): CodeIgniter\Boot::bootWeb(Object(Config\Paths))
DEBUG - 2025-12-15 19:13:10 --> Session: Class initialized using 'CodeIgniter\Session\Handlers\FileHandler' driver.
WARNING - 2025-12-15 19:15:52 --> [DEPRECATED] Passing lowercase HTTP method "get" is deprecated. Use uppercase HTTP method like "GET". in SYSTEMPATH/Router/RouteCollection.php on line 1026.
 1 SYSTEMPATH/Router/RouteCollection.php(1026): trigger_error('Passing lowercase HTTP method "get" is deprecated. Use uppercase HTTP method like "GET".', 16384)
 2 APPPATH/Config/Routes.php(131): CodeIgniter\Router\RouteCollection->match([...], 'locations/generarPDF', 'LocationsPdfController::generarPDF')
 3 SYSTEMPATH/Router/RouteCollection.php(339): require('/home/u976386866/domains/servipro.site/public_html/app/app/Config/Routes.php')
 4 SYSTEMPATH/CodeIgniter.php(821): CodeIgniter\Router\RouteCollection->loadRoutes()
 5 SYSTEMPATH/CodeIgniter.php(455): CodeIgniter\CodeIgniter->tryToRouteIt(null)
 6 SYSTEMPATH/CodeIgniter.php(354): CodeIgniter\CodeIgniter->handleRequest(null, Object(Config\Cache), false)
 7 SYSTEMPATH/Boot.php(334): CodeIgniter\CodeIgniter->run()
 8 SYSTEMPATH/Boot.php(67): CodeIgniter\Boot::runCodeIgniter(Object(CodeIgniter\CodeIgniter))
 9 FCPATH/index.php(56): CodeIgniter\Boot::bootWeb(Object(Config\Paths))
WARNING - 2025-12-15 19:15:52 --> [DEPRECATED] Passing lowercase HTTP method "post" is deprecated. Use uppercase HTTP method like "POST". in SYSTEMPATH/Router/RouteCollection.php on line 1026.
 1 SYSTEMPATH/Router/RouteCollection.php(1026): trigger_error('Passing lowercase HTTP method "post" is deprecated. Use uppercase HTTP method like "POST".', 16384)
 2 APPPATH/Config/Routes.php(131): CodeIgniter\Router\RouteCollection->match([...], 'locations/generarPDF', 'LocationsPdfController::generarPDF')
 3 SYSTEMPATH/Router/RouteCollection.php(339): require('/home/u976386866/domains/servipro.site/public_html/app/app/Config/Routes.php')
 4 SYSTEMPATH/CodeIgniter.php(821): CodeIgniter\Router\RouteCollection->loadRoutes()
 5 SYSTEMPATH/CodeIgniter.php(455): CodeIgniter\CodeIgniter->tryToRouteIt(null)
 6 SYSTEMPATH/CodeIgniter.php(354): CodeIgniter\CodeIgniter->handleRequest(null, Object(Config\Cache), false)
 7 SYSTEMPATH/Boot.php(334): CodeIgniter\CodeIgniter->run()
 8 SYSTEMPATH/Boot.php(67): CodeIgniter\Boot::runCodeIgniter(Object(CodeIgniter\CodeIgniter))
 9 FCPATH/index.php(56): CodeIgniter\Boot::bootWeb(Object(Config\Paths))
DEBUG - 2025-12-15 19:15:52 --> Session: Class initialized using 'CodeIgniter\Session\Handlers\FileHandler' driver.
WARNING - 2025-12-15 19:15:52 --> [DEPRECATED] Passing lowercase HTTP method "get" is deprecated. Use uppercase HTTP method like "GET". in SYSTEMPATH/Router/RouteCollection.php on line 1026.
 1 SYSTEMPATH/Router/RouteCollection.php(1026): trigger_error('Passing lowercase HTTP method "get" is deprecated. Use uppercase HTTP method like "GET".', 16384)
 2 APPPATH/Config/Routes.php(131): CodeIgniter\Router\RouteCollection->match([...], 'locations/generarPDF', 'LocationsPdfController::generarPDF')
 3 SYSTEMPATH/Router/RouteCollection.php(339): require('/home/u976386866/domains/servipro.site/public_html/app/app/Config/Routes.php')
 4 SYSTEMPATH/CodeIgniter.php(821): CodeIgniter\Router\RouteCollection->loadRoutes()
 5 SYSTEMPATH/CodeIgniter.php(455): CodeIgniter\CodeIgniter->tryToRouteIt(null)
 6 SYSTEMPATH/CodeIgniter.php(354): CodeIgniter\CodeIgniter->handleRequest(null, Object(Config\Cache), false)
 7 SYSTEMPATH/Boot.php(334): CodeIgniter\CodeIgniter->run()
 8 SYSTEMPATH/Boot.php(67): CodeIgniter\Boot::runCodeIgniter(Object(CodeIgniter\CodeIgniter))
 9 FCPATH/index.php(56): CodeIgniter\Boot::bootWeb(Object(Config\Paths))
WARNING - 2025-12-15 19:15:52 --> [DEPRECATED] Passing lowercase HTTP method "post" is deprecated. Use uppercase HTTP method like "POST". in SYSTEMPATH/Router/RouteCollection.php on line 1026.
 1 SYSTEMPATH/Router/RouteCollection.php(1026): trigger_error('Passing lowercase HTTP method "post" is deprecated. Use uppercase HTTP method like "POST".', 16384)
 2 APPPATH/Config/Routes.php(131): CodeIgniter\Router\RouteCollection->match([...], 'locations/generarPDF', 'LocationsPdfController::generarPDF')
 3 SYSTEMPATH/Router/RouteCollection.php(339): require('/home/u976386866/domains/servipro.site/public_html/app/app/Config/Routes.php')
 4 SYSTEMPATH/CodeIgniter.php(821): CodeIgniter\Router\RouteCollection->loadRoutes()
 5 SYSTEMPATH/CodeIgniter.php(455): CodeIgniter\CodeIgniter->tryToRouteIt(null)
 6 SYSTEMPATH/CodeIgniter.php(354): CodeIgniter\CodeIgniter->handleRequest(null, Object(Config\Cache), false)
 7 SYSTEMPATH/Boot.php(334): CodeIgniter\CodeIgniter->run()
 8 SYSTEMPATH/Boot.php(67): CodeIgniter\Boot::runCodeIgniter(Object(CodeIgniter\CodeIgniter))
 9 FCPATH/index.php(56): CodeIgniter\Boot::bootWeb(Object(Config\Paths))
DEBUG - 2025-12-15 19:15:52 --> Session: Class initialized using 'CodeIgniter\Session\Handlers\FileHandler' driver.
WARNING - 2025-12-15 19:15:59 --> [DEPRECATED] Passing lowercase HTTP method "get" is deprecated. Use uppercase HTTP method like "GET". in SYSTEMPATH/Router/RouteCollection.php on line 1026.
 1 SYSTEMPATH/Router/RouteCollection.php(1026): trigger_error('Passing lowercase HTTP method "get" is deprecated. Use uppercase HTTP method like "GET".', 16384)
 2 APPPATH/Config/Routes.php(131): CodeIgniter\Router\RouteCollection->match([...], 'locations/generarPDF', 'LocationsPdfController::generarPDF')
 3 SYSTEMPATH/Router/RouteCollection.php(339): require('/home/u976386866/domains/servipro.site/public_html/app/app/Config/Routes.php')
 4 SYSTEMPATH/CodeIgniter.php(821): CodeIgniter\Router\RouteCollection->loadRoutes()
 5 SYSTEMPATH/CodeIgniter.php(455): CodeIgniter\CodeIgniter->tryToRouteIt(null)
 6 SYSTEMPATH/CodeIgniter.php(354): CodeIgniter\CodeIgniter->handleRequest(null, Object(Config\Cache), false)
 7 SYSTEMPATH/Boot.php(334): CodeIgniter\CodeIgniter->run()
 8 SYSTEMPATH/Boot.php(67): CodeIgniter\Boot::runCodeIgniter(Object(CodeIgniter\CodeIgniter))
 9 FCPATH/index.php(56): CodeIgniter\Boot::bootWeb(Object(Config\Paths))
WARNING - 2025-12-15 19:15:59 --> [DEPRECATED] Passing lowercase HTTP method "post" is deprecated. Use uppercase HTTP method like "POST". in SYSTEMPATH/Router/RouteCollection.php on line 1026.
 1 SYSTEMPATH/Router/RouteCollection.php(1026): trigger_error('Passing lowercase HTTP method "post" is deprecated. Use uppercase HTTP method like "POST".', 16384)
 2 APPPATH/Config/Routes.php(131): CodeIgniter\Router\RouteCollection->match([...], 'locations/generarPDF', 'LocationsPdfController::generarPDF')
 3 SYSTEMPATH/Router/RouteCollection.php(339): require('/home/u976386866/domains/servipro.site/public_html/app/app/Config/Routes.php')
 4 SYSTEMPATH/CodeIgniter.php(821): CodeIgniter\Router\RouteCollection->loadRoutes()
 5 SYSTEMPATH/CodeIgniter.php(455): CodeIgniter\CodeIgniter->tryToRouteIt(null)
 6 SYSTEMPATH/CodeIgniter.php(354): CodeIgniter\CodeIgniter->handleRequest(null, Object(Config\Cache), false)
 7 SYSTEMPATH/Boot.php(334): CodeIgniter\CodeIgniter->run()
 8 SYSTEMPATH/Boot.php(67): CodeIgniter\Boot::runCodeIgniter(Object(CodeIgniter\CodeIgniter))
 9 FCPATH/index.php(56): CodeIgniter\Boot::bootWeb(Object(Config\Paths))
DEBUG - 2025-12-15 19:15:59 --> Session: Class initialized using 'CodeIgniter\Session\Handlers\FileHandler' driver.
WARNING - 2025-12-15 19:16:10 --> [DEPRECATED] Passing lowercase HTTP method "get" is deprecated. Use uppercase HTTP method like "GET". in SYSTEMPATH/Router/RouteCollection.php on line 1026.
 1 SYSTEMPATH/Router/RouteCollection.php(1026): trigger_error('Passing lowercase HTTP method "get" is deprecated. Use uppercase HTTP method like "GET".', 16384)
 2 APPPATH/Config/Routes.php(131): CodeIgniter\Router\RouteCollection->match([...], 'locations/generarPDF', 'LocationsPdfController::generarPDF')
 3 SYSTEMPATH/Router/RouteCollection.php(339): require('/home/u976386866/domains/servipro.site/public_html/app/app/Config/Routes.php')
 4 SYSTEMPATH/CodeIgniter.php(821): CodeIgniter\Router\RouteCollection->loadRoutes()
 5 SYSTEMPATH/CodeIgniter.php(455): CodeIgniter\CodeIgniter->tryToRouteIt(null)
 6 SYSTEMPATH/CodeIgniter.php(354): CodeIgniter\CodeIgniter->handleRequest(null, Object(Config\Cache), false)
 7 SYSTEMPATH/Boot.php(334): CodeIgniter\CodeIgniter->run()
 8 SYSTEMPATH/Boot.php(67): CodeIgniter\Boot::runCodeIgniter(Object(CodeIgniter\CodeIgniter))
 9 FCPATH/index.php(56): CodeIgniter\Boot::bootWeb(Object(Config\Paths))
WARNING - 2025-12-15 19:16:10 --> [DEPRECATED] Passing lowercase HTTP method "post" is deprecated. Use uppercase HTTP method like "POST". in SYSTEMPATH/Router/RouteCollection.php on line 1026.
 1 SYSTEMPATH/Router/RouteCollection.php(1026): trigger_error('Passing lowercase HTTP method "post" is deprecated. Use uppercase HTTP method like "POST".', 16384)
 2 APPPATH/Config/Routes.php(131): CodeIgniter\Router\RouteCollection->match([...], 'locations/generarPDF', 'LocationsPdfController::generarPDF')
 3 SYSTEMPATH/Router/RouteCollection.php(339): require('/home/u976386866/domains/servipro.site/public_html/app/app/Config/Routes.php')
 4 SYSTEMPATH/CodeIgniter.php(821): CodeIgniter\Router\RouteCollection->loadRoutes()
 5 SYSTEMPATH/CodeIgniter.php(455): CodeIgniter\CodeIgniter->tryToRouteIt(null)
 6 SYSTEMPATH/CodeIgniter.php(354): CodeIgniter\CodeIgniter->handleRequest(null, Object(Config\Cache), false)
 7 SYSTEMPATH/Boot.php(334): CodeIgniter\CodeIgniter->run()
 8 SYSTEMPATH/Boot.php(67): CodeIgniter\Boot::runCodeIgniter(Object(CodeIgniter\CodeIgniter))
 9 FCPATH/index.php(56): CodeIgniter\Boot::bootWeb(Object(Config\Paths))
DEBUG - 2025-12-15 19:16:10 --> Session: Class initialized using 'CodeIgniter\Session\Handlers\FileHandler' driver.
WARNING - 2025-12-15 19:16:31 --> [DEPRECATED] Passing lowercase HTTP method "get" is deprecated. Use uppercase HTTP method like "GET". in SYSTEMPATH/Router/RouteCollection.php on line 1026.
 1 SYSTEMPATH/Router/RouteCollection.php(1026): trigger_error('Passing lowercase HTTP method "get" is deprecated. Use uppercase HTTP method like "GET".', 16384)
 2 APPPATH/Config/Routes.php(131): CodeIgniter\Router\RouteCollection->match([...], 'locations/generarPDF', 'LocationsPdfController::generarPDF')
 3 SYSTEMPATH/Router/RouteCollection.php(339): require('/home/u976386866/domains/servipro.site/public_html/app/app/Config/Routes.php')
 4 SYSTEMPATH/CodeIgniter.php(821): CodeIgniter\Router\RouteCollection->loadRoutes()
 5 SYSTEMPATH/CodeIgniter.php(455): CodeIgniter\CodeIgniter->tryToRouteIt(null)
 6 SYSTEMPATH/CodeIgniter.php(354): CodeIgniter\CodeIgniter->handleRequest(null, Object(Config\Cache), false)
 7 SYSTEMPATH/Boot.php(334): CodeIgniter\CodeIgniter->run()
 8 SYSTEMPATH/Boot.php(67): CodeIgniter\Boot::runCodeIgniter(Object(CodeIgniter\CodeIgniter))
 9 FCPATH/index.php(56): CodeIgniter\Boot::bootWeb(Object(Config\Paths))
WARNING - 2025-12-15 19:16:31 --> [DEPRECATED] Passing lowercase HTTP method "post" is deprecated. Use uppercase HTTP method like "POST". in SYSTEMPATH/Router/RouteCollection.php on line 1026.
 1 SYSTEMPATH/Router/RouteCollection.php(1026): trigger_error('Passing lowercase HTTP method "post" is deprecated. Use uppercase HTTP method like "POST".', 16384)
 2 APPPATH/Config/Routes.php(131): CodeIgniter\Router\RouteCollection->match([...], 'locations/generarPDF', 'LocationsPdfController::generarPDF')
 3 SYSTEMPATH/Router/RouteCollection.php(339): require('/home/u976386866/domains/servipro.site/public_html/app/app/Config/Routes.php')
 4 SYSTEMPATH/CodeIgniter.php(821): CodeIgniter\Router\RouteCollection->loadRoutes()
 5 SYSTEMPATH/CodeIgniter.php(455): CodeIgniter\CodeIgniter->tryToRouteIt(null)
 6 SYSTEMPATH/CodeIgniter.php(354): CodeIgniter\CodeIgniter->handleRequest(null, Object(Config\Cache), false)
 7 SYSTEMPATH/Boot.php(334): CodeIgniter\CodeIgniter->run()
 8 SYSTEMPATH/Boot.php(67): CodeIgniter\Boot::runCodeIgniter(Object(CodeIgniter\CodeIgniter))
 9 FCPATH/index.php(56): CodeIgniter\Boot::bootWeb(Object(Config\Paths))
DEBUG - 2025-12-15 19:16:31 --> Session: Class initialized using 'CodeIgniter\Session\Handlers\FileHandler' driver.
WARNING - 2025-12-15 19:16:41 --> [DEPRECATED] Passing lowercase HTTP method "get" is deprecated. Use uppercase HTTP method like "GET". in SYSTEMPATH/Router/RouteCollection.php on line 1026.
 1 SYSTEMPATH/Router/RouteCollection.php(1026): trigger_error('Passing lowercase HTTP method "get" is deprecated. Use uppercase HTTP method like "GET".', 16384)
 2 APPPATH/Config/Routes.php(131): CodeIgniter\Router\RouteCollection->match([...], 'locations/generarPDF', 'LocationsPdfController::generarPDF')
 3 SYSTEMPATH/Router/RouteCollection.php(339): require('/home/u976386866/domains/servipro.site/public_html/app/app/Config/Routes.php')
 4 SYSTEMPATH/CodeIgniter.php(821): CodeIgniter\Router\RouteCollection->loadRoutes()
 5 SYSTEMPATH/CodeIgniter.php(455): CodeIgniter\CodeIgniter->tryToRouteIt(null)
 6 SYSTEMPATH/CodeIgniter.php(354): CodeIgniter\CodeIgniter->handleRequest(null, Object(Config\Cache), false)
 7 SYSTEMPATH/Boot.php(334): CodeIgniter\CodeIgniter->run()
 8 SYSTEMPATH/Boot.php(67): CodeIgniter\Boot::runCodeIgniter(Object(CodeIgniter\CodeIgniter))
 9 FCPATH/index.php(56): CodeIgniter\Boot::bootWeb(Object(Config\Paths))
WARNING - 2025-12-15 19:16:41 --> [DEPRECATED] Passing lowercase HTTP method "post" is deprecated. Use uppercase HTTP method like "POST". in SYSTEMPATH/Router/RouteCollection.php on line 1026.
 1 SYSTEMPATH/Router/RouteCollection.php(1026): trigger_error('Passing lowercase HTTP method "post" is deprecated. Use uppercase HTTP method like "POST".', 16384)
 2 APPPATH/Config/Routes.php(131): CodeIgniter\Router\RouteCollection->match([...], 'locations/generarPDF', 'LocationsPdfController::generarPDF')
 3 SYSTEMPATH/Router/RouteCollection.php(339): require('/home/u976386866/domains/servipro.site/public_html/app/app/Config/Routes.php')
 4 SYSTEMPATH/CodeIgniter.php(821): CodeIgniter\Router\RouteCollection->loadRoutes()
 5 SYSTEMPATH/CodeIgniter.php(455): CodeIgniter\CodeIgniter->tryToRouteIt(null)
 6 SYSTEMPATH/CodeIgniter.php(354): CodeIgniter\CodeIgniter->handleRequest(null, Object(Config\Cache), false)
 7 SYSTEMPATH/Boot.php(334): CodeIgniter\CodeIgniter->run()
 8 SYSTEMPATH/Boot.php(67): CodeIgniter\Boot::runCodeIgniter(Object(CodeIgniter\CodeIgniter))
 9 FCPATH/index.php(56): CodeIgniter\Boot::bootWeb(Object(Config\Paths))
DEBUG - 2025-12-15 19:16:41 --> Session: Class initialized using 'CodeIgniter\Session\Handlers\FileHandler' driver.
WARNING - 2025-12-15 19:20:10 --> [DEPRECATED] Passing lowercase HTTP method "get" is deprecated. Use uppercase HTTP method like "GET". in SYSTEMPATH/Router/RouteCollection.php on line 1026.
 1 SYSTEMPATH/Router/RouteCollection.php(1026): trigger_error('Passing lowercase HTTP method "get" is deprecated. Use uppercase HTTP method like "GET".', 16384)
 2 APPPATH/Config/Routes.php(131): CodeIgniter\Router\RouteCollection->match([...], 'locations/generarPDF', 'LocationsPdfController::generarPDF')
 3 SYSTEMPATH/Router/RouteCollection.php(339): require('/home/u976386866/domains/servipro.site/public_html/app/app/Config/Routes.php')
 4 SYSTEMPATH/CodeIgniter.php(821): CodeIgniter\Router\RouteCollection->loadRoutes()
 5 SYSTEMPATH/CodeIgniter.php(455): CodeIgniter\CodeIgniter->tryToRouteIt(null)
 6 SYSTEMPATH/CodeIgniter.php(354): CodeIgniter\CodeIgniter->handleRequest(null, Object(Config\Cache), false)
 7 SYSTEMPATH/Boot.php(334): CodeIgniter\CodeIgniter->run()
 8 SYSTEMPATH/Boot.php(67): CodeIgniter\Boot::runCodeIgniter(Object(CodeIgniter\CodeIgniter))
 9 FCPATH/index.php(56): CodeIgniter\Boot::bootWeb(Object(Config\Paths))
WARNING - 2025-12-15 19:20:10 --> [DEPRECATED] Passing lowercase HTTP method "post" is deprecated. Use uppercase HTTP method like "POST". in SYSTEMPATH/Router/RouteCollection.php on line 1026.
 1 SYSTEMPATH/Router/RouteCollection.php(1026): trigger_error('Passing lowercase HTTP method "post" is deprecated. Use uppercase HTTP method like "POST".', 16384)
 2 APPPATH/Config/Routes.php(131): CodeIgniter\Router\RouteCollection->match([...], 'locations/generarPDF', 'LocationsPdfController::generarPDF')
 3 SYSTEMPATH/Router/RouteCollection.php(339): require('/home/u976386866/domains/servipro.site/public_html/app/app/Config/Routes.php')
 4 SYSTEMPATH/CodeIgniter.php(821): CodeIgniter\Router\RouteCollection->loadRoutes()
 5 SYSTEMPATH/CodeIgniter.php(455): CodeIgniter\CodeIgniter->tryToRouteIt(null)
 6 SYSTEMPATH/CodeIgniter.php(354): CodeIgniter\CodeIgniter->handleRequest(null, Object(Config\Cache), false)
 7 SYSTEMPATH/Boot.php(334): CodeIgniter\CodeIgniter->run()
 8 SYSTEMPATH/Boot.php(67): CodeIgniter\Boot::runCodeIgniter(Object(CodeIgniter\CodeIgniter))
 9 FCPATH/index.php(56): CodeIgniter\Boot::bootWeb(Object(Config\Paths))
WARNING - 2025-12-15 19:25:05 --> [DEPRECATED] Passing lowercase HTTP method "get" is deprecated. Use uppercase HTTP method like "GET". in SYSTEMPATH/Router/RouteCollection.php on line 1026.
 1 SYSTEMPATH/Router/RouteCollection.php(1026): trigger_error('Passing lowercase HTTP method "get" is deprecated. Use uppercase HTTP method like "GET".', 16384)
 2 APPPATH/Config/Routes.php(131): CodeIgniter\Router\RouteCollection->match([...], 'locations/generarPDF', 'LocationsPdfController::generarPDF')
 3 SYSTEMPATH/Router/RouteCollection.php(339): require('/home/u976386866/domains/servipro.site/public_html/app/app/Config/Routes.php')
 4 SYSTEMPATH/CodeIgniter.php(821): CodeIgniter\Router\RouteCollection->loadRoutes()
 5 SYSTEMPATH/CodeIgniter.php(455): CodeIgniter\CodeIgniter->tryToRouteIt(null)
 6 SYSTEMPATH/CodeIgniter.php(354): CodeIgniter\CodeIgniter->handleRequest(null, Object(Config\Cache), false)
 7 SYSTEMPATH/Boot.php(334): CodeIgniter\CodeIgniter->run()
 8 SYSTEMPATH/Boot.php(67): CodeIgniter\Boot::runCodeIgniter(Object(CodeIgniter\CodeIgniter))
 9 FCPATH/index.php(56): CodeIgniter\Boot::bootWeb(Object(Config\Paths))
WARNING - 2025-12-15 19:25:05 --> [DEPRECATED] Passing lowercase HTTP method "post" is deprecated. Use uppercase HTTP method like "POST". in SYSTEMPATH/Router/RouteCollection.php on line 1026.
 1 SYSTEMPATH/Router/RouteCollection.php(1026): trigger_error('Passing lowercase HTTP method "post" is deprecated. Use uppercase HTTP method like "POST".', 16384)
 2 APPPATH/Config/Routes.php(131): CodeIgniter\Router\RouteCollection->match([...], 'locations/generarPDF', 'LocationsPdfController::generarPDF')
 3 SYSTEMPATH/Router/RouteCollection.php(339): require('/home/u976386866/domains/servipro.site/public_html/app/app/Config/Routes.php')
 4 SYSTEMPATH/CodeIgniter.php(821): CodeIgniter\Router\RouteCollection->loadRoutes()
 5 SYSTEMPATH/CodeIgniter.php(455): CodeIgniter\CodeIgniter->tryToRouteIt(null)
 6 SYSTEMPATH/CodeIgniter.php(354): CodeIgniter\CodeIgniter->handleRequest(null, Object(Config\Cache), false)
 7 SYSTEMPATH/Boot.php(334): CodeIgniter\CodeIgniter->run()
 8 SYSTEMPATH/Boot.php(67): CodeIgniter\Boot::runCodeIgniter(Object(CodeIgniter\CodeIgniter))
 9 FCPATH/index.php(56): CodeIgniter\Boot::bootWeb(Object(Config\Paths))
DEBUG - 2025-12-15 19:25:05 --> Session: Class initialized using 'CodeIgniter\Session\Handlers\FileHandler' driver.
WARNING - 2025-12-15 19:45:46 --> [DEPRECATED] Passing lowercase HTTP method "get" is deprecated. Use uppercase HTTP method like "GET". in SYSTEMPATH/Router/RouteCollection.php on line 1026.
 1 SYSTEMPATH/Router/RouteCollection.php(1026): trigger_error('Passing lowercase HTTP method "get" is deprecated. Use uppercase HTTP method like "GET".', 16384)
 2 APPPATH/Config/Routes.php(131): CodeIgniter\Router\RouteCollection->match([...], 'locations/generarPDF', 'LocationsPdfController::generarPDF')
 3 SYSTEMPATH/Router/RouteCollection.php(339): require('/home/u976386866/domains/servipro.site/public_html/app/app/Config/Routes.php')
 4 SYSTEMPATH/CodeIgniter.php(821): CodeIgniter\Router\RouteCollection->loadRoutes()
 5 SYSTEMPATH/CodeIgniter.php(455): CodeIgniter\CodeIgniter->tryToRouteIt(null)
 6 SYSTEMPATH/CodeIgniter.php(354): CodeIgniter\CodeIgniter->handleRequest(null, Object(Config\Cache), false)
 7 SYSTEMPATH/Boot.php(334): CodeIgniter\CodeIgniter->run()
 8 SYSTEMPATH/Boot.php(67): CodeIgniter\Boot::runCodeIgniter(Object(CodeIgniter\CodeIgniter))
 9 FCPATH/index.php(56): CodeIgniter\Boot::bootWeb(Object(Config\Paths))
WARNING - 2025-12-15 19:45:46 --> [DEPRECATED] Passing lowercase HTTP method "post" is deprecated. Use uppercase HTTP method like "POST". in SYSTEMPATH/Router/RouteCollection.php on line 1026.
 1 SYSTEMPATH/Router/RouteCollection.php(1026): trigger_error('Passing lowercase HTTP method "post" is deprecated. Use uppercase HTTP method like "POST".', 16384)
 2 APPPATH/Config/Routes.php(131): CodeIgniter\Router\RouteCollection->match([...], 'locations/generarPDF', 'LocationsPdfController::generarPDF')
 3 SYSTEMPATH/Router/RouteCollection.php(339): require('/home/u976386866/domains/servipro.site/public_html/app/app/Config/Routes.php')
 4 SYSTEMPATH/CodeIgniter.php(821): CodeIgniter\Router\RouteCollection->loadRoutes()
 5 SYSTEMPATH/CodeIgniter.php(455): CodeIgniter\CodeIgniter->tryToRouteIt(null)
 6 SYSTEMPATH/CodeIgniter.php(354): CodeIgniter\CodeIgniter->handleRequest(null, Object(Config\Cache), false)
 7 SYSTEMPATH/Boot.php(334): CodeIgniter\CodeIgniter->run()
 8 SYSTEMPATH/Boot.php(67): CodeIgniter\Boot::runCodeIgniter(Object(CodeIgniter\CodeIgniter))
 9 FCPATH/index.php(56): CodeIgniter\Boot::bootWeb(Object(Config\Paths))
DEBUG - 2025-12-15 19:45:46 --> Session: Class initialized using 'CodeIgniter\Session\Handlers\FileHandler' driver.
WARNING - 2025-12-15 19:45:50 --> [DEPRECATED] Passing lowercase HTTP method "get" is deprecated. Use uppercase HTTP method like "GET". in SYSTEMPATH/Router/RouteCollection.php on line 1026.
 1 SYSTEMPATH/Router/RouteCollection.php(1026): trigger_error('Passing lowercase HTTP method "get" is deprecated. Use uppercase HTTP method like "GET".', 16384)
 2 APPPATH/Config/Routes.php(131): CodeIgniter\Router\RouteCollection->match([...], 'locations/generarPDF', 'LocationsPdfController::generarPDF')
 3 SYSTEMPATH/Router/RouteCollection.php(339): require('/home/u976386866/domains/servipro.site/public_html/app/app/Config/Routes.php')
 4 SYSTEMPATH/CodeIgniter.php(821): CodeIgniter\Router\RouteCollection->loadRoutes()
 5 SYSTEMPATH/CodeIgniter.php(455): CodeIgniter\CodeIgniter->tryToRouteIt(null)
 6 SYSTEMPATH/CodeIgniter.php(354): CodeIgniter\CodeIgniter->handleRequest(null, Object(Config\Cache), false)
 7 SYSTEMPATH/Boot.php(334): CodeIgniter\CodeIgniter->run()
 8 SYSTEMPATH/Boot.php(67): CodeIgniter\Boot::runCodeIgniter(Object(CodeIgniter\CodeIgniter))
 9 FCPATH/index.php(56): CodeIgniter\Boot::bootWeb(Object(Config\Paths))
WARNING - 2025-12-15 19:45:50 --> [DEPRECATED] Passing lowercase HTTP method "post" is deprecated. Use uppercase HTTP method like "POST". in SYSTEMPATH/Router/RouteCollection.php on line 1026.
 1 SYSTEMPATH/Router/RouteCollection.php(1026): trigger_error('Passing lowercase HTTP method "post" is deprecated. Use uppercase HTTP method like "POST".', 16384)
 2 APPPATH/Config/Routes.php(131): CodeIgniter\Router\RouteCollection->match([...], 'locations/generarPDF', 'LocationsPdfController::generarPDF')
 3 SYSTEMPATH/Router/RouteCollection.php(339): require('/home/u976386866/domains/servipro.site/public_html/app/app/Config/Routes.php')
 4 SYSTEMPATH/CodeIgniter.php(821): CodeIgniter\Router\RouteCollection->loadRoutes()
 5 SYSTEMPATH/CodeIgniter.php(455): CodeIgniter\CodeIgniter->tryToRouteIt(null)
 6 SYSTEMPATH/CodeIgniter.php(354): CodeIgniter\CodeIgniter->handleRequest(null, Object(Config\Cache), false)
 7 SYSTEMPATH/Boot.php(334): CodeIgniter\CodeIgniter->run()
 8 SYSTEMPATH/Boot.php(67): CodeIgniter\Boot::runCodeIgniter(Object(CodeIgniter\CodeIgniter))
 9 FCPATH/index.php(56): CodeIgniter\Boot::bootWeb(Object(Config\Paths))
DEBUG - 2025-12-15 19:45:50 --> Session: Class initialized using 'CodeIgniter\Session\Handlers\FileHandler' driver.
WARNING - 2025-12-15 19:45:51 --> [DEPRECATED] Passing lowercase HTTP method "get" is deprecated. Use uppercase HTTP method like "GET". in SYSTEMPATH/Router/RouteCollection.php on line 1026.
 1 SYSTEMPATH/Router/RouteCollection.php(1026): trigger_error('Passing lowercase HTTP method "get" is deprecated. Use uppercase HTTP method like "GET".', 16384)
 2 APPPATH/Config/Routes.php(131): CodeIgniter\Router\RouteCollection->match([...], 'locations/generarPDF', 'LocationsPdfController::generarPDF')
 3 SYSTEMPATH/Router/RouteCollection.php(339): require('/home/u976386866/domains/servipro.site/public_html/app/app/Config/Routes.php')
 4 SYSTEMPATH/CodeIgniter.php(821): CodeIgniter\Router\RouteCollection->loadRoutes()
 5 SYSTEMPATH/CodeIgniter.php(455): CodeIgniter\CodeIgniter->tryToRouteIt(null)
 6 SYSTEMPATH/CodeIgniter.php(354): CodeIgniter\CodeIgniter->handleRequest(null, Object(Config\Cache), false)
 7 SYSTEMPATH/Boot.php(334): CodeIgniter\CodeIgniter->run()
 8 SYSTEMPATH/Boot.php(67): CodeIgniter\Boot::runCodeIgniter(Object(CodeIgniter\CodeIgniter))
 9 FCPATH/index.php(56): CodeIgniter\Boot::bootWeb(Object(Config\Paths))
WARNING - 2025-12-15 19:45:51 --> [DEPRECATED] Passing lowercase HTTP method "post" is deprecated. Use uppercase HTTP method like "POST". in SYSTEMPATH/Router/RouteCollection.php on line 1026.
 1 SYSTEMPATH/Router/RouteCollection.php(1026): trigger_error('Passing lowercase HTTP method "post" is deprecated. Use uppercase HTTP method like "POST".', 16384)
 2 APPPATH/Config/Routes.php(131): CodeIgniter\Router\RouteCollection->match([...], 'locations/generarPDF', 'LocationsPdfController::generarPDF')
 3 SYSTEMPATH/Router/RouteCollection.php(339): require('/home/u976386866/domains/servipro.site/public_html/app/app/Config/Routes.php')
 4 SYSTEMPATH/CodeIgniter.php(821): CodeIgniter\Router\RouteCollection->loadRoutes()
 5 SYSTEMPATH/CodeIgniter.php(455): CodeIgniter\CodeIgniter->tryToRouteIt(null)
 6 SYSTEMPATH/CodeIgniter.php(354): CodeIgniter\CodeIgniter->handleRequest(null, Object(Config\Cache), false)
 7 SYSTEMPATH/Boot.php(334): CodeIgniter\CodeIgniter->run()
 8 SYSTEMPATH/Boot.php(67): CodeIgniter\Boot::runCodeIgniter(Object(CodeIgniter\CodeIgniter))
 9 FCPATH/index.php(56): CodeIgniter\Boot::bootWeb(Object(Config\Paths))
DEBUG - 2025-12-15 19:45:51 --> Session: Class initialized using 'CodeIgniter\Session\Handlers\FileHandler' driver.
WARNING - 2025-12-15 19:47:08 --> [DEPRECATED] Passing lowercase HTTP method "get" is deprecated. Use uppercase HTTP method like "GET". in SYSTEMPATH/Router/RouteCollection.php on line 1026.
 1 SYSTEMPATH/Router/RouteCollection.php(1026): trigger_error('Passing lowercase HTTP method "get" is deprecated. Use uppercase HTTP method like "GET".', 16384)
 2 APPPATH/Config/Routes.php(131): CodeIgniter\Router\RouteCollection->match([...], 'locations/generarPDF', 'LocationsPdfController::generarPDF')
 3 SYSTEMPATH/Router/RouteCollection.php(339): require('/home/u976386866/domains/servipro.site/public_html/app/app/Config/Routes.php')
 4 SYSTEMPATH/CodeIgniter.php(821): CodeIgniter\Router\RouteCollection->loadRoutes()
 5 SYSTEMPATH/CodeIgniter.php(455): CodeIgniter\CodeIgniter->tryToRouteIt(null)
 6 SYSTEMPATH/CodeIgniter.php(354): CodeIgniter\CodeIgniter->handleRequest(null, Object(Config\Cache), false)
 7 SYSTEMPATH/Boot.php(334): CodeIgniter\CodeIgniter->run()
 8 SYSTEMPATH/Boot.php(67): CodeIgniter\Boot::runCodeIgniter(Object(CodeIgniter\CodeIgniter))
 9 FCPATH/index.php(56): CodeIgniter\Boot::bootWeb(Object(Config\Paths))
WARNING - 2025-12-15 19:47:08 --> [DEPRECATED] Passing lowercase HTTP method "post" is deprecated. Use uppercase HTTP method like "POST". in SYSTEMPATH/Router/RouteCollection.php on line 1026.
 1 SYSTEMPATH/Router/RouteCollection.php(1026): trigger_error('Passing lowercase HTTP method "post" is deprecated. Use uppercase HTTP method like "POST".', 16384)
 2 APPPATH/Config/Routes.php(131): CodeIgniter\Router\RouteCollection->match([...], 'locations/generarPDF', 'LocationsPdfController::generarPDF')
 3 SYSTEMPATH/Router/RouteCollection.php(339): require('/home/u976386866/domains/servipro.site/public_html/app/app/Config/Routes.php')
 4 SYSTEMPATH/CodeIgniter.php(821): CodeIgniter\Router\RouteCollection->loadRoutes()
 5 SYSTEMPATH/CodeIgniter.php(455): CodeIgniter\CodeIgniter->tryToRouteIt(null)
 6 SYSTEMPATH/CodeIgniter.php(354): CodeIgniter\CodeIgniter->handleRequest(null, Object(Config\Cache), false)
 7 SYSTEMPATH/Boot.php(334): CodeIgniter\CodeIgniter->run()
 8 SYSTEMPATH/Boot.php(67): CodeIgniter\Boot::runCodeIgniter(Object(CodeIgniter\CodeIgniter))
 9 FCPATH/index.php(56): CodeIgniter\Boot::bootWeb(Object(Config\Paths))
DEBUG - 2025-12-15 19:47:08 --> Session: Class initialized using 'CodeIgniter\Session\Handlers\FileHandler' driver.
WARNING - 2025-12-15 19:47:08 --> [DEPRECATED] Passing lowercase HTTP method "get" is deprecated. Use uppercase HTTP method like "GET". in SYSTEMPATH/Router/RouteCollection.php on line 1026.
 1 SYSTEMPATH/Router/RouteCollection.php(1026): trigger_error('Passing lowercase HTTP method "get" is deprecated. Use uppercase HTTP method like "GET".', 16384)
 2 APPPATH/Config/Routes.php(131): CodeIgniter\Router\RouteCollection->match([...], 'locations/generarPDF', 'LocationsPdfController::generarPDF')
 3 SYSTEMPATH/Router/RouteCollection.php(339): require('/home/u976386866/domains/servipro.site/public_html/app/app/Config/Routes.php')
 4 SYSTEMPATH/CodeIgniter.php(821): CodeIgniter\Router\RouteCollection->loadRoutes()
 5 SYSTEMPATH/CodeIgniter.php(455): CodeIgniter\CodeIgniter->tryToRouteIt(null)
 6 SYSTEMPATH/CodeIgniter.php(354): CodeIgniter\CodeIgniter->handleRequest(null, Object(Config\Cache), false)
 7 SYSTEMPATH/Boot.php(334): CodeIgniter\CodeIgniter->run()
 8 SYSTEMPATH/Boot.php(67): CodeIgniter\Boot::runCodeIgniter(Object(CodeIgniter\CodeIgniter))
 9 FCPATH/index.php(56): CodeIgniter\Boot::bootWeb(Object(Config\Paths))
WARNING - 2025-12-15 19:47:08 --> [DEPRECATED] Passing lowercase HTTP method "post" is deprecated. Use uppercase HTTP method like "POST". in SYSTEMPATH/Router/RouteCollection.php on line 1026.
 1 SYSTEMPATH/Router/RouteCollection.php(1026): trigger_error('Passing lowercase HTTP method "post" is deprecated. Use uppercase HTTP method like "POST".', 16384)
 2 APPPATH/Config/Routes.php(131): CodeIgniter\Router\RouteCollection->match([...], 'locations/generarPDF', 'LocationsPdfController::generarPDF')
 3 SYSTEMPATH/Router/RouteCollection.php(339): require('/home/u976386866/domains/servipro.site/public_html/app/app/Config/Routes.php')
 4 SYSTEMPATH/CodeIgniter.php(821): CodeIgniter\Router\RouteCollection->loadRoutes()
 5 SYSTEMPATH/CodeIgniter.php(455): CodeIgniter\CodeIgniter->tryToRouteIt(null)
 6 SYSTEMPATH/CodeIgniter.php(354): CodeIgniter\CodeIgniter->handleRequest(null, Object(Config\Cache), false)
 7 SYSTEMPATH/Boot.php(334): CodeIgniter\CodeIgniter->run()
 8 SYSTEMPATH/Boot.php(67): CodeIgniter\Boot::runCodeIgniter(Object(CodeIgniter\CodeIgniter))
 9 FCPATH/index.php(56): CodeIgniter\Boot::bootWeb(Object(Config\Paths))
DEBUG - 2025-12-15 19:47:08 --> Session: Class initialized using 'CodeIgniter\Session\Handlers\FileHandler' driver.
WARNING - 2025-12-15 19:47:10 --> [DEPRECATED] Passing lowercase HTTP method "get" is deprecated. Use uppercase HTTP method like "GET". in SYSTEMPATH/Router/RouteCollection.php on line 1026.
 1 SYSTEMPATH/Router/RouteCollection.php(1026): trigger_error('Passing lowercase HTTP method "get" is deprecated. Use uppercase HTTP method like "GET".', 16384)
 2 APPPATH/Config/Routes.php(131): CodeIgniter\Router\RouteCollection->match([...], 'locations/generarPDF', 'LocationsPdfController::generarPDF')
 3 SYSTEMPATH/Router/RouteCollection.php(339): require('/home/u976386866/domains/servipro.site/public_html/app/app/Config/Routes.php')
 4 SYSTEMPATH/CodeIgniter.php(821): CodeIgniter\Router\RouteCollection->loadRoutes()
 5 SYSTEMPATH/CodeIgniter.php(455): CodeIgniter\CodeIgniter->tryToRouteIt(null)
 6 SYSTEMPATH/CodeIgniter.php(354): CodeIgniter\CodeIgniter->handleRequest(null, Object(Config\Cache), false)
 7 SYSTEMPATH/Boot.php(334): CodeIgniter\CodeIgniter->run()
 8 SYSTEMPATH/Boot.php(67): CodeIgniter\Boot::runCodeIgniter(Object(CodeIgniter\CodeIgniter))
 9 FCPATH/index.php(56): CodeIgniter\Boot::bootWeb(Object(Config\Paths))
WARNING - 2025-12-15 19:47:10 --> [DEPRECATED] Passing lowercase HTTP method "post" is deprecated. Use uppercase HTTP method like "POST". in SYSTEMPATH/Router/RouteCollection.php on line 1026.
 1 SYSTEMPATH/Router/RouteCollection.php(1026): trigger_error('Passing lowercase HTTP method "post" is deprecated. Use uppercase HTTP method like "POST".', 16384)
 2 APPPATH/Config/Routes.php(131): CodeIgniter\Router\RouteCollection->match([...], 'locations/generarPDF', 'LocationsPdfController::generarPDF')
 3 SYSTEMPATH/Router/RouteCollection.php(339): require('/home/u976386866/domains/servipro.site/public_html/app/app/Config/Routes.php')
 4 SYSTEMPATH/CodeIgniter.php(821): CodeIgniter\Router\RouteCollection->loadRoutes()
 5 SYSTEMPATH/CodeIgniter.php(455): CodeIgniter\CodeIgniter->tryToRouteIt(null)
 6 SYSTEMPATH/CodeIgniter.php(354): CodeIgniter\CodeIgniter->handleRequest(null, Object(Config\Cache), false)
 7 SYSTEMPATH/Boot.php(334): CodeIgniter\CodeIgniter->run()
 8 SYSTEMPATH/Boot.php(67): CodeIgniter\Boot::runCodeIgniter(Object(CodeIgniter\CodeIgniter))
 9 FCPATH/index.php(56): CodeIgniter\Boot::bootWeb(Object(Config\Paths))
DEBUG - 2025-12-15 19:47:10 --> Session: Class initialized using 'CodeIgniter\Session\Handlers\FileHandler' driver.
WARNING - 2025-12-15 19:47:10 --> [DEPRECATED] Passing lowercase HTTP method "get" is deprecated. Use uppercase HTTP method like "GET". in SYSTEMPATH/Router/RouteCollection.php on line 1026.
 1 SYSTEMPATH/Router/RouteCollection.php(1026): trigger_error('Passing lowercase HTTP method "get" is deprecated. Use uppercase HTTP method like "GET".', 16384)
 2 APPPATH/Config/Routes.php(131): CodeIgniter\Router\RouteCollection->match([...], 'locations/generarPDF', 'LocationsPdfController::generarPDF')
 3 SYSTEMPATH/Router/RouteCollection.php(339): require('/home/u976386866/domains/servipro.site/public_html/app/app/Config/Routes.php')
 4 SYSTEMPATH/CodeIgniter.php(821): CodeIgniter\Router\RouteCollection->loadRoutes()
 5 SYSTEMPATH/CodeIgniter.php(455): CodeIgniter\CodeIgniter->tryToRouteIt(null)
 6 SYSTEMPATH/CodeIgniter.php(354): CodeIgniter\CodeIgniter->handleRequest(null, Object(Config\Cache), false)
 7 SYSTEMPATH/Boot.php(334): CodeIgniter\CodeIgniter->run()
 8 SYSTEMPATH/Boot.php(67): CodeIgniter\Boot::runCodeIgniter(Object(CodeIgniter\CodeIgniter))
 9 FCPATH/index.php(56): CodeIgniter\Boot::bootWeb(Object(Config\Paths))
WARNING - 2025-12-15 19:47:10 --> [DEPRECATED] Passing lowercase HTTP method "post" is deprecated. Use uppercase HTTP method like "POST". in SYSTEMPATH/Router/RouteCollection.php on line 1026.
 1 SYSTEMPATH/Router/RouteCollection.php(1026): trigger_error('Passing lowercase HTTP method "post" is deprecated. Use uppercase HTTP method like "POST".', 16384)
 2 APPPATH/Config/Routes.php(131): CodeIgniter\Router\RouteCollection->match([...], 'locations/generarPDF', 'LocationsPdfController::generarPDF')
 3 SYSTEMPATH/Router/RouteCollection.php(339): require('/home/u976386866/domains/servipro.site/public_html/app/app/Config/Routes.php')
 4 SYSTEMPATH/CodeIgniter.php(821): CodeIgniter\Router\RouteCollection->loadRoutes()
 5 SYSTEMPATH/CodeIgniter.php(455): CodeIgniter\CodeIgniter->tryToRouteIt(null)
 6 SYSTEMPATH/CodeIgniter.php(354): CodeIgniter\CodeIgniter->handleRequest(null, Object(Config\Cache), false)
 7 SYSTEMPATH/Boot.php(334): CodeIgniter\CodeIgniter->run()
 8 SYSTEMPATH/Boot.php(67): CodeIgniter\Boot::runCodeIgniter(Object(CodeIgniter\CodeIgniter))
 9 FCPATH/index.php(56): CodeIgniter\Boot::bootWeb(Object(Config\Paths))
WARNING - 2025-12-15 19:47:17 --> [DEPRECATED] Passing lowercase HTTP method "get" is deprecated. Use uppercase HTTP method like "GET". in SYSTEMPATH/Router/RouteCollection.php on line 1026.
 1 SYSTEMPATH/Router/RouteCollection.php(1026): trigger_error('Passing lowercase HTTP method "get" is deprecated. Use uppercase HTTP method like "GET".', 16384)
 2 APPPATH/Config/Routes.php(131): CodeIgniter\Router\RouteCollection->match([...], 'locations/generarPDF', 'LocationsPdfController::generarPDF')
 3 SYSTEMPATH/Router/RouteCollection.php(339): require('/home/u976386866/domains/servipro.site/public_html/app/app/Config/Routes.php')
 4 SYSTEMPATH/CodeIgniter.php(821): CodeIgniter\Router\RouteCollection->loadRoutes()
 5 SYSTEMPATH/CodeIgniter.php(455): CodeIgniter\CodeIgniter->tryToRouteIt(null)
 6 SYSTEMPATH/CodeIgniter.php(354): CodeIgniter\CodeIgniter->handleRequest(null, Object(Config\Cache), false)
 7 SYSTEMPATH/Boot.php(334): CodeIgniter\CodeIgniter->run()
 8 SYSTEMPATH/Boot.php(67): CodeIgniter\Boot::runCodeIgniter(Object(CodeIgniter\CodeIgniter))
 9 FCPATH/index.php(56): CodeIgniter\Boot::bootWeb(Object(Config\Paths))
WARNING - 2025-12-15 19:47:17 --> [DEPRECATED] Passing lowercase HTTP method "post" is deprecated. Use uppercase HTTP method like "POST". in SYSTEMPATH/Router/RouteCollection.php on line 1026.
 1 SYSTEMPATH/Router/RouteCollection.php(1026): trigger_error('Passing lowercase HTTP method "post" is deprecated. Use uppercase HTTP method like "POST".', 16384)
 2 APPPATH/Config/Routes.php(131): CodeIgniter\Router\RouteCollection->match([...], 'locations/generarPDF', 'LocationsPdfController::generarPDF')
 3 SYSTEMPATH/Router/RouteCollection.php(339): require('/home/u976386866/domains/servipro.site/public_html/app/app/Config/Routes.php')
 4 SYSTEMPATH/CodeIgniter.php(821): CodeIgniter\Router\RouteCollection->loadRoutes()
 5 SYSTEMPATH/CodeIgniter.php(455): CodeIgniter\CodeIgniter->tryToRouteIt(null)
 6 SYSTEMPATH/CodeIgniter.php(354): CodeIgniter\CodeIgniter->handleRequest(null, Object(Config\Cache), false)
 7 SYSTEMPATH/Boot.php(334): CodeIgniter\CodeIgniter->run()
 8 SYSTEMPATH/Boot.php(67): CodeIgniter\Boot::runCodeIgniter(Object(CodeIgniter\CodeIgniter))
 9 FCPATH/index.php(56): CodeIgniter\Boot::bootWeb(Object(Config\Paths))
DEBUG - 2025-12-15 19:47:17 --> Session: Class initialized using 'CodeIgniter\Session\Handlers\FileHandler' driver.
WARNING - 2025-12-15 19:47:20 --> [DEPRECATED] Passing lowercase HTTP method "get" is deprecated. Use uppercase HTTP method like "GET". in SYSTEMPATH/Router/RouteCollection.php on line 1026.
 1 SYSTEMPATH/Router/RouteCollection.php(1026): trigger_error('Passing lowercase HTTP method "get" is deprecated. Use uppercase HTTP method like "GET".', 16384)
 2 APPPATH/Config/Routes.php(131): CodeIgniter\Router\RouteCollection->match([...], 'locations/generarPDF', 'LocationsPdfController::generarPDF')
 3 SYSTEMPATH/Router/RouteCollection.php(339): require('/home/u976386866/domains/servipro.site/public_html/app/app/Config/Routes.php')
 4 SYSTEMPATH/CodeIgniter.php(821): CodeIgniter\Router\RouteCollection->loadRoutes()
 5 SYSTEMPATH/CodeIgniter.php(455): CodeIgniter\CodeIgniter->tryToRouteIt(null)
 6 SYSTEMPATH/CodeIgniter.php(354): CodeIgniter\CodeIgniter->handleRequest(null, Object(Config\Cache), false)
 7 SYSTEMPATH/Boot.php(334): CodeIgniter\CodeIgniter->run()
 8 SYSTEMPATH/Boot.php(67): CodeIgniter\Boot::runCodeIgniter(Object(CodeIgniter\CodeIgniter))
 9 FCPATH/index.php(56): CodeIgniter\Boot::bootWeb(Object(Config\Paths))
WARNING - 2025-12-15 19:47:20 --> [DEPRECATED] Passing lowercase HTTP method "post" is deprecated. Use uppercase HTTP method like "POST". in SYSTEMPATH/Router/RouteCollection.php on line 1026.
 1 SYSTEMPATH/Router/RouteCollection.php(1026): trigger_error('Passing lowercase HTTP method "post" is deprecated. Use uppercase HTTP method like "POST".', 16384)
 2 APPPATH/Config/Routes.php(131): CodeIgniter\Router\RouteCollection->match([...], 'locations/generarPDF', 'LocationsPdfController::generarPDF')
 3 SYSTEMPATH/Router/RouteCollection.php(339): require('/home/u976386866/domains/servipro.site/public_html/app/app/Config/Routes.php')
 4 SYSTEMPATH/CodeIgniter.php(821): CodeIgniter\Router\RouteCollection->loadRoutes()
 5 SYSTEMPATH/CodeIgniter.php(455): CodeIgniter\CodeIgniter->tryToRouteIt(null)
 6 SYSTEMPATH/CodeIgniter.php(354): CodeIgniter\CodeIgniter->handleRequest(null, Object(Config\Cache), false)
 7 SYSTEMPATH/Boot.php(334): CodeIgniter\CodeIgniter->run()
 8 SYSTEMPATH/Boot.php(67): CodeIgniter\Boot::runCodeIgniter(Object(CodeIgniter\CodeIgniter))
 9 FCPATH/index.php(56): CodeIgniter\Boot::bootWeb(Object(Config\Paths))
DEBUG - 2025-12-15 19:47:20 --> Session: Class initialized using 'CodeIgniter\Session\Handlers\FileHandler' driver.
WARNING - 2025-12-15 19:47:20 --> [DEPRECATED] Passing lowercase HTTP method "get" is deprecated. Use uppercase HTTP method like "GET". in SYSTEMPATH/Router/RouteCollection.php on line 1026.
 1 SYSTEMPATH/Router/RouteCollection.php(1026): trigger_error('Passing lowercase HTTP method "get" is deprecated. Use uppercase HTTP method like "GET".', 16384)
 2 APPPATH/Config/Routes.php(131): CodeIgniter\Router\RouteCollection->match([...], 'locations/generarPDF', 'LocationsPdfController::generarPDF')
 3 SYSTEMPATH/Router/RouteCollection.php(339): require('/home/u976386866/domains/servipro.site/public_html/app/app/Config/Routes.php')
 4 SYSTEMPATH/CodeIgniter.php(821): CodeIgniter\Router\RouteCollection->loadRoutes()
 5 SYSTEMPATH/CodeIgniter.php(455): CodeIgniter\CodeIgniter->tryToRouteIt(null)
 6 SYSTEMPATH/CodeIgniter.php(354): CodeIgniter\CodeIgniter->handleRequest(null, Object(Config\Cache), false)
 7 SYSTEMPATH/Boot.php(334): CodeIgniter\CodeIgniter->run()
 8 SYSTEMPATH/Boot.php(67): CodeIgniter\Boot::runCodeIgniter(Object(CodeIgniter\CodeIgniter))
 9 FCPATH/index.php(56): CodeIgniter\Boot::bootWeb(Object(Config\Paths))
WARNING - 2025-12-15 19:47:20 --> [DEPRECATED] Passing lowercase HTTP method "post" is deprecated. Use uppercase HTTP method like "POST". in SYSTEMPATH/Router/RouteCollection.php on line 1026.
 1 SYSTEMPATH/Router/RouteCollection.php(1026): trigger_error('Passing lowercase HTTP method "post" is deprecated. Use uppercase HTTP method like "POST".', 16384)
 2 APPPATH/Config/Routes.php(131): CodeIgniter\Router\RouteCollection->match([...], 'locations/generarPDF', 'LocationsPdfController::generarPDF')
 3 SYSTEMPATH/Router/RouteCollection.php(339): require('/home/u976386866/domains/servipro.site/public_html/app/app/Config/Routes.php')
 4 SYSTEMPATH/CodeIgniter.php(821): CodeIgniter\Router\RouteCollection->loadRoutes()
 5 SYSTEMPATH/CodeIgniter.php(455): CodeIgniter\CodeIgniter->tryToRouteIt(null)
 6 SYSTEMPATH/CodeIgniter.php(354): CodeIgniter\CodeIgniter->handleRequest(null, Object(Config\Cache), false)
 7 SYSTEMPATH/Boot.php(334): CodeIgniter\CodeIgniter->run()
 8 SYSTEMPATH/Boot.php(67): CodeIgniter\Boot::runCodeIgniter(Object(CodeIgniter\CodeIgniter))
 9 FCPATH/index.php(56): CodeIgniter\Boot::bootWeb(Object(Config\Paths))
DEBUG - 2025-12-15 19:47:20 --> Session: Class initialized using 'CodeIgniter\Session\Handlers\FileHandler' driver.
WARNING - 2025-12-15 19:47:43 --> [DEPRECATED] Passing lowercase HTTP method "get" is deprecated. Use uppercase HTTP method like "GET". in SYSTEMPATH/Router/RouteCollection.php on line 1026.
 1 SYSTEMPATH/Router/RouteCollection.php(1026): trigger_error('Passing lowercase HTTP method "get" is deprecated. Use uppercase HTTP method like "GET".', 16384)
 2 APPPATH/Config/Routes.php(131): CodeIgniter\Router\RouteCollection->match([...], 'locations/generarPDF', 'LocationsPdfController::generarPDF')
 3 SYSTEMPATH/Router/RouteCollection.php(339): require('/home/u976386866/domains/servipro.site/public_html/app/app/Config/Routes.php')
 4 SYSTEMPATH/CodeIgniter.php(821): CodeIgniter\Router\RouteCollection->loadRoutes()
 5 SYSTEMPATH/CodeIgniter.php(455): CodeIgniter\CodeIgniter->tryToRouteIt(null)
 6 SYSTEMPATH/CodeIgniter.php(354): CodeIgniter\CodeIgniter->handleRequest(null, Object(Config\Cache), false)
 7 SYSTEMPATH/Boot.php(334): CodeIgniter\CodeIgniter->run()
 8 SYSTEMPATH/Boot.php(67): CodeIgniter\Boot::runCodeIgniter(Object(CodeIgniter\CodeIgniter))
 9 FCPATH/index.php(56): CodeIgniter\Boot::bootWeb(Object(Config\Paths))
WARNING - 2025-12-15 19:47:43 --> [DEPRECATED] Passing lowercase HTTP method "post" is deprecated. Use uppercase HTTP method like "POST". in SYSTEMPATH/Router/RouteCollection.php on line 1026.
 1 SYSTEMPATH/Router/RouteCollection.php(1026): trigger_error('Passing lowercase HTTP method "post" is deprecated. Use uppercase HTTP method like "POST".', 16384)
 2 APPPATH/Config/Routes.php(131): CodeIgniter\Router\RouteCollection->match([...], 'locations/generarPDF', 'LocationsPdfController::generarPDF')
 3 SYSTEMPATH/Router/RouteCollection.php(339): require('/home/u976386866/domains/servipro.site/public_html/app/app/Config/Routes.php')
 4 SYSTEMPATH/CodeIgniter.php(821): CodeIgniter\Router\RouteCollection->loadRoutes()
 5 SYSTEMPATH/CodeIgniter.php(455): CodeIgniter\CodeIgniter->tryToRouteIt(null)
 6 SYSTEMPATH/CodeIgniter.php(354): CodeIgniter\CodeIgniter->handleRequest(null, Object(Config\Cache), false)
 7 SYSTEMPATH/Boot.php(334): CodeIgniter\CodeIgniter->run()
 8 SYSTEMPATH/Boot.php(67): CodeIgniter\Boot::runCodeIgniter(Object(CodeIgniter\CodeIgniter))
 9 FCPATH/index.php(56): CodeIgniter\Boot::bootWeb(Object(Config\Paths))
DEBUG - 2025-12-15 19:47:43 --> Session: Class initialized using 'CodeIgniter\Session\Handlers\FileHandler' driver.
WARNING - 2025-12-15 19:52:23 --> [DEPRECATED] Passing lowercase HTTP method "get" is deprecated. Use uppercase HTTP method like "GET". in SYSTEMPATH/Router/RouteCollection.php on line 1026.
 1 SYSTEMPATH/Router/RouteCollection.php(1026): trigger_error('Passing lowercase HTTP method "get" is deprecated. Use uppercase HTTP method like "GET".', 16384)
 2 APPPATH/Config/Routes.php(131): CodeIgniter\Router\RouteCollection->match([...], 'locations/generarPDF', 'LocationsPdfController::generarPDF')
 3 SYSTEMPATH/Router/RouteCollection.php(339): require('/home/u976386866/domains/servipro.site/public_html/app/app/Config/Routes.php')
 4 SYSTEMPATH/CodeIgniter.php(821): CodeIgniter\Router\RouteCollection->loadRoutes()
 5 SYSTEMPATH/CodeIgniter.php(455): CodeIgniter\CodeIgniter->tryToRouteIt(null)
 6 SYSTEMPATH/CodeIgniter.php(354): CodeIgniter\CodeIgniter->handleRequest(null, Object(Config\Cache), false)
 7 SYSTEMPATH/Boot.php(334): CodeIgniter\CodeIgniter->run()
 8 SYSTEMPATH/Boot.php(67): CodeIgniter\Boot::runCodeIgniter(Object(CodeIgniter\CodeIgniter))
 9 FCPATH/index.php(56): CodeIgniter\Boot::bootWeb(Object(Config\Paths))
WARNING - 2025-12-15 19:52:23 --> [DEPRECATED] Passing lowercase HTTP method "post" is deprecated. Use uppercase HTTP method like "POST". in SYSTEMPATH/Router/RouteCollection.php on line 1026.
 1 SYSTEMPATH/Router/RouteCollection.php(1026): trigger_error('Passing lowercase HTTP method "post" is deprecated. Use uppercase HTTP method like "POST".', 16384)
 2 APPPATH/Config/Routes.php(131): CodeIgniter\Router\RouteCollection->match([...], 'locations/generarPDF', 'LocationsPdfController::generarPDF')
 3 SYSTEMPATH/Router/RouteCollection.php(339): require('/home/u976386866/domains/servipro.site/public_html/app/app/Config/Routes.php')
 4 SYSTEMPATH/CodeIgniter.php(821): CodeIgniter\Router\RouteCollection->loadRoutes()
 5 SYSTEMPATH/CodeIgniter.php(455): CodeIgniter\CodeIgniter->tryToRouteIt(null)
 6 SYSTEMPATH/CodeIgniter.php(354): CodeIgniter\CodeIgniter->handleRequest(null, Object(Config\Cache), false)
 7 SYSTEMPATH/Boot.php(334): CodeIgniter\CodeIgniter->run()
 8 SYSTEMPATH/Boot.php(67): CodeIgniter\Boot::runCodeIgniter(Object(CodeIgniter\CodeIgniter))
 9 FCPATH/index.php(56): CodeIgniter\Boot::bootWeb(Object(Config\Paths))
DEBUG - 2025-12-15 19:52:23 --> Session: Class initialized using 'CodeIgniter\Session\Handlers\FileHandler' driver.
WARNING - 2025-12-15 19:52:28 --> [DEPRECATED] Passing lowercase HTTP method "get" is deprecated. Use uppercase HTTP method like "GET". in SYSTEMPATH/Router/RouteCollection.php on line 1026.
 1 SYSTEMPATH/Router/RouteCollection.php(1026): trigger_error('Passing lowercase HTTP method "get" is deprecated. Use uppercase HTTP method like "GET".', 16384)
 2 APPPATH/Config/Routes.php(131): CodeIgniter\Router\RouteCollection->match([...], 'locations/generarPDF', 'LocationsPdfController::generarPDF')
 3 SYSTEMPATH/Router/RouteCollection.php(339): require('/home/u976386866/domains/servipro.site/public_html/app/app/Config/Routes.php')
 4 SYSTEMPATH/CodeIgniter.php(821): CodeIgniter\Router\RouteCollection->loadRoutes()
 5 SYSTEMPATH/CodeIgniter.php(455): CodeIgniter\CodeIgniter->tryToRouteIt(null)
 6 SYSTEMPATH/CodeIgniter.php(354): CodeIgniter\CodeIgniter->handleRequest(null, Object(Config\Cache), false)
 7 SYSTEMPATH/Boot.php(334): CodeIgniter\CodeIgniter->run()
 8 SYSTEMPATH/Boot.php(67): CodeIgniter\Boot::runCodeIgniter(Object(CodeIgniter\CodeIgniter))
 9 FCPATH/index.php(56): CodeIgniter\Boot::bootWeb(Object(Config\Paths))
WARNING - 2025-12-15 19:52:28 --> [DEPRECATED] Passing lowercase HTTP method "post" is deprecated. Use uppercase HTTP method like "POST". in SYSTEMPATH/Router/RouteCollection.php on line 1026.
 1 SYSTEMPATH/Router/RouteCollection.php(1026): trigger_error('Passing lowercase HTTP method "post" is deprecated. Use uppercase HTTP method like "POST".', 16384)
 2 APPPATH/Config/Routes.php(131): CodeIgniter\Router\RouteCollection->match([...], 'locations/generarPDF', 'LocationsPdfController::generarPDF')
 3 SYSTEMPATH/Router/RouteCollection.php(339): require('/home/u976386866/domains/servipro.site/public_html/app/app/Config/Routes.php')
 4 SYSTEMPATH/CodeIgniter.php(821): CodeIgniter\Router\RouteCollection->loadRoutes()
 5 SYSTEMPATH/CodeIgniter.php(455): CodeIgniter\CodeIgniter->tryToRouteIt(null)
 6 SYSTEMPATH/CodeIgniter.php(354): CodeIgniter\CodeIgniter->handleRequest(null, Object(Config\Cache), false)
 7 SYSTEMPATH/Boot.php(334): CodeIgniter\CodeIgniter->run()
 8 SYSTEMPATH/Boot.php(67): CodeIgniter\Boot::runCodeIgniter(Object(CodeIgniter\CodeIgniter))
 9 FCPATH/index.php(56): CodeIgniter\Boot::bootWeb(Object(Config\Paths))
DEBUG - 2025-12-15 19:52:28 --> Session: Class initialized using 'CodeIgniter\Session\Handlers\FileHandler' driver.
WARNING - 2025-12-15 19:52:31 --> [DEPRECATED] Passing lowercase HTTP method "get" is deprecated. Use uppercase HTTP method like "GET". in SYSTEMPATH/Router/RouteCollection.php on line 1026.
 1 SYSTEMPATH/Router/RouteCollection.php(1026): trigger_error('Passing lowercase HTTP method "get" is deprecated. Use uppercase HTTP method like "GET".', 16384)
 2 APPPATH/Config/Routes.php(131): CodeIgniter\Router\RouteCollection->match([...], 'locations/generarPDF', 'LocationsPdfController::generarPDF')
 3 SYSTEMPATH/Router/RouteCollection.php(339): require('/home/u976386866/domains/servipro.site/public_html/app/app/Config/Routes.php')
 4 SYSTEMPATH/CodeIgniter.php(821): CodeIgniter\Router\RouteCollection->loadRoutes()
 5 SYSTEMPATH/CodeIgniter.php(455): CodeIgniter\CodeIgniter->tryToRouteIt(null)
 6 SYSTEMPATH/CodeIgniter.php(354): CodeIgniter\CodeIgniter->handleRequest(null, Object(Config\Cache), false)
 7 SYSTEMPATH/Boot.php(334): CodeIgniter\CodeIgniter->run()
 8 SYSTEMPATH/Boot.php(67): CodeIgniter\Boot::runCodeIgniter(Object(CodeIgniter\CodeIgniter))
 9 FCPATH/index.php(56): CodeIgniter\Boot::bootWeb(Object(Config\Paths))
WARNING - 2025-12-15 19:52:31 --> [DEPRECATED] Passing lowercase HTTP method "post" is deprecated. Use uppercase HTTP method like "POST". in SYSTEMPATH/Router/RouteCollection.php on line 1026.
 1 SYSTEMPATH/Router/RouteCollection.php(1026): trigger_error('Passing lowercase HTTP method "post" is deprecated. Use uppercase HTTP method like "POST".', 16384)
 2 APPPATH/Config/Routes.php(131): CodeIgniter\Router\RouteCollection->match([...], 'locations/generarPDF', 'LocationsPdfController::generarPDF')
 3 SYSTEMPATH/Router/RouteCollection.php(339): require('/home/u976386866/domains/servipro.site/public_html/app/app/Config/Routes.php')
 4 SYSTEMPATH/CodeIgniter.php(821): CodeIgniter\Router\RouteCollection->loadRoutes()
 5 SYSTEMPATH/CodeIgniter.php(455): CodeIgniter\CodeIgniter->tryToRouteIt(null)
 6 SYSTEMPATH/CodeIgniter.php(354): CodeIgniter\CodeIgniter->handleRequest(null, Object(Config\Cache), false)
 7 SYSTEMPATH/Boot.php(334): CodeIgniter\CodeIgniter->run()
 8 SYSTEMPATH/Boot.php(67): CodeIgniter\Boot::runCodeIgniter(Object(CodeIgniter\CodeIgniter))
 9 FCPATH/index.php(56): CodeIgniter\Boot::bootWeb(Object(Config\Paths))
DEBUG - 2025-12-15 19:52:31 --> Session: Class initialized using 'CodeIgniter\Session\Handlers\FileHandler' driver.
WARNING - 2025-12-15 19:52:34 --> [DEPRECATED] Passing lowercase HTTP method "get" is deprecated. Use uppercase HTTP method like "GET". in SYSTEMPATH/Router/RouteCollection.php on line 1026.
 1 SYSTEMPATH/Router/RouteCollection.php(1026): trigger_error('Passing lowercase HTTP method "get" is deprecated. Use uppercase HTTP method like "GET".', 16384)
 2 APPPATH/Config/Routes.php(131): CodeIgniter\Router\RouteCollection->match([...], 'locations/generarPDF', 'LocationsPdfController::generarPDF')
 3 SYSTEMPATH/Router/RouteCollection.php(339): require('/home/u976386866/domains/servipro.site/public_html/app/app/Config/Routes.php')
 4 SYSTEMPATH/CodeIgniter.php(821): CodeIgniter\Router\RouteCollection->loadRoutes()
 5 SYSTEMPATH/CodeIgniter.php(455): CodeIgniter\CodeIgniter->tryToRouteIt(null)
 6 SYSTEMPATH/CodeIgniter.php(354): CodeIgniter\CodeIgniter->handleRequest(null, Object(Config\Cache), false)
 7 SYSTEMPATH/Boot.php(334): CodeIgniter\CodeIgniter->run()
 8 SYSTEMPATH/Boot.php(67): CodeIgniter\Boot::runCodeIgniter(Object(CodeIgniter\CodeIgniter))
 9 FCPATH/index.php(56): CodeIgniter\Boot::bootWeb(Object(Config\Paths))
WARNING - 2025-12-15 19:52:34 --> [DEPRECATED] Passing lowercase HTTP method "post" is deprecated. Use uppercase HTTP method like "POST". in SYSTEMPATH/Router/RouteCollection.php on line 1026.
 1 SYSTEMPATH/Router/RouteCollection.php(1026): trigger_error('Passing lowercase HTTP method "post" is deprecated. Use uppercase HTTP method like "POST".', 16384)
 2 APPPATH/Config/Routes.php(131): CodeIgniter\Router\RouteCollection->match([...], 'locations/generarPDF', 'LocationsPdfController::generarPDF')
 3 SYSTEMPATH/Router/RouteCollection.php(339): require('/home/u976386866/domains/servipro.site/public_html/app/app/Config/Routes.php')
 4 SYSTEMPATH/CodeIgniter.php(821): CodeIgniter\Router\RouteCollection->loadRoutes()
 5 SYSTEMPATH/CodeIgniter.php(455): CodeIgniter\CodeIgniter->tryToRouteIt(null)
 6 SYSTEMPATH/CodeIgniter.php(354): CodeIgniter\CodeIgniter->handleRequest(null, Object(Config\Cache), false)
 7 SYSTEMPATH/Boot.php(334): CodeIgniter\CodeIgniter->run()
 8 SYSTEMPATH/Boot.php(67): CodeIgniter\Boot::runCodeIgniter(Object(CodeIgniter\CodeIgniter))
 9 FCPATH/index.php(56): CodeIgniter\Boot::bootWeb(Object(Config\Paths))
DEBUG - 2025-12-15 19:52:34 --> Session: Class initialized using 'CodeIgniter\Session\Handlers\FileHandler' driver.
WARNING - 2025-12-15 19:52:35 --> [DEPRECATED] Passing lowercase HTTP method "get" is deprecated. Use uppercase HTTP method like "GET". in SYSTEMPATH/Router/RouteCollection.php on line 1026.
 1 SYSTEMPATH/Router/RouteCollection.php(1026): trigger_error('Passing lowercase HTTP method "get" is deprecated. Use uppercase HTTP method like "GET".', 16384)
 2 APPPATH/Config/Routes.php(131): CodeIgniter\Router\RouteCollection->match([...], 'locations/generarPDF', 'LocationsPdfController::generarPDF')
 3 SYSTEMPATH/Router/RouteCollection.php(339): require('/home/u976386866/domains/servipro.site/public_html/app/app/Config/Routes.php')
 4 SYSTEMPATH/CodeIgniter.php(821): CodeIgniter\Router\RouteCollection->loadRoutes()
 5 SYSTEMPATH/CodeIgniter.php(455): CodeIgniter\CodeIgniter->tryToRouteIt(null)
 6 SYSTEMPATH/CodeIgniter.php(354): CodeIgniter\CodeIgniter->handleRequest(null, Object(Config\Cache), false)
 7 SYSTEMPATH/Boot.php(334): CodeIgniter\CodeIgniter->run()
 8 SYSTEMPATH/Boot.php(67): CodeIgniter\Boot::runCodeIgniter(Object(CodeIgniter\CodeIgniter))
 9 FCPATH/index.php(56): CodeIgniter\Boot::bootWeb(Object(Config\Paths))
WARNING - 2025-12-15 19:52:35 --> [DEPRECATED] Passing lowercase HTTP method "post" is deprecated. Use uppercase HTTP method like "POST". in SYSTEMPATH/Router/RouteCollection.php on line 1026.
 1 SYSTEMPATH/Router/RouteCollection.php(1026): trigger_error('Passing lowercase HTTP method "post" is deprecated. Use uppercase HTTP method like "POST".', 16384)
 2 APPPATH/Config/Routes.php(131): CodeIgniter\Router\RouteCollection->match([...], 'locations/generarPDF', 'LocationsPdfController::generarPDF')
 3 SYSTEMPATH/Router/RouteCollection.php(339): require('/home/u976386866/domains/servipro.site/public_html/app/app/Config/Routes.php')
 4 SYSTEMPATH/CodeIgniter.php(821): CodeIgniter\Router\RouteCollection->loadRoutes()
 5 SYSTEMPATH/CodeIgniter.php(455): CodeIgniter\CodeIgniter->tryToRouteIt(null)
 6 SYSTEMPATH/CodeIgniter.php(354): CodeIgniter\CodeIgniter->handleRequest(null, Object(Config\Cache), false)
 7 SYSTEMPATH/Boot.php(334): CodeIgniter\CodeIgniter->run()
 8 SYSTEMPATH/Boot.php(67): CodeIgniter\Boot::runCodeIgniter(Object(CodeIgniter\CodeIgniter))
 9 FCPATH/index.php(56): CodeIgniter\Boot::bootWeb(Object(Config\Paths))
DEBUG - 2025-12-15 19:52:35 --> Session: Class initialized using 'CodeIgniter\Session\Handlers\FileHandler' driver.
WARNING - 2025-12-15 19:52:41 --> [DEPRECATED] Passing lowercase HTTP method "get" is deprecated. Use uppercase HTTP method like "GET". in SYSTEMPATH/Router/RouteCollection.php on line 1026.
 1 SYSTEMPATH/Router/RouteCollection.php(1026): trigger_error('Passing lowercase HTTP method "get" is deprecated. Use uppercase HTTP method like "GET".', 16384)
 2 APPPATH/Config/Routes.php(131): CodeIgniter\Router\RouteCollection->match([...], 'locations/generarPDF', 'LocationsPdfController::generarPDF')
 3 SYSTEMPATH/Router/RouteCollection.php(339): require('/home/u976386866/domains/servipro.site/public_html/app/app/Config/Routes.php')
 4 SYSTEMPATH/CodeIgniter.php(821): CodeIgniter\Router\RouteCollection->loadRoutes()
 5 SYSTEMPATH/CodeIgniter.php(455): CodeIgniter\CodeIgniter->tryToRouteIt(null)
 6 SYSTEMPATH/CodeIgniter.php(354): CodeIgniter\CodeIgniter->handleRequest(null, Object(Config\Cache), false)
 7 SYSTEMPATH/Boot.php(334): CodeIgniter\CodeIgniter->run()
 8 SYSTEMPATH/Boot.php(67): CodeIgniter\Boot::runCodeIgniter(Object(CodeIgniter\CodeIgniter))
 9 FCPATH/index.php(56): CodeIgniter\Boot::bootWeb(Object(Config\Paths))
WARNING - 2025-12-15 19:52:41 --> [DEPRECATED] Passing lowercase HTTP method "post" is deprecated. Use uppercase HTTP method like "POST". in SYSTEMPATH/Router/RouteCollection.php on line 1026.
 1 SYSTEMPATH/Router/RouteCollection.php(1026): trigger_error('Passing lowercase HTTP method "post" is deprecated. Use uppercase HTTP method like "POST".', 16384)
 2 APPPATH/Config/Routes.php(131): CodeIgniter\Router\RouteCollection->match([...], 'locations/generarPDF', 'LocationsPdfController::generarPDF')
 3 SYSTEMPATH/Router/RouteCollection.php(339): require('/home/u976386866/domains/servipro.site/public_html/app/app/Config/Routes.php')
 4 SYSTEMPATH/CodeIgniter.php(821): CodeIgniter\Router\RouteCollection->loadRoutes()
 5 SYSTEMPATH/CodeIgniter.php(455): CodeIgniter\CodeIgniter->tryToRouteIt(null)
 6 SYSTEMPATH/CodeIgniter.php(354): CodeIgniter\CodeIgniter->handleRequest(null, Object(Config\Cache), false)
 7 SYSTEMPATH/Boot.php(334): CodeIgniter\CodeIgniter->run()
 8 SYSTEMPATH/Boot.php(67): CodeIgniter\Boot::runCodeIgniter(Object(CodeIgniter\CodeIgniter))
 9 FCPATH/index.php(56): CodeIgniter\Boot::bootWeb(Object(Config\Paths))
DEBUG - 2025-12-15 19:52:41 --> Session: Class initialized using 'CodeIgniter\Session\Handlers\FileHandler' driver.
WARNING - 2025-12-15 19:52:42 --> [DEPRECATED] Passing lowercase HTTP method "get" is deprecated. Use uppercase HTTP method like "GET". in SYSTEMPATH/Router/RouteCollection.php on line 1026.
 1 SYSTEMPATH/Router/RouteCollection.php(1026): trigger_error('Passing lowercase HTTP method "get" is deprecated. Use uppercase HTTP method like "GET".', 16384)
 2 APPPATH/Config/Routes.php(131): CodeIgniter\Router\RouteCollection->match([...], 'locations/generarPDF', 'LocationsPdfController::generarPDF')
 3 SYSTEMPATH/Router/RouteCollection.php(339): require('/home/u976386866/domains/servipro.site/public_html/app/app/Config/Routes.php')
 4 SYSTEMPATH/CodeIgniter.php(821): CodeIgniter\Router\RouteCollection->loadRoutes()
 5 SYSTEMPATH/CodeIgniter.php(455): CodeIgniter\CodeIgniter->tryToRouteIt(null)
 6 SYSTEMPATH/CodeIgniter.php(354): CodeIgniter\CodeIgniter->handleRequest(null, Object(Config\Cache), false)
 7 SYSTEMPATH/Boot.php(334): CodeIgniter\CodeIgniter->run()
 8 SYSTEMPATH/Boot.php(67): CodeIgniter\Boot::runCodeIgniter(Object(CodeIgniter\CodeIgniter))
 9 FCPATH/index.php(56): CodeIgniter\Boot::bootWeb(Object(Config\Paths))
WARNING - 2025-12-15 19:52:42 --> [DEPRECATED] Passing lowercase HTTP method "post" is deprecated. Use uppercase HTTP method like "POST". in SYSTEMPATH/Router/RouteCollection.php on line 1026.
 1 SYSTEMPATH/Router/RouteCollection.php(1026): trigger_error('Passing lowercase HTTP method "post" is deprecated. Use uppercase HTTP method like "POST".', 16384)
 2 APPPATH/Config/Routes.php(131): CodeIgniter\Router\RouteCollection->match([...], 'locations/generarPDF', 'LocationsPdfController::generarPDF')
 3 SYSTEMPATH/Router/RouteCollection.php(339): require('/home/u976386866/domains/servipro.site/public_html/app/app/Config/Routes.php')
 4 SYSTEMPATH/CodeIgniter.php(821): CodeIgniter\Router\RouteCollection->loadRoutes()
 5 SYSTEMPATH/CodeIgniter.php(455): CodeIgniter\CodeIgniter->tryToRouteIt(null)
 6 SYSTEMPATH/CodeIgniter.php(354): CodeIgniter\CodeIgniter->handleRequest(null, Object(Config\Cache), false)
 7 SYSTEMPATH/Boot.php(334): CodeIgniter\CodeIgniter->run()
 8 SYSTEMPATH/Boot.php(67): CodeIgniter\Boot::runCodeIgniter(Object(CodeIgniter\CodeIgniter))
 9 FCPATH/index.php(56): CodeIgniter\Boot::bootWeb(Object(Config\Paths))
DEBUG - 2025-12-15 19:52:42 --> Session: Class initialized using 'CodeIgniter\Session\Handlers\FileHandler' driver.
WARNING - 2025-12-15 19:52:45 --> [DEPRECATED] Passing lowercase HTTP method "get" is deprecated. Use uppercase HTTP method like "GET". in SYSTEMPATH/Router/RouteCollection.php on line 1026.
 1 SYSTEMPATH/Router/RouteCollection.php(1026): trigger_error('Passing lowercase HTTP method "get" is deprecated. Use uppercase HTTP method like "GET".', 16384)
 2 APPPATH/Config/Routes.php(131): CodeIgniter\Router\RouteCollection->match([...], 'locations/generarPDF', 'LocationsPdfController::generarPDF')
 3 SYSTEMPATH/Router/RouteCollection.php(339): require('/home/u976386866/domains/servipro.site/public_html/app/app/Config/Routes.php')
 4 SYSTEMPATH/CodeIgniter.php(821): CodeIgniter\Router\RouteCollection->loadRoutes()
 5 SYSTEMPATH/CodeIgniter.php(455): CodeIgniter\CodeIgniter->tryToRouteIt(null)
 6 SYSTEMPATH/CodeIgniter.php(354): CodeIgniter\CodeIgniter->handleRequest(null, Object(Config\Cache), false)
 7 SYSTEMPATH/Boot.php(334): CodeIgniter\CodeIgniter->run()
 8 SYSTEMPATH/Boot.php(67): CodeIgniter\Boot::runCodeIgniter(Object(CodeIgniter\CodeIgniter))
 9 FCPATH/index.php(56): CodeIgniter\Boot::bootWeb(Object(Config\Paths))
WARNING - 2025-12-15 19:52:45 --> [DEPRECATED] Passing lowercase HTTP method "post" is deprecated. Use uppercase HTTP method like "POST". in SYSTEMPATH/Router/RouteCollection.php on line 1026.
 1 SYSTEMPATH/Router/RouteCollection.php(1026): trigger_error('Passing lowercase HTTP method "post" is deprecated. Use uppercase HTTP method like "POST".', 16384)
 2 APPPATH/Config/Routes.php(131): CodeIgniter\Router\RouteCollection->match([...], 'locations/generarPDF', 'LocationsPdfController::generarPDF')
 3 SYSTEMPATH/Router/RouteCollection.php(339): require('/home/u976386866/domains/servipro.site/public_html/app/app/Config/Routes.php')
 4 SYSTEMPATH/CodeIgniter.php(821): CodeIgniter\Router\RouteCollection->loadRoutes()
 5 SYSTEMPATH/CodeIgniter.php(455): CodeIgniter\CodeIgniter->tryToRouteIt(null)
 6 SYSTEMPATH/CodeIgniter.php(354): CodeIgniter\CodeIgniter->handleRequest(null, Object(Config\Cache), false)
 7 SYSTEMPATH/Boot.php(334): CodeIgniter\CodeIgniter->run()
 8 SYSTEMPATH/Boot.php(67): CodeIgniter\Boot::runCodeIgniter(Object(CodeIgniter\CodeIgniter))
 9 FCPATH/index.php(56): CodeIgniter\Boot::bootWeb(Object(Config\Paths))
DEBUG - 2025-12-15 19:52:45 --> Session: Class initialized using 'CodeIgniter\Session\Handlers\FileHandler' driver.
WARNING - 2025-12-15 19:52:53 --> [DEPRECATED] Passing lowercase HTTP method "get" is deprecated. Use uppercase HTTP method like "GET". in SYSTEMPATH/Router/RouteCollection.php on line 1026.
 1 SYSTEMPATH/Router/RouteCollection.php(1026): trigger_error('Passing lowercase HTTP method "get" is deprecated. Use uppercase HTTP method like "GET".', 16384)
 2 APPPATH/Config/Routes.php(131): CodeIgniter\Router\RouteCollection->match([...], 'locations/generarPDF', 'LocationsPdfController::generarPDF')
 3 SYSTEMPATH/Router/RouteCollection.php(339): require('/home/u976386866/domains/servipro.site/public_html/app/app/Config/Routes.php')
 4 SYSTEMPATH/CodeIgniter.php(821): CodeIgniter\Router\RouteCollection->loadRoutes()
 5 SYSTEMPATH/CodeIgniter.php(455): CodeIgniter\CodeIgniter->tryToRouteIt(null)
 6 SYSTEMPATH/CodeIgniter.php(354): CodeIgniter\CodeIgniter->handleRequest(null, Object(Config\Cache), false)
 7 SYSTEMPATH/Boot.php(334): CodeIgniter\CodeIgniter->run()
 8 SYSTEMPATH/Boot.php(67): CodeIgniter\Boot::runCodeIgniter(Object(CodeIgniter\CodeIgniter))
 9 FCPATH/index.php(56): CodeIgniter\Boot::bootWeb(Object(Config\Paths))
WARNING - 2025-12-15 19:52:53 --> [DEPRECATED] Passing lowercase HTTP method "post" is deprecated. Use uppercase HTTP method like "POST". in SYSTEMPATH/Router/RouteCollection.php on line 1026.
 1 SYSTEMPATH/Router/RouteCollection.php(1026): trigger_error('Passing lowercase HTTP method "post" is deprecated. Use uppercase HTTP method like "POST".', 16384)
 2 APPPATH/Config/Routes.php(131): CodeIgniter\Router\RouteCollection->match([...], 'locations/generarPDF', 'LocationsPdfController::generarPDF')
 3 SYSTEMPATH/Router/RouteCollection.php(339): require('/home/u976386866/domains/servipro.site/public_html/app/app/Config/Routes.php')
 4 SYSTEMPATH/CodeIgniter.php(821): CodeIgniter\Router\RouteCollection->loadRoutes()
 5 SYSTEMPATH/CodeIgniter.php(455): CodeIgniter\CodeIgniter->tryToRouteIt(null)
 6 SYSTEMPATH/CodeIgniter.php(354): CodeIgniter\CodeIgniter->handleRequest(null, Object(Config\Cache), false)
 7 SYSTEMPATH/Boot.php(334): CodeIgniter\CodeIgniter->run()
 8 SYSTEMPATH/Boot.php(67): CodeIgniter\Boot::runCodeIgniter(Object(CodeIgniter\CodeIgniter))
 9 FCPATH/index.php(56): CodeIgniter\Boot::bootWeb(Object(Config\Paths))
DEBUG - 2025-12-15 19:52:53 --> Session: Class initialized using 'CodeIgniter\Session\Handlers\FileHandler' driver.
WARNING - 2025-12-15 19:53:00 --> [DEPRECATED] Passing lowercase HTTP method "get" is deprecated. Use uppercase HTTP method like "GET". in SYSTEMPATH/Router/RouteCollection.php on line 1026.
 1 SYSTEMPATH/Router/RouteCollection.php(1026): trigger_error('Passing lowercase HTTP method "get" is deprecated. Use uppercase HTTP method like "GET".', 16384)
 2 APPPATH/Config/Routes.php(131): CodeIgniter\Router\RouteCollection->match([...], 'locations/generarPDF', 'LocationsPdfController::generarPDF')
 3 SYSTEMPATH/Router/RouteCollection.php(339): require('/home/u976386866/domains/servipro.site/public_html/app/app/Config/Routes.php')
 4 SYSTEMPATH/CodeIgniter.php(821): CodeIgniter\Router\RouteCollection->loadRoutes()
 5 SYSTEMPATH/CodeIgniter.php(455): CodeIgniter\CodeIgniter->tryToRouteIt(null)
 6 SYSTEMPATH/CodeIgniter.php(354): CodeIgniter\CodeIgniter->handleRequest(null, Object(Config\Cache), false)
 7 SYSTEMPATH/Boot.php(334): CodeIgniter\CodeIgniter->run()
 8 SYSTEMPATH/Boot.php(67): CodeIgniter\Boot::runCodeIgniter(Object(CodeIgniter\CodeIgniter))
 9 FCPATH/index.php(56): CodeIgniter\Boot::bootWeb(Object(Config\Paths))
WARNING - 2025-12-15 19:53:00 --> [DEPRECATED] Passing lowercase HTTP method "post" is deprecated. Use uppercase HTTP method like "POST". in SYSTEMPATH/Router/RouteCollection.php on line 1026.
 1 SYSTEMPATH/Router/RouteCollection.php(1026): trigger_error('Passing lowercase HTTP method "post" is deprecated. Use uppercase HTTP method like "POST".', 16384)
 2 APPPATH/Config/Routes.php(131): CodeIgniter\Router\RouteCollection->match([...], 'locations/generarPDF', 'LocationsPdfController::generarPDF')
 3 SYSTEMPATH/Router/RouteCollection.php(339): require('/home/u976386866/domains/servipro.site/public_html/app/app/Config/Routes.php')
 4 SYSTEMPATH/CodeIgniter.php(821): CodeIgniter\Router\RouteCollection->loadRoutes()
 5 SYSTEMPATH/CodeIgniter.php(455): CodeIgniter\CodeIgniter->tryToRouteIt(null)
 6 SYSTEMPATH/CodeIgniter.php(354): CodeIgniter\CodeIgniter->handleRequest(null, Object(Config\Cache), false)
 7 SYSTEMPATH/Boot.php(334): CodeIgniter\CodeIgniter->run()
 8 SYSTEMPATH/Boot.php(67): CodeIgniter\Boot::runCodeIgniter(Object(CodeIgniter\CodeIgniter))
 9 FCPATH/index.php(56): CodeIgniter\Boot::bootWeb(Object(Config\Paths))
DEBUG - 2025-12-15 19:53:00 --> Session: Class initialized using 'CodeIgniter\Session\Handlers\FileHandler' driver.
WARNING - 2025-12-15 19:57:31 --> [DEPRECATED] Passing lowercase HTTP method "get" is deprecated. Use uppercase HTTP method like "GET". in SYSTEMPATH/Router/RouteCollection.php on line 1026.
 1 SYSTEMPATH/Router/RouteCollection.php(1026): trigger_error('Passing lowercase HTTP method "get" is deprecated. Use uppercase HTTP method like "GET".', 16384)
 2 APPPATH/Config/Routes.php(131): CodeIgniter\Router\RouteCollection->match([...], 'locations/generarPDF', 'LocationsPdfController::generarPDF')
 3 SYSTEMPATH/Router/RouteCollection.php(339): require('/home/u976386866/domains/servipro.site/public_html/app/app/Config/Routes.php')
 4 SYSTEMPATH/CodeIgniter.php(821): CodeIgniter\Router\RouteCollection->loadRoutes()
 5 SYSTEMPATH/CodeIgniter.php(455): CodeIgniter\CodeIgniter->tryToRouteIt(null)
 6 SYSTEMPATH/CodeIgniter.php(354): CodeIgniter\CodeIgniter->handleRequest(null, Object(Config\Cache), false)
 7 SYSTEMPATH/Boot.php(334): CodeIgniter\CodeIgniter->run()
 8 SYSTEMPATH/Boot.php(67): CodeIgniter\Boot::runCodeIgniter(Object(CodeIgniter\CodeIgniter))
 9 FCPATH/index.php(56): CodeIgniter\Boot::bootWeb(Object(Config\Paths))
WARNING - 2025-12-15 19:57:31 --> [DEPRECATED] Passing lowercase HTTP method "post" is deprecated. Use uppercase HTTP method like "POST". in SYSTEMPATH/Router/RouteCollection.php on line 1026.
 1 SYSTEMPATH/Router/RouteCollection.php(1026): trigger_error('Passing lowercase HTTP method "post" is deprecated. Use uppercase HTTP method like "POST".', 16384)
 2 APPPATH/Config/Routes.php(131): CodeIgniter\Router\RouteCollection->match([...], 'locations/generarPDF', 'LocationsPdfController::generarPDF')
 3 SYSTEMPATH/Router/RouteCollection.php(339): require('/home/u976386866/domains/servipro.site/public_html/app/app/Config/Routes.php')
 4 SYSTEMPATH/CodeIgniter.php(821): CodeIgniter\Router\RouteCollection->loadRoutes()
 5 SYSTEMPATH/CodeIgniter.php(455): CodeIgniter\CodeIgniter->tryToRouteIt(null)
 6 SYSTEMPATH/CodeIgniter.php(354): CodeIgniter\CodeIgniter->handleRequest(null, Object(Config\Cache), false)
 7 SYSTEMPATH/Boot.php(334): CodeIgniter\CodeIgniter->run()
 8 SYSTEMPATH/Boot.php(67): CodeIgniter\Boot::runCodeIgniter(Object(CodeIgniter\CodeIgniter))
 9 FCPATH/index.php(56): CodeIgniter\Boot::bootWeb(Object(Config\Paths))
DEBUG - 2025-12-15 19:57:31 --> Session: Class initialized using 'CodeIgniter\Session\Handlers\FileHandler' driver.
WARNING - 2025-12-15 19:57:44 --> [DEPRECATED] Passing lowercase HTTP method "get" is deprecated. Use uppercase HTTP method like "GET". in SYSTEMPATH/Router/RouteCollection.php on line 1026.
 1 SYSTEMPATH/Router/RouteCollection.php(1026): trigger_error('Passing lowercase HTTP method "get" is deprecated. Use uppercase HTTP method like "GET".', 16384)
 2 APPPATH/Config/Routes.php(131): CodeIgniter\Router\RouteCollection->match([...], 'locations/generarPDF', 'LocationsPdfController::generarPDF')
 3 SYSTEMPATH/Router/RouteCollection.php(339): require('/home/u976386866/domains/servipro.site/public_html/app/app/Config/Routes.php')
 4 SYSTEMPATH/CodeIgniter.php(821): CodeIgniter\Router\RouteCollection->loadRoutes()
 5 SYSTEMPATH/CodeIgniter.php(455): CodeIgniter\CodeIgniter->tryToRouteIt(null)
 6 SYSTEMPATH/CodeIgniter.php(354): CodeIgniter\CodeIgniter->handleRequest(null, Object(Config\Cache), false)
 7 SYSTEMPATH/Boot.php(334): CodeIgniter\CodeIgniter->run()
 8 SYSTEMPATH/Boot.php(67): CodeIgniter\Boot::runCodeIgniter(Object(CodeIgniter\CodeIgniter))
 9 FCPATH/index.php(56): CodeIgniter\Boot::bootWeb(Object(Config\Paths))
WARNING - 2025-12-15 19:57:44 --> [DEPRECATED] Passing lowercase HTTP method "post" is deprecated. Use uppercase HTTP method like "POST". in SYSTEMPATH/Router/RouteCollection.php on line 1026.
 1 SYSTEMPATH/Router/RouteCollection.php(1026): trigger_error('Passing lowercase HTTP method "post" is deprecated. Use uppercase HTTP method like "POST".', 16384)
 2 APPPATH/Config/Routes.php(131): CodeIgniter\Router\RouteCollection->match([...], 'locations/generarPDF', 'LocationsPdfController::generarPDF')
 3 SYSTEMPATH/Router/RouteCollection.php(339): require('/home/u976386866/domains/servipro.site/public_html/app/app/Config/Routes.php')
 4 SYSTEMPATH/CodeIgniter.php(821): CodeIgniter\Router\RouteCollection->loadRoutes()
 5 SYSTEMPATH/CodeIgniter.php(455): CodeIgniter\CodeIgniter->tryToRouteIt(null)
 6 SYSTEMPATH/CodeIgniter.php(354): CodeIgniter\CodeIgniter->handleRequest(null, Object(Config\Cache), false)
 7 SYSTEMPATH/Boot.php(334): CodeIgniter\CodeIgniter->run()
 8 SYSTEMPATH/Boot.php(67): CodeIgniter\Boot::runCodeIgniter(Object(CodeIgniter\CodeIgniter))
 9 FCPATH/index.php(56): CodeIgniter\Boot::bootWeb(Object(Config\Paths))
DEBUG - 2025-12-15 19:57:44 --> Session: Class initialized using 'CodeIgniter\Session\Handlers\FileHandler' driver.
INFO - 2025-12-15 19:57:44 --> Datos recibidos en create: Array
(
    [csrf_test_name] => 811fb086ab61fc8a6cb6a3317393b220
    [fecha] => 2025-09-22
    [sede_id] => 23
    [insecto] => Roedor
    [ubicacion] => Bollería
    [lineas] => Embolsado de Bollería
    [clasificacion] => Crítico
    [estado] => Muerto
    [estado_queja] => Resuelta
)

INFO - 2025-12-15 19:57:44 --> Archivo subido: 1765850264_21a1cbaef8371c4180f3.pdf
INFO - 2025-12-15 19:57:44 --> Intentando insertar datos: Array
(
    [fecha] => 2025-09-22
    [insecto] => Roedor
    [ubicacion] => Bollería
    [lineas] => Embolsado de Bollería
    [clasificacion] => Crítico
    [sede_id] => 23
    [estado] => Muerto
    [estado_queja] => Resuelta
    [archivo] => 1765850264_21a1cbaef8371c4180f3.pdf
)

WARNING - 2025-12-15 19:57:44 --> [DEPRECATED] Passing lowercase HTTP method "get" is deprecated. Use uppercase HTTP method like "GET". in SYSTEMPATH/Router/RouteCollection.php on line 1026.
 1 SYSTEMPATH/Router/RouteCollection.php(1026): trigger_error('Passing lowercase HTTP method "get" is deprecated. Use uppercase HTTP method like "GET".', 16384)
 2 APPPATH/Config/Routes.php(131): CodeIgniter\Router\RouteCollection->match([...], 'locations/generarPDF', 'LocationsPdfController::generarPDF')
 3 SYSTEMPATH/Router/RouteCollection.php(339): require('/home/u976386866/domains/servipro.site/public_html/app/app/Config/Routes.php')
 4 SYSTEMPATH/CodeIgniter.php(821): CodeIgniter\Router\RouteCollection->loadRoutes()
 5 SYSTEMPATH/CodeIgniter.php(455): CodeIgniter\CodeIgniter->tryToRouteIt(null)
 6 SYSTEMPATH/CodeIgniter.php(354): CodeIgniter\CodeIgniter->handleRequest(null, Object(Config\Cache), false)
 7 SYSTEMPATH/Boot.php(334): CodeIgniter\CodeIgniter->run()
 8 SYSTEMPATH/Boot.php(67): CodeIgniter\Boot::runCodeIgniter(Object(CodeIgniter\CodeIgniter))
 9 FCPATH/index.php(56): CodeIgniter\Boot::bootWeb(Object(Config\Paths))
WARNING - 2025-12-15 19:57:44 --> [DEPRECATED] Passing lowercase HTTP method "post" is deprecated. Use uppercase HTTP method like "POST". in SYSTEMPATH/Router/RouteCollection.php on line 1026.
 1 SYSTEMPATH/Router/RouteCollection.php(1026): trigger_error('Passing lowercase HTTP method "post" is deprecated. Use uppercase HTTP method like "POST".', 16384)
 2 APPPATH/Config/Routes.php(131): CodeIgniter\Router\RouteCollection->match([...], 'locations/generarPDF', 'LocationsPdfController::generarPDF')
 3 SYSTEMPATH/Router/RouteCollection.php(339): require('/home/u976386866/domains/servipro.site/public_html/app/app/Config/Routes.php')
 4 SYSTEMPATH/CodeIgniter.php(821): CodeIgniter\Router\RouteCollection->loadRoutes()
 5 SYSTEMPATH/CodeIgniter.php(455): CodeIgniter\CodeIgniter->tryToRouteIt(null)
 6 SYSTEMPATH/CodeIgniter.php(354): CodeIgniter\CodeIgniter->handleRequest(null, Object(Config\Cache), false)
 7 SYSTEMPATH/Boot.php(334): CodeIgniter\CodeIgniter->run()
 8 SYSTEMPATH/Boot.php(67): CodeIgniter\Boot::runCodeIgniter(Object(CodeIgniter\CodeIgniter))
 9 FCPATH/index.php(56): CodeIgniter\Boot::bootWeb(Object(Config\Paths))
DEBUG - 2025-12-15 19:57:44 --> Session: Class initialized using 'CodeIgniter\Session\Handlers\FileHandler' driver.
WARNING - 2025-12-15 19:57:56 --> [DEPRECATED] Passing lowercase HTTP method "get" is deprecated. Use uppercase HTTP method like "GET". in SYSTEMPATH/Router/RouteCollection.php on line 1026.
 1 SYSTEMPATH/Router/RouteCollection.php(1026): trigger_error('Passing lowercase HTTP method "get" is deprecated. Use uppercase HTTP method like "GET".', 16384)
 2 APPPATH/Config/Routes.php(131): CodeIgniter\Router\RouteCollection->match([...], 'locations/generarPDF', 'LocationsPdfController::generarPDF')
 3 SYSTEMPATH/Router/RouteCollection.php(339): require('/home/u976386866/domains/servipro.site/public_html/app/app/Config/Routes.php')
 4 SYSTEMPATH/CodeIgniter.php(821): CodeIgniter\Router\RouteCollection->loadRoutes()
 5 SYSTEMPATH/CodeIgniter.php(455): CodeIgniter\CodeIgniter->tryToRouteIt(null)
 6 SYSTEMPATH/CodeIgniter.php(354): CodeIgniter\CodeIgniter->handleRequest(null, Object(Config\Cache), false)
 7 SYSTEMPATH/Boot.php(334): CodeIgniter\CodeIgniter->run()
 8 SYSTEMPATH/Boot.php(67): CodeIgniter\Boot::runCodeIgniter(Object(CodeIgniter\CodeIgniter))
 9 FCPATH/index.php(56): CodeIgniter\Boot::bootWeb(Object(Config\Paths))
WARNING - 2025-12-15 19:57:56 --> [DEPRECATED] Passing lowercase HTTP method "post" is deprecated. Use uppercase HTTP method like "POST". in SYSTEMPATH/Router/RouteCollection.php on line 1026.
 1 SYSTEMPATH/Router/RouteCollection.php(1026): trigger_error('Passing lowercase HTTP method "post" is deprecated. Use uppercase HTTP method like "POST".', 16384)
 2 APPPATH/Config/Routes.php(131): CodeIgniter\Router\RouteCollection->match([...], 'locations/generarPDF', 'LocationsPdfController::generarPDF')
 3 SYSTEMPATH/Router/RouteCollection.php(339): require('/home/u976386866/domains/servipro.site/public_html/app/app/Config/Routes.php')
 4 SYSTEMPATH/CodeIgniter.php(821): CodeIgniter\Router\RouteCollection->loadRoutes()
 5 SYSTEMPATH/CodeIgniter.php(455): CodeIgniter\CodeIgniter->tryToRouteIt(null)
 6 SYSTEMPATH/CodeIgniter.php(354): CodeIgniter\CodeIgniter->handleRequest(null, Object(Config\Cache), false)
 7 SYSTEMPATH/Boot.php(334): CodeIgniter\CodeIgniter->run()
 8 SYSTEMPATH/Boot.php(67): CodeIgniter\Boot::runCodeIgniter(Object(CodeIgniter\CodeIgniter))
 9 FCPATH/index.php(56): CodeIgniter\Boot::bootWeb(Object(Config\Paths))
DEBUG - 2025-12-15 19:57:56 --> Session: Class initialized using 'CodeIgniter\Session\Handlers\FileHandler' driver.
WARNING - 2025-12-15 19:58:03 --> [DEPRECATED] Passing lowercase HTTP method "get" is deprecated. Use uppercase HTTP method like "GET". in SYSTEMPATH/Router/RouteCollection.php on line 1026.
 1 SYSTEMPATH/Router/RouteCollection.php(1026): trigger_error('Passing lowercase HTTP method "get" is deprecated. Use uppercase HTTP method like "GET".', 16384)
 2 APPPATH/Config/Routes.php(131): CodeIgniter\Router\RouteCollection->match([...], 'locations/generarPDF', 'LocationsPdfController::generarPDF')
 3 SYSTEMPATH/Router/RouteCollection.php(339): require('/home/u976386866/domains/servipro.site/public_html/app/app/Config/Routes.php')
 4 SYSTEMPATH/CodeIgniter.php(821): CodeIgniter\Router\RouteCollection->loadRoutes()
 5 SYSTEMPATH/CodeIgniter.php(455): CodeIgniter\CodeIgniter->tryToRouteIt(null)
 6 SYSTEMPATH/CodeIgniter.php(354): CodeIgniter\CodeIgniter->handleRequest(null, Object(Config\Cache), false)
 7 SYSTEMPATH/Boot.php(334): CodeIgniter\CodeIgniter->run()
 8 SYSTEMPATH/Boot.php(67): CodeIgniter\Boot::runCodeIgniter(Object(CodeIgniter\CodeIgniter))
 9 FCPATH/index.php(56): CodeIgniter\Boot::bootWeb(Object(Config\Paths))
WARNING - 2025-12-15 19:58:03 --> [DEPRECATED] Passing lowercase HTTP method "post" is deprecated. Use uppercase HTTP method like "POST". in SYSTEMPATH/Router/RouteCollection.php on line 1026.
 1 SYSTEMPATH/Router/RouteCollection.php(1026): trigger_error('Passing lowercase HTTP method "post" is deprecated. Use uppercase HTTP method like "POST".', 16384)
 2 APPPATH/Config/Routes.php(131): CodeIgniter\Router\RouteCollection->match([...], 'locations/generarPDF', 'LocationsPdfController::generarPDF')
 3 SYSTEMPATH/Router/RouteCollection.php(339): require('/home/u976386866/domains/servipro.site/public_html/app/app/Config/Routes.php')
 4 SYSTEMPATH/CodeIgniter.php(821): CodeIgniter\Router\RouteCollection->loadRoutes()
 5 SYSTEMPATH/CodeIgniter.php(455): CodeIgniter\CodeIgniter->tryToRouteIt(null)
 6 SYSTEMPATH/CodeIgniter.php(354): CodeIgniter\CodeIgniter->handleRequest(null, Object(Config\Cache), false)
 7 SYSTEMPATH/Boot.php(334): CodeIgniter\CodeIgniter->run()
 8 SYSTEMPATH/Boot.php(67): CodeIgniter\Boot::runCodeIgniter(Object(CodeIgniter\CodeIgniter))
 9 FCPATH/index.php(56): CodeIgniter\Boot::bootWeb(Object(Config\Paths))
DEBUG - 2025-12-15 19:58:03 --> Session: Class initialized using 'CodeIgniter\Session\Handlers\FileHandler' driver.
INFO - 2025-12-15 19:58:03 --> Total de trampas indexadas: 14
INFO - 2025-12-15 19:58:03 --> IDs de trampas en índice: 0025, 001, 25, 1, 101111, 003, 3, 0003, 004, 4, 0004, 005, 5, 0005
WARNING - 2025-12-15 20:04:13 --> [DEPRECATED] Passing lowercase HTTP method "get" is deprecated. Use uppercase HTTP method like "GET". in SYSTEMPATH/Router/RouteCollection.php on line 1026.
 1 SYSTEMPATH/Router/RouteCollection.php(1026): trigger_error('Passing lowercase HTTP method "get" is deprecated. Use uppercase HTTP method like "GET".', 16384)
 2 APPPATH/Config/Routes.php(131): CodeIgniter\Router\RouteCollection->match([...], 'locations/generarPDF', 'LocationsPdfController::generarPDF')
 3 SYSTEMPATH/Router/RouteCollection.php(339): require('/home/u976386866/domains/servipro.site/public_html/app/app/Config/Routes.php')
 4 SYSTEMPATH/CodeIgniter.php(821): CodeIgniter\Router\RouteCollection->loadRoutes()
 5 SYSTEMPATH/CodeIgniter.php(455): CodeIgniter\CodeIgniter->tryToRouteIt(null)
 6 SYSTEMPATH/CodeIgniter.php(354): CodeIgniter\CodeIgniter->handleRequest(null, Object(Config\Cache), false)
 7 SYSTEMPATH/Boot.php(334): CodeIgniter\CodeIgniter->run()
 8 SYSTEMPATH/Boot.php(67): CodeIgniter\Boot::runCodeIgniter(Object(CodeIgniter\CodeIgniter))
 9 FCPATH/index.php(56): CodeIgniter\Boot::bootWeb(Object(Config\Paths))
WARNING - 2025-12-15 20:04:13 --> [DEPRECATED] Passing lowercase HTTP method "post" is deprecated. Use uppercase HTTP method like "POST". in SYSTEMPATH/Router/RouteCollection.php on line 1026.
 1 SYSTEMPATH/Router/RouteCollection.php(1026): trigger_error('Passing lowercase HTTP method "post" is deprecated. Use uppercase HTTP method like "POST".', 16384)
 2 APPPATH/Config/Routes.php(131): CodeIgniter\Router\RouteCollection->match([...], 'locations/generarPDF', 'LocationsPdfController::generarPDF')
 3 SYSTEMPATH/Router/RouteCollection.php(339): require('/home/u976386866/domains/servipro.site/public_html/app/app/Config/Routes.php')
 4 SYSTEMPATH/CodeIgniter.php(821): CodeIgniter\Router\RouteCollection->loadRoutes()
 5 SYSTEMPATH/CodeIgniter.php(455): CodeIgniter\CodeIgniter->tryToRouteIt(null)
 6 SYSTEMPATH/CodeIgniter.php(354): CodeIgniter\CodeIgniter->handleRequest(null, Object(Config\Cache), false)
 7 SYSTEMPATH/Boot.php(334): CodeIgniter\CodeIgniter->run()
 8 SYSTEMPATH/Boot.php(67): CodeIgniter\Boot::runCodeIgniter(Object(CodeIgniter\CodeIgniter))
 9 FCPATH/index.php(56): CodeIgniter\Boot::bootWeb(Object(Config\Paths))
DEBUG - 2025-12-15 20:04:13 --> Session: Class initialized using 'CodeIgniter\Session\Handlers\FileHandler' driver.
WARNING - 2025-12-15 20:04:28 --> [DEPRECATED] Passing lowercase HTTP method "get" is deprecated. Use uppercase HTTP method like "GET". in SYSTEMPATH/Router/RouteCollection.php on line 1026.
 1 SYSTEMPATH/Router/RouteCollection.php(1026): trigger_error('Passing lowercase HTTP method "get" is deprecated. Use uppercase HTTP method like "GET".', 16384)
 2 APPPATH/Config/Routes.php(131): CodeIgniter\Router\RouteCollection->match([...], 'locations/generarPDF', 'LocationsPdfController::generarPDF')
 3 SYSTEMPATH/Router/RouteCollection.php(339): require('/home/u976386866/domains/servipro.site/public_html/app/app/Config/Routes.php')
 4 SYSTEMPATH/CodeIgniter.php(821): CodeIgniter\Router\RouteCollection->loadRoutes()
 5 SYSTEMPATH/CodeIgniter.php(455): CodeIgniter\CodeIgniter->tryToRouteIt(null)
 6 SYSTEMPATH/CodeIgniter.php(354): CodeIgniter\CodeIgniter->handleRequest(null, Object(Config\Cache), false)
 7 SYSTEMPATH/Boot.php(334): CodeIgniter\CodeIgniter->run()
 8 SYSTEMPATH/Boot.php(67): CodeIgniter\Boot::runCodeIgniter(Object(CodeIgniter\CodeIgniter))
 9 FCPATH/index.php(56): CodeIgniter\Boot::bootWeb(Object(Config\Paths))
WARNING - 2025-12-15 20:04:28 --> [DEPRECATED] Passing lowercase HTTP method "post" is deprecated. Use uppercase HTTP method like "POST". in SYSTEMPATH/Router/RouteCollection.php on line 1026.
 1 SYSTEMPATH/Router/RouteCollection.php(1026): trigger_error('Passing lowercase HTTP method "post" is deprecated. Use uppercase HTTP method like "POST".', 16384)
 2 APPPATH/Config/Routes.php(131): CodeIgniter\Router\RouteCollection->match([...], 'locations/generarPDF', 'LocationsPdfController::generarPDF')
 3 SYSTEMPATH/Router/RouteCollection.php(339): require('/home/u976386866/domains/servipro.site/public_html/app/app/Config/Routes.php')
 4 SYSTEMPATH/CodeIgniter.php(821): CodeIgniter\Router\RouteCollection->loadRoutes()
 5 SYSTEMPATH/CodeIgniter.php(455): CodeIgniter\CodeIgniter->tryToRouteIt(null)
 6 SYSTEMPATH/CodeIgniter.php(354): CodeIgniter\CodeIgniter->handleRequest(null, Object(Config\Cache), false)
 7 SYSTEMPATH/Boot.php(334): CodeIgniter\CodeIgniter->run()
 8 SYSTEMPATH/Boot.php(67): CodeIgniter\Boot::runCodeIgniter(Object(CodeIgniter\CodeIgniter))
 9 FCPATH/index.php(56): CodeIgniter\Boot::bootWeb(Object(Config\Paths))
DEBUG - 2025-12-15 20:04:28 --> Session: Class initialized using 'CodeIgniter\Session\Handlers\FileHandler' driver.
WARNING - 2025-12-15 20:04:29 --> [DEPRECATED] Passing lowercase HTTP method "get" is deprecated. Use uppercase HTTP method like "GET". in SYSTEMPATH/Router/RouteCollection.php on line 1026.
 1 SYSTEMPATH/Router/RouteCollection.php(1026): trigger_error('Passing lowercase HTTP method "get" is deprecated. Use uppercase HTTP method like "GET".', 16384)
 2 APPPATH/Config/Routes.php(131): CodeIgniter\Router\RouteCollection->match([...], 'locations/generarPDF', 'LocationsPdfController::generarPDF')
 3 SYSTEMPATH/Router/RouteCollection.php(339): require('/home/u976386866/domains/servipro.site/public_html/app/app/Config/Routes.php')
 4 SYSTEMPATH/CodeIgniter.php(821): CodeIgniter\Router\RouteCollection->loadRoutes()
 5 SYSTEMPATH/CodeIgniter.php(455): CodeIgniter\CodeIgniter->tryToRouteIt(null)
 6 SYSTEMPATH/CodeIgniter.php(354): CodeIgniter\CodeIgniter->handleRequest(null, Object(Config\Cache), false)
 7 SYSTEMPATH/Boot.php(334): CodeIgniter\CodeIgniter->run()
 8 SYSTEMPATH/Boot.php(67): CodeIgniter\Boot::runCodeIgniter(Object(CodeIgniter\CodeIgniter))
 9 FCPATH/index.php(56): CodeIgniter\Boot::bootWeb(Object(Config\Paths))
WARNING - 2025-12-15 20:04:29 --> [DEPRECATED] Passing lowercase HTTP method "post" is deprecated. Use uppercase HTTP method like "POST". in SYSTEMPATH/Router/RouteCollection.php on line 1026.
 1 SYSTEMPATH/Router/RouteCollection.php(1026): trigger_error('Passing lowercase HTTP method "post" is deprecated. Use uppercase HTTP method like "POST".', 16384)
 2 APPPATH/Config/Routes.php(131): CodeIgniter\Router\RouteCollection->match([...], 'locations/generarPDF', 'LocationsPdfController::generarPDF')
 3 SYSTEMPATH/Router/RouteCollection.php(339): require('/home/u976386866/domains/servipro.site/public_html/app/app/Config/Routes.php')
 4 SYSTEMPATH/CodeIgniter.php(821): CodeIgniter\Router\RouteCollection->loadRoutes()
 5 SYSTEMPATH/CodeIgniter.php(455): CodeIgniter\CodeIgniter->tryToRouteIt(null)
 6 SYSTEMPATH/CodeIgniter.php(354): CodeIgniter\CodeIgniter->handleRequest(null, Object(Config\Cache), false)
 7 SYSTEMPATH/Boot.php(334): CodeIgniter\CodeIgniter->run()
 8 SYSTEMPATH/Boot.php(67): CodeIgniter\Boot::runCodeIgniter(Object(CodeIgniter\CodeIgniter))
 9 FCPATH/index.php(56): CodeIgniter\Boot::bootWeb(Object(Config\Paths))
DEBUG - 2025-12-15 20:04:29 --> Session: Class initialized using 'CodeIgniter\Session\Handlers\FileHandler' driver.
WARNING - 2025-12-15 20:04:36 --> [DEPRECATED] Passing lowercase HTTP method "get" is deprecated. Use uppercase HTTP method like "GET". in SYSTEMPATH/Router/RouteCollection.php on line 1026.
 1 SYSTEMPATH/Router/RouteCollection.php(1026): trigger_error('Passing lowercase HTTP method "get" is deprecated. Use uppercase HTTP method like "GET".', 16384)
 2 APPPATH/Config/Routes.php(131): CodeIgniter\Router\RouteCollection->match([...], 'locations/generarPDF', 'LocationsPdfController::generarPDF')
 3 SYSTEMPATH/Router/RouteCollection.php(339): require('/home/u976386866/domains/servipro.site/public_html/app/app/Config/Routes.php')
 4 SYSTEMPATH/CodeIgniter.php(821): CodeIgniter\Router\RouteCollection->loadRoutes()
 5 SYSTEMPATH/CodeIgniter.php(455): CodeIgniter\CodeIgniter->tryToRouteIt(null)
 6 SYSTEMPATH/CodeIgniter.php(354): CodeIgniter\CodeIgniter->handleRequest(null, Object(Config\Cache), false)
 7 SYSTEMPATH/Boot.php(334): CodeIgniter\CodeIgniter->run()
 8 SYSTEMPATH/Boot.php(67): CodeIgniter\Boot::runCodeIgniter(Object(CodeIgniter\CodeIgniter))
 9 FCPATH/index.php(56): CodeIgniter\Boot::bootWeb(Object(Config\Paths))
WARNING - 2025-12-15 20:04:36 --> [DEPRECATED] Passing lowercase HTTP method "post" is deprecated. Use uppercase HTTP method like "POST". in SYSTEMPATH/Router/RouteCollection.php on line 1026.
 1 SYSTEMPATH/Router/RouteCollection.php(1026): trigger_error('Passing lowercase HTTP method "post" is deprecated. Use uppercase HTTP method like "POST".', 16384)
 2 APPPATH/Config/Routes.php(131): CodeIgniter\Router\RouteCollection->match([...], 'locations/generarPDF', 'LocationsPdfController::generarPDF')
 3 SYSTEMPATH/Router/RouteCollection.php(339): require('/home/u976386866/domains/servipro.site/public_html/app/app/Config/Routes.php')
 4 SYSTEMPATH/CodeIgniter.php(821): CodeIgniter\Router\RouteCollection->loadRoutes()
 5 SYSTEMPATH/CodeIgniter.php(455): CodeIgniter\CodeIgniter->tryToRouteIt(null)
 6 SYSTEMPATH/CodeIgniter.php(354): CodeIgniter\CodeIgniter->handleRequest(null, Object(Config\Cache), false)
 7 SYSTEMPATH/Boot.php(334): CodeIgniter\CodeIgniter->run()
 8 SYSTEMPATH/Boot.php(67): CodeIgniter\Boot::runCodeIgniter(Object(CodeIgniter\CodeIgniter))
 9 FCPATH/index.php(56): CodeIgniter\Boot::bootWeb(Object(Config\Paths))
DEBUG - 2025-12-15 20:04:36 --> Session: Class initialized using 'CodeIgniter\Session\Handlers\FileHandler' driver.
WARNING - 2025-12-15 20:04:36 --> [DEPRECATED] Passing lowercase HTTP method "get" is deprecated. Use uppercase HTTP method like "GET". in SYSTEMPATH/Router/RouteCollection.php on line 1026.
 1 SYSTEMPATH/Router/RouteCollection.php(1026): trigger_error('Passing lowercase HTTP method "get" is deprecated. Use uppercase HTTP method like "GET".', 16384)
 2 APPPATH/Config/Routes.php(131): CodeIgniter\Router\RouteCollection->match([...], 'locations/generarPDF', 'LocationsPdfController::generarPDF')
 3 SYSTEMPATH/Router/RouteCollection.php(339): require('/home/u976386866/domains/servipro.site/public_html/app/app/Config/Routes.php')
 4 SYSTEMPATH/CodeIgniter.php(821): CodeIgniter\Router\RouteCollection->loadRoutes()
 5 SYSTEMPATH/CodeIgniter.php(455): CodeIgniter\CodeIgniter->tryToRouteIt(null)
 6 SYSTEMPATH/CodeIgniter.php(354): CodeIgniter\CodeIgniter->handleRequest(null, Object(Config\Cache), false)
 7 SYSTEMPATH/Boot.php(334): CodeIgniter\CodeIgniter->run()
 8 SYSTEMPATH/Boot.php(67): CodeIgniter\Boot::runCodeIgniter(Object(CodeIgniter\CodeIgniter))
 9 FCPATH/index.php(56): CodeIgniter\Boot::bootWeb(Object(Config\Paths))
WARNING - 2025-12-15 20:04:36 --> [DEPRECATED] Passing lowercase HTTP method "post" is deprecated. Use uppercase HTTP method like "POST". in SYSTEMPATH/Router/RouteCollection.php on line 1026.
 1 SYSTEMPATH/Router/RouteCollection.php(1026): trigger_error('Passing lowercase HTTP method "post" is deprecated. Use uppercase HTTP method like "POST".', 16384)
 2 APPPATH/Config/Routes.php(131): CodeIgniter\Router\RouteCollection->match([...], 'locations/generarPDF', 'LocationsPdfController::generarPDF')
 3 SYSTEMPATH/Router/RouteCollection.php(339): require('/home/u976386866/domains/servipro.site/public_html/app/app/Config/Routes.php')
 4 SYSTEMPATH/CodeIgniter.php(821): CodeIgniter\Router\RouteCollection->loadRoutes()
 5 SYSTEMPATH/CodeIgniter.php(455): CodeIgniter\CodeIgniter->tryToRouteIt(null)
 6 SYSTEMPATH/CodeIgniter.php(354): CodeIgniter\CodeIgniter->handleRequest(null, Object(Config\Cache), false)
 7 SYSTEMPATH/Boot.php(334): CodeIgniter\CodeIgniter->run()
 8 SYSTEMPATH/Boot.php(67): CodeIgniter\Boot::runCodeIgniter(Object(CodeIgniter\CodeIgniter))
 9 FCPATH/index.php(56): CodeIgniter\Boot::bootWeb(Object(Config\Paths))
DEBUG - 2025-12-15 20:04:36 --> Session: Class initialized using 'CodeIgniter\Session\Handlers\FileHandler' driver.
WARNING - 2025-12-15 20:04:50 --> [DEPRECATED] Passing lowercase HTTP method "get" is deprecated. Use uppercase HTTP method like "GET". in SYSTEMPATH/Router/RouteCollection.php on line 1026.
 1 SYSTEMPATH/Router/RouteCollection.php(1026): trigger_error('Passing lowercase HTTP method "get" is deprecated. Use uppercase HTTP method like "GET".', 16384)
 2 APPPATH/Config/Routes.php(131): CodeIgniter\Router\RouteCollection->match([...], 'locations/generarPDF', 'LocationsPdfController::generarPDF')
 3 SYSTEMPATH/Router/RouteCollection.php(339): require('/home/u976386866/domains/servipro.site/public_html/app/app/Config/Routes.php')
 4 SYSTEMPATH/CodeIgniter.php(821): CodeIgniter\Router\RouteCollection->loadRoutes()
 5 SYSTEMPATH/CodeIgniter.php(455): CodeIgniter\CodeIgniter->tryToRouteIt(null)
 6 SYSTEMPATH/CodeIgniter.php(354): CodeIgniter\CodeIgniter->handleRequest(null, Object(Config\Cache), false)
 7 SYSTEMPATH/Boot.php(334): CodeIgniter\CodeIgniter->run()
 8 SYSTEMPATH/Boot.php(67): CodeIgniter\Boot::runCodeIgniter(Object(CodeIgniter\CodeIgniter))
 9 FCPATH/index.php(56): CodeIgniter\Boot::bootWeb(Object(Config\Paths))
WARNING - 2025-12-15 20:04:50 --> [DEPRECATED] Passing lowercase HTTP method "post" is deprecated. Use uppercase HTTP method like "POST". in SYSTEMPATH/Router/RouteCollection.php on line 1026.
 1 SYSTEMPATH/Router/RouteCollection.php(1026): trigger_error('Passing lowercase HTTP method "post" is deprecated. Use uppercase HTTP method like "POST".', 16384)
 2 APPPATH/Config/Routes.php(131): CodeIgniter\Router\RouteCollection->match([...], 'locations/generarPDF', 'LocationsPdfController::generarPDF')
 3 SYSTEMPATH/Router/RouteCollection.php(339): require('/home/u976386866/domains/servipro.site/public_html/app/app/Config/Routes.php')
 4 SYSTEMPATH/CodeIgniter.php(821): CodeIgniter\Router\RouteCollection->loadRoutes()
 5 SYSTEMPATH/CodeIgniter.php(455): CodeIgniter\CodeIgniter->tryToRouteIt(null)
 6 SYSTEMPATH/CodeIgniter.php(354): CodeIgniter\CodeIgniter->handleRequest(null, Object(Config\Cache), false)
 7 SYSTEMPATH/Boot.php(334): CodeIgniter\CodeIgniter->run()
 8 SYSTEMPATH/Boot.php(67): CodeIgniter\Boot::runCodeIgniter(Object(CodeIgniter\CodeIgniter))
 9 FCPATH/index.php(56): CodeIgniter\Boot::bootWeb(Object(Config\Paths))
DEBUG - 2025-12-15 20:04:50 --> Session: Class initialized using 'CodeIgniter\Session\Handlers\FileHandler' driver.
WARNING - 2025-12-15 20:04:52 --> [DEPRECATED] Passing lowercase HTTP method "get" is deprecated. Use uppercase HTTP method like "GET". in SYSTEMPATH/Router/RouteCollection.php on line 1026.
 1 SYSTEMPATH/Router/RouteCollection.php(1026): trigger_error('Passing lowercase HTTP method "get" is deprecated. Use uppercase HTTP method like "GET".', 16384)
 2 APPPATH/Config/Routes.php(131): CodeIgniter\Router\RouteCollection->match([...], 'locations/generarPDF', 'LocationsPdfController::generarPDF')
 3 SYSTEMPATH/Router/RouteCollection.php(339): require('/home/u976386866/domains/servipro.site/public_html/app/app/Config/Routes.php')
 4 SYSTEMPATH/CodeIgniter.php(821): CodeIgniter\Router\RouteCollection->loadRoutes()
 5 SYSTEMPATH/CodeIgniter.php(455): CodeIgniter\CodeIgniter->tryToRouteIt(null)
 6 SYSTEMPATH/CodeIgniter.php(354): CodeIgniter\CodeIgniter->handleRequest(null, Object(Config\Cache), false)
 7 SYSTEMPATH/Boot.php(334): CodeIgniter\CodeIgniter->run()
 8 SYSTEMPATH/Boot.php(67): CodeIgniter\Boot::runCodeIgniter(Object(CodeIgniter\CodeIgniter))
 9 FCPATH/index.php(56): CodeIgniter\Boot::bootWeb(Object(Config\Paths))
WARNING - 2025-12-15 20:04:52 --> [DEPRECATED] Passing lowercase HTTP method "post" is deprecated. Use uppercase HTTP method like "POST". in SYSTEMPATH/Router/RouteCollection.php on line 1026.
 1 SYSTEMPATH/Router/RouteCollection.php(1026): trigger_error('Passing lowercase HTTP method "post" is deprecated. Use uppercase HTTP method like "POST".', 16384)
 2 APPPATH/Config/Routes.php(131): CodeIgniter\Router\RouteCollection->match([...], 'locations/generarPDF', 'LocationsPdfController::generarPDF')
 3 SYSTEMPATH/Router/RouteCollection.php(339): require('/home/u976386866/domains/servipro.site/public_html/app/app/Config/Routes.php')
 4 SYSTEMPATH/CodeIgniter.php(821): CodeIgniter\Router\RouteCollection->loadRoutes()
 5 SYSTEMPATH/CodeIgniter.php(455): CodeIgniter\CodeIgniter->tryToRouteIt(null)
 6 SYSTEMPATH/CodeIgniter.php(354): CodeIgniter\CodeIgniter->handleRequest(null, Object(Config\Cache), false)
 7 SYSTEMPATH/Boot.php(334): CodeIgniter\CodeIgniter->run()
 8 SYSTEMPATH/Boot.php(67): CodeIgniter\Boot::runCodeIgniter(Object(CodeIgniter\CodeIgniter))
 9 FCPATH/index.php(56): CodeIgniter\Boot::bootWeb(Object(Config\Paths))
DEBUG - 2025-12-15 20:04:52 --> Session: Class initialized using 'CodeIgniter\Session\Handlers\FileHandler' driver.
WARNING - 2025-12-15 20:06:58 --> [DEPRECATED] Passing lowercase HTTP method "get" is deprecated. Use uppercase HTTP method like "GET". in SYSTEMPATH/Router/RouteCollection.php on line 1026.
 1 SYSTEMPATH/Router/RouteCollection.php(1026): trigger_error('Passing lowercase HTTP method "get" is deprecated. Use uppercase HTTP method like "GET".', 16384)
 2 APPPATH/Config/Routes.php(131): CodeIgniter\Router\RouteCollection->match([...], 'locations/generarPDF', 'LocationsPdfController::generarPDF')
 3 SYSTEMPATH/Router/RouteCollection.php(339): require('/home/u976386866/domains/servipro.site/public_html/app/app/Config/Routes.php')
 4 SYSTEMPATH/CodeIgniter.php(821): CodeIgniter\Router\RouteCollection->loadRoutes()
 5 SYSTEMPATH/CodeIgniter.php(455): CodeIgniter\CodeIgniter->tryToRouteIt(null)
 6 SYSTEMPATH/CodeIgniter.php(354): CodeIgniter\CodeIgniter->handleRequest(null, Object(Config\Cache), false)
 7 SYSTEMPATH/Boot.php(334): CodeIgniter\CodeIgniter->run()
 8 SYSTEMPATH/Boot.php(67): CodeIgniter\Boot::runCodeIgniter(Object(CodeIgniter\CodeIgniter))
 9 FCPATH/index.php(56): CodeIgniter\Boot::bootWeb(Object(Config\Paths))
WARNING - 2025-12-15 20:06:58 --> [DEPRECATED] Passing lowercase HTTP method "post" is deprecated. Use uppercase HTTP method like "POST". in SYSTEMPATH/Router/RouteCollection.php on line 1026.
 1 SYSTEMPATH/Router/RouteCollection.php(1026): trigger_error('Passing lowercase HTTP method "post" is deprecated. Use uppercase HTTP method like "POST".', 16384)
 2 APPPATH/Config/Routes.php(131): CodeIgniter\Router\RouteCollection->match([...], 'locations/generarPDF', 'LocationsPdfController::generarPDF')
 3 SYSTEMPATH/Router/RouteCollection.php(339): require('/home/u976386866/domains/servipro.site/public_html/app/app/Config/Routes.php')
 4 SYSTEMPATH/CodeIgniter.php(821): CodeIgniter\Router\RouteCollection->loadRoutes()
 5 SYSTEMPATH/CodeIgniter.php(455): CodeIgniter\CodeIgniter->tryToRouteIt(null)
 6 SYSTEMPATH/CodeIgniter.php(354): CodeIgniter\CodeIgniter->handleRequest(null, Object(Config\Cache), false)
 7 SYSTEMPATH/Boot.php(334): CodeIgniter\CodeIgniter->run()
 8 SYSTEMPATH/Boot.php(67): CodeIgniter\Boot::runCodeIgniter(Object(CodeIgniter\CodeIgniter))
 9 FCPATH/index.php(56): CodeIgniter\Boot::bootWeb(Object(Config\Paths))
DEBUG - 2025-12-15 20:06:58 --> Session: Class initialized using 'CodeIgniter\Session\Handlers\FileHandler' driver.
WARNING - 2025-12-15 20:11:00 --> [DEPRECATED] Passing lowercase HTTP method "get" is deprecated. Use uppercase HTTP method like "GET". in SYSTEMPATH/Router/RouteCollection.php on line 1026.
 1 SYSTEMPATH/Router/RouteCollection.php(1026): trigger_error('Passing lowercase HTTP method "get" is deprecated. Use uppercase HTTP method like "GET".', 16384)
 2 APPPATH/Config/Routes.php(131): CodeIgniter\Router\RouteCollection->match([...], 'locations/generarPDF', 'LocationsPdfController::generarPDF')
 3 SYSTEMPATH/Router/RouteCollection.php(339): require('/home/u976386866/domains/servipro.site/public_html/app/app/Config/Routes.php')
 4 SYSTEMPATH/CodeIgniter.php(821): CodeIgniter\Router\RouteCollection->loadRoutes()
 5 SYSTEMPATH/CodeIgniter.php(455): CodeIgniter\CodeIgniter->tryToRouteIt(null)
 6 SYSTEMPATH/CodeIgniter.php(354): CodeIgniter\CodeIgniter->handleRequest(null, Object(Config\Cache), false)
 7 SYSTEMPATH/Boot.php(334): CodeIgniter\CodeIgniter->run()
 8 SYSTEMPATH/Boot.php(67): CodeIgniter\Boot::runCodeIgniter(Object(CodeIgniter\CodeIgniter))
 9 FCPATH/index.php(56): CodeIgniter\Boot::bootWeb(Object(Config\Paths))
WARNING - 2025-12-15 20:11:00 --> [DEPRECATED] Passing lowercase HTTP method "post" is deprecated. Use uppercase HTTP method like "POST". in SYSTEMPATH/Router/RouteCollection.php on line 1026.
 1 SYSTEMPATH/Router/RouteCollection.php(1026): trigger_error('Passing lowercase HTTP method "post" is deprecated. Use uppercase HTTP method like "POST".', 16384)
 2 APPPATH/Config/Routes.php(131): CodeIgniter\Router\RouteCollection->match([...], 'locations/generarPDF', 'LocationsPdfController::generarPDF')
 3 SYSTEMPATH/Router/RouteCollection.php(339): require('/home/u976386866/domains/servipro.site/public_html/app/app/Config/Routes.php')
 4 SYSTEMPATH/CodeIgniter.php(821): CodeIgniter\Router\RouteCollection->loadRoutes()
 5 SYSTEMPATH/CodeIgniter.php(455): CodeIgniter\CodeIgniter->tryToRouteIt(null)
 6 SYSTEMPATH/CodeIgniter.php(354): CodeIgniter\CodeIgniter->handleRequest(null, Object(Config\Cache), false)
 7 SYSTEMPATH/Boot.php(334): CodeIgniter\CodeIgniter->run()
 8 SYSTEMPATH/Boot.php(67): CodeIgniter\Boot::runCodeIgniter(Object(CodeIgniter\CodeIgniter))
 9 FCPATH/index.php(56): CodeIgniter\Boot::bootWeb(Object(Config\Paths))
DEBUG - 2025-12-15 20:11:00 --> Session: Class initialized using 'CodeIgniter\Session\Handlers\FileHandler' driver.
WARNING - 2025-12-15 20:12:04 --> [DEPRECATED] Passing lowercase HTTP method "get" is deprecated. Use uppercase HTTP method like "GET". in SYSTEMPATH/Router/RouteCollection.php on line 1026.
 1 SYSTEMPATH/Router/RouteCollection.php(1026): trigger_error('Passing lowercase HTTP method "get" is deprecated. Use uppercase HTTP method like "GET".', 16384)
 2 APPPATH/Config/Routes.php(131): CodeIgniter\Router\RouteCollection->match([...], 'locations/generarPDF', 'LocationsPdfController::generarPDF')
 3 SYSTEMPATH/Router/RouteCollection.php(339): require('/home/u976386866/domains/servipro.site/public_html/app/app/Config/Routes.php')
 4 SYSTEMPATH/CodeIgniter.php(821): CodeIgniter\Router\RouteCollection->loadRoutes()
 5 SYSTEMPATH/CodeIgniter.php(455): CodeIgniter\CodeIgniter->tryToRouteIt(null)
 6 SYSTEMPATH/CodeIgniter.php(354): CodeIgniter\CodeIgniter->handleRequest(null, Object(Config\Cache), false)
 7 SYSTEMPATH/Boot.php(334): CodeIgniter\CodeIgniter->run()
 8 SYSTEMPATH/Boot.php(67): CodeIgniter\Boot::runCodeIgniter(Object(CodeIgniter\CodeIgniter))
 9 FCPATH/index.php(56): CodeIgniter\Boot::bootWeb(Object(Config\Paths))
WARNING - 2025-12-15 20:12:04 --> [DEPRECATED] Passing lowercase HTTP method "post" is deprecated. Use uppercase HTTP method like "POST". in SYSTEMPATH/Router/RouteCollection.php on line 1026.
 1 SYSTEMPATH/Router/RouteCollection.php(1026): trigger_error('Passing lowercase HTTP method "post" is deprecated. Use uppercase HTTP method like "POST".', 16384)
 2 APPPATH/Config/Routes.php(131): CodeIgniter\Router\RouteCollection->match([...], 'locations/generarPDF', 'LocationsPdfController::generarPDF')
 3 SYSTEMPATH/Router/RouteCollection.php(339): require('/home/u976386866/domains/servipro.site/public_html/app/app/Config/Routes.php')
 4 SYSTEMPATH/CodeIgniter.php(821): CodeIgniter\Router\RouteCollection->loadRoutes()
 5 SYSTEMPATH/CodeIgniter.php(455): CodeIgniter\CodeIgniter->tryToRouteIt(null)
 6 SYSTEMPATH/CodeIgniter.php(354): CodeIgniter\CodeIgniter->handleRequest(null, Object(Config\Cache), false)
 7 SYSTEMPATH/Boot.php(334): CodeIgniter\CodeIgniter->run()
 8 SYSTEMPATH/Boot.php(67): CodeIgniter\Boot::runCodeIgniter(Object(CodeIgniter\CodeIgniter))
 9 FCPATH/index.php(56): CodeIgniter\Boot::bootWeb(Object(Config\Paths))
DEBUG - 2025-12-15 20:12:04 --> Session: Class initialized using 'CodeIgniter\Session\Handlers\FileHandler' driver.
INFO - 2025-12-15 20:12:04 --> Total de trampas indexadas: 14
INFO - 2025-12-15 20:12:04 --> IDs de trampas en índice: 0025, 001, 25, 1, 101111, 003, 3, 0003, 004, 4, 0004, 005, 5, 0005
WARNING - 2025-12-15 20:15:48 --> [DEPRECATED] Passing lowercase HTTP method "get" is deprecated. Use uppercase HTTP method like "GET". in SYSTEMPATH/Router/RouteCollection.php on line 1026.
 1 SYSTEMPATH/Router/RouteCollection.php(1026): trigger_error('Passing lowercase HTTP method "get" is deprecated. Use uppercase HTTP method like "GET".', 16384)
 2 APPPATH/Config/Routes.php(131): CodeIgniter\Router\RouteCollection->match([...], 'locations/generarPDF', 'LocationsPdfController::generarPDF')
 3 SYSTEMPATH/Router/RouteCollection.php(339): require('/home/u976386866/domains/servipro.site/public_html/app/app/Config/Routes.php')
 4 SYSTEMPATH/CodeIgniter.php(821): CodeIgniter\Router\RouteCollection->loadRoutes()
 5 SYSTEMPATH/CodeIgniter.php(455): CodeIgniter\CodeIgniter->tryToRouteIt(null)
 6 SYSTEMPATH/CodeIgniter.php(354): CodeIgniter\CodeIgniter->handleRequest(null, Object(Config\Cache), false)
 7 SYSTEMPATH/Boot.php(334): CodeIgniter\CodeIgniter->run()
 8 SYSTEMPATH/Boot.php(67): CodeIgniter\Boot::runCodeIgniter(Object(CodeIgniter\CodeIgniter))
 9 FCPATH/index.php(56): CodeIgniter\Boot::bootWeb(Object(Config\Paths))
WARNING - 2025-12-15 20:15:48 --> [DEPRECATED] Passing lowercase HTTP method "post" is deprecated. Use uppercase HTTP method like "POST". in SYSTEMPATH/Router/RouteCollection.php on line 1026.
 1 SYSTEMPATH/Router/RouteCollection.php(1026): trigger_error('Passing lowercase HTTP method "post" is deprecated. Use uppercase HTTP method like "POST".', 16384)
 2 APPPATH/Config/Routes.php(131): CodeIgniter\Router\RouteCollection->match([...], 'locations/generarPDF', 'LocationsPdfController::generarPDF')
 3 SYSTEMPATH/Router/RouteCollection.php(339): require('/home/u976386866/domains/servipro.site/public_html/app/app/Config/Routes.php')
 4 SYSTEMPATH/CodeIgniter.php(821): CodeIgniter\Router\RouteCollection->loadRoutes()
 5 SYSTEMPATH/CodeIgniter.php(455): CodeIgniter\CodeIgniter->tryToRouteIt(null)
 6 SYSTEMPATH/CodeIgniter.php(354): CodeIgniter\CodeIgniter->handleRequest(null, Object(Config\Cache), false)
 7 SYSTEMPATH/Boot.php(334): CodeIgniter\CodeIgniter->run()
 8 SYSTEMPATH/Boot.php(67): CodeIgniter\Boot::runCodeIgniter(Object(CodeIgniter\CodeIgniter))
 9 FCPATH/index.php(56): CodeIgniter\Boot::bootWeb(Object(Config\Paths))
DEBUG - 2025-12-15 20:15:48 --> Session: Class initialized using 'CodeIgniter\Session\Handlers\FileHandler' driver.
WARNING - 2025-12-15 20:25:18 --> [DEPRECATED] Passing lowercase HTTP method "get" is deprecated. Use uppercase HTTP method like "GET". in SYSTEMPATH/Router/RouteCollection.php on line 1026.
 1 SYSTEMPATH/Router/RouteCollection.php(1026): trigger_error('Passing lowercase HTTP method "get" is deprecated. Use uppercase HTTP method like "GET".', 16384)
 2 APPPATH/Config/Routes.php(131): CodeIgniter\Router\RouteCollection->match([...], 'locations/generarPDF', 'LocationsPdfController::generarPDF')
 3 SYSTEMPATH/Router/RouteCollection.php(339): require('/home/u976386866/domains/servipro.site/public_html/app/app/Config/Routes.php')
 4 SYSTEMPATH/CodeIgniter.php(821): CodeIgniter\Router\RouteCollection->loadRoutes()
 5 SYSTEMPATH/CodeIgniter.php(455): CodeIgniter\CodeIgniter->tryToRouteIt(null)
 6 SYSTEMPATH/CodeIgniter.php(354): CodeIgniter\CodeIgniter->handleRequest(null, Object(Config\Cache), false)
 7 SYSTEMPATH/Boot.php(334): CodeIgniter\CodeIgniter->run()
 8 SYSTEMPATH/Boot.php(67): CodeIgniter\Boot::runCodeIgniter(Object(CodeIgniter\CodeIgniter))
 9 FCPATH/index.php(56): CodeIgniter\Boot::bootWeb(Object(Config\Paths))
WARNING - 2025-12-15 20:25:18 --> [DEPRECATED] Passing lowercase HTTP method "post" is deprecated. Use uppercase HTTP method like "POST". in SYSTEMPATH/Router/RouteCollection.php on line 1026.
 1 SYSTEMPATH/Router/RouteCollection.php(1026): trigger_error('Passing lowercase HTTP method "post" is deprecated. Use uppercase HTTP method like "POST".', 16384)
 2 APPPATH/Config/Routes.php(131): CodeIgniter\Router\RouteCollection->match([...], 'locations/generarPDF', 'LocationsPdfController::generarPDF')
 3 SYSTEMPATH/Router/RouteCollection.php(339): require('/home/u976386866/domains/servipro.site/public_html/app/app/Config/Routes.php')
 4 SYSTEMPATH/CodeIgniter.php(821): CodeIgniter\Router\RouteCollection->loadRoutes()
 5 SYSTEMPATH/CodeIgniter.php(455): CodeIgniter\CodeIgniter->tryToRouteIt(null)
 6 SYSTEMPATH/CodeIgniter.php(354): CodeIgniter\CodeIgniter->handleRequest(null, Object(Config\Cache), false)
 7 SYSTEMPATH/Boot.php(334): CodeIgniter\CodeIgniter->run()
 8 SYSTEMPATH/Boot.php(67): CodeIgniter\Boot::runCodeIgniter(Object(CodeIgniter\CodeIgniter))
 9 FCPATH/index.php(56): CodeIgniter\Boot::bootWeb(Object(Config\Paths))
DEBUG - 2025-12-15 20:25:18 --> Session: Class initialized using 'CodeIgniter\Session\Handlers\FileHandler' driver.
DEBUG - 2025-12-15 20:25:18 --> Iniciando carga de sedes
DEBUG - 2025-12-15 20:25:18 --> Sedes cargadas: [{"id":"17","nombre":"Bimbo Santa Maria","direccion":"Avenida ServiPro","ciudad":"CDMX","pais":"Mexico","fecha_creacion":"2025-04-03 13:01:50","estatus":"1"},{"id":"18","nombre":"Bimbo Azcapotzalco","direccion":"Av San Pablo Xalpa 520, San Martin Xochinahuac, Azcapotzalco, 02120 Ciudad de M\u00e9xico, CDMX","ciudad":"CDMC","pais":"M\u00e9xico","fecha_creacion":"2025-04-07 12:06:45","estatus":"1"},{"id":"21","nombre":"Bimbo Villahermosa","direccion":"Av. Cobre 105, Cd Industrial, 86010 Villahermosa, Tabasco","ciudad":"Villahermosa, Tabasco","pais":"M\u00e9xico","fecha_creacion":"2025-05-12 12:11:50","estatus":"1"},{"id":"22","nombre":"Totis Planta uno Botana","direccion":"Av. San Pablo Xalpa 520, San Mart\u00edn Xochinahuac, Azcapotzalco, 02120 Ciudad de M\u00e9xico, CDMX","ciudad":"CDMX","pais":"Mexico","fecha_creacion":"2025-05-28 09:41:53","estatus":"1"},{"id":"23","nombre":"BIMBO YUCAT\u00c1N","direccion":"CALLE 21, #426, INT 0, COL. CIUDAD INDUSTRIAL","ciudad":"M\u00c9RIDA","pais":"M\u00c9XICO","fecha_creacion":"2025-07-14 17:00:19","estatus":"1"},{"id":"24","nombre":"Bimbo Toluca","direccion":"Corredor Industrial, Mz 2, Lote E, Ex Rancho El Coecillo","ciudad":"Toluca","pais":"M\u00e9xico","fecha_creacion":"2025-07-28 13:39:14","estatus":"1"},{"id":"26","nombre":"Totis planta dos","direccion":"Eje oriente poniente no. 38, col. Ciudad industrial, CP 43800, Tizayuca, Hidalgo","ciudad":"Tizayuca","pais":"M\u00e9xico","fecha_creacion":"2025-10-27 16:30:54","estatus":"1"},{"id":"27","nombre":"Bimbo M\u00e9xico Santa Mar\u00eda ","direccion":"Mimosas 117, 118 Col. Santa Mar\u00eda Insurgentes Cuauht\u00e9moc CDMX ","ciudad":"CDMX","pais":"M\u00e9xico","fecha_creacion":"2025-11-02 10:48:40","estatus":"1"},{"id":"28","nombre":"HAZPAN-LONCHIBON","direccion":"EMILIANO ZAPATA 25, PQUE. IND. LERMA","ciudad":"TOLUCA","pais":"M\u00e9xico","fecha_creacion":"2025-11-27 11:43:59","estatus":"1"},{"id":"29","nombre":"Suandy Marinela Toluca","direccion":"Emiliano Zapata 25, Pque. Ind. Lerma","ciudad":"TOLUCA","pais":"M\u00e9xico","fecha_creacion":"2025-11-27 11:55:24","estatus":"1"},{"id":"30","nombre":"T\u00eda Rosa, Toluca ","direccion":"Benito Juarez Mz. 027","ciudad":"Sta. Ma. Totoltepec, Toluca","pais":"M\u00e9xico","fecha_creacion":"2025-11-27 11:56:59","estatus":"1"},{"id":"31","nombre":"Bimbo Norte","direccion":"Av. F\u00e9lix U. G\u00f3mez 4203, Coyoac\u00e1n, C.P. 64510","ciudad":"Monterrey N.L.","pais":"M\u00e9xico","fecha_creacion":"2025-11-28 15:45:37","estatus":"1"},{"id":"32","nombre":"PLANTA DE PRUEBA","direccion":"PRUEBAS","ciudad":"DCDS","pais":"MEXICO","fecha_creacion":"2025-12-07 18:59:44","estatus":"1"},{"id":"33","nombre":"BSL","direccion":"Eje 128 #135 manzana 3, zona industrial segunda secci\u00f3n ","ciudad":"San Luis Potos\u00ed","pais":"M\u00e9xico","fecha_creacion":"2025-12-08 21:23:56","estatus":"1"},{"id":"34","nombre":"Sanissimo Monterrey","direccion":"Manuel de la Pe\u00f1a y Pe\u00f1a #1020-5, Bella Vista","ciudad":"Monterrey N.L.","pais":"M\u00e9xico","fecha_creacion":"2025-12-08 21:28:12","estatus":"1"}]
WARNING - 2025-12-15 20:25:29 --> [DEPRECATED] Passing lowercase HTTP method "get" is deprecated. Use uppercase HTTP method like "GET". in SYSTEMPATH/Router/RouteCollection.php on line 1026.
 1 SYSTEMPATH/Router/RouteCollection.php(1026): trigger_error('Passing lowercase HTTP method "get" is deprecated. Use uppercase HTTP method like "GET".', 16384)
 2 APPPATH/Config/Routes.php(131): CodeIgniter\Router\RouteCollection->match([...], 'locations/generarPDF', 'LocationsPdfController::generarPDF')
 3 SYSTEMPATH/Router/RouteCollection.php(339): require('/home/u976386866/domains/servipro.site/public_html/app/app/Config/Routes.php')
 4 SYSTEMPATH/CodeIgniter.php(821): CodeIgniter\Router\RouteCollection->loadRoutes()
 5 SYSTEMPATH/CodeIgniter.php(455): CodeIgniter\CodeIgniter->tryToRouteIt(null)
 6 SYSTEMPATH/CodeIgniter.php(354): CodeIgniter\CodeIgniter->handleRequest(null, Object(Config\Cache), false)
 7 SYSTEMPATH/Boot.php(334): CodeIgniter\CodeIgniter->run()
 8 SYSTEMPATH/Boot.php(67): CodeIgniter\Boot::runCodeIgniter(Object(CodeIgniter\CodeIgniter))
 9 FCPATH/index.php(56): CodeIgniter\Boot::bootWeb(Object(Config\Paths))
WARNING - 2025-12-15 20:25:29 --> [DEPRECATED] Passing lowercase HTTP method "post" is deprecated. Use uppercase HTTP method like "POST". in SYSTEMPATH/Router/RouteCollection.php on line 1026.
 1 SYSTEMPATH/Router/RouteCollection.php(1026): trigger_error('Passing lowercase HTTP method "post" is deprecated. Use uppercase HTTP method like "POST".', 16384)
 2 APPPATH/Config/Routes.php(131): CodeIgniter\Router\RouteCollection->match([...], 'locations/generarPDF', 'LocationsPdfController::generarPDF')
 3 SYSTEMPATH/Router/RouteCollection.php(339): require('/home/u976386866/domains/servipro.site/public_html/app/app/Config/Routes.php')
 4 SYSTEMPATH/CodeIgniter.php(821): CodeIgniter\Router\RouteCollection->loadRoutes()
 5 SYSTEMPATH/CodeIgniter.php(455): CodeIgniter\CodeIgniter->tryToRouteIt(null)
 6 SYSTEMPATH/CodeIgniter.php(354): CodeIgniter\CodeIgniter->handleRequest(null, Object(Config\Cache), false)
 7 SYSTEMPATH/Boot.php(334): CodeIgniter\CodeIgniter->run()
 8 SYSTEMPATH/Boot.php(67): CodeIgniter\Boot::runCodeIgniter(Object(CodeIgniter\CodeIgniter))
 9 FCPATH/index.php(56): CodeIgniter\Boot::bootWeb(Object(Config\Paths))
DEBUG - 2025-12-15 20:25:29 --> Session: Class initialized using 'CodeIgniter\Session\Handlers\FileHandler' driver.
WARNING - 2025-12-15 20:25:30 --> [DEPRECATED] Passing lowercase HTTP method "get" is deprecated. Use uppercase HTTP method like "GET". in SYSTEMPATH/Router/RouteCollection.php on line 1026.
 1 SYSTEMPATH/Router/RouteCollection.php(1026): trigger_error('Passing lowercase HTTP method "get" is deprecated. Use uppercase HTTP method like "GET".', 16384)
 2 APPPATH/Config/Routes.php(131): CodeIgniter\Router\RouteCollection->match([...], 'locations/generarPDF', 'LocationsPdfController::generarPDF')
 3 SYSTEMPATH/Router/RouteCollection.php(339): require('/home/u976386866/domains/servipro.site/public_html/app/app/Config/Routes.php')
 4 SYSTEMPATH/CodeIgniter.php(821): CodeIgniter\Router\RouteCollection->loadRoutes()
 5 SYSTEMPATH/CodeIgniter.php(455): CodeIgniter\CodeIgniter->tryToRouteIt(null)
 6 SYSTEMPATH/CodeIgniter.php(354): CodeIgniter\CodeIgniter->handleRequest(null, Object(Config\Cache), false)
 7 SYSTEMPATH/Boot.php(334): CodeIgniter\CodeIgniter->run()
 8 SYSTEMPATH/Boot.php(67): CodeIgniter\Boot::runCodeIgniter(Object(CodeIgniter\CodeIgniter))
 9 FCPATH/index.php(56): CodeIgniter\Boot::bootWeb(Object(Config\Paths))
WARNING - 2025-12-15 20:25:30 --> [DEPRECATED] Passing lowercase HTTP method "post" is deprecated. Use uppercase HTTP method like "POST". in SYSTEMPATH/Router/RouteCollection.php on line 1026.
 1 SYSTEMPATH/Router/RouteCollection.php(1026): trigger_error('Passing lowercase HTTP method "post" is deprecated. Use uppercase HTTP method like "POST".', 16384)
 2 APPPATH/Config/Routes.php(131): CodeIgniter\Router\RouteCollection->match([...], 'locations/generarPDF', 'LocationsPdfController::generarPDF')
 3 SYSTEMPATH/Router/RouteCollection.php(339): require('/home/u976386866/domains/servipro.site/public_html/app/app/Config/Routes.php')
 4 SYSTEMPATH/CodeIgniter.php(821): CodeIgniter\Router\RouteCollection->loadRoutes()
 5 SYSTEMPATH/CodeIgniter.php(455): CodeIgniter\CodeIgniter->tryToRouteIt(null)
 6 SYSTEMPATH/CodeIgniter.php(354): CodeIgniter\CodeIgniter->handleRequest(null, Object(Config\Cache), false)
 7 SYSTEMPATH/Boot.php(334): CodeIgniter\CodeIgniter->run()
 8 SYSTEMPATH/Boot.php(67): CodeIgniter\Boot::runCodeIgniter(Object(CodeIgniter\CodeIgniter))
 9 FCPATH/index.php(56): CodeIgniter\Boot::bootWeb(Object(Config\Paths))
DEBUG - 2025-12-15 20:25:30 --> Session: Class initialized using 'CodeIgniter\Session\Handlers\FileHandler' driver.
WARNING - 2025-12-15 20:25:32 --> [DEPRECATED] Passing lowercase HTTP method "get" is deprecated. Use uppercase HTTP method like "GET". in SYSTEMPATH/Router/RouteCollection.php on line 1026.
 1 SYSTEMPATH/Router/RouteCollection.php(1026): trigger_error('Passing lowercase HTTP method "get" is deprecated. Use uppercase HTTP method like "GET".', 16384)
 2 APPPATH/Config/Routes.php(131): CodeIgniter\Router\RouteCollection->match([...], 'locations/generarPDF', 'LocationsPdfController::generarPDF')
 3 SYSTEMPATH/Router/RouteCollection.php(339): require('/home/u976386866/domains/servipro.site/public_html/app/app/Config/Routes.php')
 4 SYSTEMPATH/CodeIgniter.php(821): CodeIgniter\Router\RouteCollection->loadRoutes()
 5 SYSTEMPATH/CodeIgniter.php(455): CodeIgniter\CodeIgniter->tryToRouteIt(null)
 6 SYSTEMPATH/CodeIgniter.php(354): CodeIgniter\CodeIgniter->handleRequest(null, Object(Config\Cache), false)
 7 SYSTEMPATH/Boot.php(334): CodeIgniter\CodeIgniter->run()
 8 SYSTEMPATH/Boot.php(67): CodeIgniter\Boot::runCodeIgniter(Object(CodeIgniter\CodeIgniter))
 9 FCPATH/index.php(56): CodeIgniter\Boot::bootWeb(Object(Config\Paths))
WARNING - 2025-12-15 20:25:32 --> [DEPRECATED] Passing lowercase HTTP method "post" is deprecated. Use uppercase HTTP method like "POST". in SYSTEMPATH/Router/RouteCollection.php on line 1026.
 1 SYSTEMPATH/Router/RouteCollection.php(1026): trigger_error('Passing lowercase HTTP method "post" is deprecated. Use uppercase HTTP method like "POST".', 16384)
 2 APPPATH/Config/Routes.php(131): CodeIgniter\Router\RouteCollection->match([...], 'locations/generarPDF', 'LocationsPdfController::generarPDF')
 3 SYSTEMPATH/Router/RouteCollection.php(339): require('/home/u976386866/domains/servipro.site/public_html/app/app/Config/Routes.php')
 4 SYSTEMPATH/CodeIgniter.php(821): CodeIgniter\Router\RouteCollection->loadRoutes()
 5 SYSTEMPATH/CodeIgniter.php(455): CodeIgniter\CodeIgniter->tryToRouteIt(null)
 6 SYSTEMPATH/CodeIgniter.php(354): CodeIgniter\CodeIgniter->handleRequest(null, Object(Config\Cache), false)
 7 SYSTEMPATH/Boot.php(334): CodeIgniter\CodeIgniter->run()
 8 SYSTEMPATH/Boot.php(67): CodeIgniter\Boot::runCodeIgniter(Object(CodeIgniter\CodeIgniter))
 9 FCPATH/index.php(56): CodeIgniter\Boot::bootWeb(Object(Config\Paths))
DEBUG - 2025-12-15 20:25:32 --> Session: Class initialized using 'CodeIgniter\Session\Handlers\FileHandler' driver.
WARNING - 2025-12-15 20:25:32 --> [DEPRECATED] Passing lowercase HTTP method "get" is deprecated. Use uppercase HTTP method like "GET". in SYSTEMPATH/Router/RouteCollection.php on line 1026.
 1 SYSTEMPATH/Router/RouteCollection.php(1026): trigger_error('Passing lowercase HTTP method "get" is deprecated. Use uppercase HTTP method like "GET".', 16384)
 2 APPPATH/Config/Routes.php(131): CodeIgniter\Router\RouteCollection->match([...], 'locations/generarPDF', 'LocationsPdfController::generarPDF')
 3 SYSTEMPATH/Router/RouteCollection.php(339): require('/home/u976386866/domains/servipro.site/public_html/app/app/Config/Routes.php')
 4 SYSTEMPATH/CodeIgniter.php(821): CodeIgniter\Router\RouteCollection->loadRoutes()
 5 SYSTEMPATH/CodeIgniter.php(455): CodeIgniter\CodeIgniter->tryToRouteIt(null)
 6 SYSTEMPATH/CodeIgniter.php(354): CodeIgniter\CodeIgniter->handleRequest(null, Object(Config\Cache), false)
 7 SYSTEMPATH/Boot.php(334): CodeIgniter\CodeIgniter->run()
 8 SYSTEMPATH/Boot.php(67): CodeIgniter\Boot::runCodeIgniter(Object(CodeIgniter\CodeIgniter))
 9 FCPATH/index.php(56): CodeIgniter\Boot::bootWeb(Object(Config\Paths))
WARNING - 2025-12-15 20:25:32 --> [DEPRECATED] Passing lowercase HTTP method "post" is deprecated. Use uppercase HTTP method like "POST". in SYSTEMPATH/Router/RouteCollection.php on line 1026.
 1 SYSTEMPATH/Router/RouteCollection.php(1026): trigger_error('Passing lowercase HTTP method "post" is deprecated. Use uppercase HTTP method like "POST".', 16384)
 2 APPPATH/Config/Routes.php(131): CodeIgniter\Router\RouteCollection->match([...], 'locations/generarPDF', 'LocationsPdfController::generarPDF')
 3 SYSTEMPATH/Router/RouteCollection.php(339): require('/home/u976386866/domains/servipro.site/public_html/app/app/Config/Routes.php')
 4 SYSTEMPATH/CodeIgniter.php(821): CodeIgniter\Router\RouteCollection->loadRoutes()
 5 SYSTEMPATH/CodeIgniter.php(455): CodeIgniter\CodeIgniter->tryToRouteIt(null)
 6 SYSTEMPATH/CodeIgniter.php(354): CodeIgniter\CodeIgniter->handleRequest(null, Object(Config\Cache), false)
 7 SYSTEMPATH/Boot.php(334): CodeIgniter\CodeIgniter->run()
 8 SYSTEMPATH/Boot.php(67): CodeIgniter\Boot::runCodeIgniter(Object(CodeIgniter\CodeIgniter))
 9 FCPATH/index.php(56): CodeIgniter\Boot::bootWeb(Object(Config\Paths))
DEBUG - 2025-12-15 20:25:32 --> Session: Class initialized using 'CodeIgniter\Session\Handlers\FileHandler' driver.
WARNING - 2025-12-15 20:25:34 --> [DEPRECATED] Passing lowercase HTTP method "get" is deprecated. Use uppercase HTTP method like "GET". in SYSTEMPATH/Router/RouteCollection.php on line 1026.
 1 SYSTEMPATH/Router/RouteCollection.php(1026): trigger_error('Passing lowercase HTTP method "get" is deprecated. Use uppercase HTTP method like "GET".', 16384)
 2 APPPATH/Config/Routes.php(131): CodeIgniter\Router\RouteCollection->match([...], 'locations/generarPDF', 'LocationsPdfController::generarPDF')
 3 SYSTEMPATH/Router/RouteCollection.php(339): require('/home/u976386866/domains/servipro.site/public_html/app/app/Config/Routes.php')
 4 SYSTEMPATH/CodeIgniter.php(821): CodeIgniter\Router\RouteCollection->loadRoutes()
 5 SYSTEMPATH/CodeIgniter.php(455): CodeIgniter\CodeIgniter->tryToRouteIt(null)
 6 SYSTEMPATH/CodeIgniter.php(354): CodeIgniter\CodeIgniter->handleRequest(null, Object(Config\Cache), false)
 7 SYSTEMPATH/Boot.php(334): CodeIgniter\CodeIgniter->run()
 8 SYSTEMPATH/Boot.php(67): CodeIgniter\Boot::runCodeIgniter(Object(CodeIgniter\CodeIgniter))
 9 FCPATH/index.php(56): CodeIgniter\Boot::bootWeb(Object(Config\Paths))
WARNING - 2025-12-15 20:25:34 --> [DEPRECATED] Passing lowercase HTTP method "post" is deprecated. Use uppercase HTTP method like "POST". in SYSTEMPATH/Router/RouteCollection.php on line 1026.
 1 SYSTEMPATH/Router/RouteCollection.php(1026): trigger_error('Passing lowercase HTTP method "post" is deprecated. Use uppercase HTTP method like "POST".', 16384)
 2 APPPATH/Config/Routes.php(131): CodeIgniter\Router\RouteCollection->match([...], 'locations/generarPDF', 'LocationsPdfController::generarPDF')
 3 SYSTEMPATH/Router/RouteCollection.php(339): require('/home/u976386866/domains/servipro.site/public_html/app/app/Config/Routes.php')
 4 SYSTEMPATH/CodeIgniter.php(821): CodeIgniter\Router\RouteCollection->loadRoutes()
 5 SYSTEMPATH/CodeIgniter.php(455): CodeIgniter\CodeIgniter->tryToRouteIt(null)
 6 SYSTEMPATH/CodeIgniter.php(354): CodeIgniter\CodeIgniter->handleRequest(null, Object(Config\Cache), false)
 7 SYSTEMPATH/Boot.php(334): CodeIgniter\CodeIgniter->run()
 8 SYSTEMPATH/Boot.php(67): CodeIgniter\Boot::runCodeIgniter(Object(CodeIgniter\CodeIgniter))
 9 FCPATH/index.php(56): CodeIgniter\Boot::bootWeb(Object(Config\Paths))
DEBUG - 2025-12-15 20:25:34 --> Session: Class initialized using 'CodeIgniter\Session\Handlers\FileHandler' driver.
WARNING - 2025-12-15 20:25:37 --> [DEPRECATED] Passing lowercase HTTP method "get" is deprecated. Use uppercase HTTP method like "GET". in SYSTEMPATH/Router/RouteCollection.php on line 1026.
 1 SYSTEMPATH/Router/RouteCollection.php(1026): trigger_error('Passing lowercase HTTP method "get" is deprecated. Use uppercase HTTP method like "GET".', 16384)
 2 APPPATH/Config/Routes.php(131): CodeIgniter\Router\RouteCollection->match([...], 'locations/generarPDF', 'LocationsPdfController::generarPDF')
 3 SYSTEMPATH/Router/RouteCollection.php(339): require('/home/u976386866/domains/servipro.site/public_html/app/app/Config/Routes.php')
 4 SYSTEMPATH/CodeIgniter.php(821): CodeIgniter\Router\RouteCollection->loadRoutes()
 5 SYSTEMPATH/CodeIgniter.php(455): CodeIgniter\CodeIgniter->tryToRouteIt(null)
 6 SYSTEMPATH/CodeIgniter.php(354): CodeIgniter\CodeIgniter->handleRequest(null, Object(Config\Cache), false)
 7 SYSTEMPATH/Boot.php(334): CodeIgniter\CodeIgniter->run()
 8 SYSTEMPATH/Boot.php(67): CodeIgniter\Boot::runCodeIgniter(Object(CodeIgniter\CodeIgniter))
 9 FCPATH/index.php(56): CodeIgniter\Boot::bootWeb(Object(Config\Paths))
WARNING - 2025-12-15 20:25:37 --> [DEPRECATED] Passing lowercase HTTP method "post" is deprecated. Use uppercase HTTP method like "POST". in SYSTEMPATH/Router/RouteCollection.php on line 1026.
 1 SYSTEMPATH/Router/RouteCollection.php(1026): trigger_error('Passing lowercase HTTP method "post" is deprecated. Use uppercase HTTP method like "POST".', 16384)
 2 APPPATH/Config/Routes.php(131): CodeIgniter\Router\RouteCollection->match([...], 'locations/generarPDF', 'LocationsPdfController::generarPDF')
 3 SYSTEMPATH/Router/RouteCollection.php(339): require('/home/u976386866/domains/servipro.site/public_html/app/app/Config/Routes.php')
 4 SYSTEMPATH/CodeIgniter.php(821): CodeIgniter\Router\RouteCollection->loadRoutes()
 5 SYSTEMPATH/CodeIgniter.php(455): CodeIgniter\CodeIgniter->tryToRouteIt(null)
 6 SYSTEMPATH/CodeIgniter.php(354): CodeIgniter\CodeIgniter->handleRequest(null, Object(Config\Cache), false)
 7 SYSTEMPATH/Boot.php(334): CodeIgniter\CodeIgniter->run()
 8 SYSTEMPATH/Boot.php(67): CodeIgniter\Boot::runCodeIgniter(Object(CodeIgniter\CodeIgniter))
 9 FCPATH/index.php(56): CodeIgniter\Boot::bootWeb(Object(Config\Paths))
DEBUG - 2025-12-15 20:25:37 --> Session: Class initialized using 'CodeIgniter\Session\Handlers\FileHandler' driver.
WARNING - 2025-12-15 20:25:40 --> [DEPRECATED] Passing lowercase HTTP method "get" is deprecated. Use uppercase HTTP method like "GET". in SYSTEMPATH/Router/RouteCollection.php on line 1026.
 1 SYSTEMPATH/Router/RouteCollection.php(1026): trigger_error('Passing lowercase HTTP method "get" is deprecated. Use uppercase HTTP method like "GET".', 16384)
 2 APPPATH/Config/Routes.php(131): CodeIgniter\Router\RouteCollection->match([...], 'locations/generarPDF', 'LocationsPdfController::generarPDF')
 3 SYSTEMPATH/Router/RouteCollection.php(339): require('/home/u976386866/domains/servipro.site/public_html/app/app/Config/Routes.php')
 4 SYSTEMPATH/CodeIgniter.php(821): CodeIgniter\Router\RouteCollection->loadRoutes()
 5 SYSTEMPATH/CodeIgniter.php(455): CodeIgniter\CodeIgniter->tryToRouteIt(null)
 6 SYSTEMPATH/CodeIgniter.php(354): CodeIgniter\CodeIgniter->handleRequest(null, Object(Config\Cache), false)
 7 SYSTEMPATH/Boot.php(334): CodeIgniter\CodeIgniter->run()
 8 SYSTEMPATH/Boot.php(67): CodeIgniter\Boot::runCodeIgniter(Object(CodeIgniter\CodeIgniter))
 9 FCPATH/index.php(56): CodeIgniter\Boot::bootWeb(Object(Config\Paths))
WARNING - 2025-12-15 20:25:40 --> [DEPRECATED] Passing lowercase HTTP method "post" is deprecated. Use uppercase HTTP method like "POST". in SYSTEMPATH/Router/RouteCollection.php on line 1026.
 1 SYSTEMPATH/Router/RouteCollection.php(1026): trigger_error('Passing lowercase HTTP method "post" is deprecated. Use uppercase HTTP method like "POST".', 16384)
 2 APPPATH/Config/Routes.php(131): CodeIgniter\Router\RouteCollection->match([...], 'locations/generarPDF', 'LocationsPdfController::generarPDF')
 3 SYSTEMPATH/Router/RouteCollection.php(339): require('/home/u976386866/domains/servipro.site/public_html/app/app/Config/Routes.php')
 4 SYSTEMPATH/CodeIgniter.php(821): CodeIgniter\Router\RouteCollection->loadRoutes()
 5 SYSTEMPATH/CodeIgniter.php(455): CodeIgniter\CodeIgniter->tryToRouteIt(null)
 6 SYSTEMPATH/CodeIgniter.php(354): CodeIgniter\CodeIgniter->handleRequest(null, Object(Config\Cache), false)
 7 SYSTEMPATH/Boot.php(334): CodeIgniter\CodeIgniter->run()
 8 SYSTEMPATH/Boot.php(67): CodeIgniter\Boot::runCodeIgniter(Object(CodeIgniter\CodeIgniter))
 9 FCPATH/index.php(56): CodeIgniter\Boot::bootWeb(Object(Config\Paths))
DEBUG - 2025-12-15 20:25:40 --> Session: Class initialized using 'CodeIgniter\Session\Handlers\FileHandler' driver.
WARNING - 2025-12-15 20:26:20 --> [DEPRECATED] Passing lowercase HTTP method "get" is deprecated. Use uppercase HTTP method like "GET". in SYSTEMPATH/Router/RouteCollection.php on line 1026.
 1 SYSTEMPATH/Router/RouteCollection.php(1026): trigger_error('Passing lowercase HTTP method "get" is deprecated. Use uppercase HTTP method like "GET".', 16384)
 2 APPPATH/Config/Routes.php(131): CodeIgniter\Router\RouteCollection->match([...], 'locations/generarPDF', 'LocationsPdfController::generarPDF')
 3 SYSTEMPATH/Router/RouteCollection.php(339): require('/home/u976386866/domains/servipro.site/public_html/app/app/Config/Routes.php')
 4 SYSTEMPATH/CodeIgniter.php(821): CodeIgniter\Router\RouteCollection->loadRoutes()
 5 SYSTEMPATH/CodeIgniter.php(455): CodeIgniter\CodeIgniter->tryToRouteIt(null)
 6 SYSTEMPATH/CodeIgniter.php(354): CodeIgniter\CodeIgniter->handleRequest(null, Object(Config\Cache), false)
 7 SYSTEMPATH/Boot.php(334): CodeIgniter\CodeIgniter->run()
 8 SYSTEMPATH/Boot.php(67): CodeIgniter\Boot::runCodeIgniter(Object(CodeIgniter\CodeIgniter))
 9 FCPATH/index.php(56): CodeIgniter\Boot::bootWeb(Object(Config\Paths))
WARNING - 2025-12-15 20:26:20 --> [DEPRECATED] Passing lowercase HTTP method "post" is deprecated. Use uppercase HTTP method like "POST". in SYSTEMPATH/Router/RouteCollection.php on line 1026.
 1 SYSTEMPATH/Router/RouteCollection.php(1026): trigger_error('Passing lowercase HTTP method "post" is deprecated. Use uppercase HTTP method like "POST".', 16384)
 2 APPPATH/Config/Routes.php(131): CodeIgniter\Router\RouteCollection->match([...], 'locations/generarPDF', 'LocationsPdfController::generarPDF')
 3 SYSTEMPATH/Router/RouteCollection.php(339): require('/home/u976386866/domains/servipro.site/public_html/app/app/Config/Routes.php')
 4 SYSTEMPATH/CodeIgniter.php(821): CodeIgniter\Router\RouteCollection->loadRoutes()
 5 SYSTEMPATH/CodeIgniter.php(455): CodeIgniter\CodeIgniter->tryToRouteIt(null)
 6 SYSTEMPATH/CodeIgniter.php(354): CodeIgniter\CodeIgniter->handleRequest(null, Object(Config\Cache), false)
 7 SYSTEMPATH/Boot.php(334): CodeIgniter\CodeIgniter->run()
 8 SYSTEMPATH/Boot.php(67): CodeIgniter\Boot::runCodeIgniter(Object(CodeIgniter\CodeIgniter))
 9 FCPATH/index.php(56): CodeIgniter\Boot::bootWeb(Object(Config\Paths))
DEBUG - 2025-12-15 20:26:20 --> Session: Class initialized using 'CodeIgniter\Session\Handlers\FileHandler' driver.
WARNING - 2025-12-15 20:26:20 --> [DEPRECATED] Passing lowercase HTTP method "get" is deprecated. Use uppercase HTTP method like "GET". in SYSTEMPATH/Router/RouteCollection.php on line 1026.
 1 SYSTEMPATH/Router/RouteCollection.php(1026): trigger_error('Passing lowercase HTTP method "get" is deprecated. Use uppercase HTTP method like "GET".', 16384)
 2 APPPATH/Config/Routes.php(131): CodeIgniter\Router\RouteCollection->match([...], 'locations/generarPDF', 'LocationsPdfController::generarPDF')
 3 SYSTEMPATH/Router/RouteCollection.php(339): require('/home/u976386866/domains/servipro.site/public_html/app/app/Config/Routes.php')
 4 SYSTEMPATH/CodeIgniter.php(821): CodeIgniter\Router\RouteCollection->loadRoutes()
 5 SYSTEMPATH/CodeIgniter.php(455): CodeIgniter\CodeIgniter->tryToRouteIt(null)
 6 SYSTEMPATH/CodeIgniter.php(354): CodeIgniter\CodeIgniter->handleRequest(null, Object(Config\Cache), false)
 7 SYSTEMPATH/Boot.php(334): CodeIgniter\CodeIgniter->run()
 8 SYSTEMPATH/Boot.php(67): CodeIgniter\Boot::runCodeIgniter(Object(CodeIgniter\CodeIgniter))
 9 FCPATH/index.php(56): CodeIgniter\Boot::bootWeb(Object(Config\Paths))
WARNING - 2025-12-15 20:26:20 --> [DEPRECATED] Passing lowercase HTTP method "post" is deprecated. Use uppercase HTTP method like "POST". in SYSTEMPATH/Router/RouteCollection.php on line 1026.
 1 SYSTEMPATH/Router/RouteCollection.php(1026): trigger_error('Passing lowercase HTTP method "post" is deprecated. Use uppercase HTTP method like "POST".', 16384)
 2 APPPATH/Config/Routes.php(131): CodeIgniter\Router\RouteCollection->match([...], 'locations/generarPDF', 'LocationsPdfController::generarPDF')
 3 SYSTEMPATH/Router/RouteCollection.php(339): require('/home/u976386866/domains/servipro.site/public_html/app/app/Config/Routes.php')
 4 SYSTEMPATH/CodeIgniter.php(821): CodeIgniter\Router\RouteCollection->loadRoutes()
 5 SYSTEMPATH/CodeIgniter.php(455): CodeIgniter\CodeIgniter->tryToRouteIt(null)
 6 SYSTEMPATH/CodeIgniter.php(354): CodeIgniter\CodeIgniter->handleRequest(null, Object(Config\Cache), false)
 7 SYSTEMPATH/Boot.php(334): CodeIgniter\CodeIgniter->run()
 8 SYSTEMPATH/Boot.php(67): CodeIgniter\Boot::runCodeIgniter(Object(CodeIgniter\CodeIgniter))
 9 FCPATH/index.php(56): CodeIgniter\Boot::bootWeb(Object(Config\Paths))
DEBUG - 2025-12-15 20:26:20 --> Session: Class initialized using 'CodeIgniter\Session\Handlers\FileHandler' driver.
WARNING - 2025-12-15 20:26:23 --> [DEPRECATED] Passing lowercase HTTP method "get" is deprecated. Use uppercase HTTP method like "GET". in SYSTEMPATH/Router/RouteCollection.php on line 1026.
 1 SYSTEMPATH/Router/RouteCollection.php(1026): trigger_error('Passing lowercase HTTP method "get" is deprecated. Use uppercase HTTP method like "GET".', 16384)
 2 APPPATH/Config/Routes.php(131): CodeIgniter\Router\RouteCollection->match([...], 'locations/generarPDF', 'LocationsPdfController::generarPDF')
 3 SYSTEMPATH/Router/RouteCollection.php(339): require('/home/u976386866/domains/servipro.site/public_html/app/app/Config/Routes.php')
 4 SYSTEMPATH/CodeIgniter.php(821): CodeIgniter\Router\RouteCollection->loadRoutes()
 5 SYSTEMPATH/CodeIgniter.php(455): CodeIgniter\CodeIgniter->tryToRouteIt(null)
 6 SYSTEMPATH/CodeIgniter.php(354): CodeIgniter\CodeIgniter->handleRequest(null, Object(Config\Cache), false)
 7 SYSTEMPATH/Boot.php(334): CodeIgniter\CodeIgniter->run()
 8 SYSTEMPATH/Boot.php(67): CodeIgniter\Boot::runCodeIgniter(Object(CodeIgniter\CodeIgniter))
 9 FCPATH/index.php(56): CodeIgniter\Boot::bootWeb(Object(Config\Paths))
WARNING - 2025-12-15 20:26:23 --> [DEPRECATED] Passing lowercase HTTP method "post" is deprecated. Use uppercase HTTP method like "POST". in SYSTEMPATH/Router/RouteCollection.php on line 1026.
 1 SYSTEMPATH/Router/RouteCollection.php(1026): trigger_error('Passing lowercase HTTP method "post" is deprecated. Use uppercase HTTP method like "POST".', 16384)
 2 APPPATH/Config/Routes.php(131): CodeIgniter\Router\RouteCollection->match([...], 'locations/generarPDF', 'LocationsPdfController::generarPDF')
 3 SYSTEMPATH/Router/RouteCollection.php(339): require('/home/u976386866/domains/servipro.site/public_html/app/app/Config/Routes.php')
 4 SYSTEMPATH/CodeIgniter.php(821): CodeIgniter\Router\RouteCollection->loadRoutes()
 5 SYSTEMPATH/CodeIgniter.php(455): CodeIgniter\CodeIgniter->tryToRouteIt(null)
 6 SYSTEMPATH/CodeIgniter.php(354): CodeIgniter\CodeIgniter->handleRequest(null, Object(Config\Cache), false)
 7 SYSTEMPATH/Boot.php(334): CodeIgniter\CodeIgniter->run()
 8 SYSTEMPATH/Boot.php(67): CodeIgniter\Boot::runCodeIgniter(Object(CodeIgniter\CodeIgniter))
 9 FCPATH/index.php(56): CodeIgniter\Boot::bootWeb(Object(Config\Paths))
DEBUG - 2025-12-15 20:26:23 --> Session: Class initialized using 'CodeIgniter\Session\Handlers\FileHandler' driver.
WARNING - 2025-12-15 20:26:25 --> [DEPRECATED] Passing lowercase HTTP method "get" is deprecated. Use uppercase HTTP method like "GET". in SYSTEMPATH/Router/RouteCollection.php on line 1026.
 1 SYSTEMPATH/Router/RouteCollection.php(1026): trigger_error('Passing lowercase HTTP method "get" is deprecated. Use uppercase HTTP method like "GET".', 16384)
 2 APPPATH/Config/Routes.php(131): CodeIgniter\Router\RouteCollection->match([...], 'locations/generarPDF', 'LocationsPdfController::generarPDF')
 3 SYSTEMPATH/Router/RouteCollection.php(339): require('/home/u976386866/domains/servipro.site/public_html/app/app/Config/Routes.php')
 4 SYSTEMPATH/CodeIgniter.php(821): CodeIgniter\Router\RouteCollection->loadRoutes()
 5 SYSTEMPATH/CodeIgniter.php(455): CodeIgniter\CodeIgniter->tryToRouteIt(null)
 6 SYSTEMPATH/CodeIgniter.php(354): CodeIgniter\CodeIgniter->handleRequest(null, Object(Config\Cache), false)
 7 SYSTEMPATH/Boot.php(334): CodeIgniter\CodeIgniter->run()
 8 SYSTEMPATH/Boot.php(67): CodeIgniter\Boot::runCodeIgniter(Object(CodeIgniter\CodeIgniter))
 9 FCPATH/index.php(56): CodeIgniter\Boot::bootWeb(Object(Config\Paths))
WARNING - 2025-12-15 20:26:25 --> [DEPRECATED] Passing lowercase HTTP method "post" is deprecated. Use uppercase HTTP method like "POST". in SYSTEMPATH/Router/RouteCollection.php on line 1026.
 1 SYSTEMPATH/Router/RouteCollection.php(1026): trigger_error('Passing lowercase HTTP method "post" is deprecated. Use uppercase HTTP method like "POST".', 16384)
 2 APPPATH/Config/Routes.php(131): CodeIgniter\Router\RouteCollection->match([...], 'locations/generarPDF', 'LocationsPdfController::generarPDF')
 3 SYSTEMPATH/Router/RouteCollection.php(339): require('/home/u976386866/domains/servipro.site/public_html/app/app/Config/Routes.php')
 4 SYSTEMPATH/CodeIgniter.php(821): CodeIgniter\Router\RouteCollection->loadRoutes()
 5 SYSTEMPATH/CodeIgniter.php(455): CodeIgniter\CodeIgniter->tryToRouteIt(null)
 6 SYSTEMPATH/CodeIgniter.php(354): CodeIgniter\CodeIgniter->handleRequest(null, Object(Config\Cache), false)
 7 SYSTEMPATH/Boot.php(334): CodeIgniter\CodeIgniter->run()
 8 SYSTEMPATH/Boot.php(67): CodeIgniter\Boot::runCodeIgniter(Object(CodeIgniter\CodeIgniter))
 9 FCPATH/index.php(56): CodeIgniter\Boot::bootWeb(Object(Config\Paths))
DEBUG - 2025-12-15 20:26:25 --> Session: Class initialized using 'CodeIgniter\Session\Handlers\FileHandler' driver.
WARNING - 2025-12-15 20:27:16 --> [DEPRECATED] Passing lowercase HTTP method "get" is deprecated. Use uppercase HTTP method like "GET". in SYSTEMPATH/Router/RouteCollection.php on line 1026.
 1 SYSTEMPATH/Router/RouteCollection.php(1026): trigger_error('Passing lowercase HTTP method "get" is deprecated. Use uppercase HTTP method like "GET".', 16384)
 2 APPPATH/Config/Routes.php(131): CodeIgniter\Router\RouteCollection->match([...], 'locations/generarPDF', 'LocationsPdfController::generarPDF')
 3 SYSTEMPATH/Router/RouteCollection.php(339): require('/home/u976386866/domains/servipro.site/public_html/app/app/Config/Routes.php')
 4 SYSTEMPATH/CodeIgniter.php(821): CodeIgniter\Router\RouteCollection->loadRoutes()
 5 SYSTEMPATH/CodeIgniter.php(455): CodeIgniter\CodeIgniter->tryToRouteIt(null)
 6 SYSTEMPATH/CodeIgniter.php(354): CodeIgniter\CodeIgniter->handleRequest(null, Object(Config\Cache), false)
 7 SYSTEMPATH/Boot.php(334): CodeIgniter\CodeIgniter->run()
 8 SYSTEMPATH/Boot.php(67): CodeIgniter\Boot::runCodeIgniter(Object(CodeIgniter\CodeIgniter))
 9 FCPATH/index.php(56): CodeIgniter\Boot::bootWeb(Object(Config\Paths))
WARNING - 2025-12-15 20:27:16 --> [DEPRECATED] Passing lowercase HTTP method "post" is deprecated. Use uppercase HTTP method like "POST". in SYSTEMPATH/Router/RouteCollection.php on line 1026.
 1 SYSTEMPATH/Router/RouteCollection.php(1026): trigger_error('Passing lowercase HTTP method "post" is deprecated. Use uppercase HTTP method like "POST".', 16384)
 2 APPPATH/Config/Routes.php(131): CodeIgniter\Router\RouteCollection->match([...], 'locations/generarPDF', 'LocationsPdfController::generarPDF')
 3 SYSTEMPATH/Router/RouteCollection.php(339): require('/home/u976386866/domains/servipro.site/public_html/app/app/Config/Routes.php')
 4 SYSTEMPATH/CodeIgniter.php(821): CodeIgniter\Router\RouteCollection->loadRoutes()
 5 SYSTEMPATH/CodeIgniter.php(455): CodeIgniter\CodeIgniter->tryToRouteIt(null)
 6 SYSTEMPATH/CodeIgniter.php(354): CodeIgniter\CodeIgniter->handleRequest(null, Object(Config\Cache), false)
 7 SYSTEMPATH/Boot.php(334): CodeIgniter\CodeIgniter->run()
 8 SYSTEMPATH/Boot.php(67): CodeIgniter\Boot::runCodeIgniter(Object(CodeIgniter\CodeIgniter))
 9 FCPATH/index.php(56): CodeIgniter\Boot::bootWeb(Object(Config\Paths))
DEBUG - 2025-12-15 20:27:16 --> Session: Class initialized using 'CodeIgniter\Session\Handlers\FileHandler' driver.
WARNING - 2025-12-15 20:27:24 --> [DEPRECATED] Passing lowercase HTTP method "get" is deprecated. Use uppercase HTTP method like "GET". in SYSTEMPATH/Router/RouteCollection.php on line 1026.
 1 SYSTEMPATH/Router/RouteCollection.php(1026): trigger_error('Passing lowercase HTTP method "get" is deprecated. Use uppercase HTTP method like "GET".', 16384)
 2 APPPATH/Config/Routes.php(131): CodeIgniter\Router\RouteCollection->match([...], 'locations/generarPDF', 'LocationsPdfController::generarPDF')
 3 SYSTEMPATH/Router/RouteCollection.php(339): require('/home/u976386866/domains/servipro.site/public_html/app/app/Config/Routes.php')
 4 SYSTEMPATH/CodeIgniter.php(821): CodeIgniter\Router\RouteCollection->loadRoutes()
 5 SYSTEMPATH/CodeIgniter.php(455): CodeIgniter\CodeIgniter->tryToRouteIt(null)
 6 SYSTEMPATH/CodeIgniter.php(354): CodeIgniter\CodeIgniter->handleRequest(null, Object(Config\Cache), false)
 7 SYSTEMPATH/Boot.php(334): CodeIgniter\CodeIgniter->run()
 8 SYSTEMPATH/Boot.php(67): CodeIgniter\Boot::runCodeIgniter(Object(CodeIgniter\CodeIgniter))
 9 FCPATH/index.php(56): CodeIgniter\Boot::bootWeb(Object(Config\Paths))
WARNING - 2025-12-15 20:27:24 --> [DEPRECATED] Passing lowercase HTTP method "post" is deprecated. Use uppercase HTTP method like "POST". in SYSTEMPATH/Router/RouteCollection.php on line 1026.
 1 SYSTEMPATH/Router/RouteCollection.php(1026): trigger_error('Passing lowercase HTTP method "post" is deprecated. Use uppercase HTTP method like "POST".', 16384)
 2 APPPATH/Config/Routes.php(131): CodeIgniter\Router\RouteCollection->match([...], 'locations/generarPDF', 'LocationsPdfController::generarPDF')
 3 SYSTEMPATH/Router/RouteCollection.php(339): require('/home/u976386866/domains/servipro.site/public_html/app/app/Config/Routes.php')
 4 SYSTEMPATH/CodeIgniter.php(821): CodeIgniter\Router\RouteCollection->loadRoutes()
 5 SYSTEMPATH/CodeIgniter.php(455): CodeIgniter\CodeIgniter->tryToRouteIt(null)
 6 SYSTEMPATH/CodeIgniter.php(354): CodeIgniter\CodeIgniter->handleRequest(null, Object(Config\Cache), false)
 7 SYSTEMPATH/Boot.php(334): CodeIgniter\CodeIgniter->run()
 8 SYSTEMPATH/Boot.php(67): CodeIgniter\Boot::runCodeIgniter(Object(CodeIgniter\CodeIgniter))
 9 FCPATH/index.php(56): CodeIgniter\Boot::bootWeb(Object(Config\Paths))
DEBUG - 2025-12-15 20:27:24 --> Session: Class initialized using 'CodeIgniter\Session\Handlers\FileHandler' driver.
WARNING - 2025-12-15 20:27:56 --> [DEPRECATED] Passing lowercase HTTP method "get" is deprecated. Use uppercase HTTP method like "GET". in SYSTEMPATH/Router/RouteCollection.php on line 1026.
 1 SYSTEMPATH/Router/RouteCollection.php(1026): trigger_error('Passing lowercase HTTP method "get" is deprecated. Use uppercase HTTP method like "GET".', 16384)
 2 APPPATH/Config/Routes.php(131): CodeIgniter\Router\RouteCollection->match([...], 'locations/generarPDF', 'LocationsPdfController::generarPDF')
 3 SYSTEMPATH/Router/RouteCollection.php(339): require('/home/u976386866/domains/servipro.site/public_html/app/app/Config/Routes.php')
 4 SYSTEMPATH/CodeIgniter.php(821): CodeIgniter\Router\RouteCollection->loadRoutes()
 5 SYSTEMPATH/CodeIgniter.php(455): CodeIgniter\CodeIgniter->tryToRouteIt(null)
 6 SYSTEMPATH/CodeIgniter.php(354): CodeIgniter\CodeIgniter->handleRequest(null, Object(Config\Cache), false)
 7 SYSTEMPATH/Boot.php(334): CodeIgniter\CodeIgniter->run()
 8 SYSTEMPATH/Boot.php(67): CodeIgniter\Boot::runCodeIgniter(Object(CodeIgniter\CodeIgniter))
 9 FCPATH/index.php(56): CodeIgniter\Boot::bootWeb(Object(Config\Paths))
WARNING - 2025-12-15 20:27:56 --> [DEPRECATED] Passing lowercase HTTP method "post" is deprecated. Use uppercase HTTP method like "POST". in SYSTEMPATH/Router/RouteCollection.php on line 1026.
 1 SYSTEMPATH/Router/RouteCollection.php(1026): trigger_error('Passing lowercase HTTP method "post" is deprecated. Use uppercase HTTP method like "POST".', 16384)
 2 APPPATH/Config/Routes.php(131): CodeIgniter\Router\RouteCollection->match([...], 'locations/generarPDF', 'LocationsPdfController::generarPDF')
 3 SYSTEMPATH/Router/RouteCollection.php(339): require('/home/u976386866/domains/servipro.site/public_html/app/app/Config/Routes.php')
 4 SYSTEMPATH/CodeIgniter.php(821): CodeIgniter\Router\RouteCollection->loadRoutes()
 5 SYSTEMPATH/CodeIgniter.php(455): CodeIgniter\CodeIgniter->tryToRouteIt(null)
 6 SYSTEMPATH/CodeIgniter.php(354): CodeIgniter\CodeIgniter->handleRequest(null, Object(Config\Cache), false)
 7 SYSTEMPATH/Boot.php(334): CodeIgniter\CodeIgniter->run()
 8 SYSTEMPATH/Boot.php(67): CodeIgniter\Boot::runCodeIgniter(Object(CodeIgniter\CodeIgniter))
 9 FCPATH/index.php(56): CodeIgniter\Boot::bootWeb(Object(Config\Paths))
DEBUG - 2025-12-15 20:27:56 --> Session: Class initialized using 'CodeIgniter\Session\Handlers\FileHandler' driver.
WARNING - 2025-12-15 20:29:56 --> [DEPRECATED] Passing lowercase HTTP method "get" is deprecated. Use uppercase HTTP method like "GET". in SYSTEMPATH/Router/RouteCollection.php on line 1026.
 1 SYSTEMPATH/Router/RouteCollection.php(1026): trigger_error('Passing lowercase HTTP method "get" is deprecated. Use uppercase HTTP method like "GET".', 16384)
 2 APPPATH/Config/Routes.php(131): CodeIgniter\Router\RouteCollection->match([...], 'locations/generarPDF', 'LocationsPdfController::generarPDF')
 3 SYSTEMPATH/Router/RouteCollection.php(339): require('/home/u976386866/domains/servipro.site/public_html/app/app/Config/Routes.php')
 4 SYSTEMPATH/CodeIgniter.php(821): CodeIgniter\Router\RouteCollection->loadRoutes()
 5 SYSTEMPATH/CodeIgniter.php(455): CodeIgniter\CodeIgniter->tryToRouteIt(null)
 6 SYSTEMPATH/CodeIgniter.php(354): CodeIgniter\CodeIgniter->handleRequest(null, Object(Config\Cache), false)
 7 SYSTEMPATH/Boot.php(334): CodeIgniter\CodeIgniter->run()
 8 SYSTEMPATH/Boot.php(67): CodeIgniter\Boot::runCodeIgniter(Object(CodeIgniter\CodeIgniter))
 9 FCPATH/index.php(56): CodeIgniter\Boot::bootWeb(Object(Config\Paths))
WARNING - 2025-12-15 20:29:56 --> [DEPRECATED] Passing lowercase HTTP method "post" is deprecated. Use uppercase HTTP method like "POST". in SYSTEMPATH/Router/RouteCollection.php on line 1026.
 1 SYSTEMPATH/Router/RouteCollection.php(1026): trigger_error('Passing lowercase HTTP method "post" is deprecated. Use uppercase HTTP method like "POST".', 16384)
 2 APPPATH/Config/Routes.php(131): CodeIgniter\Router\RouteCollection->match([...], 'locations/generarPDF', 'LocationsPdfController::generarPDF')
 3 SYSTEMPATH/Router/RouteCollection.php(339): require('/home/u976386866/domains/servipro.site/public_html/app/app/Config/Routes.php')
 4 SYSTEMPATH/CodeIgniter.php(821): CodeIgniter\Router\RouteCollection->loadRoutes()
 5 SYSTEMPATH/CodeIgniter.php(455): CodeIgniter\CodeIgniter->tryToRouteIt(null)
 6 SYSTEMPATH/CodeIgniter.php(354): CodeIgniter\CodeIgniter->handleRequest(null, Object(Config\Cache), false)
 7 SYSTEMPATH/Boot.php(334): CodeIgniter\CodeIgniter->run()
 8 SYSTEMPATH/Boot.php(67): CodeIgniter\Boot::runCodeIgniter(Object(CodeIgniter\CodeIgniter))
 9 FCPATH/index.php(56): CodeIgniter\Boot::bootWeb(Object(Config\Paths))
DEBUG - 2025-12-15 20:29:56 --> Session: Class initialized using 'CodeIgniter\Session\Handlers\FileHandler' driver.
DEBUG - 2025-12-15 20:29:56 --> Iniciando carga de sedes
DEBUG - 2025-12-15 20:29:56 --> Sedes cargadas: [{"id":"17","nombre":"Bimbo Santa Maria","direccion":"Avenida ServiPro","ciudad":"CDMX","pais":"Mexico","fecha_creacion":"2025-04-03 13:01:50","estatus":"1"},{"id":"18","nombre":"Bimbo Azcapotzalco","direccion":"Av San Pablo Xalpa 520, San Martin Xochinahuac, Azcapotzalco, 02120 Ciudad de M\u00e9xico, CDMX","ciudad":"CDMC","pais":"M\u00e9xico","fecha_creacion":"2025-04-07 12:06:45","estatus":"1"},{"id":"21","nombre":"Bimbo Villahermosa","direccion":"Av. Cobre 105, Cd Industrial, 86010 Villahermosa, Tabasco","ciudad":"Villahermosa, Tabasco","pais":"M\u00e9xico","fecha_creacion":"2025-05-12 12:11:50","estatus":"1"},{"id":"22","nombre":"Totis Planta uno Botana","direccion":"Av. San Pablo Xalpa 520, San Mart\u00edn Xochinahuac, Azcapotzalco, 02120 Ciudad de M\u00e9xico, CDMX","ciudad":"CDMX","pais":"Mexico","fecha_creacion":"2025-05-28 09:41:53","estatus":"1"},{"id":"23","nombre":"BIMBO YUCAT\u00c1N","direccion":"CALLE 21, #426, INT 0, COL. CIUDAD INDUSTRIAL","ciudad":"M\u00c9RIDA","pais":"M\u00c9XICO","fecha_creacion":"2025-07-14 17:00:19","estatus":"1"},{"id":"24","nombre":"Bimbo Toluca","direccion":"Corredor Industrial, Mz 2, Lote E, Ex Rancho El Coecillo","ciudad":"Toluca","pais":"M\u00e9xico","fecha_creacion":"2025-07-28 13:39:14","estatus":"1"},{"id":"26","nombre":"Totis planta dos","direccion":"Eje oriente poniente no. 38, col. Ciudad industrial, CP 43800, Tizayuca, Hidalgo","ciudad":"Tizayuca","pais":"M\u00e9xico","fecha_creacion":"2025-10-27 16:30:54","estatus":"1"},{"id":"27","nombre":"Bimbo M\u00e9xico Santa Mar\u00eda ","direccion":"Mimosas 117, 118 Col. Santa Mar\u00eda Insurgentes Cuauht\u00e9moc CDMX ","ciudad":"CDMX","pais":"M\u00e9xico","fecha_creacion":"2025-11-02 10:48:40","estatus":"1"},{"id":"28","nombre":"HAZPAN-LONCHIBON","direccion":"EMILIANO ZAPATA 25, PQUE. IND. LERMA","ciudad":"TOLUCA","pais":"M\u00e9xico","fecha_creacion":"2025-11-27 11:43:59","estatus":"1"},{"id":"29","nombre":"Suandy Marinela Toluca","direccion":"Emiliano Zapata 25, Pque. Ind. Lerma","ciudad":"TOLUCA","pais":"M\u00e9xico","fecha_creacion":"2025-11-27 11:55:24","estatus":"1"},{"id":"30","nombre":"T\u00eda Rosa, Toluca ","direccion":"Benito Juarez Mz. 027","ciudad":"Sta. Ma. Totoltepec, Toluca","pais":"M\u00e9xico","fecha_creacion":"2025-11-27 11:56:59","estatus":"1"},{"id":"31","nombre":"Bimbo Norte","direccion":"Av. F\u00e9lix U. G\u00f3mez 4203, Coyoac\u00e1n, C.P. 64510","ciudad":"Monterrey N.L.","pais":"M\u00e9xico","fecha_creacion":"2025-11-28 15:45:37","estatus":"1"},{"id":"32","nombre":"PLANTA DE PRUEBA","direccion":"PRUEBAS","ciudad":"DCDS","pais":"MEXICO","fecha_creacion":"2025-12-07 18:59:44","estatus":"1"},{"id":"33","nombre":"BSL","direccion":"Eje 128 #135 manzana 3, zona industrial segunda secci\u00f3n ","ciudad":"San Luis Potos\u00ed","pais":"M\u00e9xico","fecha_creacion":"2025-12-08 21:23:56","estatus":"1"},{"id":"34","nombre":"Sanissimo Monterrey","direccion":"Manuel de la Pe\u00f1a y Pe\u00f1a #1020-5, Bella Vista","ciudad":"Monterrey N.L.","pais":"M\u00e9xico","fecha_creacion":"2025-12-08 21:28:12","estatus":"1"}]
WARNING - 2025-12-15 20:30:12 --> [DEPRECATED] Passing lowercase HTTP method "get" is deprecated. Use uppercase HTTP method like "GET". in SYSTEMPATH/Router/RouteCollection.php on line 1026.
 1 SYSTEMPATH/Router/RouteCollection.php(1026): trigger_error('Passing lowercase HTTP method "get" is deprecated. Use uppercase HTTP method like "GET".', 16384)
 2 APPPATH/Config/Routes.php(131): CodeIgniter\Router\RouteCollection->match([...], 'locations/generarPDF', 'LocationsPdfController::generarPDF')
 3 SYSTEMPATH/Router/RouteCollection.php(339): require('/home/u976386866/domains/servipro.site/public_html/app/app/Config/Routes.php')
 4 SYSTEMPATH/CodeIgniter.php(821): CodeIgniter\Router\RouteCollection->loadRoutes()
 5 SYSTEMPATH/CodeIgniter.php(455): CodeIgniter\CodeIgniter->tryToRouteIt(null)
 6 SYSTEMPATH/CodeIgniter.php(354): CodeIgniter\CodeIgniter->handleRequest(null, Object(Config\Cache), false)
 7 SYSTEMPATH/Boot.php(334): CodeIgniter\CodeIgniter->run()
 8 SYSTEMPATH/Boot.php(67): CodeIgniter\Boot::runCodeIgniter(Object(CodeIgniter\CodeIgniter))
 9 FCPATH/index.php(56): CodeIgniter\Boot::bootWeb(Object(Config\Paths))
WARNING - 2025-12-15 20:30:12 --> [DEPRECATED] Passing lowercase HTTP method "post" is deprecated. Use uppercase HTTP method like "POST". in SYSTEMPATH/Router/RouteCollection.php on line 1026.
 1 SYSTEMPATH/Router/RouteCollection.php(1026): trigger_error('Passing lowercase HTTP method "post" is deprecated. Use uppercase HTTP method like "POST".', 16384)
 2 APPPATH/Config/Routes.php(131): CodeIgniter\Router\RouteCollection->match([...], 'locations/generarPDF', 'LocationsPdfController::generarPDF')
 3 SYSTEMPATH/Router/RouteCollection.php(339): require('/home/u976386866/domains/servipro.site/public_html/app/app/Config/Routes.php')
 4 SYSTEMPATH/CodeIgniter.php(821): CodeIgniter\Router\RouteCollection->loadRoutes()
 5 SYSTEMPATH/CodeIgniter.php(455): CodeIgniter\CodeIgniter->tryToRouteIt(null)
 6 SYSTEMPATH/CodeIgniter.php(354): CodeIgniter\CodeIgniter->handleRequest(null, Object(Config\Cache), false)
 7 SYSTEMPATH/Boot.php(334): CodeIgniter\CodeIgniter->run()
 8 SYSTEMPATH/Boot.php(67): CodeIgniter\Boot::runCodeIgniter(Object(CodeIgniter\CodeIgniter))
 9 FCPATH/index.php(56): CodeIgniter\Boot::bootWeb(Object(Config\Paths))
DEBUG - 2025-12-15 20:30:12 --> Session: Class initialized using 'CodeIgniter\Session\Handlers\FileHandler' driver.
WARNING - 2025-12-15 20:30:15 --> [DEPRECATED] Passing lowercase HTTP method "get" is deprecated. Use uppercase HTTP method like "GET". in SYSTEMPATH/Router/RouteCollection.php on line 1026.
 1 SYSTEMPATH/Router/RouteCollection.php(1026): trigger_error('Passing lowercase HTTP method "get" is deprecated. Use uppercase HTTP method like "GET".', 16384)
 2 APPPATH/Config/Routes.php(131): CodeIgniter\Router\RouteCollection->match([...], 'locations/generarPDF', 'LocationsPdfController::generarPDF')
 3 SYSTEMPATH/Router/RouteCollection.php(339): require('/home/u976386866/domains/servipro.site/public_html/app/app/Config/Routes.php')
 4 SYSTEMPATH/CodeIgniter.php(821): CodeIgniter\Router\RouteCollection->loadRoutes()
 5 SYSTEMPATH/CodeIgniter.php(455): CodeIgniter\CodeIgniter->tryToRouteIt(null)
 6 SYSTEMPATH/CodeIgniter.php(354): CodeIgniter\CodeIgniter->handleRequest(null, Object(Config\Cache), false)
 7 SYSTEMPATH/Boot.php(334): CodeIgniter\CodeIgniter->run()
 8 SYSTEMPATH/Boot.php(67): CodeIgniter\Boot::runCodeIgniter(Object(CodeIgniter\CodeIgniter))
 9 FCPATH/index.php(56): CodeIgniter\Boot::bootWeb(Object(Config\Paths))
WARNING - 2025-12-15 20:30:15 --> [DEPRECATED] Passing lowercase HTTP method "post" is deprecated. Use uppercase HTTP method like "POST". in SYSTEMPATH/Router/RouteCollection.php on line 1026.
 1 SYSTEMPATH/Router/RouteCollection.php(1026): trigger_error('Passing lowercase HTTP method "post" is deprecated. Use uppercase HTTP method like "POST".', 16384)
 2 APPPATH/Config/Routes.php(131): CodeIgniter\Router\RouteCollection->match([...], 'locations/generarPDF', 'LocationsPdfController::generarPDF')
 3 SYSTEMPATH/Router/RouteCollection.php(339): require('/home/u976386866/domains/servipro.site/public_html/app/app/Config/Routes.php')
 4 SYSTEMPATH/CodeIgniter.php(821): CodeIgniter\Router\RouteCollection->loadRoutes()
 5 SYSTEMPATH/CodeIgniter.php(455): CodeIgniter\CodeIgniter->tryToRouteIt(null)
 6 SYSTEMPATH/CodeIgniter.php(354): CodeIgniter\CodeIgniter->handleRequest(null, Object(Config\Cache), false)
 7 SYSTEMPATH/Boot.php(334): CodeIgniter\CodeIgniter->run()
 8 SYSTEMPATH/Boot.php(67): CodeIgniter\Boot::runCodeIgniter(Object(CodeIgniter\CodeIgniter))
 9 FCPATH/index.php(56): CodeIgniter\Boot::bootWeb(Object(Config\Paths))
DEBUG - 2025-12-15 20:30:15 --> Session: Class initialized using 'CodeIgniter\Session\Handlers\FileHandler' driver.
WARNING - 2025-12-15 20:31:02 --> [DEPRECATED] Passing lowercase HTTP method "get" is deprecated. Use uppercase HTTP method like "GET". in SYSTEMPATH/Router/RouteCollection.php on line 1026.
 1 SYSTEMPATH/Router/RouteCollection.php(1026): trigger_error('Passing lowercase HTTP method "get" is deprecated. Use uppercase HTTP method like "GET".', 16384)
 2 APPPATH/Config/Routes.php(131): CodeIgniter\Router\RouteCollection->match([...], 'locations/generarPDF', 'LocationsPdfController::generarPDF')
 3 SYSTEMPATH/Router/RouteCollection.php(339): require('/home/u976386866/domains/servipro.site/public_html/app/app/Config/Routes.php')
 4 SYSTEMPATH/CodeIgniter.php(821): CodeIgniter\Router\RouteCollection->loadRoutes()
 5 SYSTEMPATH/CodeIgniter.php(455): CodeIgniter\CodeIgniter->tryToRouteIt(null)
 6 SYSTEMPATH/CodeIgniter.php(354): CodeIgniter\CodeIgniter->handleRequest(null, Object(Config\Cache), false)
 7 SYSTEMPATH/Boot.php(334): CodeIgniter\CodeIgniter->run()
 8 SYSTEMPATH/Boot.php(67): CodeIgniter\Boot::runCodeIgniter(Object(CodeIgniter\CodeIgniter))
 9 FCPATH/index.php(56): CodeIgniter\Boot::bootWeb(Object(Config\Paths))
WARNING - 2025-12-15 20:31:02 --> [DEPRECATED] Passing lowercase HTTP method "post" is deprecated. Use uppercase HTTP method like "POST". in SYSTEMPATH/Router/RouteCollection.php on line 1026.
 1 SYSTEMPATH/Router/RouteCollection.php(1026): trigger_error('Passing lowercase HTTP method "post" is deprecated. Use uppercase HTTP method like "POST".', 16384)
 2 APPPATH/Config/Routes.php(131): CodeIgniter\Router\RouteCollection->match([...], 'locations/generarPDF', 'LocationsPdfController::generarPDF')
 3 SYSTEMPATH/Router/RouteCollection.php(339): require('/home/u976386866/domains/servipro.site/public_html/app/app/Config/Routes.php')
 4 SYSTEMPATH/CodeIgniter.php(821): CodeIgniter\Router\RouteCollection->loadRoutes()
 5 SYSTEMPATH/CodeIgniter.php(455): CodeIgniter\CodeIgniter->tryToRouteIt(null)
 6 SYSTEMPATH/CodeIgniter.php(354): CodeIgniter\CodeIgniter->handleRequest(null, Object(Config\Cache), false)
 7 SYSTEMPATH/Boot.php(334): CodeIgniter\CodeIgniter->run()
 8 SYSTEMPATH/Boot.php(67): CodeIgniter\Boot::runCodeIgniter(Object(CodeIgniter\CodeIgniter))
 9 FCPATH/index.php(56): CodeIgniter\Boot::bootWeb(Object(Config\Paths))
DEBUG - 2025-12-15 20:31:02 --> Session: Class initialized using 'CodeIgniter\Session\Handlers\FileHandler' driver.
WARNING - 2025-12-15 20:31:04 --> [DEPRECATED] Passing lowercase HTTP method "get" is deprecated. Use uppercase HTTP method like "GET". in SYSTEMPATH/Router/RouteCollection.php on line 1026.
 1 SYSTEMPATH/Router/RouteCollection.php(1026): trigger_error('Passing lowercase HTTP method "get" is deprecated. Use uppercase HTTP method like "GET".', 16384)
 2 APPPATH/Config/Routes.php(131): CodeIgniter\Router\RouteCollection->match([...], 'locations/generarPDF', 'LocationsPdfController::generarPDF')
 3 SYSTEMPATH/Router/RouteCollection.php(339): require('/home/u976386866/domains/servipro.site/public_html/app/app/Config/Routes.php')
 4 SYSTEMPATH/CodeIgniter.php(821): CodeIgniter\Router\RouteCollection->loadRoutes()
 5 SYSTEMPATH/CodeIgniter.php(455): CodeIgniter\CodeIgniter->tryToRouteIt(null)
 6 SYSTEMPATH/CodeIgniter.php(354): CodeIgniter\CodeIgniter->handleRequest(null, Object(Config\Cache), false)
 7 SYSTEMPATH/Boot.php(334): CodeIgniter\CodeIgniter->run()
 8 SYSTEMPATH/Boot.php(67): CodeIgniter\Boot::runCodeIgniter(Object(CodeIgniter\CodeIgniter))
 9 FCPATH/index.php(56): CodeIgniter\Boot::bootWeb(Object(Config\Paths))
WARNING - 2025-12-15 20:31:04 --> [DEPRECATED] Passing lowercase HTTP method "post" is deprecated. Use uppercase HTTP method like "POST". in SYSTEMPATH/Router/RouteCollection.php on line 1026.
 1 SYSTEMPATH/Router/RouteCollection.php(1026): trigger_error('Passing lowercase HTTP method "post" is deprecated. Use uppercase HTTP method like "POST".', 16384)
 2 APPPATH/Config/Routes.php(131): CodeIgniter\Router\RouteCollection->match([...], 'locations/generarPDF', 'LocationsPdfController::generarPDF')
 3 SYSTEMPATH/Router/RouteCollection.php(339): require('/home/u976386866/domains/servipro.site/public_html/app/app/Config/Routes.php')
 4 SYSTEMPATH/CodeIgniter.php(821): CodeIgniter\Router\RouteCollection->loadRoutes()
 5 SYSTEMPATH/CodeIgniter.php(455): CodeIgniter\CodeIgniter->tryToRouteIt(null)
 6 SYSTEMPATH/CodeIgniter.php(354): CodeIgniter\CodeIgniter->handleRequest(null, Object(Config\Cache), false)
 7 SYSTEMPATH/Boot.php(334): CodeIgniter\CodeIgniter->run()
 8 SYSTEMPATH/Boot.php(67): CodeIgniter\Boot::runCodeIgniter(Object(CodeIgniter\CodeIgniter))
 9 FCPATH/index.php(56): CodeIgniter\Boot::bootWeb(Object(Config\Paths))
DEBUG - 2025-12-15 20:31:04 --> Session: Class initialized using 'CodeIgniter\Session\Handlers\FileHandler' driver.
WARNING - 2025-12-15 20:31:11 --> [DEPRECATED] Passing lowercase HTTP method "get" is deprecated. Use uppercase HTTP method like "GET". in SYSTEMPATH/Router/RouteCollection.php on line 1026.
 1 SYSTEMPATH/Router/RouteCollection.php(1026): trigger_error('Passing lowercase HTTP method "get" is deprecated. Use uppercase HTTP method like "GET".', 16384)
 2 APPPATH/Config/Routes.php(131): CodeIgniter\Router\RouteCollection->match([...], 'locations/generarPDF', 'LocationsPdfController::generarPDF')
 3 SYSTEMPATH/Router/RouteCollection.php(339): require('/home/u976386866/domains/servipro.site/public_html/app/app/Config/Routes.php')
 4 SYSTEMPATH/CodeIgniter.php(821): CodeIgniter\Router\RouteCollection->loadRoutes()
 5 SYSTEMPATH/CodeIgniter.php(455): CodeIgniter\CodeIgniter->tryToRouteIt(null)
 6 SYSTEMPATH/CodeIgniter.php(354): CodeIgniter\CodeIgniter->handleRequest(null, Object(Config\Cache), false)
 7 SYSTEMPATH/Boot.php(334): CodeIgniter\CodeIgniter->run()
 8 SYSTEMPATH/Boot.php(67): CodeIgniter\Boot::runCodeIgniter(Object(CodeIgniter\CodeIgniter))
 9 FCPATH/index.php(56): CodeIgniter\Boot::bootWeb(Object(Config\Paths))
WARNING - 2025-12-15 20:31:11 --> [DEPRECATED] Passing lowercase HTTP method "post" is deprecated. Use uppercase HTTP method like "POST". in SYSTEMPATH/Router/RouteCollection.php on line 1026.
 1 SYSTEMPATH/Router/RouteCollection.php(1026): trigger_error('Passing lowercase HTTP method "post" is deprecated. Use uppercase HTTP method like "POST".', 16384)
 2 APPPATH/Config/Routes.php(131): CodeIgniter\Router\RouteCollection->match([...], 'locations/generarPDF', 'LocationsPdfController::generarPDF')
 3 SYSTEMPATH/Router/RouteCollection.php(339): require('/home/u976386866/domains/servipro.site/public_html/app/app/Config/Routes.php')
 4 SYSTEMPATH/CodeIgniter.php(821): CodeIgniter\Router\RouteCollection->loadRoutes()
 5 SYSTEMPATH/CodeIgniter.php(455): CodeIgniter\CodeIgniter->tryToRouteIt(null)
 6 SYSTEMPATH/CodeIgniter.php(354): CodeIgniter\CodeIgniter->handleRequest(null, Object(Config\Cache), false)
 7 SYSTEMPATH/Boot.php(334): CodeIgniter\CodeIgniter->run()
 8 SYSTEMPATH/Boot.php(67): CodeIgniter\Boot::runCodeIgniter(Object(CodeIgniter\CodeIgniter))
 9 FCPATH/index.php(56): CodeIgniter\Boot::bootWeb(Object(Config\Paths))
DEBUG - 2025-12-15 20:31:11 --> Session: Class initialized using 'CodeIgniter\Session\Handlers\FileHandler' driver.
WARNING - 2025-12-15 20:31:13 --> [DEPRECATED] Passing lowercase HTTP method "get" is deprecated. Use uppercase HTTP method like "GET". in SYSTEMPATH/Router/RouteCollection.php on line 1026.
 1 SYSTEMPATH/Router/RouteCollection.php(1026): trigger_error('Passing lowercase HTTP method "get" is deprecated. Use uppercase HTTP method like "GET".', 16384)
 2 APPPATH/Config/Routes.php(131): CodeIgniter\Router\RouteCollection->match([...], 'locations/generarPDF', 'LocationsPdfController::generarPDF')
 3 SYSTEMPATH/Router/RouteCollection.php(339): require('/home/u976386866/domains/servipro.site/public_html/app/app/Config/Routes.php')
 4 SYSTEMPATH/CodeIgniter.php(821): CodeIgniter\Router\RouteCollection->loadRoutes()
 5 SYSTEMPATH/CodeIgniter.php(455): CodeIgniter\CodeIgniter->tryToRouteIt(null)
 6 SYSTEMPATH/CodeIgniter.php(354): CodeIgniter\CodeIgniter->handleRequest(null, Object(Config\Cache), false)
 7 SYSTEMPATH/Boot.php(334): CodeIgniter\CodeIgniter->run()
 8 SYSTEMPATH/Boot.php(67): CodeIgniter\Boot::runCodeIgniter(Object(CodeIgniter\CodeIgniter))
 9 FCPATH/index.php(56): CodeIgniter\Boot::bootWeb(Object(Config\Paths))
WARNING - 2025-12-15 20:31:13 --> [DEPRECATED] Passing lowercase HTTP method "post" is deprecated. Use uppercase HTTP method like "POST". in SYSTEMPATH/Router/RouteCollection.php on line 1026.
 1 SYSTEMPATH/Router/RouteCollection.php(1026): trigger_error('Passing lowercase HTTP method "post" is deprecated. Use uppercase HTTP method like "POST".', 16384)
 2 APPPATH/Config/Routes.php(131): CodeIgniter\Router\RouteCollection->match([...], 'locations/generarPDF', 'LocationsPdfController::generarPDF')
 3 SYSTEMPATH/Router/RouteCollection.php(339): require('/home/u976386866/domains/servipro.site/public_html/app/app/Config/Routes.php')
 4 SYSTEMPATH/CodeIgniter.php(821): CodeIgniter\Router\RouteCollection->loadRoutes()
 5 SYSTEMPATH/CodeIgniter.php(455): CodeIgniter\CodeIgniter->tryToRouteIt(null)
 6 SYSTEMPATH/CodeIgniter.php(354): CodeIgniter\CodeIgniter->handleRequest(null, Object(Config\Cache), false)
 7 SYSTEMPATH/Boot.php(334): CodeIgniter\CodeIgniter->run()
 8 SYSTEMPATH/Boot.php(67): CodeIgniter\Boot::runCodeIgniter(Object(CodeIgniter\CodeIgniter))
 9 FCPATH/index.php(56): CodeIgniter\Boot::bootWeb(Object(Config\Paths))
DEBUG - 2025-12-15 20:31:13 --> Session: Class initialized using 'CodeIgniter\Session\Handlers\FileHandler' driver.
WARNING - 2025-12-15 20:31:16 --> [DEPRECATED] Passing lowercase HTTP method "get" is deprecated. Use uppercase HTTP method like "GET". in SYSTEMPATH/Router/RouteCollection.php on line 1026.
 1 SYSTEMPATH/Router/RouteCollection.php(1026): trigger_error('Passing lowercase HTTP method "get" is deprecated. Use uppercase HTTP method like "GET".', 16384)
 2 APPPATH/Config/Routes.php(131): CodeIgniter\Router\RouteCollection->match([...], 'locations/generarPDF', 'LocationsPdfController::generarPDF')
 3 SYSTEMPATH/Router/RouteCollection.php(339): require('/home/u976386866/domains/servipro.site/public_html/app/app/Config/Routes.php')
 4 SYSTEMPATH/CodeIgniter.php(821): CodeIgniter\Router\RouteCollection->loadRoutes()
 5 SYSTEMPATH/CodeIgniter.php(455): CodeIgniter\CodeIgniter->tryToRouteIt(null)
 6 SYSTEMPATH/CodeIgniter.php(354): CodeIgniter\CodeIgniter->handleRequest(null, Object(Config\Cache), false)
 7 SYSTEMPATH/Boot.php(334): CodeIgniter\CodeIgniter->run()
 8 SYSTEMPATH/Boot.php(67): CodeIgniter\Boot::runCodeIgniter(Object(CodeIgniter\CodeIgniter))
 9 FCPATH/index.php(56): CodeIgniter\Boot::bootWeb(Object(Config\Paths))
WARNING - 2025-12-15 20:31:16 --> [DEPRECATED] Passing lowercase HTTP method "post" is deprecated. Use uppercase HTTP method like "POST". in SYSTEMPATH/Router/RouteCollection.php on line 1026.
 1 SYSTEMPATH/Router/RouteCollection.php(1026): trigger_error('Passing lowercase HTTP method "post" is deprecated. Use uppercase HTTP method like "POST".', 16384)
 2 APPPATH/Config/Routes.php(131): CodeIgniter\Router\RouteCollection->match([...], 'locations/generarPDF', 'LocationsPdfController::generarPDF')
 3 SYSTEMPATH/Router/RouteCollection.php(339): require('/home/u976386866/domains/servipro.site/public_html/app/app/Config/Routes.php')
 4 SYSTEMPATH/CodeIgniter.php(821): CodeIgniter\Router\RouteCollection->loadRoutes()
 5 SYSTEMPATH/CodeIgniter.php(455): CodeIgniter\CodeIgniter->tryToRouteIt(null)
 6 SYSTEMPATH/CodeIgniter.php(354): CodeIgniter\CodeIgniter->handleRequest(null, Object(Config\Cache), false)
 7 SYSTEMPATH/Boot.php(334): CodeIgniter\CodeIgniter->run()
 8 SYSTEMPATH/Boot.php(67): CodeIgniter\Boot::runCodeIgniter(Object(CodeIgniter\CodeIgniter))
 9 FCPATH/index.php(56): CodeIgniter\Boot::bootWeb(Object(Config\Paths))
DEBUG - 2025-12-15 20:31:16 --> Session: Class initialized using 'CodeIgniter\Session\Handlers\FileHandler' driver.
WARNING - 2025-12-15 20:33:11 --> [DEPRECATED] Passing lowercase HTTP method "get" is deprecated. Use uppercase HTTP method like "GET". in SYSTEMPATH/Router/RouteCollection.php on line 1026.
 1 SYSTEMPATH/Router/RouteCollection.php(1026): trigger_error('Passing lowercase HTTP method "get" is deprecated. Use uppercase HTTP method like "GET".', 16384)
 2 APPPATH/Config/Routes.php(131): CodeIgniter\Router\RouteCollection->match([...], 'locations/generarPDF', 'LocationsPdfController::generarPDF')
 3 SYSTEMPATH/Router/RouteCollection.php(339): require('/home/u976386866/domains/servipro.site/public_html/app/app/Config/Routes.php')
 4 SYSTEMPATH/CodeIgniter.php(821): CodeIgniter\Router\RouteCollection->loadRoutes()
 5 SYSTEMPATH/CodeIgniter.php(455): CodeIgniter\CodeIgniter->tryToRouteIt(null)
 6 SYSTEMPATH/CodeIgniter.php(354): CodeIgniter\CodeIgniter->handleRequest(null, Object(Config\Cache), false)
 7 SYSTEMPATH/Boot.php(334): CodeIgniter\CodeIgniter->run()
 8 SYSTEMPATH/Boot.php(67): CodeIgniter\Boot::runCodeIgniter(Object(CodeIgniter\CodeIgniter))
 9 FCPATH/index.php(56): CodeIgniter\Boot::bootWeb(Object(Config\Paths))
WARNING - 2025-12-15 20:33:11 --> [DEPRECATED] Passing lowercase HTTP method "post" is deprecated. Use uppercase HTTP method like "POST". in SYSTEMPATH/Router/RouteCollection.php on line 1026.
 1 SYSTEMPATH/Router/RouteCollection.php(1026): trigger_error('Passing lowercase HTTP method "post" is deprecated. Use uppercase HTTP method like "POST".', 16384)
 2 APPPATH/Config/Routes.php(131): CodeIgniter\Router\RouteCollection->match([...], 'locations/generarPDF', 'LocationsPdfController::generarPDF')
 3 SYSTEMPATH/Router/RouteCollection.php(339): require('/home/u976386866/domains/servipro.site/public_html/app/app/Config/Routes.php')
 4 SYSTEMPATH/CodeIgniter.php(821): CodeIgniter\Router\RouteCollection->loadRoutes()
 5 SYSTEMPATH/CodeIgniter.php(455): CodeIgniter\CodeIgniter->tryToRouteIt(null)
 6 SYSTEMPATH/CodeIgniter.php(354): CodeIgniter\CodeIgniter->handleRequest(null, Object(Config\Cache), false)
 7 SYSTEMPATH/Boot.php(334): CodeIgniter\CodeIgniter->run()
 8 SYSTEMPATH/Boot.php(67): CodeIgniter\Boot::runCodeIgniter(Object(CodeIgniter\CodeIgniter))
 9 FCPATH/index.php(56): CodeIgniter\Boot::bootWeb(Object(Config\Paths))
WARNING - 2025-12-15 20:41:22 --> [DEPRECATED] Passing lowercase HTTP method "get" is deprecated. Use uppercase HTTP method like "GET". in SYSTEMPATH/Router/RouteCollection.php on line 1026.
 1 SYSTEMPATH/Router/RouteCollection.php(1026): trigger_error('Passing lowercase HTTP method "get" is deprecated. Use uppercase HTTP method like "GET".', 16384)
 2 APPPATH/Config/Routes.php(131): CodeIgniter\Router\RouteCollection->match([...], 'locations/generarPDF', 'LocationsPdfController::generarPDF')
 3 SYSTEMPATH/Router/RouteCollection.php(339): require('/home/u976386866/domains/servipro.site/public_html/app/app/Config/Routes.php')
 4 SYSTEMPATH/CodeIgniter.php(821): CodeIgniter\Router\RouteCollection->loadRoutes()
 5 SYSTEMPATH/CodeIgniter.php(455): CodeIgniter\CodeIgniter->tryToRouteIt(null)
 6 SYSTEMPATH/CodeIgniter.php(354): CodeIgniter\CodeIgniter->handleRequest(null, Object(Config\Cache), false)
 7 SYSTEMPATH/Boot.php(334): CodeIgniter\CodeIgniter->run()
 8 SYSTEMPATH/Boot.php(67): CodeIgniter\Boot::runCodeIgniter(Object(CodeIgniter\CodeIgniter))
 9 FCPATH/index.php(56): CodeIgniter\Boot::bootWeb(Object(Config\Paths))
WARNING - 2025-12-15 20:41:22 --> [DEPRECATED] Passing lowercase HTTP method "post" is deprecated. Use uppercase HTTP method like "POST". in SYSTEMPATH/Router/RouteCollection.php on line 1026.
 1 SYSTEMPATH/Router/RouteCollection.php(1026): trigger_error('Passing lowercase HTTP method "post" is deprecated. Use uppercase HTTP method like "POST".', 16384)
 2 APPPATH/Config/Routes.php(131): CodeIgniter\Router\RouteCollection->match([...], 'locations/generarPDF', 'LocationsPdfController::generarPDF')
 3 SYSTEMPATH/Router/RouteCollection.php(339): require('/home/u976386866/domains/servipro.site/public_html/app/app/Config/Routes.php')
 4 SYSTEMPATH/CodeIgniter.php(821): CodeIgniter\Router\RouteCollection->loadRoutes()
 5 SYSTEMPATH/CodeIgniter.php(455): CodeIgniter\CodeIgniter->tryToRouteIt(null)
 6 SYSTEMPATH/CodeIgniter.php(354): CodeIgniter\CodeIgniter->handleRequest(null, Object(Config\Cache), false)
 7 SYSTEMPATH/Boot.php(334): CodeIgniter\CodeIgniter->run()
 8 SYSTEMPATH/Boot.php(67): CodeIgniter\Boot::runCodeIgniter(Object(CodeIgniter\CodeIgniter))
 9 FCPATH/index.php(56): CodeIgniter\Boot::bootWeb(Object(Config\Paths))
DEBUG - 2025-12-15 20:41:22 --> Session: Class initialized using 'CodeIgniter\Session\Handlers\FileHandler' driver.
WARNING - 2025-12-15 20:41:23 --> [DEPRECATED] Passing lowercase HTTP method "get" is deprecated. Use uppercase HTTP method like "GET". in SYSTEMPATH/Router/RouteCollection.php on line 1026.
 1 SYSTEMPATH/Router/RouteCollection.php(1026): trigger_error('Passing lowercase HTTP method "get" is deprecated. Use uppercase HTTP method like "GET".', 16384)
 2 APPPATH/Config/Routes.php(131): CodeIgniter\Router\RouteCollection->match([...], 'locations/generarPDF', 'LocationsPdfController::generarPDF')
 3 SYSTEMPATH/Router/RouteCollection.php(339): require('/home/u976386866/domains/servipro.site/public_html/app/app/Config/Routes.php')
 4 SYSTEMPATH/CodeIgniter.php(821): CodeIgniter\Router\RouteCollection->loadRoutes()
 5 SYSTEMPATH/CodeIgniter.php(455): CodeIgniter\CodeIgniter->tryToRouteIt(null)
 6 SYSTEMPATH/CodeIgniter.php(354): CodeIgniter\CodeIgniter->handleRequest(null, Object(Config\Cache), false)
 7 SYSTEMPATH/Boot.php(334): CodeIgniter\CodeIgniter->run()
 8 SYSTEMPATH/Boot.php(67): CodeIgniter\Boot::runCodeIgniter(Object(CodeIgniter\CodeIgniter))
 9 FCPATH/index.php(56): CodeIgniter\Boot::bootWeb(Object(Config\Paths))
WARNING - 2025-12-15 20:41:23 --> [DEPRECATED] Passing lowercase HTTP method "post" is deprecated. Use uppercase HTTP method like "POST". in SYSTEMPATH/Router/RouteCollection.php on line 1026.
 1 SYSTEMPATH/Router/RouteCollection.php(1026): trigger_error('Passing lowercase HTTP method "post" is deprecated. Use uppercase HTTP method like "POST".', 16384)
 2 APPPATH/Config/Routes.php(131): CodeIgniter\Router\RouteCollection->match([...], 'locations/generarPDF', 'LocationsPdfController::generarPDF')
 3 SYSTEMPATH/Router/RouteCollection.php(339): require('/home/u976386866/domains/servipro.site/public_html/app/app/Config/Routes.php')
 4 SYSTEMPATH/CodeIgniter.php(821): CodeIgniter\Router\RouteCollection->loadRoutes()
 5 SYSTEMPATH/CodeIgniter.php(455): CodeIgniter\CodeIgniter->tryToRouteIt(null)
 6 SYSTEMPATH/CodeIgniter.php(354): CodeIgniter\CodeIgniter->handleRequest(null, Object(Config\Cache), false)
 7 SYSTEMPATH/Boot.php(334): CodeIgniter\CodeIgniter->run()
 8 SYSTEMPATH/Boot.php(67): CodeIgniter\Boot::runCodeIgniter(Object(CodeIgniter\CodeIgniter))
 9 FCPATH/index.php(56): CodeIgniter\Boot::bootWeb(Object(Config\Paths))
DEBUG - 2025-12-15 20:41:23 --> Session: Class initialized using 'CodeIgniter\Session\Handlers\FileHandler' driver.
WARNING - 2025-12-15 20:41:33 --> [DEPRECATED] Passing lowercase HTTP method "get" is deprecated. Use uppercase HTTP method like "GET". in SYSTEMPATH/Router/RouteCollection.php on line 1026.
 1 SYSTEMPATH/Router/RouteCollection.php(1026): trigger_error('Passing lowercase HTTP method "get" is deprecated. Use uppercase HTTP method like "GET".', 16384)
 2 APPPATH/Config/Routes.php(131): CodeIgniter\Router\RouteCollection->match([...], 'locations/generarPDF', 'LocationsPdfController::generarPDF')
 3 SYSTEMPATH/Router/RouteCollection.php(339): require('/home/u976386866/domains/servipro.site/public_html/app/app/Config/Routes.php')
 4 SYSTEMPATH/CodeIgniter.php(821): CodeIgniter\Router\RouteCollection->loadRoutes()
 5 SYSTEMPATH/CodeIgniter.php(455): CodeIgniter\CodeIgniter->tryToRouteIt(null)
 6 SYSTEMPATH/CodeIgniter.php(354): CodeIgniter\CodeIgniter->handleRequest(null, Object(Config\Cache), false)
 7 SYSTEMPATH/Boot.php(334): CodeIgniter\CodeIgniter->run()
 8 SYSTEMPATH/Boot.php(67): CodeIgniter\Boot::runCodeIgniter(Object(CodeIgniter\CodeIgniter))
 9 FCPATH/index.php(56): CodeIgniter\Boot::bootWeb(Object(Config\Paths))
WARNING - 2025-12-15 20:41:33 --> [DEPRECATED] Passing lowercase HTTP method "post" is deprecated. Use uppercase HTTP method like "POST". in SYSTEMPATH/Router/RouteCollection.php on line 1026.
 1 SYSTEMPATH/Router/RouteCollection.php(1026): trigger_error('Passing lowercase HTTP method "post" is deprecated. Use uppercase HTTP method like "POST".', 16384)
 2 APPPATH/Config/Routes.php(131): CodeIgniter\Router\RouteCollection->match([...], 'locations/generarPDF', 'LocationsPdfController::generarPDF')
 3 SYSTEMPATH/Router/RouteCollection.php(339): require('/home/u976386866/domains/servipro.site/public_html/app/app/Config/Routes.php')
 4 SYSTEMPATH/CodeIgniter.php(821): CodeIgniter\Router\RouteCollection->loadRoutes()
 5 SYSTEMPATH/CodeIgniter.php(455): CodeIgniter\CodeIgniter->tryToRouteIt(null)
 6 SYSTEMPATH/CodeIgniter.php(354): CodeIgniter\CodeIgniter->handleRequest(null, Object(Config\Cache), false)
 7 SYSTEMPATH/Boot.php(334): CodeIgniter\CodeIgniter->run()
 8 SYSTEMPATH/Boot.php(67): CodeIgniter\Boot::runCodeIgniter(Object(CodeIgniter\CodeIgniter))
 9 FCPATH/index.php(56): CodeIgniter\Boot::bootWeb(Object(Config\Paths))
DEBUG - 2025-12-15 20:41:33 --> Session: Class initialized using 'CodeIgniter\Session\Handlers\FileHandler' driver.
WARNING - 2025-12-15 20:41:39 --> [DEPRECATED] Passing lowercase HTTP method "get" is deprecated. Use uppercase HTTP method like "GET". in SYSTEMPATH/Router/RouteCollection.php on line 1026.
 1 SYSTEMPATH/Router/RouteCollection.php(1026): trigger_error('Passing lowercase HTTP method "get" is deprecated. Use uppercase HTTP method like "GET".', 16384)
 2 APPPATH/Config/Routes.php(131): CodeIgniter\Router\RouteCollection->match([...], 'locations/generarPDF', 'LocationsPdfController::generarPDF')
 3 SYSTEMPATH/Router/RouteCollection.php(339): require('/home/u976386866/domains/servipro.site/public_html/app/app/Config/Routes.php')
 4 SYSTEMPATH/CodeIgniter.php(821): CodeIgniter\Router\RouteCollection->loadRoutes()
 5 SYSTEMPATH/CodeIgniter.php(455): CodeIgniter\CodeIgniter->tryToRouteIt(null)
 6 SYSTEMPATH/CodeIgniter.php(354): CodeIgniter\CodeIgniter->handleRequest(null, Object(Config\Cache), false)
 7 SYSTEMPATH/Boot.php(334): CodeIgniter\CodeIgniter->run()
 8 SYSTEMPATH/Boot.php(67): CodeIgniter\Boot::runCodeIgniter(Object(CodeIgniter\CodeIgniter))
 9 FCPATH/index.php(56): CodeIgniter\Boot::bootWeb(Object(Config\Paths))
WARNING - 2025-12-15 20:41:39 --> [DEPRECATED] Passing lowercase HTTP method "post" is deprecated. Use uppercase HTTP method like "POST". in SYSTEMPATH/Router/RouteCollection.php on line 1026.
 1 SYSTEMPATH/Router/RouteCollection.php(1026): trigger_error('Passing lowercase HTTP method "post" is deprecated. Use uppercase HTTP method like "POST".', 16384)
 2 APPPATH/Config/Routes.php(131): CodeIgniter\Router\RouteCollection->match([...], 'locations/generarPDF', 'LocationsPdfController::generarPDF')
 3 SYSTEMPATH/Router/RouteCollection.php(339): require('/home/u976386866/domains/servipro.site/public_html/app/app/Config/Routes.php')
 4 SYSTEMPATH/CodeIgniter.php(821): CodeIgniter\Router\RouteCollection->loadRoutes()
 5 SYSTEMPATH/CodeIgniter.php(455): CodeIgniter\CodeIgniter->tryToRouteIt(null)
 6 SYSTEMPATH/CodeIgniter.php(354): CodeIgniter\CodeIgniter->handleRequest(null, Object(Config\Cache), false)
 7 SYSTEMPATH/Boot.php(334): CodeIgniter\CodeIgniter->run()
 8 SYSTEMPATH/Boot.php(67): CodeIgniter\Boot::runCodeIgniter(Object(CodeIgniter\CodeIgniter))
 9 FCPATH/index.php(56): CodeIgniter\Boot::bootWeb(Object(Config\Paths))
DEBUG - 2025-12-15 20:41:39 --> Session: Class initialized using 'CodeIgniter\Session\Handlers\FileHandler' driver.
WARNING - 2025-12-15 20:42:21 --> [DEPRECATED] Passing lowercase HTTP method "get" is deprecated. Use uppercase HTTP method like "GET". in SYSTEMPATH/Router/RouteCollection.php on line 1026.
 1 SYSTEMPATH/Router/RouteCollection.php(1026): trigger_error('Passing lowercase HTTP method "get" is deprecated. Use uppercase HTTP method like "GET".', 16384)
 2 APPPATH/Config/Routes.php(131): CodeIgniter\Router\RouteCollection->match([...], 'locations/generarPDF', 'LocationsPdfController::generarPDF')
 3 SYSTEMPATH/Router/RouteCollection.php(339): require('/home/u976386866/domains/servipro.site/public_html/app/app/Config/Routes.php')
 4 SYSTEMPATH/CodeIgniter.php(821): CodeIgniter\Router\RouteCollection->loadRoutes()
 5 SYSTEMPATH/CodeIgniter.php(455): CodeIgniter\CodeIgniter->tryToRouteIt(null)
 6 SYSTEMPATH/CodeIgniter.php(354): CodeIgniter\CodeIgniter->handleRequest(null, Object(Config\Cache), false)
 7 SYSTEMPATH/Boot.php(334): CodeIgniter\CodeIgniter->run()
 8 SYSTEMPATH/Boot.php(67): CodeIgniter\Boot::runCodeIgniter(Object(CodeIgniter\CodeIgniter))
 9 FCPATH/index.php(56): CodeIgniter\Boot::bootWeb(Object(Config\Paths))
WARNING - 2025-12-15 20:42:21 --> [DEPRECATED] Passing lowercase HTTP method "post" is deprecated. Use uppercase HTTP method like "POST". in SYSTEMPATH/Router/RouteCollection.php on line 1026.
 1 SYSTEMPATH/Router/RouteCollection.php(1026): trigger_error('Passing lowercase HTTP method "post" is deprecated. Use uppercase HTTP method like "POST".', 16384)
 2 APPPATH/Config/Routes.php(131): CodeIgniter\Router\RouteCollection->match([...], 'locations/generarPDF', 'LocationsPdfController::generarPDF')
 3 SYSTEMPATH/Router/RouteCollection.php(339): require('/home/u976386866/domains/servipro.site/public_html/app/app/Config/Routes.php')
 4 SYSTEMPATH/CodeIgniter.php(821): CodeIgniter\Router\RouteCollection->loadRoutes()
 5 SYSTEMPATH/CodeIgniter.php(455): CodeIgniter\CodeIgniter->tryToRouteIt(null)
 6 SYSTEMPATH/CodeIgniter.php(354): CodeIgniter\CodeIgniter->handleRequest(null, Object(Config\Cache), false)
 7 SYSTEMPATH/Boot.php(334): CodeIgniter\CodeIgniter->run()
 8 SYSTEMPATH/Boot.php(67): CodeIgniter\Boot::runCodeIgniter(Object(CodeIgniter\CodeIgniter))
 9 FCPATH/index.php(56): CodeIgniter\Boot::bootWeb(Object(Config\Paths))
DEBUG - 2025-12-15 20:42:21 --> Session: Class initialized using 'CodeIgniter\Session\Handlers\FileHandler' driver.
WARNING - 2025-12-15 20:43:36 --> [DEPRECATED] Passing lowercase HTTP method "get" is deprecated. Use uppercase HTTP method like "GET". in SYSTEMPATH/Router/RouteCollection.php on line 1026.
 1 SYSTEMPATH/Router/RouteCollection.php(1026): trigger_error('Passing lowercase HTTP method "get" is deprecated. Use uppercase HTTP method like "GET".', 16384)
 2 APPPATH/Config/Routes.php(131): CodeIgniter\Router\RouteCollection->match([...], 'locations/generarPDF', 'LocationsPdfController::generarPDF')
 3 SYSTEMPATH/Router/RouteCollection.php(339): require('/home/u976386866/domains/servipro.site/public_html/app/app/Config/Routes.php')
 4 SYSTEMPATH/CodeIgniter.php(821): CodeIgniter\Router\RouteCollection->loadRoutes()
 5 SYSTEMPATH/CodeIgniter.php(455): CodeIgniter\CodeIgniter->tryToRouteIt(null)
 6 SYSTEMPATH/CodeIgniter.php(354): CodeIgniter\CodeIgniter->handleRequest(null, Object(Config\Cache), false)
 7 SYSTEMPATH/Boot.php(334): CodeIgniter\CodeIgniter->run()
 8 SYSTEMPATH/Boot.php(67): CodeIgniter\Boot::runCodeIgniter(Object(CodeIgniter\CodeIgniter))
 9 FCPATH/index.php(56): CodeIgniter\Boot::bootWeb(Object(Config\Paths))
WARNING - 2025-12-15 20:43:36 --> [DEPRECATED] Passing lowercase HTTP method "post" is deprecated. Use uppercase HTTP method like "POST". in SYSTEMPATH/Router/RouteCollection.php on line 1026.
 1 SYSTEMPATH/Router/RouteCollection.php(1026): trigger_error('Passing lowercase HTTP method "post" is deprecated. Use uppercase HTTP method like "POST".', 16384)
 2 APPPATH/Config/Routes.php(131): CodeIgniter\Router\RouteCollection->match([...], 'locations/generarPDF', 'LocationsPdfController::generarPDF')
 3 SYSTEMPATH/Router/RouteCollection.php(339): require('/home/u976386866/domains/servipro.site/public_html/app/app/Config/Routes.php')
 4 SYSTEMPATH/CodeIgniter.php(821): CodeIgniter\Router\RouteCollection->loadRoutes()
 5 SYSTEMPATH/CodeIgniter.php(455): CodeIgniter\CodeIgniter->tryToRouteIt(null)
 6 SYSTEMPATH/CodeIgniter.php(354): CodeIgniter\CodeIgniter->handleRequest(null, Object(Config\Cache), false)
 7 SYSTEMPATH/Boot.php(334): CodeIgniter\CodeIgniter->run()
 8 SYSTEMPATH/Boot.php(67): CodeIgniter\Boot::runCodeIgniter(Object(CodeIgniter\CodeIgniter))
 9 FCPATH/index.php(56): CodeIgniter\Boot::bootWeb(Object(Config\Paths))
WARNING - 2025-12-15 20:43:59 --> [DEPRECATED] Passing lowercase HTTP method "get" is deprecated. Use uppercase HTTP method like "GET". in SYSTEMPATH/Router/RouteCollection.php on line 1026.
 1 SYSTEMPATH/Router/RouteCollection.php(1026): trigger_error('Passing lowercase HTTP method "get" is deprecated. Use uppercase HTTP method like "GET".', 16384)
 2 APPPATH/Config/Routes.php(131): CodeIgniter\Router\RouteCollection->match([...], 'locations/generarPDF', 'LocationsPdfController::generarPDF')
 3 SYSTEMPATH/Router/RouteCollection.php(339): require('/home/u976386866/domains/servipro.site/public_html/app/app/Config/Routes.php')
 4 SYSTEMPATH/CodeIgniter.php(821): CodeIgniter\Router\RouteCollection->loadRoutes()
 5 SYSTEMPATH/CodeIgniter.php(455): CodeIgniter\CodeIgniter->tryToRouteIt(null)
 6 SYSTEMPATH/CodeIgniter.php(354): CodeIgniter\CodeIgniter->handleRequest(null, Object(Config\Cache), false)
 7 SYSTEMPATH/Boot.php(334): CodeIgniter\CodeIgniter->run()
 8 SYSTEMPATH/Boot.php(67): CodeIgniter\Boot::runCodeIgniter(Object(CodeIgniter\CodeIgniter))
 9 FCPATH/index.php(56): CodeIgniter\Boot::bootWeb(Object(Config\Paths))
WARNING - 2025-12-15 20:43:59 --> [DEPRECATED] Passing lowercase HTTP method "post" is deprecated. Use uppercase HTTP method like "POST". in SYSTEMPATH/Router/RouteCollection.php on line 1026.
 1 SYSTEMPATH/Router/RouteCollection.php(1026): trigger_error('Passing lowercase HTTP method "post" is deprecated. Use uppercase HTTP method like "POST".', 16384)
 2 APPPATH/Config/Routes.php(131): CodeIgniter\Router\RouteCollection->match([...], 'locations/generarPDF', 'LocationsPdfController::generarPDF')
 3 SYSTEMPATH/Router/RouteCollection.php(339): require('/home/u976386866/domains/servipro.site/public_html/app/app/Config/Routes.php')
 4 SYSTEMPATH/CodeIgniter.php(821): CodeIgniter\Router\RouteCollection->loadRoutes()
 5 SYSTEMPATH/CodeIgniter.php(455): CodeIgniter\CodeIgniter->tryToRouteIt(null)
 6 SYSTEMPATH/CodeIgniter.php(354): CodeIgniter\CodeIgniter->handleRequest(null, Object(Config\Cache), false)
 7 SYSTEMPATH/Boot.php(334): CodeIgniter\CodeIgniter->run()
 8 SYSTEMPATH/Boot.php(67): CodeIgniter\Boot::runCodeIgniter(Object(CodeIgniter\CodeIgniter))
 9 FCPATH/index.php(56): CodeIgniter\Boot::bootWeb(Object(Config\Paths))
DEBUG - 2025-12-15 20:43:59 --> Session: Class initialized using 'CodeIgniter\Session\Handlers\FileHandler' driver.
WARNING - 2025-12-15 20:43:59 --> [DEPRECATED] Passing lowercase HTTP method "get" is deprecated. Use uppercase HTTP method like "GET". in SYSTEMPATH/Router/RouteCollection.php on line 1026.
 1 SYSTEMPATH/Router/RouteCollection.php(1026): trigger_error('Passing lowercase HTTP method "get" is deprecated. Use uppercase HTTP method like "GET".', 16384)
 2 APPPATH/Config/Routes.php(131): CodeIgniter\Router\RouteCollection->match([...], 'locations/generarPDF', 'LocationsPdfController::generarPDF')
 3 SYSTEMPATH/Router/RouteCollection.php(339): require('/home/u976386866/domains/servipro.site/public_html/app/app/Config/Routes.php')
 4 SYSTEMPATH/CodeIgniter.php(821): CodeIgniter\Router\RouteCollection->loadRoutes()
 5 SYSTEMPATH/CodeIgniter.php(455): CodeIgniter\CodeIgniter->tryToRouteIt(null)
 6 SYSTEMPATH/CodeIgniter.php(354): CodeIgniter\CodeIgniter->handleRequest(null, Object(Config\Cache), false)
 7 SYSTEMPATH/Boot.php(334): CodeIgniter\CodeIgniter->run()
 8 SYSTEMPATH/Boot.php(67): CodeIgniter\Boot::runCodeIgniter(Object(CodeIgniter\CodeIgniter))
 9 FCPATH/index.php(56): CodeIgniter\Boot::bootWeb(Object(Config\Paths))
WARNING - 2025-12-15 20:43:59 --> [DEPRECATED] Passing lowercase HTTP method "post" is deprecated. Use uppercase HTTP method like "POST". in SYSTEMPATH/Router/RouteCollection.php on line 1026.
 1 SYSTEMPATH/Router/RouteCollection.php(1026): trigger_error('Passing lowercase HTTP method "post" is deprecated. Use uppercase HTTP method like "POST".', 16384)
 2 APPPATH/Config/Routes.php(131): CodeIgniter\Router\RouteCollection->match([...], 'locations/generarPDF', 'LocationsPdfController::generarPDF')
 3 SYSTEMPATH/Router/RouteCollection.php(339): require('/home/u976386866/domains/servipro.site/public_html/app/app/Config/Routes.php')
 4 SYSTEMPATH/CodeIgniter.php(821): CodeIgniter\Router\RouteCollection->loadRoutes()
 5 SYSTEMPATH/CodeIgniter.php(455): CodeIgniter\CodeIgniter->tryToRouteIt(null)
 6 SYSTEMPATH/CodeIgniter.php(354): CodeIgniter\CodeIgniter->handleRequest(null, Object(Config\Cache), false)
 7 SYSTEMPATH/Boot.php(334): CodeIgniter\CodeIgniter->run()
 8 SYSTEMPATH/Boot.php(67): CodeIgniter\Boot::runCodeIgniter(Object(CodeIgniter\CodeIgniter))
 9 FCPATH/index.php(56): CodeIgniter\Boot::bootWeb(Object(Config\Paths))
DEBUG - 2025-12-15 20:43:59 --> Session: Class initialized using 'CodeIgniter\Session\Handlers\FileHandler' driver.
WARNING - 2025-12-15 20:44:07 --> [DEPRECATED] Passing lowercase HTTP method "get" is deprecated. Use uppercase HTTP method like "GET". in SYSTEMPATH/Router/RouteCollection.php on line 1026.
 1 SYSTEMPATH/Router/RouteCollection.php(1026): trigger_error('Passing lowercase HTTP method "get" is deprecated. Use uppercase HTTP method like "GET".', 16384)
 2 APPPATH/Config/Routes.php(131): CodeIgniter\Router\RouteCollection->match([...], 'locations/generarPDF', 'LocationsPdfController::generarPDF')
 3 SYSTEMPATH/Router/RouteCollection.php(339): require('/home/u976386866/domains/servipro.site/public_html/app/app/Config/Routes.php')
 4 SYSTEMPATH/CodeIgniter.php(821): CodeIgniter\Router\RouteCollection->loadRoutes()
 5 SYSTEMPATH/CodeIgniter.php(455): CodeIgniter\CodeIgniter->tryToRouteIt(null)
 6 SYSTEMPATH/CodeIgniter.php(354): CodeIgniter\CodeIgniter->handleRequest(null, Object(Config\Cache), false)
 7 SYSTEMPATH/Boot.php(334): CodeIgniter\CodeIgniter->run()
 8 SYSTEMPATH/Boot.php(67): CodeIgniter\Boot::runCodeIgniter(Object(CodeIgniter\CodeIgniter))
 9 FCPATH/index.php(56): CodeIgniter\Boot::bootWeb(Object(Config\Paths))
WARNING - 2025-12-15 20:44:07 --> [DEPRECATED] Passing lowercase HTTP method "post" is deprecated. Use uppercase HTTP method like "POST". in SYSTEMPATH/Router/RouteCollection.php on line 1026.
 1 SYSTEMPATH/Router/RouteCollection.php(1026): trigger_error('Passing lowercase HTTP method "post" is deprecated. Use uppercase HTTP method like "POST".', 16384)
 2 APPPATH/Config/Routes.php(131): CodeIgniter\Router\RouteCollection->match([...], 'locations/generarPDF', 'LocationsPdfController::generarPDF')
 3 SYSTEMPATH/Router/RouteCollection.php(339): require('/home/u976386866/domains/servipro.site/public_html/app/app/Config/Routes.php')
 4 SYSTEMPATH/CodeIgniter.php(821): CodeIgniter\Router\RouteCollection->loadRoutes()
 5 SYSTEMPATH/CodeIgniter.php(455): CodeIgniter\CodeIgniter->tryToRouteIt(null)
 6 SYSTEMPATH/CodeIgniter.php(354): CodeIgniter\CodeIgniter->handleRequest(null, Object(Config\Cache), false)
 7 SYSTEMPATH/Boot.php(334): CodeIgniter\CodeIgniter->run()
 8 SYSTEMPATH/Boot.php(67): CodeIgniter\Boot::runCodeIgniter(Object(CodeIgniter\CodeIgniter))
 9 FCPATH/index.php(56): CodeIgniter\Boot::bootWeb(Object(Config\Paths))
DEBUG - 2025-12-15 20:44:07 --> Session: Class initialized using 'CodeIgniter\Session\Handlers\FileHandler' driver.
WARNING - 2025-12-15 20:51:40 --> [DEPRECATED] Passing lowercase HTTP method "get" is deprecated. Use uppercase HTTP method like "GET". in SYSTEMPATH/Router/RouteCollection.php on line 1026.
 1 SYSTEMPATH/Router/RouteCollection.php(1026): trigger_error('Passing lowercase HTTP method "get" is deprecated. Use uppercase HTTP method like "GET".', 16384)
 2 APPPATH/Config/Routes.php(131): CodeIgniter\Router\RouteCollection->match([...], 'locations/generarPDF', 'LocationsPdfController::generarPDF')
 3 SYSTEMPATH/Router/RouteCollection.php(339): require('/home/u976386866/domains/servipro.site/public_html/app/app/Config/Routes.php')
 4 SYSTEMPATH/CodeIgniter.php(821): CodeIgniter\Router\RouteCollection->loadRoutes()
 5 SYSTEMPATH/CodeIgniter.php(455): CodeIgniter\CodeIgniter->tryToRouteIt(null)
 6 SYSTEMPATH/CodeIgniter.php(354): CodeIgniter\CodeIgniter->handleRequest(null, Object(Config\Cache), false)
 7 SYSTEMPATH/Boot.php(334): CodeIgniter\CodeIgniter->run()
 8 SYSTEMPATH/Boot.php(67): CodeIgniter\Boot::runCodeIgniter(Object(CodeIgniter\CodeIgniter))
 9 FCPATH/index.php(56): CodeIgniter\Boot::bootWeb(Object(Config\Paths))
WARNING - 2025-12-15 20:51:40 --> [DEPRECATED] Passing lowercase HTTP method "post" is deprecated. Use uppercase HTTP method like "POST". in SYSTEMPATH/Router/RouteCollection.php on line 1026.
 1 SYSTEMPATH/Router/RouteCollection.php(1026): trigger_error('Passing lowercase HTTP method "post" is deprecated. Use uppercase HTTP method like "POST".', 16384)
 2 APPPATH/Config/Routes.php(131): CodeIgniter\Router\RouteCollection->match([...], 'locations/generarPDF', 'LocationsPdfController::generarPDF')
 3 SYSTEMPATH/Router/RouteCollection.php(339): require('/home/u976386866/domains/servipro.site/public_html/app/app/Config/Routes.php')
 4 SYSTEMPATH/CodeIgniter.php(821): CodeIgniter\Router\RouteCollection->loadRoutes()
 5 SYSTEMPATH/CodeIgniter.php(455): CodeIgniter\CodeIgniter->tryToRouteIt(null)
 6 SYSTEMPATH/CodeIgniter.php(354): CodeIgniter\CodeIgniter->handleRequest(null, Object(Config\Cache), false)
 7 SYSTEMPATH/Boot.php(334): CodeIgniter\CodeIgniter->run()
 8 SYSTEMPATH/Boot.php(67): CodeIgniter\Boot::runCodeIgniter(Object(CodeIgniter\CodeIgniter))
 9 FCPATH/index.php(56): CodeIgniter\Boot::bootWeb(Object(Config\Paths))
WARNING - 2025-12-15 20:54:59 --> [DEPRECATED] Passing lowercase HTTP method "get" is deprecated. Use uppercase HTTP method like "GET". in SYSTEMPATH/Router/RouteCollection.php on line 1026.
 1 SYSTEMPATH/Router/RouteCollection.php(1026): trigger_error('Passing lowercase HTTP method "get" is deprecated. Use uppercase HTTP method like "GET".', 16384)
 2 APPPATH/Config/Routes.php(131): CodeIgniter\Router\RouteCollection->match([...], 'locations/generarPDF', 'LocationsPdfController::generarPDF')
 3 SYSTEMPATH/Router/RouteCollection.php(339): require('/home/u976386866/domains/servipro.site/public_html/app/app/Config/Routes.php')
 4 SYSTEMPATH/CodeIgniter.php(821): CodeIgniter\Router\RouteCollection->loadRoutes()
 5 SYSTEMPATH/CodeIgniter.php(455): CodeIgniter\CodeIgniter->tryToRouteIt(null)
 6 SYSTEMPATH/CodeIgniter.php(354): CodeIgniter\CodeIgniter->handleRequest(null, Object(Config\Cache), false)
 7 SYSTEMPATH/Boot.php(334): CodeIgniter\CodeIgniter->run()
 8 SYSTEMPATH/Boot.php(67): CodeIgniter\Boot::runCodeIgniter(Object(CodeIgniter\CodeIgniter))
 9 FCPATH/index.php(56): CodeIgniter\Boot::bootWeb(Object(Config\Paths))
WARNING - 2025-12-15 20:54:59 --> [DEPRECATED] Passing lowercase HTTP method "post" is deprecated. Use uppercase HTTP method like "POST". in SYSTEMPATH/Router/RouteCollection.php on line 1026.
 1 SYSTEMPATH/Router/RouteCollection.php(1026): trigger_error('Passing lowercase HTTP method "post" is deprecated. Use uppercase HTTP method like "POST".', 16384)
 2 APPPATH/Config/Routes.php(131): CodeIgniter\Router\RouteCollection->match([...], 'locations/generarPDF', 'LocationsPdfController::generarPDF')
 3 SYSTEMPATH/Router/RouteCollection.php(339): require('/home/u976386866/domains/servipro.site/public_html/app/app/Config/Routes.php')
 4 SYSTEMPATH/CodeIgniter.php(821): CodeIgniter\Router\RouteCollection->loadRoutes()
 5 SYSTEMPATH/CodeIgniter.php(455): CodeIgniter\CodeIgniter->tryToRouteIt(null)
 6 SYSTEMPATH/CodeIgniter.php(354): CodeIgniter\CodeIgniter->handleRequest(null, Object(Config\Cache), false)
 7 SYSTEMPATH/Boot.php(334): CodeIgniter\CodeIgniter->run()
 8 SYSTEMPATH/Boot.php(67): CodeIgniter\Boot::runCodeIgniter(Object(CodeIgniter\CodeIgniter))
 9 FCPATH/index.php(56): CodeIgniter\Boot::bootWeb(Object(Config\Paths))
WARNING - 2025-12-15 20:55:18 --> [DEPRECATED] Passing lowercase HTTP method "get" is deprecated. Use uppercase HTTP method like "GET". in SYSTEMPATH/Router/RouteCollection.php on line 1026.
 1 SYSTEMPATH/Router/RouteCollection.php(1026): trigger_error('Passing lowercase HTTP method "get" is deprecated. Use uppercase HTTP method like "GET".', 16384)
 2 APPPATH/Config/Routes.php(131): CodeIgniter\Router\RouteCollection->match([...], 'locations/generarPDF', 'LocationsPdfController::generarPDF')
 3 SYSTEMPATH/Router/RouteCollection.php(339): require('/home/u976386866/domains/servipro.site/public_html/app/app/Config/Routes.php')
 4 SYSTEMPATH/CodeIgniter.php(821): CodeIgniter\Router\RouteCollection->loadRoutes()
 5 SYSTEMPATH/CodeIgniter.php(455): CodeIgniter\CodeIgniter->tryToRouteIt(null)
 6 SYSTEMPATH/CodeIgniter.php(354): CodeIgniter\CodeIgniter->handleRequest(null, Object(Config\Cache), false)
 7 SYSTEMPATH/Boot.php(334): CodeIgniter\CodeIgniter->run()
 8 SYSTEMPATH/Boot.php(67): CodeIgniter\Boot::runCodeIgniter(Object(CodeIgniter\CodeIgniter))
 9 FCPATH/index.php(56): CodeIgniter\Boot::bootWeb(Object(Config\Paths))
WARNING - 2025-12-15 20:55:18 --> [DEPRECATED] Passing lowercase HTTP method "post" is deprecated. Use uppercase HTTP method like "POST". in SYSTEMPATH/Router/RouteCollection.php on line 1026.
 1 SYSTEMPATH/Router/RouteCollection.php(1026): trigger_error('Passing lowercase HTTP method "post" is deprecated. Use uppercase HTTP method like "POST".', 16384)
 2 APPPATH/Config/Routes.php(131): CodeIgniter\Router\RouteCollection->match([...], 'locations/generarPDF', 'LocationsPdfController::generarPDF')
 3 SYSTEMPATH/Router/RouteCollection.php(339): require('/home/u976386866/domains/servipro.site/public_html/app/app/Config/Routes.php')
 4 SYSTEMPATH/CodeIgniter.php(821): CodeIgniter\Router\RouteCollection->loadRoutes()
 5 SYSTEMPATH/CodeIgniter.php(455): CodeIgniter\CodeIgniter->tryToRouteIt(null)
 6 SYSTEMPATH/CodeIgniter.php(354): CodeIgniter\CodeIgniter->handleRequest(null, Object(Config\Cache), false)
 7 SYSTEMPATH/Boot.php(334): CodeIgniter\CodeIgniter->run()
 8 SYSTEMPATH/Boot.php(67): CodeIgniter\Boot::runCodeIgniter(Object(CodeIgniter\CodeIgniter))
 9 FCPATH/index.php(56): CodeIgniter\Boot::bootWeb(Object(Config\Paths))
DEBUG - 2025-12-15 20:55:18 --> Session: Class initialized using 'CodeIgniter\Session\Handlers\FileHandler' driver.
WARNING - 2025-12-15 20:55:39 --> [DEPRECATED] Passing lowercase HTTP method "get" is deprecated. Use uppercase HTTP method like "GET". in SYSTEMPATH/Router/RouteCollection.php on line 1026.
 1 SYSTEMPATH/Router/RouteCollection.php(1026): trigger_error('Passing lowercase HTTP method "get" is deprecated. Use uppercase HTTP method like "GET".', 16384)
 2 APPPATH/Config/Routes.php(131): CodeIgniter\Router\RouteCollection->match([...], 'locations/generarPDF', 'LocationsPdfController::generarPDF')
 3 SYSTEMPATH/Router/RouteCollection.php(339): require('/home/u976386866/domains/servipro.site/public_html/app/app/Config/Routes.php')
 4 SYSTEMPATH/CodeIgniter.php(821): CodeIgniter\Router\RouteCollection->loadRoutes()
 5 SYSTEMPATH/CodeIgniter.php(455): CodeIgniter\CodeIgniter->tryToRouteIt(null)
 6 SYSTEMPATH/CodeIgniter.php(354): CodeIgniter\CodeIgniter->handleRequest(null, Object(Config\Cache), false)
 7 SYSTEMPATH/Boot.php(334): CodeIgniter\CodeIgniter->run()
 8 SYSTEMPATH/Boot.php(67): CodeIgniter\Boot::runCodeIgniter(Object(CodeIgniter\CodeIgniter))
 9 FCPATH/index.php(56): CodeIgniter\Boot::bootWeb(Object(Config\Paths))
WARNING - 2025-12-15 20:55:39 --> [DEPRECATED] Passing lowercase HTTP method "post" is deprecated. Use uppercase HTTP method like "POST". in SYSTEMPATH/Router/RouteCollection.php on line 1026.
 1 SYSTEMPATH/Router/RouteCollection.php(1026): trigger_error('Passing lowercase HTTP method "post" is deprecated. Use uppercase HTTP method like "POST".', 16384)
 2 APPPATH/Config/Routes.php(131): CodeIgniter\Router\RouteCollection->match([...], 'locations/generarPDF', 'LocationsPdfController::generarPDF')
 3 SYSTEMPATH/Router/RouteCollection.php(339): require('/home/u976386866/domains/servipro.site/public_html/app/app/Config/Routes.php')
 4 SYSTEMPATH/CodeIgniter.php(821): CodeIgniter\Router\RouteCollection->loadRoutes()
 5 SYSTEMPATH/CodeIgniter.php(455): CodeIgniter\CodeIgniter->tryToRouteIt(null)
 6 SYSTEMPATH/CodeIgniter.php(354): CodeIgniter\CodeIgniter->handleRequest(null, Object(Config\Cache), false)
 7 SYSTEMPATH/Boot.php(334): CodeIgniter\CodeIgniter->run()
 8 SYSTEMPATH/Boot.php(67): CodeIgniter\Boot::runCodeIgniter(Object(CodeIgniter\CodeIgniter))
 9 FCPATH/index.php(56): CodeIgniter\Boot::bootWeb(Object(Config\Paths))
DEBUG - 2025-12-15 20:55:39 --> Session: Class initialized using 'CodeIgniter\Session\Handlers\FileHandler' driver.
WARNING - 2025-12-15 20:55:41 --> [DEPRECATED] Passing lowercase HTTP method "get" is deprecated. Use uppercase HTTP method like "GET". in SYSTEMPATH/Router/RouteCollection.php on line 1026.
 1 SYSTEMPATH/Router/RouteCollection.php(1026): trigger_error('Passing lowercase HTTP method "get" is deprecated. Use uppercase HTTP method like "GET".', 16384)
 2 APPPATH/Config/Routes.php(131): CodeIgniter\Router\RouteCollection->match([...], 'locations/generarPDF', 'LocationsPdfController::generarPDF')
 3 SYSTEMPATH/Router/RouteCollection.php(339): require('/home/u976386866/domains/servipro.site/public_html/app/app/Config/Routes.php')
 4 SYSTEMPATH/CodeIgniter.php(821): CodeIgniter\Router\RouteCollection->loadRoutes()
 5 SYSTEMPATH/CodeIgniter.php(455): CodeIgniter\CodeIgniter->tryToRouteIt(null)
 6 SYSTEMPATH/CodeIgniter.php(354): CodeIgniter\CodeIgniter->handleRequest(null, Object(Config\Cache), false)
 7 SYSTEMPATH/Boot.php(334): CodeIgniter\CodeIgniter->run()
 8 SYSTEMPATH/Boot.php(67): CodeIgniter\Boot::runCodeIgniter(Object(CodeIgniter\CodeIgniter))
 9 FCPATH/index.php(56): CodeIgniter\Boot::bootWeb(Object(Config\Paths))
WARNING - 2025-12-15 20:55:41 --> [DEPRECATED] Passing lowercase HTTP method "post" is deprecated. Use uppercase HTTP method like "POST". in SYSTEMPATH/Router/RouteCollection.php on line 1026.
 1 SYSTEMPATH/Router/RouteCollection.php(1026): trigger_error('Passing lowercase HTTP method "post" is deprecated. Use uppercase HTTP method like "POST".', 16384)
 2 APPPATH/Config/Routes.php(131): CodeIgniter\Router\RouteCollection->match([...], 'locations/generarPDF', 'LocationsPdfController::generarPDF')
 3 SYSTEMPATH/Router/RouteCollection.php(339): require('/home/u976386866/domains/servipro.site/public_html/app/app/Config/Routes.php')
 4 SYSTEMPATH/CodeIgniter.php(821): CodeIgniter\Router\RouteCollection->loadRoutes()
 5 SYSTEMPATH/CodeIgniter.php(455): CodeIgniter\CodeIgniter->tryToRouteIt(null)
 6 SYSTEMPATH/CodeIgniter.php(354): CodeIgniter\CodeIgniter->handleRequest(null, Object(Config\Cache), false)
 7 SYSTEMPATH/Boot.php(334): CodeIgniter\CodeIgniter->run()
 8 SYSTEMPATH/Boot.php(67): CodeIgniter\Boot::runCodeIgniter(Object(CodeIgniter\CodeIgniter))
 9 FCPATH/index.php(56): CodeIgniter\Boot::bootWeb(Object(Config\Paths))
DEBUG - 2025-12-15 20:55:41 --> Session: Class initialized using 'CodeIgniter\Session\Handlers\FileHandler' driver.
WARNING - 2025-12-15 20:55:42 --> [DEPRECATED] Passing lowercase HTTP method "get" is deprecated. Use uppercase HTTP method like "GET". in SYSTEMPATH/Router/RouteCollection.php on line 1026.
 1 SYSTEMPATH/Router/RouteCollection.php(1026): trigger_error('Passing lowercase HTTP method "get" is deprecated. Use uppercase HTTP method like "GET".', 16384)
 2 APPPATH/Config/Routes.php(131): CodeIgniter\Router\RouteCollection->match([...], 'locations/generarPDF', 'LocationsPdfController::generarPDF')
 3 SYSTEMPATH/Router/RouteCollection.php(339): require('/home/u976386866/domains/servipro.site/public_html/app/app/Config/Routes.php')
 4 SYSTEMPATH/CodeIgniter.php(821): CodeIgniter\Router\RouteCollection->loadRoutes()
 5 SYSTEMPATH/CodeIgniter.php(455): CodeIgniter\CodeIgniter->tryToRouteIt(null)
 6 SYSTEMPATH/CodeIgniter.php(354): CodeIgniter\CodeIgniter->handleRequest(null, Object(Config\Cache), false)
 7 SYSTEMPATH/Boot.php(334): CodeIgniter\CodeIgniter->run()
 8 SYSTEMPATH/Boot.php(67): CodeIgniter\Boot::runCodeIgniter(Object(CodeIgniter\CodeIgniter))
 9 FCPATH/index.php(56): CodeIgniter\Boot::bootWeb(Object(Config\Paths))
WARNING - 2025-12-15 20:55:42 --> [DEPRECATED] Passing lowercase HTTP method "post" is deprecated. Use uppercase HTTP method like "POST". in SYSTEMPATH/Router/RouteCollection.php on line 1026.
 1 SYSTEMPATH/Router/RouteCollection.php(1026): trigger_error('Passing lowercase HTTP method "post" is deprecated. Use uppercase HTTP method like "POST".', 16384)
 2 APPPATH/Config/Routes.php(131): CodeIgniter\Router\RouteCollection->match([...], 'locations/generarPDF', 'LocationsPdfController::generarPDF')
 3 SYSTEMPATH/Router/RouteCollection.php(339): require('/home/u976386866/domains/servipro.site/public_html/app/app/Config/Routes.php')
 4 SYSTEMPATH/CodeIgniter.php(821): CodeIgniter\Router\RouteCollection->loadRoutes()
 5 SYSTEMPATH/CodeIgniter.php(455): CodeIgniter\CodeIgniter->tryToRouteIt(null)
 6 SYSTEMPATH/CodeIgniter.php(354): CodeIgniter\CodeIgniter->handleRequest(null, Object(Config\Cache), false)
 7 SYSTEMPATH/Boot.php(334): CodeIgniter\CodeIgniter->run()
 8 SYSTEMPATH/Boot.php(67): CodeIgniter\Boot::runCodeIgniter(Object(CodeIgniter\CodeIgniter))
 9 FCPATH/index.php(56): CodeIgniter\Boot::bootWeb(Object(Config\Paths))
DEBUG - 2025-12-15 20:55:42 --> Session: Class initialized using 'CodeIgniter\Session\Handlers\FileHandler' driver.
WARNING - 2025-12-15 20:56:07 --> [DEPRECATED] Passing lowercase HTTP method "get" is deprecated. Use uppercase HTTP method like "GET". in SYSTEMPATH/Router/RouteCollection.php on line 1026.
 1 SYSTEMPATH/Router/RouteCollection.php(1026): trigger_error('Passing lowercase HTTP method "get" is deprecated. Use uppercase HTTP method like "GET".', 16384)
 2 APPPATH/Config/Routes.php(131): CodeIgniter\Router\RouteCollection->match([...], 'locations/generarPDF', 'LocationsPdfController::generarPDF')
 3 SYSTEMPATH/Router/RouteCollection.php(339): require('/home/u976386866/domains/servipro.site/public_html/app/app/Config/Routes.php')
 4 SYSTEMPATH/CodeIgniter.php(821): CodeIgniter\Router\RouteCollection->loadRoutes()
 5 SYSTEMPATH/CodeIgniter.php(455): CodeIgniter\CodeIgniter->tryToRouteIt(null)
 6 SYSTEMPATH/CodeIgniter.php(354): CodeIgniter\CodeIgniter->handleRequest(null, Object(Config\Cache), false)
 7 SYSTEMPATH/Boot.php(334): CodeIgniter\CodeIgniter->run()
 8 SYSTEMPATH/Boot.php(67): CodeIgniter\Boot::runCodeIgniter(Object(CodeIgniter\CodeIgniter))
 9 FCPATH/index.php(56): CodeIgniter\Boot::bootWeb(Object(Config\Paths))
WARNING - 2025-12-15 20:56:07 --> [DEPRECATED] Passing lowercase HTTP method "post" is deprecated. Use uppercase HTTP method like "POST". in SYSTEMPATH/Router/RouteCollection.php on line 1026.
 1 SYSTEMPATH/Router/RouteCollection.php(1026): trigger_error('Passing lowercase HTTP method "post" is deprecated. Use uppercase HTTP method like "POST".', 16384)
 2 APPPATH/Config/Routes.php(131): CodeIgniter\Router\RouteCollection->match([...], 'locations/generarPDF', 'LocationsPdfController::generarPDF')
 3 SYSTEMPATH/Router/RouteCollection.php(339): require('/home/u976386866/domains/servipro.site/public_html/app/app/Config/Routes.php')
 4 SYSTEMPATH/CodeIgniter.php(821): CodeIgniter\Router\RouteCollection->loadRoutes()
 5 SYSTEMPATH/CodeIgniter.php(455): CodeIgniter\CodeIgniter->tryToRouteIt(null)
 6 SYSTEMPATH/CodeIgniter.php(354): CodeIgniter\CodeIgniter->handleRequest(null, Object(Config\Cache), false)
 7 SYSTEMPATH/Boot.php(334): CodeIgniter\CodeIgniter->run()
 8 SYSTEMPATH/Boot.php(67): CodeIgniter\Boot::runCodeIgniter(Object(CodeIgniter\CodeIgniter))
 9 FCPATH/index.php(56): CodeIgniter\Boot::bootWeb(Object(Config\Paths))
WARNING - 2025-12-15 20:56:33 --> [DEPRECATED] Passing lowercase HTTP method "get" is deprecated. Use uppercase HTTP method like "GET". in SYSTEMPATH/Router/RouteCollection.php on line 1026.
 1 SYSTEMPATH/Router/RouteCollection.php(1026): trigger_error('Passing lowercase HTTP method "get" is deprecated. Use uppercase HTTP method like "GET".', 16384)
 2 APPPATH/Config/Routes.php(131): CodeIgniter\Router\RouteCollection->match([...], 'locations/generarPDF', 'LocationsPdfController::generarPDF')
 3 SYSTEMPATH/Router/RouteCollection.php(339): require('/home/u976386866/domains/servipro.site/public_html/app/app/Config/Routes.php')
 4 SYSTEMPATH/CodeIgniter.php(821): CodeIgniter\Router\RouteCollection->loadRoutes()
 5 SYSTEMPATH/CodeIgniter.php(455): CodeIgniter\CodeIgniter->tryToRouteIt(null)
 6 SYSTEMPATH/CodeIgniter.php(354): CodeIgniter\CodeIgniter->handleRequest(null, Object(Config\Cache), false)
 7 SYSTEMPATH/Boot.php(334): CodeIgniter\CodeIgniter->run()
 8 SYSTEMPATH/Boot.php(67): CodeIgniter\Boot::runCodeIgniter(Object(CodeIgniter\CodeIgniter))
 9 FCPATH/index.php(56): CodeIgniter\Boot::bootWeb(Object(Config\Paths))
WARNING - 2025-12-15 20:56:33 --> [DEPRECATED] Passing lowercase HTTP method "post" is deprecated. Use uppercase HTTP method like "POST". in SYSTEMPATH/Router/RouteCollection.php on line 1026.
 1 SYSTEMPATH/Router/RouteCollection.php(1026): trigger_error('Passing lowercase HTTP method "post" is deprecated. Use uppercase HTTP method like "POST".', 16384)
 2 APPPATH/Config/Routes.php(131): CodeIgniter\Router\RouteCollection->match([...], 'locations/generarPDF', 'LocationsPdfController::generarPDF')
 3 SYSTEMPATH/Router/RouteCollection.php(339): require('/home/u976386866/domains/servipro.site/public_html/app/app/Config/Routes.php')
 4 SYSTEMPATH/CodeIgniter.php(821): CodeIgniter\Router\RouteCollection->loadRoutes()
 5 SYSTEMPATH/CodeIgniter.php(455): CodeIgniter\CodeIgniter->tryToRouteIt(null)
 6 SYSTEMPATH/CodeIgniter.php(354): CodeIgniter\CodeIgniter->handleRequest(null, Object(Config\Cache), false)
 7 SYSTEMPATH/Boot.php(334): CodeIgniter\CodeIgniter->run()
 8 SYSTEMPATH/Boot.php(67): CodeIgniter\Boot::runCodeIgniter(Object(CodeIgniter\CodeIgniter))
 9 FCPATH/index.php(56): CodeIgniter\Boot::bootWeb(Object(Config\Paths))
DEBUG - 2025-12-15 20:56:33 --> Session: Class initialized using 'CodeIgniter\Session\Handlers\FileHandler' driver.
WARNING - 2025-12-15 20:56:43 --> [DEPRECATED] Passing lowercase HTTP method "get" is deprecated. Use uppercase HTTP method like "GET". in SYSTEMPATH/Router/RouteCollection.php on line 1026.
 1 SYSTEMPATH/Router/RouteCollection.php(1026): trigger_error('Passing lowercase HTTP method "get" is deprecated. Use uppercase HTTP method like "GET".', 16384)
 2 APPPATH/Config/Routes.php(131): CodeIgniter\Router\RouteCollection->match([...], 'locations/generarPDF', 'LocationsPdfController::generarPDF')
 3 SYSTEMPATH/Router/RouteCollection.php(339): require('/home/u976386866/domains/servipro.site/public_html/app/app/Config/Routes.php')
 4 SYSTEMPATH/CodeIgniter.php(821): CodeIgniter\Router\RouteCollection->loadRoutes()
 5 SYSTEMPATH/CodeIgniter.php(455): CodeIgniter\CodeIgniter->tryToRouteIt(null)
 6 SYSTEMPATH/CodeIgniter.php(354): CodeIgniter\CodeIgniter->handleRequest(null, Object(Config\Cache), false)
 7 SYSTEMPATH/Boot.php(334): CodeIgniter\CodeIgniter->run()
 8 SYSTEMPATH/Boot.php(67): CodeIgniter\Boot::runCodeIgniter(Object(CodeIgniter\CodeIgniter))
 9 FCPATH/index.php(56): CodeIgniter\Boot::bootWeb(Object(Config\Paths))
WARNING - 2025-12-15 20:56:43 --> [DEPRECATED] Passing lowercase HTTP method "post" is deprecated. Use uppercase HTTP method like "POST". in SYSTEMPATH/Router/RouteCollection.php on line 1026.
 1 SYSTEMPATH/Router/RouteCollection.php(1026): trigger_error('Passing lowercase HTTP method "post" is deprecated. Use uppercase HTTP method like "POST".', 16384)
 2 APPPATH/Config/Routes.php(131): CodeIgniter\Router\RouteCollection->match([...], 'locations/generarPDF', 'LocationsPdfController::generarPDF')
 3 SYSTEMPATH/Router/RouteCollection.php(339): require('/home/u976386866/domains/servipro.site/public_html/app/app/Config/Routes.php')
 4 SYSTEMPATH/CodeIgniter.php(821): CodeIgniter\Router\RouteCollection->loadRoutes()
 5 SYSTEMPATH/CodeIgniter.php(455): CodeIgniter\CodeIgniter->tryToRouteIt(null)
 6 SYSTEMPATH/CodeIgniter.php(354): CodeIgniter\CodeIgniter->handleRequest(null, Object(Config\Cache), false)
 7 SYSTEMPATH/Boot.php(334): CodeIgniter\CodeIgniter->run()
 8 SYSTEMPATH/Boot.php(67): CodeIgniter\Boot::runCodeIgniter(Object(CodeIgniter\CodeIgniter))
 9 FCPATH/index.php(56): CodeIgniter\Boot::bootWeb(Object(Config\Paths))
DEBUG - 2025-12-15 20:56:43 --> Session: Class initialized using 'CodeIgniter\Session\Handlers\FileHandler' driver.
WARNING - 2025-12-15 20:56:53 --> [DEPRECATED] Passing lowercase HTTP method "get" is deprecated. Use uppercase HTTP method like "GET". in SYSTEMPATH/Router/RouteCollection.php on line 1026.
 1 SYSTEMPATH/Router/RouteCollection.php(1026): trigger_error('Passing lowercase HTTP method "get" is deprecated. Use uppercase HTTP method like "GET".', 16384)
 2 APPPATH/Config/Routes.php(131): CodeIgniter\Router\RouteCollection->match([...], 'locations/generarPDF', 'LocationsPdfController::generarPDF')
 3 SYSTEMPATH/Router/RouteCollection.php(339): require('/home/u976386866/domains/servipro.site/public_html/app/app/Config/Routes.php')
 4 SYSTEMPATH/CodeIgniter.php(821): CodeIgniter\Router\RouteCollection->loadRoutes()
 5 SYSTEMPATH/CodeIgniter.php(455): CodeIgniter\CodeIgniter->tryToRouteIt(null)
 6 SYSTEMPATH/CodeIgniter.php(354): CodeIgniter\CodeIgniter->handleRequest(null, Object(Config\Cache), false)
 7 SYSTEMPATH/Boot.php(334): CodeIgniter\CodeIgniter->run()
 8 SYSTEMPATH/Boot.php(67): CodeIgniter\Boot::runCodeIgniter(Object(CodeIgniter\CodeIgniter))
 9 FCPATH/index.php(56): CodeIgniter\Boot::bootWeb(Object(Config\Paths))
WARNING - 2025-12-15 20:56:53 --> [DEPRECATED] Passing lowercase HTTP method "post" is deprecated. Use uppercase HTTP method like "POST". in SYSTEMPATH/Router/RouteCollection.php on line 1026.
 1 SYSTEMPATH/Router/RouteCollection.php(1026): trigger_error('Passing lowercase HTTP method "post" is deprecated. Use uppercase HTTP method like "POST".', 16384)
 2 APPPATH/Config/Routes.php(131): CodeIgniter\Router\RouteCollection->match([...], 'locations/generarPDF', 'LocationsPdfController::generarPDF')
 3 SYSTEMPATH/Router/RouteCollection.php(339): require('/home/u976386866/domains/servipro.site/public_html/app/app/Config/Routes.php')
 4 SYSTEMPATH/CodeIgniter.php(821): CodeIgniter\Router\RouteCollection->loadRoutes()
 5 SYSTEMPATH/CodeIgniter.php(455): CodeIgniter\CodeIgniter->tryToRouteIt(null)
 6 SYSTEMPATH/CodeIgniter.php(354): CodeIgniter\CodeIgniter->handleRequest(null, Object(Config\Cache), false)
 7 SYSTEMPATH/Boot.php(334): CodeIgniter\CodeIgniter->run()
 8 SYSTEMPATH/Boot.php(67): CodeIgniter\Boot::runCodeIgniter(Object(CodeIgniter\CodeIgniter))
 9 FCPATH/index.php(56): CodeIgniter\Boot::bootWeb(Object(Config\Paths))
DEBUG - 2025-12-15 20:56:53 --> Session: Class initialized using 'CodeIgniter\Session\Handlers\FileHandler' driver.
WARNING - 2025-12-15 20:57:38 --> [DEPRECATED] Passing lowercase HTTP method "get" is deprecated. Use uppercase HTTP method like "GET". in SYSTEMPATH/Router/RouteCollection.php on line 1026.
 1 SYSTEMPATH/Router/RouteCollection.php(1026): trigger_error('Passing lowercase HTTP method "get" is deprecated. Use uppercase HTTP method like "GET".', 16384)
 2 APPPATH/Config/Routes.php(131): CodeIgniter\Router\RouteCollection->match([...], 'locations/generarPDF', 'LocationsPdfController::generarPDF')
 3 SYSTEMPATH/Router/RouteCollection.php(339): require('/home/u976386866/domains/servipro.site/public_html/app/app/Config/Routes.php')
 4 SYSTEMPATH/CodeIgniter.php(821): CodeIgniter\Router\RouteCollection->loadRoutes()
 5 SYSTEMPATH/CodeIgniter.php(455): CodeIgniter\CodeIgniter->tryToRouteIt(null)
 6 SYSTEMPATH/CodeIgniter.php(354): CodeIgniter\CodeIgniter->handleRequest(null, Object(Config\Cache), false)
 7 SYSTEMPATH/Boot.php(334): CodeIgniter\CodeIgniter->run()
 8 SYSTEMPATH/Boot.php(67): CodeIgniter\Boot::runCodeIgniter(Object(CodeIgniter\CodeIgniter))
 9 FCPATH/index.php(56): CodeIgniter\Boot::bootWeb(Object(Config\Paths))
WARNING - 2025-12-15 20:57:38 --> [DEPRECATED] Passing lowercase HTTP method "post" is deprecated. Use uppercase HTTP method like "POST". in SYSTEMPATH/Router/RouteCollection.php on line 1026.
 1 SYSTEMPATH/Router/RouteCollection.php(1026): trigger_error('Passing lowercase HTTP method "post" is deprecated. Use uppercase HTTP method like "POST".', 16384)
 2 APPPATH/Config/Routes.php(131): CodeIgniter\Router\RouteCollection->match([...], 'locations/generarPDF', 'LocationsPdfController::generarPDF')
 3 SYSTEMPATH/Router/RouteCollection.php(339): require('/home/u976386866/domains/servipro.site/public_html/app/app/Config/Routes.php')
 4 SYSTEMPATH/CodeIgniter.php(821): CodeIgniter\Router\RouteCollection->loadRoutes()
 5 SYSTEMPATH/CodeIgniter.php(455): CodeIgniter\CodeIgniter->tryToRouteIt(null)
 6 SYSTEMPATH/CodeIgniter.php(354): CodeIgniter\CodeIgniter->handleRequest(null, Object(Config\Cache), false)
 7 SYSTEMPATH/Boot.php(334): CodeIgniter\CodeIgniter->run()
 8 SYSTEMPATH/Boot.php(67): CodeIgniter\Boot::runCodeIgniter(Object(CodeIgniter\CodeIgniter))
 9 FCPATH/index.php(56): CodeIgniter\Boot::bootWeb(Object(Config\Paths))
DEBUG - 2025-12-15 20:57:38 --> Session: Class initialized using 'CodeIgniter\Session\Handlers\FileHandler' driver.
WARNING - 2025-12-15 20:57:42 --> [DEPRECATED] Passing lowercase HTTP method "get" is deprecated. Use uppercase HTTP method like "GET". in SYSTEMPATH/Router/RouteCollection.php on line 1026.
 1 SYSTEMPATH/Router/RouteCollection.php(1026): trigger_error('Passing lowercase HTTP method "get" is deprecated. Use uppercase HTTP method like "GET".', 16384)
 2 APPPATH/Config/Routes.php(131): CodeIgniter\Router\RouteCollection->match([...], 'locations/generarPDF', 'LocationsPdfController::generarPDF')
 3 SYSTEMPATH/Router/RouteCollection.php(339): require('/home/u976386866/domains/servipro.site/public_html/app/app/Config/Routes.php')
 4 SYSTEMPATH/CodeIgniter.php(821): CodeIgniter\Router\RouteCollection->loadRoutes()
 5 SYSTEMPATH/CodeIgniter.php(455): CodeIgniter\CodeIgniter->tryToRouteIt(null)
 6 SYSTEMPATH/CodeIgniter.php(354): CodeIgniter\CodeIgniter->handleRequest(null, Object(Config\Cache), false)
 7 SYSTEMPATH/Boot.php(334): CodeIgniter\CodeIgniter->run()
 8 SYSTEMPATH/Boot.php(67): CodeIgniter\Boot::runCodeIgniter(Object(CodeIgniter\CodeIgniter))
 9 FCPATH/index.php(56): CodeIgniter\Boot::bootWeb(Object(Config\Paths))
WARNING - 2025-12-15 20:57:42 --> [DEPRECATED] Passing lowercase HTTP method "post" is deprecated. Use uppercase HTTP method like "POST". in SYSTEMPATH/Router/RouteCollection.php on line 1026.
 1 SYSTEMPATH/Router/RouteCollection.php(1026): trigger_error('Passing lowercase HTTP method "post" is deprecated. Use uppercase HTTP method like "POST".', 16384)
 2 APPPATH/Config/Routes.php(131): CodeIgniter\Router\RouteCollection->match([...], 'locations/generarPDF', 'LocationsPdfController::generarPDF')
 3 SYSTEMPATH/Router/RouteCollection.php(339): require('/home/u976386866/domains/servipro.site/public_html/app/app/Config/Routes.php')
 4 SYSTEMPATH/CodeIgniter.php(821): CodeIgniter\Router\RouteCollection->loadRoutes()
 5 SYSTEMPATH/CodeIgniter.php(455): CodeIgniter\CodeIgniter->tryToRouteIt(null)
 6 SYSTEMPATH/CodeIgniter.php(354): CodeIgniter\CodeIgniter->handleRequest(null, Object(Config\Cache), false)
 7 SYSTEMPATH/Boot.php(334): CodeIgniter\CodeIgniter->run()
 8 SYSTEMPATH/Boot.php(67): CodeIgniter\Boot::runCodeIgniter(Object(CodeIgniter\CodeIgniter))
 9 FCPATH/index.php(56): CodeIgniter\Boot::bootWeb(Object(Config\Paths))
DEBUG - 2025-12-15 20:57:42 --> Session: Class initialized using 'CodeIgniter\Session\Handlers\FileHandler' driver.
WARNING - 2025-12-15 20:57:43 --> [DEPRECATED] Passing lowercase HTTP method "get" is deprecated. Use uppercase HTTP method like "GET". in SYSTEMPATH/Router/RouteCollection.php on line 1026.
 1 SYSTEMPATH/Router/RouteCollection.php(1026): trigger_error('Passing lowercase HTTP method "get" is deprecated. Use uppercase HTTP method like "GET".', 16384)
 2 APPPATH/Config/Routes.php(131): CodeIgniter\Router\RouteCollection->match([...], 'locations/generarPDF', 'LocationsPdfController::generarPDF')
 3 SYSTEMPATH/Router/RouteCollection.php(339): require('/home/u976386866/domains/servipro.site/public_html/app/app/Config/Routes.php')
 4 SYSTEMPATH/CodeIgniter.php(821): CodeIgniter\Router\RouteCollection->loadRoutes()
 5 SYSTEMPATH/CodeIgniter.php(455): CodeIgniter\CodeIgniter->tryToRouteIt(null)
 6 SYSTEMPATH/CodeIgniter.php(354): CodeIgniter\CodeIgniter->handleRequest(null, Object(Config\Cache), false)
 7 SYSTEMPATH/Boot.php(334): CodeIgniter\CodeIgniter->run()
 8 SYSTEMPATH/Boot.php(67): CodeIgniter\Boot::runCodeIgniter(Object(CodeIgniter\CodeIgniter))
 9 FCPATH/index.php(56): CodeIgniter\Boot::bootWeb(Object(Config\Paths))
WARNING - 2025-12-15 20:57:43 --> [DEPRECATED] Passing lowercase HTTP method "post" is deprecated. Use uppercase HTTP method like "POST". in SYSTEMPATH/Router/RouteCollection.php on line 1026.
 1 SYSTEMPATH/Router/RouteCollection.php(1026): trigger_error('Passing lowercase HTTP method "post" is deprecated. Use uppercase HTTP method like "POST".', 16384)
 2 APPPATH/Config/Routes.php(131): CodeIgniter\Router\RouteCollection->match([...], 'locations/generarPDF', 'LocationsPdfController::generarPDF')
 3 SYSTEMPATH/Router/RouteCollection.php(339): require('/home/u976386866/domains/servipro.site/public_html/app/app/Config/Routes.php')
 4 SYSTEMPATH/CodeIgniter.php(821): CodeIgniter\Router\RouteCollection->loadRoutes()
 5 SYSTEMPATH/CodeIgniter.php(455): CodeIgniter\CodeIgniter->tryToRouteIt(null)
 6 SYSTEMPATH/CodeIgniter.php(354): CodeIgniter\CodeIgniter->handleRequest(null, Object(Config\Cache), false)
 7 SYSTEMPATH/Boot.php(334): CodeIgniter\CodeIgniter->run()
 8 SYSTEMPATH/Boot.php(67): CodeIgniter\Boot::runCodeIgniter(Object(CodeIgniter\CodeIgniter))
 9 FCPATH/index.php(56): CodeIgniter\Boot::bootWeb(Object(Config\Paths))
DEBUG - 2025-12-15 20:57:43 --> Session: Class initialized using 'CodeIgniter\Session\Handlers\FileHandler' driver.
WARNING - 2025-12-15 20:59:18 --> [DEPRECATED] Passing lowercase HTTP method "get" is deprecated. Use uppercase HTTP method like "GET". in SYSTEMPATH/Router/RouteCollection.php on line 1026.
 1 SYSTEMPATH/Router/RouteCollection.php(1026): trigger_error('Passing lowercase HTTP method "get" is deprecated. Use uppercase HTTP method like "GET".', 16384)
 2 APPPATH/Config/Routes.php(131): CodeIgniter\Router\RouteCollection->match([...], 'locations/generarPDF', 'LocationsPdfController::generarPDF')
 3 SYSTEMPATH/Router/RouteCollection.php(339): require('/home/u976386866/domains/servipro.site/public_html/app/app/Config/Routes.php')
 4 SYSTEMPATH/CodeIgniter.php(821): CodeIgniter\Router\RouteCollection->loadRoutes()
 5 SYSTEMPATH/CodeIgniter.php(455): CodeIgniter\CodeIgniter->tryToRouteIt(null)
 6 SYSTEMPATH/CodeIgniter.php(354): CodeIgniter\CodeIgniter->handleRequest(null, Object(Config\Cache), false)
 7 SYSTEMPATH/Boot.php(334): CodeIgniter\CodeIgniter->run()
 8 SYSTEMPATH/Boot.php(67): CodeIgniter\Boot::runCodeIgniter(Object(CodeIgniter\CodeIgniter))
 9 FCPATH/index.php(56): CodeIgniter\Boot::bootWeb(Object(Config\Paths))
WARNING - 2025-12-15 20:59:18 --> [DEPRECATED] Passing lowercase HTTP method "post" is deprecated. Use uppercase HTTP method like "POST". in SYSTEMPATH/Router/RouteCollection.php on line 1026.
 1 SYSTEMPATH/Router/RouteCollection.php(1026): trigger_error('Passing lowercase HTTP method "post" is deprecated. Use uppercase HTTP method like "POST".', 16384)
 2 APPPATH/Config/Routes.php(131): CodeIgniter\Router\RouteCollection->match([...], 'locations/generarPDF', 'LocationsPdfController::generarPDF')
 3 SYSTEMPATH/Router/RouteCollection.php(339): require('/home/u976386866/domains/servipro.site/public_html/app/app/Config/Routes.php')
 4 SYSTEMPATH/CodeIgniter.php(821): CodeIgniter\Router\RouteCollection->loadRoutes()
 5 SYSTEMPATH/CodeIgniter.php(455): CodeIgniter\CodeIgniter->tryToRouteIt(null)
 6 SYSTEMPATH/CodeIgniter.php(354): CodeIgniter\CodeIgniter->handleRequest(null, Object(Config\Cache), false)
 7 SYSTEMPATH/Boot.php(334): CodeIgniter\CodeIgniter->run()
 8 SYSTEMPATH/Boot.php(67): CodeIgniter\Boot::runCodeIgniter(Object(CodeIgniter\CodeIgniter))
 9 FCPATH/index.php(56): CodeIgniter\Boot::bootWeb(Object(Config\Paths))
DEBUG - 2025-12-15 20:59:18 --> Session: Class initialized using 'CodeIgniter\Session\Handlers\FileHandler' driver.
WARNING - 2025-12-15 20:59:50 --> [DEPRECATED] Passing lowercase HTTP method "get" is deprecated. Use uppercase HTTP method like "GET". in SYSTEMPATH/Router/RouteCollection.php on line 1026.
 1 SYSTEMPATH/Router/RouteCollection.php(1026): trigger_error('Passing lowercase HTTP method "get" is deprecated. Use uppercase HTTP method like "GET".', 16384)
 2 APPPATH/Config/Routes.php(131): CodeIgniter\Router\RouteCollection->match([...], 'locations/generarPDF', 'LocationsPdfController::generarPDF')
 3 SYSTEMPATH/Router/RouteCollection.php(339): require('/home/u976386866/domains/servipro.site/public_html/app/app/Config/Routes.php')
 4 SYSTEMPATH/CodeIgniter.php(821): CodeIgniter\Router\RouteCollection->loadRoutes()
 5 SYSTEMPATH/CodeIgniter.php(455): CodeIgniter\CodeIgniter->tryToRouteIt(null)
 6 SYSTEMPATH/CodeIgniter.php(354): CodeIgniter\CodeIgniter->handleRequest(null, Object(Config\Cache), false)
 7 SYSTEMPATH/Boot.php(334): CodeIgniter\CodeIgniter->run()
 8 SYSTEMPATH/Boot.php(67): CodeIgniter\Boot::runCodeIgniter(Object(CodeIgniter\CodeIgniter))
 9 FCPATH/index.php(56): CodeIgniter\Boot::bootWeb(Object(Config\Paths))
WARNING - 2025-12-15 20:59:50 --> [DEPRECATED] Passing lowercase HTTP method "post" is deprecated. Use uppercase HTTP method like "POST". in SYSTEMPATH/Router/RouteCollection.php on line 1026.
 1 SYSTEMPATH/Router/RouteCollection.php(1026): trigger_error('Passing lowercase HTTP method "post" is deprecated. Use uppercase HTTP method like "POST".', 16384)
 2 APPPATH/Config/Routes.php(131): CodeIgniter\Router\RouteCollection->match([...], 'locations/generarPDF', 'LocationsPdfController::generarPDF')
 3 SYSTEMPATH/Router/RouteCollection.php(339): require('/home/u976386866/domains/servipro.site/public_html/app/app/Config/Routes.php')
 4 SYSTEMPATH/CodeIgniter.php(821): CodeIgniter\Router\RouteCollection->loadRoutes()
 5 SYSTEMPATH/CodeIgniter.php(455): CodeIgniter\CodeIgniter->tryToRouteIt(null)
 6 SYSTEMPATH/CodeIgniter.php(354): CodeIgniter\CodeIgniter->handleRequest(null, Object(Config\Cache), false)
 7 SYSTEMPATH/Boot.php(334): CodeIgniter\CodeIgniter->run()
 8 SYSTEMPATH/Boot.php(67): CodeIgniter\Boot::runCodeIgniter(Object(CodeIgniter\CodeIgniter))
 9 FCPATH/index.php(56): CodeIgniter\Boot::bootWeb(Object(Config\Paths))
DEBUG - 2025-12-15 20:59:50 --> Session: Class initialized using 'CodeIgniter\Session\Handlers\FileHandler' driver.
WARNING - 2025-12-15 21:00:04 --> [DEPRECATED] Passing lowercase HTTP method "get" is deprecated. Use uppercase HTTP method like "GET". in SYSTEMPATH/Router/RouteCollection.php on line 1026.
 1 SYSTEMPATH/Router/RouteCollection.php(1026): trigger_error('Passing lowercase HTTP method "get" is deprecated. Use uppercase HTTP method like "GET".', 16384)
 2 APPPATH/Config/Routes.php(131): CodeIgniter\Router\RouteCollection->match([...], 'locations/generarPDF', 'LocationsPdfController::generarPDF')
 3 SYSTEMPATH/Router/RouteCollection.php(339): require('/home/u976386866/domains/servipro.site/public_html/app/app/Config/Routes.php')
 4 SYSTEMPATH/CodeIgniter.php(821): CodeIgniter\Router\RouteCollection->loadRoutes()
 5 SYSTEMPATH/CodeIgniter.php(455): CodeIgniter\CodeIgniter->tryToRouteIt(null)
 6 SYSTEMPATH/CodeIgniter.php(354): CodeIgniter\CodeIgniter->handleRequest(null, Object(Config\Cache), false)
 7 SYSTEMPATH/Boot.php(334): CodeIgniter\CodeIgniter->run()
 8 SYSTEMPATH/Boot.php(67): CodeIgniter\Boot::runCodeIgniter(Object(CodeIgniter\CodeIgniter))
 9 FCPATH/index.php(56): CodeIgniter\Boot::bootWeb(Object(Config\Paths))
WARNING - 2025-12-15 21:00:04 --> [DEPRECATED] Passing lowercase HTTP method "post" is deprecated. Use uppercase HTTP method like "POST". in SYSTEMPATH/Router/RouteCollection.php on line 1026.
 1 SYSTEMPATH/Router/RouteCollection.php(1026): trigger_error('Passing lowercase HTTP method "post" is deprecated. Use uppercase HTTP method like "POST".', 16384)
 2 APPPATH/Config/Routes.php(131): CodeIgniter\Router\RouteCollection->match([...], 'locations/generarPDF', 'LocationsPdfController::generarPDF')
 3 SYSTEMPATH/Router/RouteCollection.php(339): require('/home/u976386866/domains/servipro.site/public_html/app/app/Config/Routes.php')
 4 SYSTEMPATH/CodeIgniter.php(821): CodeIgniter\Router\RouteCollection->loadRoutes()
 5 SYSTEMPATH/CodeIgniter.php(455): CodeIgniter\CodeIgniter->tryToRouteIt(null)
 6 SYSTEMPATH/CodeIgniter.php(354): CodeIgniter\CodeIgniter->handleRequest(null, Object(Config\Cache), false)
 7 SYSTEMPATH/Boot.php(334): CodeIgniter\CodeIgniter->run()
 8 SYSTEMPATH/Boot.php(67): CodeIgniter\Boot::runCodeIgniter(Object(CodeIgniter\CodeIgniter))
 9 FCPATH/index.php(56): CodeIgniter\Boot::bootWeb(Object(Config\Paths))
DEBUG - 2025-12-15 21:00:04 --> Session: Class initialized using 'CodeIgniter\Session\Handlers\FileHandler' driver.
WARNING - 2025-12-15 21:02:07 --> [DEPRECATED] Passing lowercase HTTP method "get" is deprecated. Use uppercase HTTP method like "GET". in SYSTEMPATH/Router/RouteCollection.php on line 1026.
 1 SYSTEMPATH/Router/RouteCollection.php(1026): trigger_error('Passing lowercase HTTP method "get" is deprecated. Use uppercase HTTP method like "GET".', 16384)
 2 APPPATH/Config/Routes.php(131): CodeIgniter\Router\RouteCollection->match([...], 'locations/generarPDF', 'LocationsPdfController::generarPDF')
 3 SYSTEMPATH/Router/RouteCollection.php(339): require('/home/u976386866/domains/servipro.site/public_html/app/app/Config/Routes.php')
 4 SYSTEMPATH/CodeIgniter.php(821): CodeIgniter\Router\RouteCollection->loadRoutes()
 5 SYSTEMPATH/CodeIgniter.php(455): CodeIgniter\CodeIgniter->tryToRouteIt(null)
 6 SYSTEMPATH/CodeIgniter.php(354): CodeIgniter\CodeIgniter->handleRequest(null, Object(Config\Cache), false)
 7 SYSTEMPATH/Boot.php(334): CodeIgniter\CodeIgniter->run()
 8 SYSTEMPATH/Boot.php(67): CodeIgniter\Boot::runCodeIgniter(Object(CodeIgniter\CodeIgniter))
 9 FCPATH/index.php(56): CodeIgniter\Boot::bootWeb(Object(Config\Paths))
WARNING - 2025-12-15 21:02:07 --> [DEPRECATED] Passing lowercase HTTP method "post" is deprecated. Use uppercase HTTP method like "POST". in SYSTEMPATH/Router/RouteCollection.php on line 1026.
 1 SYSTEMPATH/Router/RouteCollection.php(1026): trigger_error('Passing lowercase HTTP method "post" is deprecated. Use uppercase HTTP method like "POST".', 16384)
 2 APPPATH/Config/Routes.php(131): CodeIgniter\Router\RouteCollection->match([...], 'locations/generarPDF', 'LocationsPdfController::generarPDF')
 3 SYSTEMPATH/Router/RouteCollection.php(339): require('/home/u976386866/domains/servipro.site/public_html/app/app/Config/Routes.php')
 4 SYSTEMPATH/CodeIgniter.php(821): CodeIgniter\Router\RouteCollection->loadRoutes()
 5 SYSTEMPATH/CodeIgniter.php(455): CodeIgniter\CodeIgniter->tryToRouteIt(null)
 6 SYSTEMPATH/CodeIgniter.php(354): CodeIgniter\CodeIgniter->handleRequest(null, Object(Config\Cache), false)
 7 SYSTEMPATH/Boot.php(334): CodeIgniter\CodeIgniter->run()
 8 SYSTEMPATH/Boot.php(67): CodeIgniter\Boot::runCodeIgniter(Object(CodeIgniter\CodeIgniter))
 9 FCPATH/index.php(56): CodeIgniter\Boot::bootWeb(Object(Config\Paths))
WARNING - 2025-12-15 21:02:30 --> [DEPRECATED] Passing lowercase HTTP method "get" is deprecated. Use uppercase HTTP method like "GET". in SYSTEMPATH/Router/RouteCollection.php on line 1026.
 1 SYSTEMPATH/Router/RouteCollection.php(1026): trigger_error('Passing lowercase HTTP method "get" is deprecated. Use uppercase HTTP method like "GET".', 16384)
 2 APPPATH/Config/Routes.php(131): CodeIgniter\Router\RouteCollection->match([...], 'locations/generarPDF', 'LocationsPdfController::generarPDF')
 3 SYSTEMPATH/Router/RouteCollection.php(339): require('/home/u976386866/domains/servipro.site/public_html/app/app/Config/Routes.php')
 4 SYSTEMPATH/CodeIgniter.php(821): CodeIgniter\Router\RouteCollection->loadRoutes()
 5 SYSTEMPATH/CodeIgniter.php(455): CodeIgniter\CodeIgniter->tryToRouteIt(null)
 6 SYSTEMPATH/CodeIgniter.php(354): CodeIgniter\CodeIgniter->handleRequest(null, Object(Config\Cache), false)
 7 SYSTEMPATH/Boot.php(334): CodeIgniter\CodeIgniter->run()
 8 SYSTEMPATH/Boot.php(67): CodeIgniter\Boot::runCodeIgniter(Object(CodeIgniter\CodeIgniter))
 9 FCPATH/index.php(56): CodeIgniter\Boot::bootWeb(Object(Config\Paths))
WARNING - 2025-12-15 21:02:30 --> [DEPRECATED] Passing lowercase HTTP method "post" is deprecated. Use uppercase HTTP method like "POST". in SYSTEMPATH/Router/RouteCollection.php on line 1026.
 1 SYSTEMPATH/Router/RouteCollection.php(1026): trigger_error('Passing lowercase HTTP method "post" is deprecated. Use uppercase HTTP method like "POST".', 16384)
 2 APPPATH/Config/Routes.php(131): CodeIgniter\Router\RouteCollection->match([...], 'locations/generarPDF', 'LocationsPdfController::generarPDF')
 3 SYSTEMPATH/Router/RouteCollection.php(339): require('/home/u976386866/domains/servipro.site/public_html/app/app/Config/Routes.php')
 4 SYSTEMPATH/CodeIgniter.php(821): CodeIgniter\Router\RouteCollection->loadRoutes()
 5 SYSTEMPATH/CodeIgniter.php(455): CodeIgniter\CodeIgniter->tryToRouteIt(null)
 6 SYSTEMPATH/CodeIgniter.php(354): CodeIgniter\CodeIgniter->handleRequest(null, Object(Config\Cache), false)
 7 SYSTEMPATH/Boot.php(334): CodeIgniter\CodeIgniter->run()
 8 SYSTEMPATH/Boot.php(67): CodeIgniter\Boot::runCodeIgniter(Object(CodeIgniter\CodeIgniter))
 9 FCPATH/index.php(56): CodeIgniter\Boot::bootWeb(Object(Config\Paths))
DEBUG - 2025-12-15 21:02:30 --> Session: Class initialized using 'CodeIgniter\Session\Handlers\FileHandler' driver.
WARNING - 2025-12-15 21:03:01 --> [DEPRECATED] Passing lowercase HTTP method "get" is deprecated. Use uppercase HTTP method like "GET". in SYSTEMPATH/Router/RouteCollection.php on line 1026.
 1 SYSTEMPATH/Router/RouteCollection.php(1026): trigger_error('Passing lowercase HTTP method "get" is deprecated. Use uppercase HTTP method like "GET".', 16384)
 2 APPPATH/Config/Routes.php(131): CodeIgniter\Router\RouteCollection->match([...], 'locations/generarPDF', 'LocationsPdfController::generarPDF')
 3 SYSTEMPATH/Router/RouteCollection.php(339): require('/home/u976386866/domains/servipro.site/public_html/app/app/Config/Routes.php')
 4 SYSTEMPATH/CodeIgniter.php(821): CodeIgniter\Router\RouteCollection->loadRoutes()
 5 SYSTEMPATH/CodeIgniter.php(455): CodeIgniter\CodeIgniter->tryToRouteIt(null)
 6 SYSTEMPATH/CodeIgniter.php(354): CodeIgniter\CodeIgniter->handleRequest(null, Object(Config\Cache), false)
 7 SYSTEMPATH/Boot.php(334): CodeIgniter\CodeIgniter->run()
 8 SYSTEMPATH/Boot.php(67): CodeIgniter\Boot::runCodeIgniter(Object(CodeIgniter\CodeIgniter))
 9 FCPATH/index.php(56): CodeIgniter\Boot::bootWeb(Object(Config\Paths))
WARNING - 2025-12-15 21:03:01 --> [DEPRECATED] Passing lowercase HTTP method "post" is deprecated. Use uppercase HTTP method like "POST". in SYSTEMPATH/Router/RouteCollection.php on line 1026.
 1 SYSTEMPATH/Router/RouteCollection.php(1026): trigger_error('Passing lowercase HTTP method "post" is deprecated. Use uppercase HTTP method like "POST".', 16384)
 2 APPPATH/Config/Routes.php(131): CodeIgniter\Router\RouteCollection->match([...], 'locations/generarPDF', 'LocationsPdfController::generarPDF')
 3 SYSTEMPATH/Router/RouteCollection.php(339): require('/home/u976386866/domains/servipro.site/public_html/app/app/Config/Routes.php')
 4 SYSTEMPATH/CodeIgniter.php(821): CodeIgniter\Router\RouteCollection->loadRoutes()
 5 SYSTEMPATH/CodeIgniter.php(455): CodeIgniter\CodeIgniter->tryToRouteIt(null)
 6 SYSTEMPATH/CodeIgniter.php(354): CodeIgniter\CodeIgniter->handleRequest(null, Object(Config\Cache), false)
 7 SYSTEMPATH/Boot.php(334): CodeIgniter\CodeIgniter->run()
 8 SYSTEMPATH/Boot.php(67): CodeIgniter\Boot::runCodeIgniter(Object(CodeIgniter\CodeIgniter))
 9 FCPATH/index.php(56): CodeIgniter\Boot::bootWeb(Object(Config\Paths))
DEBUG - 2025-12-15 21:03:01 --> Session: Class initialized using 'CodeIgniter\Session\Handlers\FileHandler' driver.
