WARNING - 2025-12-28 00:04:46 --> [DEPRECATED] Passing lowercase HTTP method "get" is deprecated. Use uppercase HTTP method like "GET". in SYSTEMPATH/Router/RouteCollection.php on line 1026.
 1 SYSTEMPATH/Router/RouteCollection.php(1026): trigger_error('Passing lowercase HTTP method "get" is deprecated. Use uppercase HTTP method like "GET".', 16384)
 2 APPPATH/Config/Routes.php(131): CodeIgniter\Router\RouteCollection->match([...], 'locations/generarPDF', 'LocationsPdfController::generarPDF')
 3 SYSTEMPATH/Router/RouteCollection.php(339): require('/home/u976386866/domains/servipro.site/public_html/app/app/Config/Routes.php')
 4 SYSTEMPATH/CodeIgniter.php(821): CodeIgniter\Router\RouteCollection->loadRoutes()
 5 SYSTEMPATH/CodeIgniter.php(455): CodeIgniter\CodeIgniter->tryToRouteIt(null)
 6 SYSTEMPATH/CodeIgniter.php(354): CodeIgniter\CodeIgniter->handleRequest(null, Object(Config\Cache), false)
 7 SYSTEMPATH/Boot.php(334): CodeIgniter\CodeIgniter->run()
 8 SYSTEMPATH/Boot.php(67): CodeIgniter\Boot::runCodeIgniter(Object(CodeIgniter\CodeIgniter))
 9 FCPATH/index.php(56): CodeIgniter\Boot::bootWeb(Object(Config\Paths))
WARNING - 2025-12-28 00:04:46 --> [DEPRECATED] Passing lowercase HTTP method "post" is deprecated. Use uppercase HTTP method like "POST". in SYSTEMPATH/Router/RouteCollection.php on line 1026.
 1 SYSTEMPATH/Router/RouteCollection.php(1026): trigger_error('Passing lowercase HTTP method "post" is deprecated. Use uppercase HTTP method like "POST".', 16384)
 2 APPPATH/Config/Routes.php(131): CodeIgniter\Router\RouteCollection->match([...], 'locations/generarPDF', 'LocationsPdfController::generarPDF')
 3 SYSTEMPATH/Router/RouteCollection.php(339): require('/home/u976386866/domains/servipro.site/public_html/app/app/Config/Routes.php')
 4 SYSTEMPATH/CodeIgniter.php(821): CodeIgniter\Router\RouteCollection->loadRoutes()
 5 SYSTEMPATH/CodeIgniter.php(455): CodeIgniter\CodeIgniter->tryToRouteIt(null)
 6 SYSTEMPATH/CodeIgniter.php(354): CodeIgniter\CodeIgniter->handleRequest(null, Object(Config\Cache), false)
 7 SYSTEMPATH/Boot.php(334): CodeIgniter\CodeIgniter->run()
 8 SYSTEMPATH/Boot.php(67): CodeIgniter\Boot::runCodeIgniter(Object(CodeIgniter\CodeIgniter))
 9 FCPATH/index.php(56): CodeIgniter\Boot::bootWeb(Object(Config\Paths))
WARNING - 2025-12-28 04:53:17 --> [DEPRECATED] Passing lowercase HTTP method "get" is deprecated. Use uppercase HTTP method like "GET". in SYSTEMPATH/Router/RouteCollection.php on line 1026.
 1 SYSTEMPATH/Router/RouteCollection.php(1026): trigger_error('Passing lowercase HTTP method "get" is deprecated. Use uppercase HTTP method like "GET".', 16384)
 2 APPPATH/Config/Routes.php(131): CodeIgniter\Router\RouteCollection->match([...], 'locations/generarPDF', 'LocationsPdfController::generarPDF')
 3 SYSTEMPATH/Router/RouteCollection.php(339): require('/home/u976386866/domains/servipro.site/public_html/app/app/Config/Routes.php')
 4 SYSTEMPATH/CodeIgniter.php(821): CodeIgniter\Router\RouteCollection->loadRoutes()
 5 SYSTEMPATH/CodeIgniter.php(455): CodeIgniter\CodeIgniter->tryToRouteIt(null)
 6 SYSTEMPATH/CodeIgniter.php(354): CodeIgniter\CodeIgniter->handleRequest(null, Object(Config\Cache), false)
 7 SYSTEMPATH/Boot.php(334): CodeIgniter\CodeIgniter->run()
 8 SYSTEMPATH/Boot.php(67): CodeIgniter\Boot::runCodeIgniter(Object(CodeIgniter\CodeIgniter))
 9 FCPATH/index.php(56): CodeIgniter\Boot::bootWeb(Object(Config\Paths))
WARNING - 2025-12-28 04:53:17 --> [DEPRECATED] Passing lowercase HTTP method "post" is deprecated. Use uppercase HTTP method like "POST". in SYSTEMPATH/Router/RouteCollection.php on line 1026.
 1 SYSTEMPATH/Router/RouteCollection.php(1026): trigger_error('Passing lowercase HTTP method "post" is deprecated. Use uppercase HTTP method like "POST".', 16384)
 2 APPPATH/Config/Routes.php(131): CodeIgniter\Router\RouteCollection->match([...], 'locations/generarPDF', 'LocationsPdfController::generarPDF')
 3 SYSTEMPATH/Router/RouteCollection.php(339): require('/home/u976386866/domains/servipro.site/public_html/app/app/Config/Routes.php')
 4 SYSTEMPATH/CodeIgniter.php(821): CodeIgniter\Router\RouteCollection->loadRoutes()
 5 SYSTEMPATH/CodeIgniter.php(455): CodeIgniter\CodeIgniter->tryToRouteIt(null)
 6 SYSTEMPATH/CodeIgniter.php(354): CodeIgniter\CodeIgniter->handleRequest(null, Object(Config\Cache), false)
 7 SYSTEMPATH/Boot.php(334): CodeIgniter\CodeIgniter->run()
 8 SYSTEMPATH/Boot.php(67): CodeIgniter\Boot::runCodeIgniter(Object(CodeIgniter\CodeIgniter))
 9 FCPATH/index.php(56): CodeIgniter\Boot::bootWeb(Object(Config\Paths))
DEBUG - 2025-12-28 04:53:17 --> Session: Class initialized using 'CodeIgniter\Session\Handlers\FileHandler' driver.
WARNING - 2025-12-28 07:21:05 --> [DEPRECATED] Passing lowercase HTTP method "get" is deprecated. Use uppercase HTTP method like "GET". in SYSTEMPATH/Router/RouteCollection.php on line 1026.
 1 SYSTEMPATH/Router/RouteCollection.php(1026): trigger_error('Passing lowercase HTTP method "get" is deprecated. Use uppercase HTTP method like "GET".', 16384)
 2 APPPATH/Config/Routes.php(131): CodeIgniter\Router\RouteCollection->match([...], 'locations/generarPDF', 'LocationsPdfController::generarPDF')
 3 SYSTEMPATH/Router/RouteCollection.php(339): require('/home/u976386866/domains/servipro.site/public_html/app/app/Config/Routes.php')
 4 SYSTEMPATH/CodeIgniter.php(821): CodeIgniter\Router\RouteCollection->loadRoutes()
 5 SYSTEMPATH/CodeIgniter.php(455): CodeIgniter\CodeIgniter->tryToRouteIt(null)
 6 SYSTEMPATH/CodeIgniter.php(354): CodeIgniter\CodeIgniter->handleRequest(null, Object(Config\Cache), false)
 7 SYSTEMPATH/Boot.php(334): CodeIgniter\CodeIgniter->run()
 8 SYSTEMPATH/Boot.php(67): CodeIgniter\Boot::runCodeIgniter(Object(CodeIgniter\CodeIgniter))
 9 FCPATH/index.php(56): CodeIgniter\Boot::bootWeb(Object(Config\Paths))
WARNING - 2025-12-28 07:21:05 --> [DEPRECATED] Passing lowercase HTTP method "post" is deprecated. Use uppercase HTTP method like "POST". in SYSTEMPATH/Router/RouteCollection.php on line 1026.
 1 SYSTEMPATH/Router/RouteCollection.php(1026): trigger_error('Passing lowercase HTTP method "post" is deprecated. Use uppercase HTTP method like "POST".', 16384)
 2 APPPATH/Config/Routes.php(131): CodeIgniter\Router\RouteCollection->match([...], 'locations/generarPDF', 'LocationsPdfController::generarPDF')
 3 SYSTEMPATH/Router/RouteCollection.php(339): require('/home/u976386866/domains/servipro.site/public_html/app/app/Config/Routes.php')
 4 SYSTEMPATH/CodeIgniter.php(821): CodeIgniter\Router\RouteCollection->loadRoutes()
 5 SYSTEMPATH/CodeIgniter.php(455): CodeIgniter\CodeIgniter->tryToRouteIt(null)
 6 SYSTEMPATH/CodeIgniter.php(354): CodeIgniter\CodeIgniter->handleRequest(null, Object(Config\Cache), false)
 7 SYSTEMPATH/Boot.php(334): CodeIgniter\CodeIgniter->run()
 8 SYSTEMPATH/Boot.php(67): CodeIgniter\Boot::runCodeIgniter(Object(CodeIgniter\CodeIgniter))
 9 FCPATH/index.php(56): CodeIgniter\Boot::bootWeb(Object(Config\Paths))
DEBUG - 2025-12-28 07:21:05 --> Session: Class initialized using 'CodeIgniter\Session\Handlers\FileHandler' driver.
WARNING - 2025-12-28 07:24:05 --> [DEPRECATED] Passing lowercase HTTP method "get" is deprecated. Use uppercase HTTP method like "GET". in SYSTEMPATH/Router/RouteCollection.php on line 1026.
 1 SYSTEMPATH/Router/RouteCollection.php(1026): trigger_error('Passing lowercase HTTP method "get" is deprecated. Use uppercase HTTP method like "GET".', 16384)
 2 APPPATH/Config/Routes.php(131): CodeIgniter\Router\RouteCollection->match([...], 'locations/generarPDF', 'LocationsPdfController::generarPDF')
 3 SYSTEMPATH/Router/RouteCollection.php(339): require('/home/u976386866/domains/servipro.site/public_html/app/app/Config/Routes.php')
 4 SYSTEMPATH/CodeIgniter.php(821): CodeIgniter\Router\RouteCollection->loadRoutes()
 5 SYSTEMPATH/CodeIgniter.php(455): CodeIgniter\CodeIgniter->tryToRouteIt(null)
 6 SYSTEMPATH/CodeIgniter.php(354): CodeIgniter\CodeIgniter->handleRequest(null, Object(Config\Cache), false)
 7 SYSTEMPATH/Boot.php(334): CodeIgniter\CodeIgniter->run()
 8 SYSTEMPATH/Boot.php(67): CodeIgniter\Boot::runCodeIgniter(Object(CodeIgniter\CodeIgniter))
 9 FCPATH/index.php(56): CodeIgniter\Boot::bootWeb(Object(Config\Paths))
WARNING - 2025-12-28 07:24:05 --> [DEPRECATED] Passing lowercase HTTP method "post" is deprecated. Use uppercase HTTP method like "POST". in SYSTEMPATH/Router/RouteCollection.php on line 1026.
 1 SYSTEMPATH/Router/RouteCollection.php(1026): trigger_error('Passing lowercase HTTP method "post" is deprecated. Use uppercase HTTP method like "POST".', 16384)
 2 APPPATH/Config/Routes.php(131): CodeIgniter\Router\RouteCollection->match([...], 'locations/generarPDF', 'LocationsPdfController::generarPDF')
 3 SYSTEMPATH/Router/RouteCollection.php(339): require('/home/u976386866/domains/servipro.site/public_html/app/app/Config/Routes.php')
 4 SYSTEMPATH/CodeIgniter.php(821): CodeIgniter\Router\RouteCollection->loadRoutes()
 5 SYSTEMPATH/CodeIgniter.php(455): CodeIgniter\CodeIgniter->tryToRouteIt(null)
 6 SYSTEMPATH/CodeIgniter.php(354): CodeIgniter\CodeIgniter->handleRequest(null, Object(Config\Cache), false)
 7 SYSTEMPATH/Boot.php(334): CodeIgniter\CodeIgniter->run()
 8 SYSTEMPATH/Boot.php(67): CodeIgniter\Boot::runCodeIgniter(Object(CodeIgniter\CodeIgniter))
 9 FCPATH/index.php(56): CodeIgniter\Boot::bootWeb(Object(Config\Paths))
DEBUG - 2025-12-28 07:24:05 --> Session: Class initialized using 'CodeIgniter\Session\Handlers\FileHandler' driver.
WARNING - 2025-12-28 07:29:34 --> [DEPRECATED] Passing lowercase HTTP method "get" is deprecated. Use uppercase HTTP method like "GET". in SYSTEMPATH/Router/RouteCollection.php on line 1026.
 1 SYSTEMPATH/Router/RouteCollection.php(1026): trigger_error('Passing lowercase HTTP method "get" is deprecated. Use uppercase HTTP method like "GET".', 16384)
 2 APPPATH/Config/Routes.php(131): CodeIgniter\Router\RouteCollection->match([...], 'locations/generarPDF', 'LocationsPdfController::generarPDF')
 3 SYSTEMPATH/Router/RouteCollection.php(339): require('/home/u976386866/domains/servipro.site/public_html/app/app/Config/Routes.php')
 4 SYSTEMPATH/CodeIgniter.php(821): CodeIgniter\Router\RouteCollection->loadRoutes()
 5 SYSTEMPATH/CodeIgniter.php(455): CodeIgniter\CodeIgniter->tryToRouteIt(null)
 6 SYSTEMPATH/CodeIgniter.php(354): CodeIgniter\CodeIgniter->handleRequest(null, Object(Config\Cache), false)
 7 SYSTEMPATH/Boot.php(334): CodeIgniter\CodeIgniter->run()
 8 SYSTEMPATH/Boot.php(67): CodeIgniter\Boot::runCodeIgniter(Object(CodeIgniter\CodeIgniter))
 9 FCPATH/index.php(56): CodeIgniter\Boot::bootWeb(Object(Config\Paths))
WARNING - 2025-12-28 07:29:34 --> [DEPRECATED] Passing lowercase HTTP method "post" is deprecated. Use uppercase HTTP method like "POST". in SYSTEMPATH/Router/RouteCollection.php on line 1026.
 1 SYSTEMPATH/Router/RouteCollection.php(1026): trigger_error('Passing lowercase HTTP method "post" is deprecated. Use uppercase HTTP method like "POST".', 16384)
 2 APPPATH/Config/Routes.php(131): CodeIgniter\Router\RouteCollection->match([...], 'locations/generarPDF', 'LocationsPdfController::generarPDF')
 3 SYSTEMPATH/Router/RouteCollection.php(339): require('/home/u976386866/domains/servipro.site/public_html/app/app/Config/Routes.php')
 4 SYSTEMPATH/CodeIgniter.php(821): CodeIgniter\Router\RouteCollection->loadRoutes()
 5 SYSTEMPATH/CodeIgniter.php(455): CodeIgniter\CodeIgniter->tryToRouteIt(null)
 6 SYSTEMPATH/CodeIgniter.php(354): CodeIgniter\CodeIgniter->handleRequest(null, Object(Config\Cache), false)
 7 SYSTEMPATH/Boot.php(334): CodeIgniter\CodeIgniter->run()
 8 SYSTEMPATH/Boot.php(67): CodeIgniter\Boot::runCodeIgniter(Object(CodeIgniter\CodeIgniter))
 9 FCPATH/index.php(56): CodeIgniter\Boot::bootWeb(Object(Config\Paths))
DEBUG - 2025-12-28 07:29:34 --> Session: Class initialized using 'CodeIgniter\Session\Handlers\FileHandler' driver.
WARNING - 2025-12-28 09:04:28 --> [DEPRECATED] Passing lowercase HTTP method "get" is deprecated. Use uppercase HTTP method like "GET". in SYSTEMPATH/Router/RouteCollection.php on line 1026.
 1 SYSTEMPATH/Router/RouteCollection.php(1026): trigger_error('Passing lowercase HTTP method "get" is deprecated. Use uppercase HTTP method like "GET".', 16384)
 2 APPPATH/Config/Routes.php(131): CodeIgniter\Router\RouteCollection->match([...], 'locations/generarPDF', 'LocationsPdfController::generarPDF')
 3 SYSTEMPATH/Router/RouteCollection.php(339): require('/home/u976386866/domains/servipro.site/public_html/app/app/Config/Routes.php')
 4 SYSTEMPATH/CodeIgniter.php(821): CodeIgniter\Router\RouteCollection->loadRoutes()
 5 SYSTEMPATH/CodeIgniter.php(455): CodeIgniter\CodeIgniter->tryToRouteIt(null)
 6 SYSTEMPATH/CodeIgniter.php(354): CodeIgniter\CodeIgniter->handleRequest(null, Object(Config\Cache), false)
 7 SYSTEMPATH/Boot.php(334): CodeIgniter\CodeIgniter->run()
 8 SYSTEMPATH/Boot.php(67): CodeIgniter\Boot::runCodeIgniter(Object(CodeIgniter\CodeIgniter))
 9 FCPATH/index.php(56): CodeIgniter\Boot::bootWeb(Object(Config\Paths))
WARNING - 2025-12-28 09:04:28 --> [DEPRECATED] Passing lowercase HTTP method "post" is deprecated. Use uppercase HTTP method like "POST". in SYSTEMPATH/Router/RouteCollection.php on line 1026.
 1 SYSTEMPATH/Router/RouteCollection.php(1026): trigger_error('Passing lowercase HTTP method "post" is deprecated. Use uppercase HTTP method like "POST".', 16384)
 2 APPPATH/Config/Routes.php(131): CodeIgniter\Router\RouteCollection->match([...], 'locations/generarPDF', 'LocationsPdfController::generarPDF')
 3 SYSTEMPATH/Router/RouteCollection.php(339): require('/home/u976386866/domains/servipro.site/public_html/app/app/Config/Routes.php')
 4 SYSTEMPATH/CodeIgniter.php(821): CodeIgniter\Router\RouteCollection->loadRoutes()
 5 SYSTEMPATH/CodeIgniter.php(455): CodeIgniter\CodeIgniter->tryToRouteIt(null)
 6 SYSTEMPATH/CodeIgniter.php(354): CodeIgniter\CodeIgniter->handleRequest(null, Object(Config\Cache), false)
 7 SYSTEMPATH/Boot.php(334): CodeIgniter\CodeIgniter->run()
 8 SYSTEMPATH/Boot.php(67): CodeIgniter\Boot::runCodeIgniter(Object(CodeIgniter\CodeIgniter))
 9 FCPATH/index.php(56): CodeIgniter\Boot::bootWeb(Object(Config\Paths))
WARNING - 2025-12-28 10:58:28 --> [DEPRECATED] Passing lowercase HTTP method "get" is deprecated. Use uppercase HTTP method like "GET". in SYSTEMPATH/Router/RouteCollection.php on line 1026.
 1 SYSTEMPATH/Router/RouteCollection.php(1026): trigger_error('Passing lowercase HTTP method "get" is deprecated. Use uppercase HTTP method like "GET".', 16384)
 2 APPPATH/Config/Routes.php(131): CodeIgniter\Router\RouteCollection->match([...], 'locations/generarPDF', 'LocationsPdfController::generarPDF')
 3 SYSTEMPATH/Router/RouteCollection.php(339): require('/home/u976386866/domains/servipro.site/public_html/app/app/Config/Routes.php')
 4 SYSTEMPATH/CodeIgniter.php(821): CodeIgniter\Router\RouteCollection->loadRoutes()
 5 SYSTEMPATH/CodeIgniter.php(455): CodeIgniter\CodeIgniter->tryToRouteIt(null)
 6 SYSTEMPATH/CodeIgniter.php(354): CodeIgniter\CodeIgniter->handleRequest(null, Object(Config\Cache), false)
 7 SYSTEMPATH/Boot.php(334): CodeIgniter\CodeIgniter->run()
 8 SYSTEMPATH/Boot.php(67): CodeIgniter\Boot::runCodeIgniter(Object(CodeIgniter\CodeIgniter))
 9 FCPATH/index.php(56): CodeIgniter\Boot::bootWeb(Object(Config\Paths))
WARNING - 2025-12-28 10:58:28 --> [DEPRECATED] Passing lowercase HTTP method "post" is deprecated. Use uppercase HTTP method like "POST". in SYSTEMPATH/Router/RouteCollection.php on line 1026.
 1 SYSTEMPATH/Router/RouteCollection.php(1026): trigger_error('Passing lowercase HTTP method "post" is deprecated. Use uppercase HTTP method like "POST".', 16384)
 2 APPPATH/Config/Routes.php(131): CodeIgniter\Router\RouteCollection->match([...], 'locations/generarPDF', 'LocationsPdfController::generarPDF')
 3 SYSTEMPATH/Router/RouteCollection.php(339): require('/home/u976386866/domains/servipro.site/public_html/app/app/Config/Routes.php')
 4 SYSTEMPATH/CodeIgniter.php(821): CodeIgniter\Router\RouteCollection->loadRoutes()
 5 SYSTEMPATH/CodeIgniter.php(455): CodeIgniter\CodeIgniter->tryToRouteIt(null)
 6 SYSTEMPATH/CodeIgniter.php(354): CodeIgniter\CodeIgniter->handleRequest(null, Object(Config\Cache), false)
 7 SYSTEMPATH/Boot.php(334): CodeIgniter\CodeIgniter->run()
 8 SYSTEMPATH/Boot.php(67): CodeIgniter\Boot::runCodeIgniter(Object(CodeIgniter\CodeIgniter))
 9 FCPATH/index.php(56): CodeIgniter\Boot::bootWeb(Object(Config\Paths))
DEBUG - 2025-12-28 10:58:28 --> Session: Class initialized using 'CodeIgniter\Session\Handlers\FileHandler' driver.
WARNING - 2025-12-28 11:26:58 --> [DEPRECATED] Passing lowercase HTTP method "get" is deprecated. Use uppercase HTTP method like "GET". in SYSTEMPATH/Router/RouteCollection.php on line 1026.
 1 SYSTEMPATH/Router/RouteCollection.php(1026): trigger_error('Passing lowercase HTTP method "get" is deprecated. Use uppercase HTTP method like "GET".', 16384)
 2 APPPATH/Config/Routes.php(131): CodeIgniter\Router\RouteCollection->match([...], 'locations/generarPDF', 'LocationsPdfController::generarPDF')
 3 SYSTEMPATH/Router/RouteCollection.php(339): require('/home/u976386866/domains/servipro.site/public_html/app/app/Config/Routes.php')
 4 SYSTEMPATH/CodeIgniter.php(821): CodeIgniter\Router\RouteCollection->loadRoutes()
 5 SYSTEMPATH/CodeIgniter.php(455): CodeIgniter\CodeIgniter->tryToRouteIt(null)
 6 SYSTEMPATH/CodeIgniter.php(354): CodeIgniter\CodeIgniter->handleRequest(null, Object(Config\Cache), false)
 7 SYSTEMPATH/Boot.php(334): CodeIgniter\CodeIgniter->run()
 8 SYSTEMPATH/Boot.php(67): CodeIgniter\Boot::runCodeIgniter(Object(CodeIgniter\CodeIgniter))
 9 FCPATH/index.php(56): CodeIgniter\Boot::bootWeb(Object(Config\Paths))
WARNING - 2025-12-28 11:26:58 --> [DEPRECATED] Passing lowercase HTTP method "post" is deprecated. Use uppercase HTTP method like "POST". in SYSTEMPATH/Router/RouteCollection.php on line 1026.
 1 SYSTEMPATH/Router/RouteCollection.php(1026): trigger_error('Passing lowercase HTTP method "post" is deprecated. Use uppercase HTTP method like "POST".', 16384)
 2 APPPATH/Config/Routes.php(131): CodeIgniter\Router\RouteCollection->match([...], 'locations/generarPDF', 'LocationsPdfController::generarPDF')
 3 SYSTEMPATH/Router/RouteCollection.php(339): require('/home/u976386866/domains/servipro.site/public_html/app/app/Config/Routes.php')
 4 SYSTEMPATH/CodeIgniter.php(821): CodeIgniter\Router\RouteCollection->loadRoutes()
 5 SYSTEMPATH/CodeIgniter.php(455): CodeIgniter\CodeIgniter->tryToRouteIt(null)
 6 SYSTEMPATH/CodeIgniter.php(354): CodeIgniter\CodeIgniter->handleRequest(null, Object(Config\Cache), false)
 7 SYSTEMPATH/Boot.php(334): CodeIgniter\CodeIgniter->run()
 8 SYSTEMPATH/Boot.php(67): CodeIgniter\Boot::runCodeIgniter(Object(CodeIgniter\CodeIgniter))
 9 FCPATH/index.php(56): CodeIgniter\Boot::bootWeb(Object(Config\Paths))
WARNING - 2025-12-28 12:28:50 --> [DEPRECATED] Passing lowercase HTTP method "get" is deprecated. Use uppercase HTTP method like "GET". in SYSTEMPATH/Router/RouteCollection.php on line 1026.
 1 SYSTEMPATH/Router/RouteCollection.php(1026): trigger_error('Passing lowercase HTTP method "get" is deprecated. Use uppercase HTTP method like "GET".', 16384)
 2 APPPATH/Config/Routes.php(131): CodeIgniter\Router\RouteCollection->match([...], 'locations/generarPDF', 'LocationsPdfController::generarPDF')
 3 SYSTEMPATH/Router/RouteCollection.php(339): require('/home/u976386866/domains/servipro.site/public_html/app/app/Config/Routes.php')
 4 SYSTEMPATH/CodeIgniter.php(821): CodeIgniter\Router\RouteCollection->loadRoutes()
 5 SYSTEMPATH/CodeIgniter.php(455): CodeIgniter\CodeIgniter->tryToRouteIt(null)
 6 SYSTEMPATH/CodeIgniter.php(354): CodeIgniter\CodeIgniter->handleRequest(null, Object(Config\Cache), false)
 7 SYSTEMPATH/Boot.php(334): CodeIgniter\CodeIgniter->run()
 8 SYSTEMPATH/Boot.php(67): CodeIgniter\Boot::runCodeIgniter(Object(CodeIgniter\CodeIgniter))
 9 FCPATH/index.php(56): CodeIgniter\Boot::bootWeb(Object(Config\Paths))
WARNING - 2025-12-28 12:28:50 --> [DEPRECATED] Passing lowercase HTTP method "post" is deprecated. Use uppercase HTTP method like "POST". in SYSTEMPATH/Router/RouteCollection.php on line 1026.
 1 SYSTEMPATH/Router/RouteCollection.php(1026): trigger_error('Passing lowercase HTTP method "post" is deprecated. Use uppercase HTTP method like "POST".', 16384)
 2 APPPATH/Config/Routes.php(131): CodeIgniter\Router\RouteCollection->match([...], 'locations/generarPDF', 'LocationsPdfController::generarPDF')
 3 SYSTEMPATH/Router/RouteCollection.php(339): require('/home/u976386866/domains/servipro.site/public_html/app/app/Config/Routes.php')
 4 SYSTEMPATH/CodeIgniter.php(821): CodeIgniter\Router\RouteCollection->loadRoutes()
 5 SYSTEMPATH/CodeIgniter.php(455): CodeIgniter\CodeIgniter->tryToRouteIt(null)
 6 SYSTEMPATH/CodeIgniter.php(354): CodeIgniter\CodeIgniter->handleRequest(null, Object(Config\Cache), false)
 7 SYSTEMPATH/Boot.php(334): CodeIgniter\CodeIgniter->run()
 8 SYSTEMPATH/Boot.php(67): CodeIgniter\Boot::runCodeIgniter(Object(CodeIgniter\CodeIgniter))
 9 FCPATH/index.php(56): CodeIgniter\Boot::bootWeb(Object(Config\Paths))
WARNING - 2025-12-28 12:28:50 --> [DEPRECATED] Passing lowercase HTTP method "get" is deprecated. Use uppercase HTTP method like "GET". in SYSTEMPATH/Router/RouteCollection.php on line 1026.
 1 SYSTEMPATH/Router/RouteCollection.php(1026): trigger_error('Passing lowercase HTTP method "get" is deprecated. Use uppercase HTTP method like "GET".', 16384)
 2 APPPATH/Config/Routes.php(131): CodeIgniter\Router\RouteCollection->match([...], 'locations/generarPDF', 'LocationsPdfController::generarPDF')
 3 SYSTEMPATH/Router/RouteCollection.php(339): require('/home/u976386866/domains/servipro.site/public_html/app/app/Config/Routes.php')
 4 SYSTEMPATH/CodeIgniter.php(821): CodeIgniter\Router\RouteCollection->loadRoutes()
 5 SYSTEMPATH/CodeIgniter.php(455): CodeIgniter\CodeIgniter->tryToRouteIt(null)
 6 SYSTEMPATH/CodeIgniter.php(354): CodeIgniter\CodeIgniter->handleRequest(null, Object(Config\Cache), false)
 7 SYSTEMPATH/Boot.php(334): CodeIgniter\CodeIgniter->run()
 8 SYSTEMPATH/Boot.php(67): CodeIgniter\Boot::runCodeIgniter(Object(CodeIgniter\CodeIgniter))
 9 FCPATH/index.php(56): CodeIgniter\Boot::bootWeb(Object(Config\Paths))
WARNING - 2025-12-28 12:28:50 --> [DEPRECATED] Passing lowercase HTTP method "post" is deprecated. Use uppercase HTTP method like "POST". in SYSTEMPATH/Router/RouteCollection.php on line 1026.
 1 SYSTEMPATH/Router/RouteCollection.php(1026): trigger_error('Passing lowercase HTTP method "post" is deprecated. Use uppercase HTTP method like "POST".', 16384)
 2 APPPATH/Config/Routes.php(131): CodeIgniter\Router\RouteCollection->match([...], 'locations/generarPDF', 'LocationsPdfController::generarPDF')
 3 SYSTEMPATH/Router/RouteCollection.php(339): require('/home/u976386866/domains/servipro.site/public_html/app/app/Config/Routes.php')
 4 SYSTEMPATH/CodeIgniter.php(821): CodeIgniter\Router\RouteCollection->loadRoutes()
 5 SYSTEMPATH/CodeIgniter.php(455): CodeIgniter\CodeIgniter->tryToRouteIt(null)
 6 SYSTEMPATH/CodeIgniter.php(354): CodeIgniter\CodeIgniter->handleRequest(null, Object(Config\Cache), false)
 7 SYSTEMPATH/Boot.php(334): CodeIgniter\CodeIgniter->run()
 8 SYSTEMPATH/Boot.php(67): CodeIgniter\Boot::runCodeIgniter(Object(CodeIgniter\CodeIgniter))
 9 FCPATH/index.php(56): CodeIgniter\Boot::bootWeb(Object(Config\Paths))
WARNING - 2025-12-28 12:28:50 --> [DEPRECATED] Passing lowercase HTTP method "get" is deprecated. Use uppercase HTTP method like "GET". in SYSTEMPATH/Router/RouteCollection.php on line 1026.
 1 SYSTEMPATH/Router/RouteCollection.php(1026): trigger_error('Passing lowercase HTTP method "get" is deprecated. Use uppercase HTTP method like "GET".', 16384)
 2 APPPATH/Config/Routes.php(131): CodeIgniter\Router\RouteCollection->match([...], 'locations/generarPDF', 'LocationsPdfController::generarPDF')
 3 SYSTEMPATH/Router/RouteCollection.php(339): require('/home/u976386866/domains/servipro.site/public_html/app/app/Config/Routes.php')
 4 SYSTEMPATH/CodeIgniter.php(821): CodeIgniter\Router\RouteCollection->loadRoutes()
 5 SYSTEMPATH/CodeIgniter.php(455): CodeIgniter\CodeIgniter->tryToRouteIt(null)
 6 SYSTEMPATH/CodeIgniter.php(354): CodeIgniter\CodeIgniter->handleRequest(null, Object(Config\Cache), false)
 7 SYSTEMPATH/Boot.php(334): CodeIgniter\CodeIgniter->run()
 8 SYSTEMPATH/Boot.php(67): CodeIgniter\Boot::runCodeIgniter(Object(CodeIgniter\CodeIgniter))
 9 FCPATH/index.php(56): CodeIgniter\Boot::bootWeb(Object(Config\Paths))
WARNING - 2025-12-28 12:28:50 --> [DEPRECATED] Passing lowercase HTTP method "post" is deprecated. Use uppercase HTTP method like "POST". in SYSTEMPATH/Router/RouteCollection.php on line 1026.
 1 SYSTEMPATH/Router/RouteCollection.php(1026): trigger_error('Passing lowercase HTTP method "post" is deprecated. Use uppercase HTTP method like "POST".', 16384)
 2 APPPATH/Config/Routes.php(131): CodeIgniter\Router\RouteCollection->match([...], 'locations/generarPDF', 'LocationsPdfController::generarPDF')
 3 SYSTEMPATH/Router/RouteCollection.php(339): require('/home/u976386866/domains/servipro.site/public_html/app/app/Config/Routes.php')
 4 SYSTEMPATH/CodeIgniter.php(821): CodeIgniter\Router\RouteCollection->loadRoutes()
 5 SYSTEMPATH/CodeIgniter.php(455): CodeIgniter\CodeIgniter->tryToRouteIt(null)
 6 SYSTEMPATH/CodeIgniter.php(354): CodeIgniter\CodeIgniter->handleRequest(null, Object(Config\Cache), false)
 7 SYSTEMPATH/Boot.php(334): CodeIgniter\CodeIgniter->run()
 8 SYSTEMPATH/Boot.php(67): CodeIgniter\Boot::runCodeIgniter(Object(CodeIgniter\CodeIgniter))
 9 FCPATH/index.php(56): CodeIgniter\Boot::bootWeb(Object(Config\Paths))
WARNING - 2025-12-28 12:28:50 --> [DEPRECATED] Passing lowercase HTTP method "get" is deprecated. Use uppercase HTTP method like "GET". in SYSTEMPATH/Router/RouteCollection.php on line 1026.
 1 SYSTEMPATH/Router/RouteCollection.php(1026): trigger_error('Passing lowercase HTTP method "get" is deprecated. Use uppercase HTTP method like "GET".', 16384)
 2 APPPATH/Config/Routes.php(131): CodeIgniter\Router\RouteCollection->match([...], 'locations/generarPDF', 'LocationsPdfController::generarPDF')
 3 SYSTEMPATH/Router/RouteCollection.php(339): require('/home/u976386866/domains/servipro.site/public_html/app/app/Config/Routes.php')
 4 SYSTEMPATH/CodeIgniter.php(821): CodeIgniter\Router\RouteCollection->loadRoutes()
 5 SYSTEMPATH/CodeIgniter.php(455): CodeIgniter\CodeIgniter->tryToRouteIt(null)
 6 SYSTEMPATH/CodeIgniter.php(354): CodeIgniter\CodeIgniter->handleRequest(null, Object(Config\Cache), false)
 7 SYSTEMPATH/Boot.php(334): CodeIgniter\CodeIgniter->run()
 8 SYSTEMPATH/Boot.php(67): CodeIgniter\Boot::runCodeIgniter(Object(CodeIgniter\CodeIgniter))
 9 FCPATH/index.php(56): CodeIgniter\Boot::bootWeb(Object(Config\Paths))
WARNING - 2025-12-28 12:28:50 --> [DEPRECATED] Passing lowercase HTTP method "post" is deprecated. Use uppercase HTTP method like "POST". in SYSTEMPATH/Router/RouteCollection.php on line 1026.
 1 SYSTEMPATH/Router/RouteCollection.php(1026): trigger_error('Passing lowercase HTTP method "post" is deprecated. Use uppercase HTTP method like "POST".', 16384)
 2 APPPATH/Config/Routes.php(131): CodeIgniter\Router\RouteCollection->match([...], 'locations/generarPDF', 'LocationsPdfController::generarPDF')
 3 SYSTEMPATH/Router/RouteCollection.php(339): require('/home/u976386866/domains/servipro.site/public_html/app/app/Config/Routes.php')
 4 SYSTEMPATH/CodeIgniter.php(821): CodeIgniter\Router\RouteCollection->loadRoutes()
 5 SYSTEMPATH/CodeIgniter.php(455): CodeIgniter\CodeIgniter->tryToRouteIt(null)
 6 SYSTEMPATH/CodeIgniter.php(354): CodeIgniter\CodeIgniter->handleRequest(null, Object(Config\Cache), false)
 7 SYSTEMPATH/Boot.php(334): CodeIgniter\CodeIgniter->run()
 8 SYSTEMPATH/Boot.php(67): CodeIgniter\Boot::runCodeIgniter(Object(CodeIgniter\CodeIgniter))
 9 FCPATH/index.php(56): CodeIgniter\Boot::bootWeb(Object(Config\Paths))
WARNING - 2025-12-28 12:28:50 --> [DEPRECATED] Passing lowercase HTTP method "get" is deprecated. Use uppercase HTTP method like "GET". in SYSTEMPATH/Router/RouteCollection.php on line 1026.
 1 SYSTEMPATH/Router/RouteCollection.php(1026): trigger_error('Passing lowercase HTTP method "get" is deprecated. Use uppercase HTTP method like "GET".', 16384)
 2 APPPATH/Config/Routes.php(131): CodeIgniter\Router\RouteCollection->match([...], 'locations/generarPDF', 'LocationsPdfController::generarPDF')
 3 SYSTEMPATH/Router/RouteCollection.php(339): require('/home/u976386866/domains/servipro.site/public_html/app/app/Config/Routes.php')
 4 SYSTEMPATH/CodeIgniter.php(821): CodeIgniter\Router\RouteCollection->loadRoutes()
 5 SYSTEMPATH/CodeIgniter.php(455): CodeIgniter\CodeIgniter->tryToRouteIt(null)
 6 SYSTEMPATH/CodeIgniter.php(354): CodeIgniter\CodeIgniter->handleRequest(null, Object(Config\Cache), false)
 7 SYSTEMPATH/Boot.php(334): CodeIgniter\CodeIgniter->run()
 8 SYSTEMPATH/Boot.php(67): CodeIgniter\Boot::runCodeIgniter(Object(CodeIgniter\CodeIgniter))
 9 FCPATH/index.php(56): CodeIgniter\Boot::bootWeb(Object(Config\Paths))
WARNING - 2025-12-28 12:28:50 --> [DEPRECATED] Passing lowercase HTTP method "post" is deprecated. Use uppercase HTTP method like "POST". in SYSTEMPATH/Router/RouteCollection.php on line 1026.
 1 SYSTEMPATH/Router/RouteCollection.php(1026): trigger_error('Passing lowercase HTTP method "post" is deprecated. Use uppercase HTTP method like "POST".', 16384)
 2 APPPATH/Config/Routes.php(131): CodeIgniter\Router\RouteCollection->match([...], 'locations/generarPDF', 'LocationsPdfController::generarPDF')
 3 SYSTEMPATH/Router/RouteCollection.php(339): require('/home/u976386866/domains/servipro.site/public_html/app/app/Config/Routes.php')
 4 SYSTEMPATH/CodeIgniter.php(821): CodeIgniter\Router\RouteCollection->loadRoutes()
 5 SYSTEMPATH/CodeIgniter.php(455): CodeIgniter\CodeIgniter->tryToRouteIt(null)
 6 SYSTEMPATH/CodeIgniter.php(354): CodeIgniter\CodeIgniter->handleRequest(null, Object(Config\Cache), false)
 7 SYSTEMPATH/Boot.php(334): CodeIgniter\CodeIgniter->run()
 8 SYSTEMPATH/Boot.php(67): CodeIgniter\Boot::runCodeIgniter(Object(CodeIgniter\CodeIgniter))
 9 FCPATH/index.php(56): CodeIgniter\Boot::bootWeb(Object(Config\Paths))
WARNING - 2025-12-28 12:28:50 --> [DEPRECATED] Passing lowercase HTTP method "get" is deprecated. Use uppercase HTTP method like "GET". in SYSTEMPATH/Router/RouteCollection.php on line 1026.
 1 SYSTEMPATH/Router/RouteCollection.php(1026): trigger_error('Passing lowercase HTTP method "get" is deprecated. Use uppercase HTTP method like "GET".', 16384)
 2 APPPATH/Config/Routes.php(131): CodeIgniter\Router\RouteCollection->match([...], 'locations/generarPDF', 'LocationsPdfController::generarPDF')
 3 SYSTEMPATH/Router/RouteCollection.php(339): require('/home/u976386866/domains/servipro.site/public_html/app/app/Config/Routes.php')
 4 SYSTEMPATH/CodeIgniter.php(821): CodeIgniter\Router\RouteCollection->loadRoutes()
 5 SYSTEMPATH/CodeIgniter.php(455): CodeIgniter\CodeIgniter->tryToRouteIt(null)
 6 SYSTEMPATH/CodeIgniter.php(354): CodeIgniter\CodeIgniter->handleRequest(null, Object(Config\Cache), false)
 7 SYSTEMPATH/Boot.php(334): CodeIgniter\CodeIgniter->run()
 8 SYSTEMPATH/Boot.php(67): CodeIgniter\Boot::runCodeIgniter(Object(CodeIgniter\CodeIgniter))
 9 FCPATH/index.php(56): CodeIgniter\Boot::bootWeb(Object(Config\Paths))
WARNING - 2025-12-28 12:28:50 --> [DEPRECATED] Passing lowercase HTTP method "post" is deprecated. Use uppercase HTTP method like "POST". in SYSTEMPATH/Router/RouteCollection.php on line 1026.
 1 SYSTEMPATH/Router/RouteCollection.php(1026): trigger_error('Passing lowercase HTTP method "post" is deprecated. Use uppercase HTTP method like "POST".', 16384)
 2 APPPATH/Config/Routes.php(131): CodeIgniter\Router\RouteCollection->match([...], 'locations/generarPDF', 'LocationsPdfController::generarPDF')
 3 SYSTEMPATH/Router/RouteCollection.php(339): require('/home/u976386866/domains/servipro.site/public_html/app/app/Config/Routes.php')
 4 SYSTEMPATH/CodeIgniter.php(821): CodeIgniter\Router\RouteCollection->loadRoutes()
 5 SYSTEMPATH/CodeIgniter.php(455): CodeIgniter\CodeIgniter->tryToRouteIt(null)
 6 SYSTEMPATH/CodeIgniter.php(354): CodeIgniter\CodeIgniter->handleRequest(null, Object(Config\Cache), false)
 7 SYSTEMPATH/Boot.php(334): CodeIgniter\CodeIgniter->run()
 8 SYSTEMPATH/Boot.php(67): CodeIgniter\Boot::runCodeIgniter(Object(CodeIgniter\CodeIgniter))
 9 FCPATH/index.php(56): CodeIgniter\Boot::bootWeb(Object(Config\Paths))
WARNING - 2025-12-28 12:28:51 --> [DEPRECATED] Passing lowercase HTTP method "get" is deprecated. Use uppercase HTTP method like "GET". in SYSTEMPATH/Router/RouteCollection.php on line 1026.
 1 SYSTEMPATH/Router/RouteCollection.php(1026): trigger_error('Passing lowercase HTTP method "get" is deprecated. Use uppercase HTTP method like "GET".', 16384)
 2 APPPATH/Config/Routes.php(131): CodeIgniter\Router\RouteCollection->match([...], 'locations/generarPDF', 'LocationsPdfController::generarPDF')
 3 SYSTEMPATH/Router/RouteCollection.php(339): require('/home/u976386866/domains/servipro.site/public_html/app/app/Config/Routes.php')
 4 SYSTEMPATH/CodeIgniter.php(821): CodeIgniter\Router\RouteCollection->loadRoutes()
 5 SYSTEMPATH/CodeIgniter.php(455): CodeIgniter\CodeIgniter->tryToRouteIt(null)
 6 SYSTEMPATH/CodeIgniter.php(354): CodeIgniter\CodeIgniter->handleRequest(null, Object(Config\Cache), false)
 7 SYSTEMPATH/Boot.php(334): CodeIgniter\CodeIgniter->run()
 8 SYSTEMPATH/Boot.php(67): CodeIgniter\Boot::runCodeIgniter(Object(CodeIgniter\CodeIgniter))
 9 FCPATH/index.php(56): CodeIgniter\Boot::bootWeb(Object(Config\Paths))
WARNING - 2025-12-28 12:28:51 --> [DEPRECATED] Passing lowercase HTTP method "post" is deprecated. Use uppercase HTTP method like "POST". in SYSTEMPATH/Router/RouteCollection.php on line 1026.
 1 SYSTEMPATH/Router/RouteCollection.php(1026): trigger_error('Passing lowercase HTTP method "post" is deprecated. Use uppercase HTTP method like "POST".', 16384)
 2 APPPATH/Config/Routes.php(131): CodeIgniter\Router\RouteCollection->match([...], 'locations/generarPDF', 'LocationsPdfController::generarPDF')
 3 SYSTEMPATH/Router/RouteCollection.php(339): require('/home/u976386866/domains/servipro.site/public_html/app/app/Config/Routes.php')
 4 SYSTEMPATH/CodeIgniter.php(821): CodeIgniter\Router\RouteCollection->loadRoutes()
 5 SYSTEMPATH/CodeIgniter.php(455): CodeIgniter\CodeIgniter->tryToRouteIt(null)
 6 SYSTEMPATH/CodeIgniter.php(354): CodeIgniter\CodeIgniter->handleRequest(null, Object(Config\Cache), false)
 7 SYSTEMPATH/Boot.php(334): CodeIgniter\CodeIgniter->run()
 8 SYSTEMPATH/Boot.php(67): CodeIgniter\Boot::runCodeIgniter(Object(CodeIgniter\CodeIgniter))
 9 FCPATH/index.php(56): CodeIgniter\Boot::bootWeb(Object(Config\Paths))
WARNING - 2025-12-28 12:52:09 --> [DEPRECATED] Passing lowercase HTTP method "get" is deprecated. Use uppercase HTTP method like "GET". in SYSTEMPATH/Router/RouteCollection.php on line 1026.
 1 SYSTEMPATH/Router/RouteCollection.php(1026): trigger_error('Passing lowercase HTTP method "get" is deprecated. Use uppercase HTTP method like "GET".', 16384)
 2 APPPATH/Config/Routes.php(131): CodeIgniter\Router\RouteCollection->match([...], 'locations/generarPDF', 'LocationsPdfController::generarPDF')
 3 SYSTEMPATH/Router/RouteCollection.php(339): require('/home/u976386866/domains/servipro.site/public_html/app/app/Config/Routes.php')
 4 SYSTEMPATH/CodeIgniter.php(821): CodeIgniter\Router\RouteCollection->loadRoutes()
 5 SYSTEMPATH/CodeIgniter.php(455): CodeIgniter\CodeIgniter->tryToRouteIt(null)
 6 SYSTEMPATH/CodeIgniter.php(354): CodeIgniter\CodeIgniter->handleRequest(null, Object(Config\Cache), false)
 7 SYSTEMPATH/Boot.php(334): CodeIgniter\CodeIgniter->run()
 8 SYSTEMPATH/Boot.php(67): CodeIgniter\Boot::runCodeIgniter(Object(CodeIgniter\CodeIgniter))
 9 FCPATH/index.php(56): CodeIgniter\Boot::bootWeb(Object(Config\Paths))
WARNING - 2025-12-28 12:52:09 --> [DEPRECATED] Passing lowercase HTTP method "post" is deprecated. Use uppercase HTTP method like "POST". in SYSTEMPATH/Router/RouteCollection.php on line 1026.
 1 SYSTEMPATH/Router/RouteCollection.php(1026): trigger_error('Passing lowercase HTTP method "post" is deprecated. Use uppercase HTTP method like "POST".', 16384)
 2 APPPATH/Config/Routes.php(131): CodeIgniter\Router\RouteCollection->match([...], 'locations/generarPDF', 'LocationsPdfController::generarPDF')
 3 SYSTEMPATH/Router/RouteCollection.php(339): require('/home/u976386866/domains/servipro.site/public_html/app/app/Config/Routes.php')
 4 SYSTEMPATH/CodeIgniter.php(821): CodeIgniter\Router\RouteCollection->loadRoutes()
 5 SYSTEMPATH/CodeIgniter.php(455): CodeIgniter\CodeIgniter->tryToRouteIt(null)
 6 SYSTEMPATH/CodeIgniter.php(354): CodeIgniter\CodeIgniter->handleRequest(null, Object(Config\Cache), false)
 7 SYSTEMPATH/Boot.php(334): CodeIgniter\CodeIgniter->run()
 8 SYSTEMPATH/Boot.php(67): CodeIgniter\Boot::runCodeIgniter(Object(CodeIgniter\CodeIgniter))
 9 FCPATH/index.php(56): CodeIgniter\Boot::bootWeb(Object(Config\Paths))
WARNING - 2025-12-28 12:52:09 --> [DEPRECATED] Passing lowercase HTTP method "get" is deprecated. Use uppercase HTTP method like "GET". in SYSTEMPATH/Router/RouteCollection.php on line 1026.
 1 SYSTEMPATH/Router/RouteCollection.php(1026): trigger_error('Passing lowercase HTTP method "get" is deprecated. Use uppercase HTTP method like "GET".', 16384)
 2 APPPATH/Config/Routes.php(131): CodeIgniter\Router\RouteCollection->match([...], 'locations/generarPDF', 'LocationsPdfController::generarPDF')
 3 SYSTEMPATH/Router/RouteCollection.php(339): require('/home/u976386866/domains/servipro.site/public_html/app/app/Config/Routes.php')
 4 SYSTEMPATH/CodeIgniter.php(821): CodeIgniter\Router\RouteCollection->loadRoutes()
 5 SYSTEMPATH/CodeIgniter.php(455): CodeIgniter\CodeIgniter->tryToRouteIt(null)
 6 SYSTEMPATH/CodeIgniter.php(354): CodeIgniter\CodeIgniter->handleRequest(null, Object(Config\Cache), false)
 7 SYSTEMPATH/Boot.php(334): CodeIgniter\CodeIgniter->run()
 8 SYSTEMPATH/Boot.php(67): CodeIgniter\Boot::runCodeIgniter(Object(CodeIgniter\CodeIgniter))
 9 FCPATH/index.php(56): CodeIgniter\Boot::bootWeb(Object(Config\Paths))
WARNING - 2025-12-28 12:52:09 --> [DEPRECATED] Passing lowercase HTTP method "post" is deprecated. Use uppercase HTTP method like "POST". in SYSTEMPATH/Router/RouteCollection.php on line 1026.
 1 SYSTEMPATH/Router/RouteCollection.php(1026): trigger_error('Passing lowercase HTTP method "post" is deprecated. Use uppercase HTTP method like "POST".', 16384)
 2 APPPATH/Config/Routes.php(131): CodeIgniter\Router\RouteCollection->match([...], 'locations/generarPDF', 'LocationsPdfController::generarPDF')
 3 SYSTEMPATH/Router/RouteCollection.php(339): require('/home/u976386866/domains/servipro.site/public_html/app/app/Config/Routes.php')
 4 SYSTEMPATH/CodeIgniter.php(821): CodeIgniter\Router\RouteCollection->loadRoutes()
 5 SYSTEMPATH/CodeIgniter.php(455): CodeIgniter\CodeIgniter->tryToRouteIt(null)
 6 SYSTEMPATH/CodeIgniter.php(354): CodeIgniter\CodeIgniter->handleRequest(null, Object(Config\Cache), false)
 7 SYSTEMPATH/Boot.php(334): CodeIgniter\CodeIgniter->run()
 8 SYSTEMPATH/Boot.php(67): CodeIgniter\Boot::runCodeIgniter(Object(CodeIgniter\CodeIgniter))
 9 FCPATH/index.php(56): CodeIgniter\Boot::bootWeb(Object(Config\Paths))
WARNING - 2025-12-28 12:52:09 --> [DEPRECATED] Passing lowercase HTTP method "get" is deprecated. Use uppercase HTTP method like "GET". in SYSTEMPATH/Router/RouteCollection.php on line 1026.
 1 SYSTEMPATH/Router/RouteCollection.php(1026): trigger_error('Passing lowercase HTTP method "get" is deprecated. Use uppercase HTTP method like "GET".', 16384)
 2 APPPATH/Config/Routes.php(131): CodeIgniter\Router\RouteCollection->match([...], 'locations/generarPDF', 'LocationsPdfController::generarPDF')
 3 SYSTEMPATH/Router/RouteCollection.php(339): require('/home/u976386866/domains/servipro.site/public_html/app/app/Config/Routes.php')
 4 SYSTEMPATH/CodeIgniter.php(821): CodeIgniter\Router\RouteCollection->loadRoutes()
 5 SYSTEMPATH/CodeIgniter.php(455): CodeIgniter\CodeIgniter->tryToRouteIt(null)
 6 SYSTEMPATH/CodeIgniter.php(354): CodeIgniter\CodeIgniter->handleRequest(null, Object(Config\Cache), false)
 7 SYSTEMPATH/Boot.php(334): CodeIgniter\CodeIgniter->run()
 8 SYSTEMPATH/Boot.php(67): CodeIgniter\Boot::runCodeIgniter(Object(CodeIgniter\CodeIgniter))
 9 FCPATH/index.php(56): CodeIgniter\Boot::bootWeb(Object(Config\Paths))
WARNING - 2025-12-28 12:52:09 --> [DEPRECATED] Passing lowercase HTTP method "post" is deprecated. Use uppercase HTTP method like "POST". in SYSTEMPATH/Router/RouteCollection.php on line 1026.
 1 SYSTEMPATH/Router/RouteCollection.php(1026): trigger_error('Passing lowercase HTTP method "post" is deprecated. Use uppercase HTTP method like "POST".', 16384)
 2 APPPATH/Config/Routes.php(131): CodeIgniter\Router\RouteCollection->match([...], 'locations/generarPDF', 'LocationsPdfController::generarPDF')
 3 SYSTEMPATH/Router/RouteCollection.php(339): require('/home/u976386866/domains/servipro.site/public_html/app/app/Config/Routes.php')
 4 SYSTEMPATH/CodeIgniter.php(821): CodeIgniter\Router\RouteCollection->loadRoutes()
 5 SYSTEMPATH/CodeIgniter.php(455): CodeIgniter\CodeIgniter->tryToRouteIt(null)
 6 SYSTEMPATH/CodeIgniter.php(354): CodeIgniter\CodeIgniter->handleRequest(null, Object(Config\Cache), false)
 7 SYSTEMPATH/Boot.php(334): CodeIgniter\CodeIgniter->run()
 8 SYSTEMPATH/Boot.php(67): CodeIgniter\Boot::runCodeIgniter(Object(CodeIgniter\CodeIgniter))
 9 FCPATH/index.php(56): CodeIgniter\Boot::bootWeb(Object(Config\Paths))
WARNING - 2025-12-28 12:52:09 --> [DEPRECATED] Passing lowercase HTTP method "get" is deprecated. Use uppercase HTTP method like "GET". in SYSTEMPATH/Router/RouteCollection.php on line 1026.
 1 SYSTEMPATH/Router/RouteCollection.php(1026): trigger_error('Passing lowercase HTTP method "get" is deprecated. Use uppercase HTTP method like "GET".', 16384)
 2 APPPATH/Config/Routes.php(131): CodeIgniter\Router\RouteCollection->match([...], 'locations/generarPDF', 'LocationsPdfController::generarPDF')
 3 SYSTEMPATH/Router/RouteCollection.php(339): require('/home/u976386866/domains/servipro.site/public_html/app/app/Config/Routes.php')
 4 SYSTEMPATH/CodeIgniter.php(821): CodeIgniter\Router\RouteCollection->loadRoutes()
 5 SYSTEMPATH/CodeIgniter.php(455): CodeIgniter\CodeIgniter->tryToRouteIt(null)
 6 SYSTEMPATH/CodeIgniter.php(354): CodeIgniter\CodeIgniter->handleRequest(null, Object(Config\Cache), false)
 7 SYSTEMPATH/Boot.php(334): CodeIgniter\CodeIgniter->run()
 8 SYSTEMPATH/Boot.php(67): CodeIgniter\Boot::runCodeIgniter(Object(CodeIgniter\CodeIgniter))
 9 FCPATH/index.php(56): CodeIgniter\Boot::bootWeb(Object(Config\Paths))
WARNING - 2025-12-28 12:52:09 --> [DEPRECATED] Passing lowercase HTTP method "post" is deprecated. Use uppercase HTTP method like "POST". in SYSTEMPATH/Router/RouteCollection.php on line 1026.
 1 SYSTEMPATH/Router/RouteCollection.php(1026): trigger_error('Passing lowercase HTTP method "post" is deprecated. Use uppercase HTTP method like "POST".', 16384)
 2 APPPATH/Config/Routes.php(131): CodeIgniter\Router\RouteCollection->match([...], 'locations/generarPDF', 'LocationsPdfController::generarPDF')
 3 SYSTEMPATH/Router/RouteCollection.php(339): require('/home/u976386866/domains/servipro.site/public_html/app/app/Config/Routes.php')
 4 SYSTEMPATH/CodeIgniter.php(821): CodeIgniter\Router\RouteCollection->loadRoutes()
 5 SYSTEMPATH/CodeIgniter.php(455): CodeIgniter\CodeIgniter->tryToRouteIt(null)
 6 SYSTEMPATH/CodeIgniter.php(354): CodeIgniter\CodeIgniter->handleRequest(null, Object(Config\Cache), false)
 7 SYSTEMPATH/Boot.php(334): CodeIgniter\CodeIgniter->run()
 8 SYSTEMPATH/Boot.php(67): CodeIgniter\Boot::runCodeIgniter(Object(CodeIgniter\CodeIgniter))
 9 FCPATH/index.php(56): CodeIgniter\Boot::bootWeb(Object(Config\Paths))
WARNING - 2025-12-28 12:52:09 --> [DEPRECATED] Passing lowercase HTTP method "get" is deprecated. Use uppercase HTTP method like "GET". in SYSTEMPATH/Router/RouteCollection.php on line 1026.
 1 SYSTEMPATH/Router/RouteCollection.php(1026): trigger_error('Passing lowercase HTTP method "get" is deprecated. Use uppercase HTTP method like "GET".', 16384)
 2 APPPATH/Config/Routes.php(131): CodeIgniter\Router\RouteCollection->match([...], 'locations/generarPDF', 'LocationsPdfController::generarPDF')
 3 SYSTEMPATH/Router/RouteCollection.php(339): require('/home/u976386866/domains/servipro.site/public_html/app/app/Config/Routes.php')
 4 SYSTEMPATH/CodeIgniter.php(821): CodeIgniter\Router\RouteCollection->loadRoutes()
 5 SYSTEMPATH/CodeIgniter.php(455): CodeIgniter\CodeIgniter->tryToRouteIt(null)
 6 SYSTEMPATH/CodeIgniter.php(354): CodeIgniter\CodeIgniter->handleRequest(null, Object(Config\Cache), false)
 7 SYSTEMPATH/Boot.php(334): CodeIgniter\CodeIgniter->run()
 8 SYSTEMPATH/Boot.php(67): CodeIgniter\Boot::runCodeIgniter(Object(CodeIgniter\CodeIgniter))
 9 FCPATH/index.php(56): CodeIgniter\Boot::bootWeb(Object(Config\Paths))
WARNING - 2025-12-28 12:52:09 --> [DEPRECATED] Passing lowercase HTTP method "post" is deprecated. Use uppercase HTTP method like "POST". in SYSTEMPATH/Router/RouteCollection.php on line 1026.
 1 SYSTEMPATH/Router/RouteCollection.php(1026): trigger_error('Passing lowercase HTTP method "post" is deprecated. Use uppercase HTTP method like "POST".', 16384)
 2 APPPATH/Config/Routes.php(131): CodeIgniter\Router\RouteCollection->match([...], 'locations/generarPDF', 'LocationsPdfController::generarPDF')
 3 SYSTEMPATH/Router/RouteCollection.php(339): require('/home/u976386866/domains/servipro.site/public_html/app/app/Config/Routes.php')
 4 SYSTEMPATH/CodeIgniter.php(821): CodeIgniter\Router\RouteCollection->loadRoutes()
 5 SYSTEMPATH/CodeIgniter.php(455): CodeIgniter\CodeIgniter->tryToRouteIt(null)
 6 SYSTEMPATH/CodeIgniter.php(354): CodeIgniter\CodeIgniter->handleRequest(null, Object(Config\Cache), false)
 7 SYSTEMPATH/Boot.php(334): CodeIgniter\CodeIgniter->run()
 8 SYSTEMPATH/Boot.php(67): CodeIgniter\Boot::runCodeIgniter(Object(CodeIgniter\CodeIgniter))
 9 FCPATH/index.php(56): CodeIgniter\Boot::bootWeb(Object(Config\Paths))
WARNING - 2025-12-28 12:52:10 --> [DEPRECATED] Passing lowercase HTTP method "get" is deprecated. Use uppercase HTTP method like "GET". in SYSTEMPATH/Router/RouteCollection.php on line 1026.
 1 SYSTEMPATH/Router/RouteCollection.php(1026): trigger_error('Passing lowercase HTTP method "get" is deprecated. Use uppercase HTTP method like "GET".', 16384)
 2 APPPATH/Config/Routes.php(131): CodeIgniter\Router\RouteCollection->match([...], 'locations/generarPDF', 'LocationsPdfController::generarPDF')
 3 SYSTEMPATH/Router/RouteCollection.php(339): require('/home/u976386866/domains/servipro.site/public_html/app/app/Config/Routes.php')
 4 SYSTEMPATH/CodeIgniter.php(821): CodeIgniter\Router\RouteCollection->loadRoutes()
 5 SYSTEMPATH/CodeIgniter.php(455): CodeIgniter\CodeIgniter->tryToRouteIt(null)
 6 SYSTEMPATH/CodeIgniter.php(354): CodeIgniter\CodeIgniter->handleRequest(null, Object(Config\Cache), false)
 7 SYSTEMPATH/Boot.php(334): CodeIgniter\CodeIgniter->run()
 8 SYSTEMPATH/Boot.php(67): CodeIgniter\Boot::runCodeIgniter(Object(CodeIgniter\CodeIgniter))
 9 FCPATH/index.php(56): CodeIgniter\Boot::bootWeb(Object(Config\Paths))
WARNING - 2025-12-28 12:52:10 --> [DEPRECATED] Passing lowercase HTTP method "post" is deprecated. Use uppercase HTTP method like "POST". in SYSTEMPATH/Router/RouteCollection.php on line 1026.
 1 SYSTEMPATH/Router/RouteCollection.php(1026): trigger_error('Passing lowercase HTTP method "post" is deprecated. Use uppercase HTTP method like "POST".', 16384)
 2 APPPATH/Config/Routes.php(131): CodeIgniter\Router\RouteCollection->match([...], 'locations/generarPDF', 'LocationsPdfController::generarPDF')
 3 SYSTEMPATH/Router/RouteCollection.php(339): require('/home/u976386866/domains/servipro.site/public_html/app/app/Config/Routes.php')
 4 SYSTEMPATH/CodeIgniter.php(821): CodeIgniter\Router\RouteCollection->loadRoutes()
 5 SYSTEMPATH/CodeIgniter.php(455): CodeIgniter\CodeIgniter->tryToRouteIt(null)
 6 SYSTEMPATH/CodeIgniter.php(354): CodeIgniter\CodeIgniter->handleRequest(null, Object(Config\Cache), false)
 7 SYSTEMPATH/Boot.php(334): CodeIgniter\CodeIgniter->run()
 8 SYSTEMPATH/Boot.php(67): CodeIgniter\Boot::runCodeIgniter(Object(CodeIgniter\CodeIgniter))
 9 FCPATH/index.php(56): CodeIgniter\Boot::bootWeb(Object(Config\Paths))
WARNING - 2025-12-28 12:52:10 --> [DEPRECATED] Passing lowercase HTTP method "get" is deprecated. Use uppercase HTTP method like "GET". in SYSTEMPATH/Router/RouteCollection.php on line 1026.
 1 SYSTEMPATH/Router/RouteCollection.php(1026): trigger_error('Passing lowercase HTTP method "get" is deprecated. Use uppercase HTTP method like "GET".', 16384)
 2 APPPATH/Config/Routes.php(131): CodeIgniter\Router\RouteCollection->match([...], 'locations/generarPDF', 'LocationsPdfController::generarPDF')
 3 SYSTEMPATH/Router/RouteCollection.php(339): require('/home/u976386866/domains/servipro.site/public_html/app/app/Config/Routes.php')
 4 SYSTEMPATH/CodeIgniter.php(821): CodeIgniter\Router\RouteCollection->loadRoutes()
 5 SYSTEMPATH/CodeIgniter.php(455): CodeIgniter\CodeIgniter->tryToRouteIt(null)
 6 SYSTEMPATH/CodeIgniter.php(354): CodeIgniter\CodeIgniter->handleRequest(null, Object(Config\Cache), false)
 7 SYSTEMPATH/Boot.php(334): CodeIgniter\CodeIgniter->run()
 8 SYSTEMPATH/Boot.php(67): CodeIgniter\Boot::runCodeIgniter(Object(CodeIgniter\CodeIgniter))
 9 FCPATH/index.php(56): CodeIgniter\Boot::bootWeb(Object(Config\Paths))
WARNING - 2025-12-28 12:52:10 --> [DEPRECATED] Passing lowercase HTTP method "post" is deprecated. Use uppercase HTTP method like "POST". in SYSTEMPATH/Router/RouteCollection.php on line 1026.
 1 SYSTEMPATH/Router/RouteCollection.php(1026): trigger_error('Passing lowercase HTTP method "post" is deprecated. Use uppercase HTTP method like "POST".', 16384)
 2 APPPATH/Config/Routes.php(131): CodeIgniter\Router\RouteCollection->match([...], 'locations/generarPDF', 'LocationsPdfController::generarPDF')
 3 SYSTEMPATH/Router/RouteCollection.php(339): require('/home/u976386866/domains/servipro.site/public_html/app/app/Config/Routes.php')
 4 SYSTEMPATH/CodeIgniter.php(821): CodeIgniter\Router\RouteCollection->loadRoutes()
 5 SYSTEMPATH/CodeIgniter.php(455): CodeIgniter\CodeIgniter->tryToRouteIt(null)
 6 SYSTEMPATH/CodeIgniter.php(354): CodeIgniter\CodeIgniter->handleRequest(null, Object(Config\Cache), false)
 7 SYSTEMPATH/Boot.php(334): CodeIgniter\CodeIgniter->run()
 8 SYSTEMPATH/Boot.php(67): CodeIgniter\Boot::runCodeIgniter(Object(CodeIgniter\CodeIgniter))
 9 FCPATH/index.php(56): CodeIgniter\Boot::bootWeb(Object(Config\Paths))
WARNING - 2025-12-28 12:52:22 --> [DEPRECATED] Passing lowercase HTTP method "get" is deprecated. Use uppercase HTTP method like "GET". in SYSTEMPATH/Router/RouteCollection.php on line 1026.
 1 SYSTEMPATH/Router/RouteCollection.php(1026): trigger_error('Passing lowercase HTTP method "get" is deprecated. Use uppercase HTTP method like "GET".', 16384)
 2 APPPATH/Config/Routes.php(131): CodeIgniter\Router\RouteCollection->match([...], 'locations/generarPDF', 'LocationsPdfController::generarPDF')
 3 SYSTEMPATH/Router/RouteCollection.php(339): require('/home/u976386866/domains/servipro.site/public_html/app/app/Config/Routes.php')
 4 SYSTEMPATH/CodeIgniter.php(821): CodeIgniter\Router\RouteCollection->loadRoutes()
 5 SYSTEMPATH/CodeIgniter.php(455): CodeIgniter\CodeIgniter->tryToRouteIt(null)
 6 SYSTEMPATH/CodeIgniter.php(354): CodeIgniter\CodeIgniter->handleRequest(null, Object(Config\Cache), false)
 7 SYSTEMPATH/Boot.php(334): CodeIgniter\CodeIgniter->run()
 8 SYSTEMPATH/Boot.php(67): CodeIgniter\Boot::runCodeIgniter(Object(CodeIgniter\CodeIgniter))
 9 FCPATH/index.php(56): CodeIgniter\Boot::bootWeb(Object(Config\Paths))
WARNING - 2025-12-28 12:52:22 --> [DEPRECATED] Passing lowercase HTTP method "post" is deprecated. Use uppercase HTTP method like "POST". in SYSTEMPATH/Router/RouteCollection.php on line 1026.
 1 SYSTEMPATH/Router/RouteCollection.php(1026): trigger_error('Passing lowercase HTTP method "post" is deprecated. Use uppercase HTTP method like "POST".', 16384)
 2 APPPATH/Config/Routes.php(131): CodeIgniter\Router\RouteCollection->match([...], 'locations/generarPDF', 'LocationsPdfController::generarPDF')
 3 SYSTEMPATH/Router/RouteCollection.php(339): require('/home/u976386866/domains/servipro.site/public_html/app/app/Config/Routes.php')
 4 SYSTEMPATH/CodeIgniter.php(821): CodeIgniter\Router\RouteCollection->loadRoutes()
 5 SYSTEMPATH/CodeIgniter.php(455): CodeIgniter\CodeIgniter->tryToRouteIt(null)
 6 SYSTEMPATH/CodeIgniter.php(354): CodeIgniter\CodeIgniter->handleRequest(null, Object(Config\Cache), false)
 7 SYSTEMPATH/Boot.php(334): CodeIgniter\CodeIgniter->run()
 8 SYSTEMPATH/Boot.php(67): CodeIgniter\Boot::runCodeIgniter(Object(CodeIgniter\CodeIgniter))
 9 FCPATH/index.php(56): CodeIgniter\Boot::bootWeb(Object(Config\Paths))
DEBUG - 2025-12-28 12:52:22 --> Session: Class initialized using 'CodeIgniter\Session\Handlers\FileHandler' driver.
WARNING - 2025-12-28 12:52:26 --> [DEPRECATED] Passing lowercase HTTP method "get" is deprecated. Use uppercase HTTP method like "GET". in SYSTEMPATH/Router/RouteCollection.php on line 1026.
 1 SYSTEMPATH/Router/RouteCollection.php(1026): trigger_error('Passing lowercase HTTP method "get" is deprecated. Use uppercase HTTP method like "GET".', 16384)
 2 APPPATH/Config/Routes.php(131): CodeIgniter\Router\RouteCollection->match([...], 'locations/generarPDF', 'LocationsPdfController::generarPDF')
 3 SYSTEMPATH/Router/RouteCollection.php(339): require('/home/u976386866/domains/servipro.site/public_html/app/app/Config/Routes.php')
 4 SYSTEMPATH/CodeIgniter.php(821): CodeIgniter\Router\RouteCollection->loadRoutes()
 5 SYSTEMPATH/CodeIgniter.php(455): CodeIgniter\CodeIgniter->tryToRouteIt(null)
 6 SYSTEMPATH/CodeIgniter.php(354): CodeIgniter\CodeIgniter->handleRequest(null, Object(Config\Cache), false)
 7 SYSTEMPATH/Boot.php(334): CodeIgniter\CodeIgniter->run()
 8 SYSTEMPATH/Boot.php(67): CodeIgniter\Boot::runCodeIgniter(Object(CodeIgniter\CodeIgniter))
 9 FCPATH/index.php(56): CodeIgniter\Boot::bootWeb(Object(Config\Paths))
WARNING - 2025-12-28 12:52:26 --> [DEPRECATED] Passing lowercase HTTP method "post" is deprecated. Use uppercase HTTP method like "POST". in SYSTEMPATH/Router/RouteCollection.php on line 1026.
 1 SYSTEMPATH/Router/RouteCollection.php(1026): trigger_error('Passing lowercase HTTP method "post" is deprecated. Use uppercase HTTP method like "POST".', 16384)
 2 APPPATH/Config/Routes.php(131): CodeIgniter\Router\RouteCollection->match([...], 'locations/generarPDF', 'LocationsPdfController::generarPDF')
 3 SYSTEMPATH/Router/RouteCollection.php(339): require('/home/u976386866/domains/servipro.site/public_html/app/app/Config/Routes.php')
 4 SYSTEMPATH/CodeIgniter.php(821): CodeIgniter\Router\RouteCollection->loadRoutes()
 5 SYSTEMPATH/CodeIgniter.php(455): CodeIgniter\CodeIgniter->tryToRouteIt(null)
 6 SYSTEMPATH/CodeIgniter.php(354): CodeIgniter\CodeIgniter->handleRequest(null, Object(Config\Cache), false)
 7 SYSTEMPATH/Boot.php(334): CodeIgniter\CodeIgniter->run()
 8 SYSTEMPATH/Boot.php(67): CodeIgniter\Boot::runCodeIgniter(Object(CodeIgniter\CodeIgniter))
 9 FCPATH/index.php(56): CodeIgniter\Boot::bootWeb(Object(Config\Paths))
DEBUG - 2025-12-28 12:52:26 --> Session: Class initialized using 'CodeIgniter\Session\Handlers\FileHandler' driver.
WARNING - 2025-12-28 12:54:54 --> [DEPRECATED] Passing lowercase HTTP method "get" is deprecated. Use uppercase HTTP method like "GET". in SYSTEMPATH/Router/RouteCollection.php on line 1026.
 1 SYSTEMPATH/Router/RouteCollection.php(1026): trigger_error('Passing lowercase HTTP method "get" is deprecated. Use uppercase HTTP method like "GET".', 16384)
 2 APPPATH/Config/Routes.php(131): CodeIgniter\Router\RouteCollection->match([...], 'locations/generarPDF', 'LocationsPdfController::generarPDF')
 3 SYSTEMPATH/Router/RouteCollection.php(339): require('/home/u976386866/domains/servipro.site/public_html/app/app/Config/Routes.php')
 4 SYSTEMPATH/CodeIgniter.php(821): CodeIgniter\Router\RouteCollection->loadRoutes()
 5 SYSTEMPATH/CodeIgniter.php(455): CodeIgniter\CodeIgniter->tryToRouteIt(null)
 6 SYSTEMPATH/CodeIgniter.php(354): CodeIgniter\CodeIgniter->handleRequest(null, Object(Config\Cache), false)
 7 SYSTEMPATH/Boot.php(334): CodeIgniter\CodeIgniter->run()
 8 SYSTEMPATH/Boot.php(67): CodeIgniter\Boot::runCodeIgniter(Object(CodeIgniter\CodeIgniter))
 9 FCPATH/index.php(56): CodeIgniter\Boot::bootWeb(Object(Config\Paths))
WARNING - 2025-12-28 12:54:54 --> [DEPRECATED] Passing lowercase HTTP method "post" is deprecated. Use uppercase HTTP method like "POST". in SYSTEMPATH/Router/RouteCollection.php on line 1026.
 1 SYSTEMPATH/Router/RouteCollection.php(1026): trigger_error('Passing lowercase HTTP method "post" is deprecated. Use uppercase HTTP method like "POST".', 16384)
 2 APPPATH/Config/Routes.php(131): CodeIgniter\Router\RouteCollection->match([...], 'locations/generarPDF', 'LocationsPdfController::generarPDF')
 3 SYSTEMPATH/Router/RouteCollection.php(339): require('/home/u976386866/domains/servipro.site/public_html/app/app/Config/Routes.php')
 4 SYSTEMPATH/CodeIgniter.php(821): CodeIgniter\Router\RouteCollection->loadRoutes()
 5 SYSTEMPATH/CodeIgniter.php(455): CodeIgniter\CodeIgniter->tryToRouteIt(null)
 6 SYSTEMPATH/CodeIgniter.php(354): CodeIgniter\CodeIgniter->handleRequest(null, Object(Config\Cache), false)
 7 SYSTEMPATH/Boot.php(334): CodeIgniter\CodeIgniter->run()
 8 SYSTEMPATH/Boot.php(67): CodeIgniter\Boot::runCodeIgniter(Object(CodeIgniter\CodeIgniter))
 9 FCPATH/index.php(56): CodeIgniter\Boot::bootWeb(Object(Config\Paths))
WARNING - 2025-12-28 12:54:55 --> [DEPRECATED] Passing lowercase HTTP method "get" is deprecated. Use uppercase HTTP method like "GET". in SYSTEMPATH/Router/RouteCollection.php on line 1026.
 1 SYSTEMPATH/Router/RouteCollection.php(1026): trigger_error('Passing lowercase HTTP method "get" is deprecated. Use uppercase HTTP method like "GET".', 16384)
 2 APPPATH/Config/Routes.php(131): CodeIgniter\Router\RouteCollection->match([...], 'locations/generarPDF', 'LocationsPdfController::generarPDF')
 3 SYSTEMPATH/Router/RouteCollection.php(339): require('/home/u976386866/domains/servipro.site/public_html/app/app/Config/Routes.php')
 4 SYSTEMPATH/CodeIgniter.php(821): CodeIgniter\Router\RouteCollection->loadRoutes()
 5 SYSTEMPATH/CodeIgniter.php(455): CodeIgniter\CodeIgniter->tryToRouteIt(null)
 6 SYSTEMPATH/CodeIgniter.php(354): CodeIgniter\CodeIgniter->handleRequest(null, Object(Config\Cache), false)
 7 SYSTEMPATH/Boot.php(334): CodeIgniter\CodeIgniter->run()
 8 SYSTEMPATH/Boot.php(67): CodeIgniter\Boot::runCodeIgniter(Object(CodeIgniter\CodeIgniter))
 9 FCPATH/index.php(56): CodeIgniter\Boot::bootWeb(Object(Config\Paths))
WARNING - 2025-12-28 12:54:55 --> [DEPRECATED] Passing lowercase HTTP method "post" is deprecated. Use uppercase HTTP method like "POST". in SYSTEMPATH/Router/RouteCollection.php on line 1026.
 1 SYSTEMPATH/Router/RouteCollection.php(1026): trigger_error('Passing lowercase HTTP method "post" is deprecated. Use uppercase HTTP method like "POST".', 16384)
 2 APPPATH/Config/Routes.php(131): CodeIgniter\Router\RouteCollection->match([...], 'locations/generarPDF', 'LocationsPdfController::generarPDF')
 3 SYSTEMPATH/Router/RouteCollection.php(339): require('/home/u976386866/domains/servipro.site/public_html/app/app/Config/Routes.php')
 4 SYSTEMPATH/CodeIgniter.php(821): CodeIgniter\Router\RouteCollection->loadRoutes()
 5 SYSTEMPATH/CodeIgniter.php(455): CodeIgniter\CodeIgniter->tryToRouteIt(null)
 6 SYSTEMPATH/CodeIgniter.php(354): CodeIgniter\CodeIgniter->handleRequest(null, Object(Config\Cache), false)
 7 SYSTEMPATH/Boot.php(334): CodeIgniter\CodeIgniter->run()
 8 SYSTEMPATH/Boot.php(67): CodeIgniter\Boot::runCodeIgniter(Object(CodeIgniter\CodeIgniter))
 9 FCPATH/index.php(56): CodeIgniter\Boot::bootWeb(Object(Config\Paths))
WARNING - 2025-12-28 12:54:55 --> [DEPRECATED] Passing lowercase HTTP method "get" is deprecated. Use uppercase HTTP method like "GET". in SYSTEMPATH/Router/RouteCollection.php on line 1026.
 1 SYSTEMPATH/Router/RouteCollection.php(1026): trigger_error('Passing lowercase HTTP method "get" is deprecated. Use uppercase HTTP method like "GET".', 16384)
 2 APPPATH/Config/Routes.php(131): CodeIgniter\Router\RouteCollection->match([...], 'locations/generarPDF', 'LocationsPdfController::generarPDF')
 3 SYSTEMPATH/Router/RouteCollection.php(339): require('/home/u976386866/domains/servipro.site/public_html/app/app/Config/Routes.php')
 4 SYSTEMPATH/CodeIgniter.php(821): CodeIgniter\Router\RouteCollection->loadRoutes()
 5 SYSTEMPATH/CodeIgniter.php(455): CodeIgniter\CodeIgniter->tryToRouteIt(null)
 6 SYSTEMPATH/CodeIgniter.php(354): CodeIgniter\CodeIgniter->handleRequest(null, Object(Config\Cache), false)
 7 SYSTEMPATH/Boot.php(334): CodeIgniter\CodeIgniter->run()
 8 SYSTEMPATH/Boot.php(67): CodeIgniter\Boot::runCodeIgniter(Object(CodeIgniter\CodeIgniter))
 9 FCPATH/index.php(56): CodeIgniter\Boot::bootWeb(Object(Config\Paths))
WARNING - 2025-12-28 12:54:55 --> [DEPRECATED] Passing lowercase HTTP method "post" is deprecated. Use uppercase HTTP method like "POST". in SYSTEMPATH/Router/RouteCollection.php on line 1026.
 1 SYSTEMPATH/Router/RouteCollection.php(1026): trigger_error('Passing lowercase HTTP method "post" is deprecated. Use uppercase HTTP method like "POST".', 16384)
 2 APPPATH/Config/Routes.php(131): CodeIgniter\Router\RouteCollection->match([...], 'locations/generarPDF', 'LocationsPdfController::generarPDF')
 3 SYSTEMPATH/Router/RouteCollection.php(339): require('/home/u976386866/domains/servipro.site/public_html/app/app/Config/Routes.php')
 4 SYSTEMPATH/CodeIgniter.php(821): CodeIgniter\Router\RouteCollection->loadRoutes()
 5 SYSTEMPATH/CodeIgniter.php(455): CodeIgniter\CodeIgniter->tryToRouteIt(null)
 6 SYSTEMPATH/CodeIgniter.php(354): CodeIgniter\CodeIgniter->handleRequest(null, Object(Config\Cache), false)
 7 SYSTEMPATH/Boot.php(334): CodeIgniter\CodeIgniter->run()
 8 SYSTEMPATH/Boot.php(67): CodeIgniter\Boot::runCodeIgniter(Object(CodeIgniter\CodeIgniter))
 9 FCPATH/index.php(56): CodeIgniter\Boot::bootWeb(Object(Config\Paths))
WARNING - 2025-12-28 12:54:55 --> [DEPRECATED] Passing lowercase HTTP method "get" is deprecated. Use uppercase HTTP method like "GET". in SYSTEMPATH/Router/RouteCollection.php on line 1026.
 1 SYSTEMPATH/Router/RouteCollection.php(1026): trigger_error('Passing lowercase HTTP method "get" is deprecated. Use uppercase HTTP method like "GET".', 16384)
 2 APPPATH/Config/Routes.php(131): CodeIgniter\Router\RouteCollection->match([...], 'locations/generarPDF', 'LocationsPdfController::generarPDF')
 3 SYSTEMPATH/Router/RouteCollection.php(339): require('/home/u976386866/domains/servipro.site/public_html/app/app/Config/Routes.php')
 4 SYSTEMPATH/CodeIgniter.php(821): CodeIgniter\Router\RouteCollection->loadRoutes()
 5 SYSTEMPATH/CodeIgniter.php(455): CodeIgniter\CodeIgniter->tryToRouteIt(null)
 6 SYSTEMPATH/CodeIgniter.php(354): CodeIgniter\CodeIgniter->handleRequest(null, Object(Config\Cache), false)
 7 SYSTEMPATH/Boot.php(334): CodeIgniter\CodeIgniter->run()
 8 SYSTEMPATH/Boot.php(67): CodeIgniter\Boot::runCodeIgniter(Object(CodeIgniter\CodeIgniter))
 9 FCPATH/index.php(56): CodeIgniter\Boot::bootWeb(Object(Config\Paths))
WARNING - 2025-12-28 12:54:55 --> [DEPRECATED] Passing lowercase HTTP method "post" is deprecated. Use uppercase HTTP method like "POST". in SYSTEMPATH/Router/RouteCollection.php on line 1026.
 1 SYSTEMPATH/Router/RouteCollection.php(1026): trigger_error('Passing lowercase HTTP method "post" is deprecated. Use uppercase HTTP method like "POST".', 16384)
 2 APPPATH/Config/Routes.php(131): CodeIgniter\Router\RouteCollection->match([...], 'locations/generarPDF', 'LocationsPdfController::generarPDF')
 3 SYSTEMPATH/Router/RouteCollection.php(339): require('/home/u976386866/domains/servipro.site/public_html/app/app/Config/Routes.php')
 4 SYSTEMPATH/CodeIgniter.php(821): CodeIgniter\Router\RouteCollection->loadRoutes()
 5 SYSTEMPATH/CodeIgniter.php(455): CodeIgniter\CodeIgniter->tryToRouteIt(null)
 6 SYSTEMPATH/CodeIgniter.php(354): CodeIgniter\CodeIgniter->handleRequest(null, Object(Config\Cache), false)
 7 SYSTEMPATH/Boot.php(334): CodeIgniter\CodeIgniter->run()
 8 SYSTEMPATH/Boot.php(67): CodeIgniter\Boot::runCodeIgniter(Object(CodeIgniter\CodeIgniter))
 9 FCPATH/index.php(56): CodeIgniter\Boot::bootWeb(Object(Config\Paths))
WARNING - 2025-12-28 12:54:56 --> [DEPRECATED] Passing lowercase HTTP method "get" is deprecated. Use uppercase HTTP method like "GET". in SYSTEMPATH/Router/RouteCollection.php on line 1026.
 1 SYSTEMPATH/Router/RouteCollection.php(1026): trigger_error('Passing lowercase HTTP method "get" is deprecated. Use uppercase HTTP method like "GET".', 16384)
 2 APPPATH/Config/Routes.php(131): CodeIgniter\Router\RouteCollection->match([...], 'locations/generarPDF', 'LocationsPdfController::generarPDF')
 3 SYSTEMPATH/Router/RouteCollection.php(339): require('/home/u976386866/domains/servipro.site/public_html/app/app/Config/Routes.php')
 4 SYSTEMPATH/CodeIgniter.php(821): CodeIgniter\Router\RouteCollection->loadRoutes()
 5 SYSTEMPATH/CodeIgniter.php(455): CodeIgniter\CodeIgniter->tryToRouteIt(null)
 6 SYSTEMPATH/CodeIgniter.php(354): CodeIgniter\CodeIgniter->handleRequest(null, Object(Config\Cache), false)
 7 SYSTEMPATH/Boot.php(334): CodeIgniter\CodeIgniter->run()
 8 SYSTEMPATH/Boot.php(67): CodeIgniter\Boot::runCodeIgniter(Object(CodeIgniter\CodeIgniter))
 9 FCPATH/index.php(56): CodeIgniter\Boot::bootWeb(Object(Config\Paths))
WARNING - 2025-12-28 12:54:56 --> [DEPRECATED] Passing lowercase HTTP method "post" is deprecated. Use uppercase HTTP method like "POST". in SYSTEMPATH/Router/RouteCollection.php on line 1026.
 1 SYSTEMPATH/Router/RouteCollection.php(1026): trigger_error('Passing lowercase HTTP method "post" is deprecated. Use uppercase HTTP method like "POST".', 16384)
 2 APPPATH/Config/Routes.php(131): CodeIgniter\Router\RouteCollection->match([...], 'locations/generarPDF', 'LocationsPdfController::generarPDF')
 3 SYSTEMPATH/Router/RouteCollection.php(339): require('/home/u976386866/domains/servipro.site/public_html/app/app/Config/Routes.php')
 4 SYSTEMPATH/CodeIgniter.php(821): CodeIgniter\Router\RouteCollection->loadRoutes()
 5 SYSTEMPATH/CodeIgniter.php(455): CodeIgniter\CodeIgniter->tryToRouteIt(null)
 6 SYSTEMPATH/CodeIgniter.php(354): CodeIgniter\CodeIgniter->handleRequest(null, Object(Config\Cache), false)
 7 SYSTEMPATH/Boot.php(334): CodeIgniter\CodeIgniter->run()
 8 SYSTEMPATH/Boot.php(67): CodeIgniter\Boot::runCodeIgniter(Object(CodeIgniter\CodeIgniter))
 9 FCPATH/index.php(56): CodeIgniter\Boot::bootWeb(Object(Config\Paths))
WARNING - 2025-12-28 12:54:56 --> [DEPRECATED] Passing lowercase HTTP method "get" is deprecated. Use uppercase HTTP method like "GET". in SYSTEMPATH/Router/RouteCollection.php on line 1026.
 1 SYSTEMPATH/Router/RouteCollection.php(1026): trigger_error('Passing lowercase HTTP method "get" is deprecated. Use uppercase HTTP method like "GET".', 16384)
 2 APPPATH/Config/Routes.php(131): CodeIgniter\Router\RouteCollection->match([...], 'locations/generarPDF', 'LocationsPdfController::generarPDF')
 3 SYSTEMPATH/Router/RouteCollection.php(339): require('/home/u976386866/domains/servipro.site/public_html/app/app/Config/Routes.php')
 4 SYSTEMPATH/CodeIgniter.php(821): CodeIgniter\Router\RouteCollection->loadRoutes()
 5 SYSTEMPATH/CodeIgniter.php(455): CodeIgniter\CodeIgniter->tryToRouteIt(null)
 6 SYSTEMPATH/CodeIgniter.php(354): CodeIgniter\CodeIgniter->handleRequest(null, Object(Config\Cache), false)
 7 SYSTEMPATH/Boot.php(334): CodeIgniter\CodeIgniter->run()
 8 SYSTEMPATH/Boot.php(67): CodeIgniter\Boot::runCodeIgniter(Object(CodeIgniter\CodeIgniter))
 9 FCPATH/index.php(56): CodeIgniter\Boot::bootWeb(Object(Config\Paths))
WARNING - 2025-12-28 12:54:56 --> [DEPRECATED] Passing lowercase HTTP method "post" is deprecated. Use uppercase HTTP method like "POST". in SYSTEMPATH/Router/RouteCollection.php on line 1026.
 1 SYSTEMPATH/Router/RouteCollection.php(1026): trigger_error('Passing lowercase HTTP method "post" is deprecated. Use uppercase HTTP method like "POST".', 16384)
 2 APPPATH/Config/Routes.php(131): CodeIgniter\Router\RouteCollection->match([...], 'locations/generarPDF', 'LocationsPdfController::generarPDF')
 3 SYSTEMPATH/Router/RouteCollection.php(339): require('/home/u976386866/domains/servipro.site/public_html/app/app/Config/Routes.php')
 4 SYSTEMPATH/CodeIgniter.php(821): CodeIgniter\Router\RouteCollection->loadRoutes()
 5 SYSTEMPATH/CodeIgniter.php(455): CodeIgniter\CodeIgniter->tryToRouteIt(null)
 6 SYSTEMPATH/CodeIgniter.php(354): CodeIgniter\CodeIgniter->handleRequest(null, Object(Config\Cache), false)
 7 SYSTEMPATH/Boot.php(334): CodeIgniter\CodeIgniter->run()
 8 SYSTEMPATH/Boot.php(67): CodeIgniter\Boot::runCodeIgniter(Object(CodeIgniter\CodeIgniter))
 9 FCPATH/index.php(56): CodeIgniter\Boot::bootWeb(Object(Config\Paths))
WARNING - 2025-12-28 12:54:56 --> [DEPRECATED] Passing lowercase HTTP method "get" is deprecated. Use uppercase HTTP method like "GET". in SYSTEMPATH/Router/RouteCollection.php on line 1026.
 1 SYSTEMPATH/Router/RouteCollection.php(1026): trigger_error('Passing lowercase HTTP method "get" is deprecated. Use uppercase HTTP method like "GET".', 16384)
 2 APPPATH/Config/Routes.php(131): CodeIgniter\Router\RouteCollection->match([...], 'locations/generarPDF', 'LocationsPdfController::generarPDF')
 3 SYSTEMPATH/Router/RouteCollection.php(339): require('/home/u976386866/domains/servipro.site/public_html/app/app/Config/Routes.php')
 4 SYSTEMPATH/CodeIgniter.php(821): CodeIgniter\Router\RouteCollection->loadRoutes()
 5 SYSTEMPATH/CodeIgniter.php(455): CodeIgniter\CodeIgniter->tryToRouteIt(null)
 6 SYSTEMPATH/CodeIgniter.php(354): CodeIgniter\CodeIgniter->handleRequest(null, Object(Config\Cache), false)
 7 SYSTEMPATH/Boot.php(334): CodeIgniter\CodeIgniter->run()
 8 SYSTEMPATH/Boot.php(67): CodeIgniter\Boot::runCodeIgniter(Object(CodeIgniter\CodeIgniter))
 9 FCPATH/index.php(56): CodeIgniter\Boot::bootWeb(Object(Config\Paths))
WARNING - 2025-12-28 12:54:56 --> [DEPRECATED] Passing lowercase HTTP method "post" is deprecated. Use uppercase HTTP method like "POST". in SYSTEMPATH/Router/RouteCollection.php on line 1026.
 1 SYSTEMPATH/Router/RouteCollection.php(1026): trigger_error('Passing lowercase HTTP method "post" is deprecated. Use uppercase HTTP method like "POST".', 16384)
 2 APPPATH/Config/Routes.php(131): CodeIgniter\Router\RouteCollection->match([...], 'locations/generarPDF', 'LocationsPdfController::generarPDF')
 3 SYSTEMPATH/Router/RouteCollection.php(339): require('/home/u976386866/domains/servipro.site/public_html/app/app/Config/Routes.php')
 4 SYSTEMPATH/CodeIgniter.php(821): CodeIgniter\Router\RouteCollection->loadRoutes()
 5 SYSTEMPATH/CodeIgniter.php(455): CodeIgniter\CodeIgniter->tryToRouteIt(null)
 6 SYSTEMPATH/CodeIgniter.php(354): CodeIgniter\CodeIgniter->handleRequest(null, Object(Config\Cache), false)
 7 SYSTEMPATH/Boot.php(334): CodeIgniter\CodeIgniter->run()
 8 SYSTEMPATH/Boot.php(67): CodeIgniter\Boot::runCodeIgniter(Object(CodeIgniter\CodeIgniter))
 9 FCPATH/index.php(56): CodeIgniter\Boot::bootWeb(Object(Config\Paths))
WARNING - 2025-12-28 12:54:57 --> [DEPRECATED] Passing lowercase HTTP method "get" is deprecated. Use uppercase HTTP method like "GET". in SYSTEMPATH/Router/RouteCollection.php on line 1026.
 1 SYSTEMPATH/Router/RouteCollection.php(1026): trigger_error('Passing lowercase HTTP method "get" is deprecated. Use uppercase HTTP method like "GET".', 16384)
 2 APPPATH/Config/Routes.php(131): CodeIgniter\Router\RouteCollection->match([...], 'locations/generarPDF', 'LocationsPdfController::generarPDF')
 3 SYSTEMPATH/Router/RouteCollection.php(339): require('/home/u976386866/domains/servipro.site/public_html/app/app/Config/Routes.php')
 4 SYSTEMPATH/CodeIgniter.php(821): CodeIgniter\Router\RouteCollection->loadRoutes()
 5 SYSTEMPATH/CodeIgniter.php(455): CodeIgniter\CodeIgniter->tryToRouteIt(null)
 6 SYSTEMPATH/CodeIgniter.php(354): CodeIgniter\CodeIgniter->handleRequest(null, Object(Config\Cache), false)
 7 SYSTEMPATH/Boot.php(334): CodeIgniter\CodeIgniter->run()
 8 SYSTEMPATH/Boot.php(67): CodeIgniter\Boot::runCodeIgniter(Object(CodeIgniter\CodeIgniter))
 9 FCPATH/index.php(56): CodeIgniter\Boot::bootWeb(Object(Config\Paths))
WARNING - 2025-12-28 12:54:57 --> [DEPRECATED] Passing lowercase HTTP method "post" is deprecated. Use uppercase HTTP method like "POST". in SYSTEMPATH/Router/RouteCollection.php on line 1026.
 1 SYSTEMPATH/Router/RouteCollection.php(1026): trigger_error('Passing lowercase HTTP method "post" is deprecated. Use uppercase HTTP method like "POST".', 16384)
 2 APPPATH/Config/Routes.php(131): CodeIgniter\Router\RouteCollection->match([...], 'locations/generarPDF', 'LocationsPdfController::generarPDF')
 3 SYSTEMPATH/Router/RouteCollection.php(339): require('/home/u976386866/domains/servipro.site/public_html/app/app/Config/Routes.php')
 4 SYSTEMPATH/CodeIgniter.php(821): CodeIgniter\Router\RouteCollection->loadRoutes()
 5 SYSTEMPATH/CodeIgniter.php(455): CodeIgniter\CodeIgniter->tryToRouteIt(null)
 6 SYSTEMPATH/CodeIgniter.php(354): CodeIgniter\CodeIgniter->handleRequest(null, Object(Config\Cache), false)
 7 SYSTEMPATH/Boot.php(334): CodeIgniter\CodeIgniter->run()
 8 SYSTEMPATH/Boot.php(67): CodeIgniter\Boot::runCodeIgniter(Object(CodeIgniter\CodeIgniter))
 9 FCPATH/index.php(56): CodeIgniter\Boot::bootWeb(Object(Config\Paths))
WARNING - 2025-12-28 12:54:57 --> [DEPRECATED] Passing lowercase HTTP method "get" is deprecated. Use uppercase HTTP method like "GET". in SYSTEMPATH/Router/RouteCollection.php on line 1026.
 1 SYSTEMPATH/Router/RouteCollection.php(1026): trigger_error('Passing lowercase HTTP method "get" is deprecated. Use uppercase HTTP method like "GET".', 16384)
 2 APPPATH/Config/Routes.php(131): CodeIgniter\Router\RouteCollection->match([...], 'locations/generarPDF', 'LocationsPdfController::generarPDF')
 3 SYSTEMPATH/Router/RouteCollection.php(339): require('/home/u976386866/domains/servipro.site/public_html/app/app/Config/Routes.php')
 4 SYSTEMPATH/CodeIgniter.php(821): CodeIgniter\Router\RouteCollection->loadRoutes()
 5 SYSTEMPATH/CodeIgniter.php(455): CodeIgniter\CodeIgniter->tryToRouteIt(null)
 6 SYSTEMPATH/CodeIgniter.php(354): CodeIgniter\CodeIgniter->handleRequest(null, Object(Config\Cache), false)
 7 SYSTEMPATH/Boot.php(334): CodeIgniter\CodeIgniter->run()
 8 SYSTEMPATH/Boot.php(67): CodeIgniter\Boot::runCodeIgniter(Object(CodeIgniter\CodeIgniter))
 9 FCPATH/index.php(56): CodeIgniter\Boot::bootWeb(Object(Config\Paths))
WARNING - 2025-12-28 12:54:57 --> [DEPRECATED] Passing lowercase HTTP method "post" is deprecated. Use uppercase HTTP method like "POST". in SYSTEMPATH/Router/RouteCollection.php on line 1026.
 1 SYSTEMPATH/Router/RouteCollection.php(1026): trigger_error('Passing lowercase HTTP method "post" is deprecated. Use uppercase HTTP method like "POST".', 16384)
 2 APPPATH/Config/Routes.php(131): CodeIgniter\Router\RouteCollection->match([...], 'locations/generarPDF', 'LocationsPdfController::generarPDF')
 3 SYSTEMPATH/Router/RouteCollection.php(339): require('/home/u976386866/domains/servipro.site/public_html/app/app/Config/Routes.php')
 4 SYSTEMPATH/CodeIgniter.php(821): CodeIgniter\Router\RouteCollection->loadRoutes()
 5 SYSTEMPATH/CodeIgniter.php(455): CodeIgniter\CodeIgniter->tryToRouteIt(null)
 6 SYSTEMPATH/CodeIgniter.php(354): CodeIgniter\CodeIgniter->handleRequest(null, Object(Config\Cache), false)
 7 SYSTEMPATH/Boot.php(334): CodeIgniter\CodeIgniter->run()
 8 SYSTEMPATH/Boot.php(67): CodeIgniter\Boot::runCodeIgniter(Object(CodeIgniter\CodeIgniter))
 9 FCPATH/index.php(56): CodeIgniter\Boot::bootWeb(Object(Config\Paths))
WARNING - 2025-12-28 12:54:57 --> [DEPRECATED] Passing lowercase HTTP method "get" is deprecated. Use uppercase HTTP method like "GET". in SYSTEMPATH/Router/RouteCollection.php on line 1026.
 1 SYSTEMPATH/Router/RouteCollection.php(1026): trigger_error('Passing lowercase HTTP method "get" is deprecated. Use uppercase HTTP method like "GET".', 16384)
 2 APPPATH/Config/Routes.php(131): CodeIgniter\Router\RouteCollection->match([...], 'locations/generarPDF', 'LocationsPdfController::generarPDF')
 3 SYSTEMPATH/Router/RouteCollection.php(339): require('/home/u976386866/domains/servipro.site/public_html/app/app/Config/Routes.php')
 4 SYSTEMPATH/CodeIgniter.php(821): CodeIgniter\Router\RouteCollection->loadRoutes()
 5 SYSTEMPATH/CodeIgniter.php(455): CodeIgniter\CodeIgniter->tryToRouteIt(null)
 6 SYSTEMPATH/CodeIgniter.php(354): CodeIgniter\CodeIgniter->handleRequest(null, Object(Config\Cache), false)
 7 SYSTEMPATH/Boot.php(334): CodeIgniter\CodeIgniter->run()
 8 SYSTEMPATH/Boot.php(67): CodeIgniter\Boot::runCodeIgniter(Object(CodeIgniter\CodeIgniter))
 9 FCPATH/index.php(56): CodeIgniter\Boot::bootWeb(Object(Config\Paths))
WARNING - 2025-12-28 12:54:57 --> [DEPRECATED] Passing lowercase HTTP method "post" is deprecated. Use uppercase HTTP method like "POST". in SYSTEMPATH/Router/RouteCollection.php on line 1026.
 1 SYSTEMPATH/Router/RouteCollection.php(1026): trigger_error('Passing lowercase HTTP method "post" is deprecated. Use uppercase HTTP method like "POST".', 16384)
 2 APPPATH/Config/Routes.php(131): CodeIgniter\Router\RouteCollection->match([...], 'locations/generarPDF', 'LocationsPdfController::generarPDF')
 3 SYSTEMPATH/Router/RouteCollection.php(339): require('/home/u976386866/domains/servipro.site/public_html/app/app/Config/Routes.php')
 4 SYSTEMPATH/CodeIgniter.php(821): CodeIgniter\Router\RouteCollection->loadRoutes()
 5 SYSTEMPATH/CodeIgniter.php(455): CodeIgniter\CodeIgniter->tryToRouteIt(null)
 6 SYSTEMPATH/CodeIgniter.php(354): CodeIgniter\CodeIgniter->handleRequest(null, Object(Config\Cache), false)
 7 SYSTEMPATH/Boot.php(334): CodeIgniter\CodeIgniter->run()
 8 SYSTEMPATH/Boot.php(67): CodeIgniter\Boot::runCodeIgniter(Object(CodeIgniter\CodeIgniter))
 9 FCPATH/index.php(56): CodeIgniter\Boot::bootWeb(Object(Config\Paths))
WARNING - 2025-12-28 12:54:57 --> [DEPRECATED] Passing lowercase HTTP method "get" is deprecated. Use uppercase HTTP method like "GET". in SYSTEMPATH/Router/RouteCollection.php on line 1026.
 1 SYSTEMPATH/Router/RouteCollection.php(1026): trigger_error('Passing lowercase HTTP method "get" is deprecated. Use uppercase HTTP method like "GET".', 16384)
 2 APPPATH/Config/Routes.php(131): CodeIgniter\Router\RouteCollection->match([...], 'locations/generarPDF', 'LocationsPdfController::generarPDF')
 3 SYSTEMPATH/Router/RouteCollection.php(339): require('/home/u976386866/domains/servipro.site/public_html/app/app/Config/Routes.php')
 4 SYSTEMPATH/CodeIgniter.php(821): CodeIgniter\Router\RouteCollection->loadRoutes()
 5 SYSTEMPATH/CodeIgniter.php(455): CodeIgniter\CodeIgniter->tryToRouteIt(null)
 6 SYSTEMPATH/CodeIgniter.php(354): CodeIgniter\CodeIgniter->handleRequest(null, Object(Config\Cache), false)
 7 SYSTEMPATH/Boot.php(334): CodeIgniter\CodeIgniter->run()
 8 SYSTEMPATH/Boot.php(67): CodeIgniter\Boot::runCodeIgniter(Object(CodeIgniter\CodeIgniter))
 9 FCPATH/index.php(56): CodeIgniter\Boot::bootWeb(Object(Config\Paths))
WARNING - 2025-12-28 12:54:57 --> [DEPRECATED] Passing lowercase HTTP method "post" is deprecated. Use uppercase HTTP method like "POST". in SYSTEMPATH/Router/RouteCollection.php on line 1026.
 1 SYSTEMPATH/Router/RouteCollection.php(1026): trigger_error('Passing lowercase HTTP method "post" is deprecated. Use uppercase HTTP method like "POST".', 16384)
 2 APPPATH/Config/Routes.php(131): CodeIgniter\Router\RouteCollection->match([...], 'locations/generarPDF', 'LocationsPdfController::generarPDF')
 3 SYSTEMPATH/Router/RouteCollection.php(339): require('/home/u976386866/domains/servipro.site/public_html/app/app/Config/Routes.php')
 4 SYSTEMPATH/CodeIgniter.php(821): CodeIgniter\Router\RouteCollection->loadRoutes()
 5 SYSTEMPATH/CodeIgniter.php(455): CodeIgniter\CodeIgniter->tryToRouteIt(null)
 6 SYSTEMPATH/CodeIgniter.php(354): CodeIgniter\CodeIgniter->handleRequest(null, Object(Config\Cache), false)
 7 SYSTEMPATH/Boot.php(334): CodeIgniter\CodeIgniter->run()
 8 SYSTEMPATH/Boot.php(67): CodeIgniter\Boot::runCodeIgniter(Object(CodeIgniter\CodeIgniter))
 9 FCPATH/index.php(56): CodeIgniter\Boot::bootWeb(Object(Config\Paths))
WARNING - 2025-12-28 12:54:58 --> [DEPRECATED] Passing lowercase HTTP method "get" is deprecated. Use uppercase HTTP method like "GET". in SYSTEMPATH/Router/RouteCollection.php on line 1026.
 1 SYSTEMPATH/Router/RouteCollection.php(1026): trigger_error('Passing lowercase HTTP method "get" is deprecated. Use uppercase HTTP method like "GET".', 16384)
 2 APPPATH/Config/Routes.php(131): CodeIgniter\Router\RouteCollection->match([...], 'locations/generarPDF', 'LocationsPdfController::generarPDF')
 3 SYSTEMPATH/Router/RouteCollection.php(339): require('/home/u976386866/domains/servipro.site/public_html/app/app/Config/Routes.php')
 4 SYSTEMPATH/CodeIgniter.php(821): CodeIgniter\Router\RouteCollection->loadRoutes()
 5 SYSTEMPATH/CodeIgniter.php(455): CodeIgniter\CodeIgniter->tryToRouteIt(null)
 6 SYSTEMPATH/CodeIgniter.php(354): CodeIgniter\CodeIgniter->handleRequest(null, Object(Config\Cache), false)
 7 SYSTEMPATH/Boot.php(334): CodeIgniter\CodeIgniter->run()
 8 SYSTEMPATH/Boot.php(67): CodeIgniter\Boot::runCodeIgniter(Object(CodeIgniter\CodeIgniter))
 9 FCPATH/index.php(56): CodeIgniter\Boot::bootWeb(Object(Config\Paths))
WARNING - 2025-12-28 12:54:58 --> [DEPRECATED] Passing lowercase HTTP method "post" is deprecated. Use uppercase HTTP method like "POST". in SYSTEMPATH/Router/RouteCollection.php on line 1026.
 1 SYSTEMPATH/Router/RouteCollection.php(1026): trigger_error('Passing lowercase HTTP method "post" is deprecated. Use uppercase HTTP method like "POST".', 16384)
 2 APPPATH/Config/Routes.php(131): CodeIgniter\Router\RouteCollection->match([...], 'locations/generarPDF', 'LocationsPdfController::generarPDF')
 3 SYSTEMPATH/Router/RouteCollection.php(339): require('/home/u976386866/domains/servipro.site/public_html/app/app/Config/Routes.php')
 4 SYSTEMPATH/CodeIgniter.php(821): CodeIgniter\Router\RouteCollection->loadRoutes()
 5 SYSTEMPATH/CodeIgniter.php(455): CodeIgniter\CodeIgniter->tryToRouteIt(null)
 6 SYSTEMPATH/CodeIgniter.php(354): CodeIgniter\CodeIgniter->handleRequest(null, Object(Config\Cache), false)
 7 SYSTEMPATH/Boot.php(334): CodeIgniter\CodeIgniter->run()
 8 SYSTEMPATH/Boot.php(67): CodeIgniter\Boot::runCodeIgniter(Object(CodeIgniter\CodeIgniter))
 9 FCPATH/index.php(56): CodeIgniter\Boot::bootWeb(Object(Config\Paths))
WARNING - 2025-12-28 12:54:58 --> [DEPRECATED] Passing lowercase HTTP method "get" is deprecated. Use uppercase HTTP method like "GET". in SYSTEMPATH/Router/RouteCollection.php on line 1026.
 1 SYSTEMPATH/Router/RouteCollection.php(1026): trigger_error('Passing lowercase HTTP method "get" is deprecated. Use uppercase HTTP method like "GET".', 16384)
 2 APPPATH/Config/Routes.php(131): CodeIgniter\Router\RouteCollection->match([...], 'locations/generarPDF', 'LocationsPdfController::generarPDF')
 3 SYSTEMPATH/Router/RouteCollection.php(339): require('/home/u976386866/domains/servipro.site/public_html/app/app/Config/Routes.php')
 4 SYSTEMPATH/CodeIgniter.php(821): CodeIgniter\Router\RouteCollection->loadRoutes()
 5 SYSTEMPATH/CodeIgniter.php(455): CodeIgniter\CodeIgniter->tryToRouteIt(null)
 6 SYSTEMPATH/CodeIgniter.php(354): CodeIgniter\CodeIgniter->handleRequest(null, Object(Config\Cache), false)
 7 SYSTEMPATH/Boot.php(334): CodeIgniter\CodeIgniter->run()
 8 SYSTEMPATH/Boot.php(67): CodeIgniter\Boot::runCodeIgniter(Object(CodeIgniter\CodeIgniter))
 9 FCPATH/index.php(56): CodeIgniter\Boot::bootWeb(Object(Config\Paths))
WARNING - 2025-12-28 12:54:58 --> [DEPRECATED] Passing lowercase HTTP method "post" is deprecated. Use uppercase HTTP method like "POST". in SYSTEMPATH/Router/RouteCollection.php on line 1026.
 1 SYSTEMPATH/Router/RouteCollection.php(1026): trigger_error('Passing lowercase HTTP method "post" is deprecated. Use uppercase HTTP method like "POST".', 16384)
 2 APPPATH/Config/Routes.php(131): CodeIgniter\Router\RouteCollection->match([...], 'locations/generarPDF', 'LocationsPdfController::generarPDF')
 3 SYSTEMPATH/Router/RouteCollection.php(339): require('/home/u976386866/domains/servipro.site/public_html/app/app/Config/Routes.php')
 4 SYSTEMPATH/CodeIgniter.php(821): CodeIgniter\Router\RouteCollection->loadRoutes()
 5 SYSTEMPATH/CodeIgniter.php(455): CodeIgniter\CodeIgniter->tryToRouteIt(null)
 6 SYSTEMPATH/CodeIgniter.php(354): CodeIgniter\CodeIgniter->handleRequest(null, Object(Config\Cache), false)
 7 SYSTEMPATH/Boot.php(334): CodeIgniter\CodeIgniter->run()
 8 SYSTEMPATH/Boot.php(67): CodeIgniter\Boot::runCodeIgniter(Object(CodeIgniter\CodeIgniter))
 9 FCPATH/index.php(56): CodeIgniter\Boot::bootWeb(Object(Config\Paths))
WARNING - 2025-12-28 12:54:58 --> [DEPRECATED] Passing lowercase HTTP method "get" is deprecated. Use uppercase HTTP method like "GET". in SYSTEMPATH/Router/RouteCollection.php on line 1026.
 1 SYSTEMPATH/Router/RouteCollection.php(1026): trigger_error('Passing lowercase HTTP method "get" is deprecated. Use uppercase HTTP method like "GET".', 16384)
 2 APPPATH/Config/Routes.php(131): CodeIgniter\Router\RouteCollection->match([...], 'locations/generarPDF', 'LocationsPdfController::generarPDF')
 3 SYSTEMPATH/Router/RouteCollection.php(339): require('/home/u976386866/domains/servipro.site/public_html/app/app/Config/Routes.php')
 4 SYSTEMPATH/CodeIgniter.php(821): CodeIgniter\Router\RouteCollection->loadRoutes()
 5 SYSTEMPATH/CodeIgniter.php(455): CodeIgniter\CodeIgniter->tryToRouteIt(null)
 6 SYSTEMPATH/CodeIgniter.php(354): CodeIgniter\CodeIgniter->handleRequest(null, Object(Config\Cache), false)
 7 SYSTEMPATH/Boot.php(334): CodeIgniter\CodeIgniter->run()
 8 SYSTEMPATH/Boot.php(67): CodeIgniter\Boot::runCodeIgniter(Object(CodeIgniter\CodeIgniter))
 9 FCPATH/index.php(56): CodeIgniter\Boot::bootWeb(Object(Config\Paths))
WARNING - 2025-12-28 12:54:58 --> [DEPRECATED] Passing lowercase HTTP method "post" is deprecated. Use uppercase HTTP method like "POST". in SYSTEMPATH/Router/RouteCollection.php on line 1026.
 1 SYSTEMPATH/Router/RouteCollection.php(1026): trigger_error('Passing lowercase HTTP method "post" is deprecated. Use uppercase HTTP method like "POST".', 16384)
 2 APPPATH/Config/Routes.php(131): CodeIgniter\Router\RouteCollection->match([...], 'locations/generarPDF', 'LocationsPdfController::generarPDF')
 3 SYSTEMPATH/Router/RouteCollection.php(339): require('/home/u976386866/domains/servipro.site/public_html/app/app/Config/Routes.php')
 4 SYSTEMPATH/CodeIgniter.php(821): CodeIgniter\Router\RouteCollection->loadRoutes()
 5 SYSTEMPATH/CodeIgniter.php(455): CodeIgniter\CodeIgniter->tryToRouteIt(null)
 6 SYSTEMPATH/CodeIgniter.php(354): CodeIgniter\CodeIgniter->handleRequest(null, Object(Config\Cache), false)
 7 SYSTEMPATH/Boot.php(334): CodeIgniter\CodeIgniter->run()
 8 SYSTEMPATH/Boot.php(67): CodeIgniter\Boot::runCodeIgniter(Object(CodeIgniter\CodeIgniter))
 9 FCPATH/index.php(56): CodeIgniter\Boot::bootWeb(Object(Config\Paths))
WARNING - 2025-12-28 12:54:59 --> [DEPRECATED] Passing lowercase HTTP method "get" is deprecated. Use uppercase HTTP method like "GET". in SYSTEMPATH/Router/RouteCollection.php on line 1026.
 1 SYSTEMPATH/Router/RouteCollection.php(1026): trigger_error('Passing lowercase HTTP method "get" is deprecated. Use uppercase HTTP method like "GET".', 16384)
 2 APPPATH/Config/Routes.php(131): CodeIgniter\Router\RouteCollection->match([...], 'locations/generarPDF', 'LocationsPdfController::generarPDF')
 3 SYSTEMPATH/Router/RouteCollection.php(339): require('/home/u976386866/domains/servipro.site/public_html/app/app/Config/Routes.php')
 4 SYSTEMPATH/CodeIgniter.php(821): CodeIgniter\Router\RouteCollection->loadRoutes()
 5 SYSTEMPATH/CodeIgniter.php(455): CodeIgniter\CodeIgniter->tryToRouteIt(null)
 6 SYSTEMPATH/CodeIgniter.php(354): CodeIgniter\CodeIgniter->handleRequest(null, Object(Config\Cache), false)
 7 SYSTEMPATH/Boot.php(334): CodeIgniter\CodeIgniter->run()
 8 SYSTEMPATH/Boot.php(67): CodeIgniter\Boot::runCodeIgniter(Object(CodeIgniter\CodeIgniter))
 9 FCPATH/index.php(56): CodeIgniter\Boot::bootWeb(Object(Config\Paths))
WARNING - 2025-12-28 12:54:59 --> [DEPRECATED] Passing lowercase HTTP method "post" is deprecated. Use uppercase HTTP method like "POST". in SYSTEMPATH/Router/RouteCollection.php on line 1026.
 1 SYSTEMPATH/Router/RouteCollection.php(1026): trigger_error('Passing lowercase HTTP method "post" is deprecated. Use uppercase HTTP method like "POST".', 16384)
 2 APPPATH/Config/Routes.php(131): CodeIgniter\Router\RouteCollection->match([...], 'locations/generarPDF', 'LocationsPdfController::generarPDF')
 3 SYSTEMPATH/Router/RouteCollection.php(339): require('/home/u976386866/domains/servipro.site/public_html/app/app/Config/Routes.php')
 4 SYSTEMPATH/CodeIgniter.php(821): CodeIgniter\Router\RouteCollection->loadRoutes()
 5 SYSTEMPATH/CodeIgniter.php(455): CodeIgniter\CodeIgniter->tryToRouteIt(null)
 6 SYSTEMPATH/CodeIgniter.php(354): CodeIgniter\CodeIgniter->handleRequest(null, Object(Config\Cache), false)
 7 SYSTEMPATH/Boot.php(334): CodeIgniter\CodeIgniter->run()
 8 SYSTEMPATH/Boot.php(67): CodeIgniter\Boot::runCodeIgniter(Object(CodeIgniter\CodeIgniter))
 9 FCPATH/index.php(56): CodeIgniter\Boot::bootWeb(Object(Config\Paths))
WARNING - 2025-12-28 12:54:59 --> [DEPRECATED] Passing lowercase HTTP method "get" is deprecated. Use uppercase HTTP method like "GET". in SYSTEMPATH/Router/RouteCollection.php on line 1026.
 1 SYSTEMPATH/Router/RouteCollection.php(1026): trigger_error('Passing lowercase HTTP method "get" is deprecated. Use uppercase HTTP method like "GET".', 16384)
 2 APPPATH/Config/Routes.php(131): CodeIgniter\Router\RouteCollection->match([...], 'locations/generarPDF', 'LocationsPdfController::generarPDF')
 3 SYSTEMPATH/Router/RouteCollection.php(339): require('/home/u976386866/domains/servipro.site/public_html/app/app/Config/Routes.php')
 4 SYSTEMPATH/CodeIgniter.php(821): CodeIgniter\Router\RouteCollection->loadRoutes()
 5 SYSTEMPATH/CodeIgniter.php(455): CodeIgniter\CodeIgniter->tryToRouteIt(null)
 6 SYSTEMPATH/CodeIgniter.php(354): CodeIgniter\CodeIgniter->handleRequest(null, Object(Config\Cache), false)
 7 SYSTEMPATH/Boot.php(334): CodeIgniter\CodeIgniter->run()
 8 SYSTEMPATH/Boot.php(67): CodeIgniter\Boot::runCodeIgniter(Object(CodeIgniter\CodeIgniter))
 9 FCPATH/index.php(56): CodeIgniter\Boot::bootWeb(Object(Config\Paths))
WARNING - 2025-12-28 12:54:59 --> [DEPRECATED] Passing lowercase HTTP method "post" is deprecated. Use uppercase HTTP method like "POST". in SYSTEMPATH/Router/RouteCollection.php on line 1026.
 1 SYSTEMPATH/Router/RouteCollection.php(1026): trigger_error('Passing lowercase HTTP method "post" is deprecated. Use uppercase HTTP method like "POST".', 16384)
 2 APPPATH/Config/Routes.php(131): CodeIgniter\Router\RouteCollection->match([...], 'locations/generarPDF', 'LocationsPdfController::generarPDF')
 3 SYSTEMPATH/Router/RouteCollection.php(339): require('/home/u976386866/domains/servipro.site/public_html/app/app/Config/Routes.php')
 4 SYSTEMPATH/CodeIgniter.php(821): CodeIgniter\Router\RouteCollection->loadRoutes()
 5 SYSTEMPATH/CodeIgniter.php(455): CodeIgniter\CodeIgniter->tryToRouteIt(null)
 6 SYSTEMPATH/CodeIgniter.php(354): CodeIgniter\CodeIgniter->handleRequest(null, Object(Config\Cache), false)
 7 SYSTEMPATH/Boot.php(334): CodeIgniter\CodeIgniter->run()
 8 SYSTEMPATH/Boot.php(67): CodeIgniter\Boot::runCodeIgniter(Object(CodeIgniter\CodeIgniter))
 9 FCPATH/index.php(56): CodeIgniter\Boot::bootWeb(Object(Config\Paths))
WARNING - 2025-12-28 12:54:59 --> [DEPRECATED] Passing lowercase HTTP method "get" is deprecated. Use uppercase HTTP method like "GET". in SYSTEMPATH/Router/RouteCollection.php on line 1026.
 1 SYSTEMPATH/Router/RouteCollection.php(1026): trigger_error('Passing lowercase HTTP method "get" is deprecated. Use uppercase HTTP method like "GET".', 16384)
 2 APPPATH/Config/Routes.php(131): CodeIgniter\Router\RouteCollection->match([...], 'locations/generarPDF', 'LocationsPdfController::generarPDF')
 3 SYSTEMPATH/Router/RouteCollection.php(339): require('/home/u976386866/domains/servipro.site/public_html/app/app/Config/Routes.php')
 4 SYSTEMPATH/CodeIgniter.php(821): CodeIgniter\Router\RouteCollection->loadRoutes()
 5 SYSTEMPATH/CodeIgniter.php(455): CodeIgniter\CodeIgniter->tryToRouteIt(null)
 6 SYSTEMPATH/CodeIgniter.php(354): CodeIgniter\CodeIgniter->handleRequest(null, Object(Config\Cache), false)
 7 SYSTEMPATH/Boot.php(334): CodeIgniter\CodeIgniter->run()
 8 SYSTEMPATH/Boot.php(67): CodeIgniter\Boot::runCodeIgniter(Object(CodeIgniter\CodeIgniter))
 9 FCPATH/index.php(56): CodeIgniter\Boot::bootWeb(Object(Config\Paths))
WARNING - 2025-12-28 12:54:59 --> [DEPRECATED] Passing lowercase HTTP method "post" is deprecated. Use uppercase HTTP method like "POST". in SYSTEMPATH/Router/RouteCollection.php on line 1026.
 1 SYSTEMPATH/Router/RouteCollection.php(1026): trigger_error('Passing lowercase HTTP method "post" is deprecated. Use uppercase HTTP method like "POST".', 16384)
 2 APPPATH/Config/Routes.php(131): CodeIgniter\Router\RouteCollection->match([...], 'locations/generarPDF', 'LocationsPdfController::generarPDF')
 3 SYSTEMPATH/Router/RouteCollection.php(339): require('/home/u976386866/domains/servipro.site/public_html/app/app/Config/Routes.php')
 4 SYSTEMPATH/CodeIgniter.php(821): CodeIgniter\Router\RouteCollection->loadRoutes()
 5 SYSTEMPATH/CodeIgniter.php(455): CodeIgniter\CodeIgniter->tryToRouteIt(null)
 6 SYSTEMPATH/CodeIgniter.php(354): CodeIgniter\CodeIgniter->handleRequest(null, Object(Config\Cache), false)
 7 SYSTEMPATH/Boot.php(334): CodeIgniter\CodeIgniter->run()
 8 SYSTEMPATH/Boot.php(67): CodeIgniter\Boot::runCodeIgniter(Object(CodeIgniter\CodeIgniter))
 9 FCPATH/index.php(56): CodeIgniter\Boot::bootWeb(Object(Config\Paths))
WARNING - 2025-12-28 12:55:00 --> [DEPRECATED] Passing lowercase HTTP method "get" is deprecated. Use uppercase HTTP method like "GET". in SYSTEMPATH/Router/RouteCollection.php on line 1026.
 1 SYSTEMPATH/Router/RouteCollection.php(1026): trigger_error('Passing lowercase HTTP method "get" is deprecated. Use uppercase HTTP method like "GET".', 16384)
 2 APPPATH/Config/Routes.php(131): CodeIgniter\Router\RouteCollection->match([...], 'locations/generarPDF', 'LocationsPdfController::generarPDF')
 3 SYSTEMPATH/Router/RouteCollection.php(339): require('/home/u976386866/domains/servipro.site/public_html/app/app/Config/Routes.php')
 4 SYSTEMPATH/CodeIgniter.php(821): CodeIgniter\Router\RouteCollection->loadRoutes()
 5 SYSTEMPATH/CodeIgniter.php(455): CodeIgniter\CodeIgniter->tryToRouteIt(null)
 6 SYSTEMPATH/CodeIgniter.php(354): CodeIgniter\CodeIgniter->handleRequest(null, Object(Config\Cache), false)
 7 SYSTEMPATH/Boot.php(334): CodeIgniter\CodeIgniter->run()
 8 SYSTEMPATH/Boot.php(67): CodeIgniter\Boot::runCodeIgniter(Object(CodeIgniter\CodeIgniter))
 9 FCPATH/index.php(56): CodeIgniter\Boot::bootWeb(Object(Config\Paths))
WARNING - 2025-12-28 12:55:00 --> [DEPRECATED] Passing lowercase HTTP method "post" is deprecated. Use uppercase HTTP method like "POST". in SYSTEMPATH/Router/RouteCollection.php on line 1026.
 1 SYSTEMPATH/Router/RouteCollection.php(1026): trigger_error('Passing lowercase HTTP method "post" is deprecated. Use uppercase HTTP method like "POST".', 16384)
 2 APPPATH/Config/Routes.php(131): CodeIgniter\Router\RouteCollection->match([...], 'locations/generarPDF', 'LocationsPdfController::generarPDF')
 3 SYSTEMPATH/Router/RouteCollection.php(339): require('/home/u976386866/domains/servipro.site/public_html/app/app/Config/Routes.php')
 4 SYSTEMPATH/CodeIgniter.php(821): CodeIgniter\Router\RouteCollection->loadRoutes()
 5 SYSTEMPATH/CodeIgniter.php(455): CodeIgniter\CodeIgniter->tryToRouteIt(null)
 6 SYSTEMPATH/CodeIgniter.php(354): CodeIgniter\CodeIgniter->handleRequest(null, Object(Config\Cache), false)
 7 SYSTEMPATH/Boot.php(334): CodeIgniter\CodeIgniter->run()
 8 SYSTEMPATH/Boot.php(67): CodeIgniter\Boot::runCodeIgniter(Object(CodeIgniter\CodeIgniter))
 9 FCPATH/index.php(56): CodeIgniter\Boot::bootWeb(Object(Config\Paths))
WARNING - 2025-12-28 12:55:00 --> [DEPRECATED] Passing lowercase HTTP method "get" is deprecated. Use uppercase HTTP method like "GET". in SYSTEMPATH/Router/RouteCollection.php on line 1026.
 1 SYSTEMPATH/Router/RouteCollection.php(1026): trigger_error('Passing lowercase HTTP method "get" is deprecated. Use uppercase HTTP method like "GET".', 16384)
 2 APPPATH/Config/Routes.php(131): CodeIgniter\Router\RouteCollection->match([...], 'locations/generarPDF', 'LocationsPdfController::generarPDF')
 3 SYSTEMPATH/Router/RouteCollection.php(339): require('/home/u976386866/domains/servipro.site/public_html/app/app/Config/Routes.php')
 4 SYSTEMPATH/CodeIgniter.php(821): CodeIgniter\Router\RouteCollection->loadRoutes()
 5 SYSTEMPATH/CodeIgniter.php(455): CodeIgniter\CodeIgniter->tryToRouteIt(null)
 6 SYSTEMPATH/CodeIgniter.php(354): CodeIgniter\CodeIgniter->handleRequest(null, Object(Config\Cache), false)
 7 SYSTEMPATH/Boot.php(334): CodeIgniter\CodeIgniter->run()
 8 SYSTEMPATH/Boot.php(67): CodeIgniter\Boot::runCodeIgniter(Object(CodeIgniter\CodeIgniter))
 9 FCPATH/index.php(56): CodeIgniter\Boot::bootWeb(Object(Config\Paths))
WARNING - 2025-12-28 12:55:00 --> [DEPRECATED] Passing lowercase HTTP method "post" is deprecated. Use uppercase HTTP method like "POST". in SYSTEMPATH/Router/RouteCollection.php on line 1026.
 1 SYSTEMPATH/Router/RouteCollection.php(1026): trigger_error('Passing lowercase HTTP method "post" is deprecated. Use uppercase HTTP method like "POST".', 16384)
 2 APPPATH/Config/Routes.php(131): CodeIgniter\Router\RouteCollection->match([...], 'locations/generarPDF', 'LocationsPdfController::generarPDF')
 3 SYSTEMPATH/Router/RouteCollection.php(339): require('/home/u976386866/domains/servipro.site/public_html/app/app/Config/Routes.php')
 4 SYSTEMPATH/CodeIgniter.php(821): CodeIgniter\Router\RouteCollection->loadRoutes()
 5 SYSTEMPATH/CodeIgniter.php(455): CodeIgniter\CodeIgniter->tryToRouteIt(null)
 6 SYSTEMPATH/CodeIgniter.php(354): CodeIgniter\CodeIgniter->handleRequest(null, Object(Config\Cache), false)
 7 SYSTEMPATH/Boot.php(334): CodeIgniter\CodeIgniter->run()
 8 SYSTEMPATH/Boot.php(67): CodeIgniter\Boot::runCodeIgniter(Object(CodeIgniter\CodeIgniter))
 9 FCPATH/index.php(56): CodeIgniter\Boot::bootWeb(Object(Config\Paths))
WARNING - 2025-12-28 12:55:00 --> [DEPRECATED] Passing lowercase HTTP method "get" is deprecated. Use uppercase HTTP method like "GET". in SYSTEMPATH/Router/RouteCollection.php on line 1026.
 1 SYSTEMPATH/Router/RouteCollection.php(1026): trigger_error('Passing lowercase HTTP method "get" is deprecated. Use uppercase HTTP method like "GET".', 16384)
 2 APPPATH/Config/Routes.php(131): CodeIgniter\Router\RouteCollection->match([...], 'locations/generarPDF', 'LocationsPdfController::generarPDF')
 3 SYSTEMPATH/Router/RouteCollection.php(339): require('/home/u976386866/domains/servipro.site/public_html/app/app/Config/Routes.php')
 4 SYSTEMPATH/CodeIgniter.php(821): CodeIgniter\Router\RouteCollection->loadRoutes()
 5 SYSTEMPATH/CodeIgniter.php(455): CodeIgniter\CodeIgniter->tryToRouteIt(null)
 6 SYSTEMPATH/CodeIgniter.php(354): CodeIgniter\CodeIgniter->handleRequest(null, Object(Config\Cache), false)
 7 SYSTEMPATH/Boot.php(334): CodeIgniter\CodeIgniter->run()
 8 SYSTEMPATH/Boot.php(67): CodeIgniter\Boot::runCodeIgniter(Object(CodeIgniter\CodeIgniter))
 9 FCPATH/index.php(56): CodeIgniter\Boot::bootWeb(Object(Config\Paths))
WARNING - 2025-12-28 12:55:00 --> [DEPRECATED] Passing lowercase HTTP method "post" is deprecated. Use uppercase HTTP method like "POST". in SYSTEMPATH/Router/RouteCollection.php on line 1026.
 1 SYSTEMPATH/Router/RouteCollection.php(1026): trigger_error('Passing lowercase HTTP method "post" is deprecated. Use uppercase HTTP method like "POST".', 16384)
 2 APPPATH/Config/Routes.php(131): CodeIgniter\Router\RouteCollection->match([...], 'locations/generarPDF', 'LocationsPdfController::generarPDF')
 3 SYSTEMPATH/Router/RouteCollection.php(339): require('/home/u976386866/domains/servipro.site/public_html/app/app/Config/Routes.php')
 4 SYSTEMPATH/CodeIgniter.php(821): CodeIgniter\Router\RouteCollection->loadRoutes()
 5 SYSTEMPATH/CodeIgniter.php(455): CodeIgniter\CodeIgniter->tryToRouteIt(null)
 6 SYSTEMPATH/CodeIgniter.php(354): CodeIgniter\CodeIgniter->handleRequest(null, Object(Config\Cache), false)
 7 SYSTEMPATH/Boot.php(334): CodeIgniter\CodeIgniter->run()
 8 SYSTEMPATH/Boot.php(67): CodeIgniter\Boot::runCodeIgniter(Object(CodeIgniter\CodeIgniter))
 9 FCPATH/index.php(56): CodeIgniter\Boot::bootWeb(Object(Config\Paths))
WARNING - 2025-12-28 12:55:00 --> [DEPRECATED] Passing lowercase HTTP method "get" is deprecated. Use uppercase HTTP method like "GET". in SYSTEMPATH/Router/RouteCollection.php on line 1026.
 1 SYSTEMPATH/Router/RouteCollection.php(1026): trigger_error('Passing lowercase HTTP method "get" is deprecated. Use uppercase HTTP method like "GET".', 16384)
 2 APPPATH/Config/Routes.php(131): CodeIgniter\Router\RouteCollection->match([...], 'locations/generarPDF', 'LocationsPdfController::generarPDF')
 3 SYSTEMPATH/Router/RouteCollection.php(339): require('/home/u976386866/domains/servipro.site/public_html/app/app/Config/Routes.php')
 4 SYSTEMPATH/CodeIgniter.php(821): CodeIgniter\Router\RouteCollection->loadRoutes()
 5 SYSTEMPATH/CodeIgniter.php(455): CodeIgniter\CodeIgniter->tryToRouteIt(null)
 6 SYSTEMPATH/CodeIgniter.php(354): CodeIgniter\CodeIgniter->handleRequest(null, Object(Config\Cache), false)
 7 SYSTEMPATH/Boot.php(334): CodeIgniter\CodeIgniter->run()
 8 SYSTEMPATH/Boot.php(67): CodeIgniter\Boot::runCodeIgniter(Object(CodeIgniter\CodeIgniter))
 9 FCPATH/index.php(56): CodeIgniter\Boot::bootWeb(Object(Config\Paths))
WARNING - 2025-12-28 12:55:00 --> [DEPRECATED] Passing lowercase HTTP method "post" is deprecated. Use uppercase HTTP method like "POST". in SYSTEMPATH/Router/RouteCollection.php on line 1026.
 1 SYSTEMPATH/Router/RouteCollection.php(1026): trigger_error('Passing lowercase HTTP method "post" is deprecated. Use uppercase HTTP method like "POST".', 16384)
 2 APPPATH/Config/Routes.php(131): CodeIgniter\Router\RouteCollection->match([...], 'locations/generarPDF', 'LocationsPdfController::generarPDF')
 3 SYSTEMPATH/Router/RouteCollection.php(339): require('/home/u976386866/domains/servipro.site/public_html/app/app/Config/Routes.php')
 4 SYSTEMPATH/CodeIgniter.php(821): CodeIgniter\Router\RouteCollection->loadRoutes()
 5 SYSTEMPATH/CodeIgniter.php(455): CodeIgniter\CodeIgniter->tryToRouteIt(null)
 6 SYSTEMPATH/CodeIgniter.php(354): CodeIgniter\CodeIgniter->handleRequest(null, Object(Config\Cache), false)
 7 SYSTEMPATH/Boot.php(334): CodeIgniter\CodeIgniter->run()
 8 SYSTEMPATH/Boot.php(67): CodeIgniter\Boot::runCodeIgniter(Object(CodeIgniter\CodeIgniter))
 9 FCPATH/index.php(56): CodeIgniter\Boot::bootWeb(Object(Config\Paths))
WARNING - 2025-12-28 12:55:01 --> [DEPRECATED] Passing lowercase HTTP method "get" is deprecated. Use uppercase HTTP method like "GET". in SYSTEMPATH/Router/RouteCollection.php on line 1026.
 1 SYSTEMPATH/Router/RouteCollection.php(1026): trigger_error('Passing lowercase HTTP method "get" is deprecated. Use uppercase HTTP method like "GET".', 16384)
 2 APPPATH/Config/Routes.php(131): CodeIgniter\Router\RouteCollection->match([...], 'locations/generarPDF', 'LocationsPdfController::generarPDF')
 3 SYSTEMPATH/Router/RouteCollection.php(339): require('/home/u976386866/domains/servipro.site/public_html/app/app/Config/Routes.php')
 4 SYSTEMPATH/CodeIgniter.php(821): CodeIgniter\Router\RouteCollection->loadRoutes()
 5 SYSTEMPATH/CodeIgniter.php(455): CodeIgniter\CodeIgniter->tryToRouteIt(null)
 6 SYSTEMPATH/CodeIgniter.php(354): CodeIgniter\CodeIgniter->handleRequest(null, Object(Config\Cache), false)
 7 SYSTEMPATH/Boot.php(334): CodeIgniter\CodeIgniter->run()
 8 SYSTEMPATH/Boot.php(67): CodeIgniter\Boot::runCodeIgniter(Object(CodeIgniter\CodeIgniter))
 9 FCPATH/index.php(56): CodeIgniter\Boot::bootWeb(Object(Config\Paths))
WARNING - 2025-12-28 12:55:01 --> [DEPRECATED] Passing lowercase HTTP method "post" is deprecated. Use uppercase HTTP method like "POST". in SYSTEMPATH/Router/RouteCollection.php on line 1026.
 1 SYSTEMPATH/Router/RouteCollection.php(1026): trigger_error('Passing lowercase HTTP method "post" is deprecated. Use uppercase HTTP method like "POST".', 16384)
 2 APPPATH/Config/Routes.php(131): CodeIgniter\Router\RouteCollection->match([...], 'locations/generarPDF', 'LocationsPdfController::generarPDF')
 3 SYSTEMPATH/Router/RouteCollection.php(339): require('/home/u976386866/domains/servipro.site/public_html/app/app/Config/Routes.php')
 4 SYSTEMPATH/CodeIgniter.php(821): CodeIgniter\Router\RouteCollection->loadRoutes()
 5 SYSTEMPATH/CodeIgniter.php(455): CodeIgniter\CodeIgniter->tryToRouteIt(null)
 6 SYSTEMPATH/CodeIgniter.php(354): CodeIgniter\CodeIgniter->handleRequest(null, Object(Config\Cache), false)
 7 SYSTEMPATH/Boot.php(334): CodeIgniter\CodeIgniter->run()
 8 SYSTEMPATH/Boot.php(67): CodeIgniter\Boot::runCodeIgniter(Object(CodeIgniter\CodeIgniter))
 9 FCPATH/index.php(56): CodeIgniter\Boot::bootWeb(Object(Config\Paths))
WARNING - 2025-12-28 12:55:01 --> [DEPRECATED] Passing lowercase HTTP method "get" is deprecated. Use uppercase HTTP method like "GET". in SYSTEMPATH/Router/RouteCollection.php on line 1026.
 1 SYSTEMPATH/Router/RouteCollection.php(1026): trigger_error('Passing lowercase HTTP method "get" is deprecated. Use uppercase HTTP method like "GET".', 16384)
 2 APPPATH/Config/Routes.php(131): CodeIgniter\Router\RouteCollection->match([...], 'locations/generarPDF', 'LocationsPdfController::generarPDF')
 3 SYSTEMPATH/Router/RouteCollection.php(339): require('/home/u976386866/domains/servipro.site/public_html/app/app/Config/Routes.php')
 4 SYSTEMPATH/CodeIgniter.php(821): CodeIgniter\Router\RouteCollection->loadRoutes()
 5 SYSTEMPATH/CodeIgniter.php(455): CodeIgniter\CodeIgniter->tryToRouteIt(null)
 6 SYSTEMPATH/CodeIgniter.php(354): CodeIgniter\CodeIgniter->handleRequest(null, Object(Config\Cache), false)
 7 SYSTEMPATH/Boot.php(334): CodeIgniter\CodeIgniter->run()
 8 SYSTEMPATH/Boot.php(67): CodeIgniter\Boot::runCodeIgniter(Object(CodeIgniter\CodeIgniter))
 9 FCPATH/index.php(56): CodeIgniter\Boot::bootWeb(Object(Config\Paths))
WARNING - 2025-12-28 12:55:01 --> [DEPRECATED] Passing lowercase HTTP method "post" is deprecated. Use uppercase HTTP method like "POST". in SYSTEMPATH/Router/RouteCollection.php on line 1026.
 1 SYSTEMPATH/Router/RouteCollection.php(1026): trigger_error('Passing lowercase HTTP method "post" is deprecated. Use uppercase HTTP method like "POST".', 16384)
 2 APPPATH/Config/Routes.php(131): CodeIgniter\Router\RouteCollection->match([...], 'locations/generarPDF', 'LocationsPdfController::generarPDF')
 3 SYSTEMPATH/Router/RouteCollection.php(339): require('/home/u976386866/domains/servipro.site/public_html/app/app/Config/Routes.php')
 4 SYSTEMPATH/CodeIgniter.php(821): CodeIgniter\Router\RouteCollection->loadRoutes()
 5 SYSTEMPATH/CodeIgniter.php(455): CodeIgniter\CodeIgniter->tryToRouteIt(null)
 6 SYSTEMPATH/CodeIgniter.php(354): CodeIgniter\CodeIgniter->handleRequest(null, Object(Config\Cache), false)
 7 SYSTEMPATH/Boot.php(334): CodeIgniter\CodeIgniter->run()
 8 SYSTEMPATH/Boot.php(67): CodeIgniter\Boot::runCodeIgniter(Object(CodeIgniter\CodeIgniter))
 9 FCPATH/index.php(56): CodeIgniter\Boot::bootWeb(Object(Config\Paths))
WARNING - 2025-12-28 12:55:01 --> [DEPRECATED] Passing lowercase HTTP method "get" is deprecated. Use uppercase HTTP method like "GET". in SYSTEMPATH/Router/RouteCollection.php on line 1026.
 1 SYSTEMPATH/Router/RouteCollection.php(1026): trigger_error('Passing lowercase HTTP method "get" is deprecated. Use uppercase HTTP method like "GET".', 16384)
 2 APPPATH/Config/Routes.php(131): CodeIgniter\Router\RouteCollection->match([...], 'locations/generarPDF', 'LocationsPdfController::generarPDF')
 3 SYSTEMPATH/Router/RouteCollection.php(339): require('/home/u976386866/domains/servipro.site/public_html/app/app/Config/Routes.php')
 4 SYSTEMPATH/CodeIgniter.php(821): CodeIgniter\Router\RouteCollection->loadRoutes()
 5 SYSTEMPATH/CodeIgniter.php(455): CodeIgniter\CodeIgniter->tryToRouteIt(null)
 6 SYSTEMPATH/CodeIgniter.php(354): CodeIgniter\CodeIgniter->handleRequest(null, Object(Config\Cache), false)
 7 SYSTEMPATH/Boot.php(334): CodeIgniter\CodeIgniter->run()
 8 SYSTEMPATH/Boot.php(67): CodeIgniter\Boot::runCodeIgniter(Object(CodeIgniter\CodeIgniter))
 9 FCPATH/index.php(56): CodeIgniter\Boot::bootWeb(Object(Config\Paths))
WARNING - 2025-12-28 12:55:01 --> [DEPRECATED] Passing lowercase HTTP method "post" is deprecated. Use uppercase HTTP method like "POST". in SYSTEMPATH/Router/RouteCollection.php on line 1026.
 1 SYSTEMPATH/Router/RouteCollection.php(1026): trigger_error('Passing lowercase HTTP method "post" is deprecated. Use uppercase HTTP method like "POST".', 16384)
 2 APPPATH/Config/Routes.php(131): CodeIgniter\Router\RouteCollection->match([...], 'locations/generarPDF', 'LocationsPdfController::generarPDF')
 3 SYSTEMPATH/Router/RouteCollection.php(339): require('/home/u976386866/domains/servipro.site/public_html/app/app/Config/Routes.php')
 4 SYSTEMPATH/CodeIgniter.php(821): CodeIgniter\Router\RouteCollection->loadRoutes()
 5 SYSTEMPATH/CodeIgniter.php(455): CodeIgniter\CodeIgniter->tryToRouteIt(null)
 6 SYSTEMPATH/CodeIgniter.php(354): CodeIgniter\CodeIgniter->handleRequest(null, Object(Config\Cache), false)
 7 SYSTEMPATH/Boot.php(334): CodeIgniter\CodeIgniter->run()
 8 SYSTEMPATH/Boot.php(67): CodeIgniter\Boot::runCodeIgniter(Object(CodeIgniter\CodeIgniter))
 9 FCPATH/index.php(56): CodeIgniter\Boot::bootWeb(Object(Config\Paths))
WARNING - 2025-12-28 12:55:02 --> [DEPRECATED] Passing lowercase HTTP method "get" is deprecated. Use uppercase HTTP method like "GET". in SYSTEMPATH/Router/RouteCollection.php on line 1026.
 1 SYSTEMPATH/Router/RouteCollection.php(1026): trigger_error('Passing lowercase HTTP method "get" is deprecated. Use uppercase HTTP method like "GET".', 16384)
 2 APPPATH/Config/Routes.php(131): CodeIgniter\Router\RouteCollection->match([...], 'locations/generarPDF', 'LocationsPdfController::generarPDF')
 3 SYSTEMPATH/Router/RouteCollection.php(339): require('/home/u976386866/domains/servipro.site/public_html/app/app/Config/Routes.php')
 4 SYSTEMPATH/CodeIgniter.php(821): CodeIgniter\Router\RouteCollection->loadRoutes()
 5 SYSTEMPATH/CodeIgniter.php(455): CodeIgniter\CodeIgniter->tryToRouteIt(null)
 6 SYSTEMPATH/CodeIgniter.php(354): CodeIgniter\CodeIgniter->handleRequest(null, Object(Config\Cache), false)
 7 SYSTEMPATH/Boot.php(334): CodeIgniter\CodeIgniter->run()
 8 SYSTEMPATH/Boot.php(67): CodeIgniter\Boot::runCodeIgniter(Object(CodeIgniter\CodeIgniter))
 9 FCPATH/index.php(56): CodeIgniter\Boot::bootWeb(Object(Config\Paths))
WARNING - 2025-12-28 12:55:02 --> [DEPRECATED] Passing lowercase HTTP method "post" is deprecated. Use uppercase HTTP method like "POST". in SYSTEMPATH/Router/RouteCollection.php on line 1026.
 1 SYSTEMPATH/Router/RouteCollection.php(1026): trigger_error('Passing lowercase HTTP method "post" is deprecated. Use uppercase HTTP method like "POST".', 16384)
 2 APPPATH/Config/Routes.php(131): CodeIgniter\Router\RouteCollection->match([...], 'locations/generarPDF', 'LocationsPdfController::generarPDF')
 3 SYSTEMPATH/Router/RouteCollection.php(339): require('/home/u976386866/domains/servipro.site/public_html/app/app/Config/Routes.php')
 4 SYSTEMPATH/CodeIgniter.php(821): CodeIgniter\Router\RouteCollection->loadRoutes()
 5 SYSTEMPATH/CodeIgniter.php(455): CodeIgniter\CodeIgniter->tryToRouteIt(null)
 6 SYSTEMPATH/CodeIgniter.php(354): CodeIgniter\CodeIgniter->handleRequest(null, Object(Config\Cache), false)
 7 SYSTEMPATH/Boot.php(334): CodeIgniter\CodeIgniter->run()
 8 SYSTEMPATH/Boot.php(67): CodeIgniter\Boot::runCodeIgniter(Object(CodeIgniter\CodeIgniter))
 9 FCPATH/index.php(56): CodeIgniter\Boot::bootWeb(Object(Config\Paths))
WARNING - 2025-12-28 12:55:02 --> [DEPRECATED] Passing lowercase HTTP method "get" is deprecated. Use uppercase HTTP method like "GET". in SYSTEMPATH/Router/RouteCollection.php on line 1026.
 1 SYSTEMPATH/Router/RouteCollection.php(1026): trigger_error('Passing lowercase HTTP method "get" is deprecated. Use uppercase HTTP method like "GET".', 16384)
 2 APPPATH/Config/Routes.php(131): CodeIgniter\Router\RouteCollection->match([...], 'locations/generarPDF', 'LocationsPdfController::generarPDF')
 3 SYSTEMPATH/Router/RouteCollection.php(339): require('/home/u976386866/domains/servipro.site/public_html/app/app/Config/Routes.php')
 4 SYSTEMPATH/CodeIgniter.php(821): CodeIgniter\Router\RouteCollection->loadRoutes()
 5 SYSTEMPATH/CodeIgniter.php(455): CodeIgniter\CodeIgniter->tryToRouteIt(null)
 6 SYSTEMPATH/CodeIgniter.php(354): CodeIgniter\CodeIgniter->handleRequest(null, Object(Config\Cache), false)
 7 SYSTEMPATH/Boot.php(334): CodeIgniter\CodeIgniter->run()
 8 SYSTEMPATH/Boot.php(67): CodeIgniter\Boot::runCodeIgniter(Object(CodeIgniter\CodeIgniter))
 9 FCPATH/index.php(56): CodeIgniter\Boot::bootWeb(Object(Config\Paths))
WARNING - 2025-12-28 12:55:02 --> [DEPRECATED] Passing lowercase HTTP method "post" is deprecated. Use uppercase HTTP method like "POST". in SYSTEMPATH/Router/RouteCollection.php on line 1026.
 1 SYSTEMPATH/Router/RouteCollection.php(1026): trigger_error('Passing lowercase HTTP method "post" is deprecated. Use uppercase HTTP method like "POST".', 16384)
 2 APPPATH/Config/Routes.php(131): CodeIgniter\Router\RouteCollection->match([...], 'locations/generarPDF', 'LocationsPdfController::generarPDF')
 3 SYSTEMPATH/Router/RouteCollection.php(339): require('/home/u976386866/domains/servipro.site/public_html/app/app/Config/Routes.php')
 4 SYSTEMPATH/CodeIgniter.php(821): CodeIgniter\Router\RouteCollection->loadRoutes()
 5 SYSTEMPATH/CodeIgniter.php(455): CodeIgniter\CodeIgniter->tryToRouteIt(null)
 6 SYSTEMPATH/CodeIgniter.php(354): CodeIgniter\CodeIgniter->handleRequest(null, Object(Config\Cache), false)
 7 SYSTEMPATH/Boot.php(334): CodeIgniter\CodeIgniter->run()
 8 SYSTEMPATH/Boot.php(67): CodeIgniter\Boot::runCodeIgniter(Object(CodeIgniter\CodeIgniter))
 9 FCPATH/index.php(56): CodeIgniter\Boot::bootWeb(Object(Config\Paths))
WARNING - 2025-12-28 12:55:02 --> [DEPRECATED] Passing lowercase HTTP method "get" is deprecated. Use uppercase HTTP method like "GET". in SYSTEMPATH/Router/RouteCollection.php on line 1026.
 1 SYSTEMPATH/Router/RouteCollection.php(1026): trigger_error('Passing lowercase HTTP method "get" is deprecated. Use uppercase HTTP method like "GET".', 16384)
 2 APPPATH/Config/Routes.php(131): CodeIgniter\Router\RouteCollection->match([...], 'locations/generarPDF', 'LocationsPdfController::generarPDF')
 3 SYSTEMPATH/Router/RouteCollection.php(339): require('/home/u976386866/domains/servipro.site/public_html/app/app/Config/Routes.php')
 4 SYSTEMPATH/CodeIgniter.php(821): CodeIgniter\Router\RouteCollection->loadRoutes()
 5 SYSTEMPATH/CodeIgniter.php(455): CodeIgniter\CodeIgniter->tryToRouteIt(null)
 6 SYSTEMPATH/CodeIgniter.php(354): CodeIgniter\CodeIgniter->handleRequest(null, Object(Config\Cache), false)
 7 SYSTEMPATH/Boot.php(334): CodeIgniter\CodeIgniter->run()
 8 SYSTEMPATH/Boot.php(67): CodeIgniter\Boot::runCodeIgniter(Object(CodeIgniter\CodeIgniter))
 9 FCPATH/index.php(56): CodeIgniter\Boot::bootWeb(Object(Config\Paths))
WARNING - 2025-12-28 12:55:02 --> [DEPRECATED] Passing lowercase HTTP method "post" is deprecated. Use uppercase HTTP method like "POST". in SYSTEMPATH/Router/RouteCollection.php on line 1026.
 1 SYSTEMPATH/Router/RouteCollection.php(1026): trigger_error('Passing lowercase HTTP method "post" is deprecated. Use uppercase HTTP method like "POST".', 16384)
 2 APPPATH/Config/Routes.php(131): CodeIgniter\Router\RouteCollection->match([...], 'locations/generarPDF', 'LocationsPdfController::generarPDF')
 3 SYSTEMPATH/Router/RouteCollection.php(339): require('/home/u976386866/domains/servipro.site/public_html/app/app/Config/Routes.php')
 4 SYSTEMPATH/CodeIgniter.php(821): CodeIgniter\Router\RouteCollection->loadRoutes()
 5 SYSTEMPATH/CodeIgniter.php(455): CodeIgniter\CodeIgniter->tryToRouteIt(null)
 6 SYSTEMPATH/CodeIgniter.php(354): CodeIgniter\CodeIgniter->handleRequest(null, Object(Config\Cache), false)
 7 SYSTEMPATH/Boot.php(334): CodeIgniter\CodeIgniter->run()
 8 SYSTEMPATH/Boot.php(67): CodeIgniter\Boot::runCodeIgniter(Object(CodeIgniter\CodeIgniter))
 9 FCPATH/index.php(56): CodeIgniter\Boot::bootWeb(Object(Config\Paths))
WARNING - 2025-12-28 12:55:03 --> [DEPRECATED] Passing lowercase HTTP method "get" is deprecated. Use uppercase HTTP method like "GET". in SYSTEMPATH/Router/RouteCollection.php on line 1026.
 1 SYSTEMPATH/Router/RouteCollection.php(1026): trigger_error('Passing lowercase HTTP method "get" is deprecated. Use uppercase HTTP method like "GET".', 16384)
 2 APPPATH/Config/Routes.php(131): CodeIgniter\Router\RouteCollection->match([...], 'locations/generarPDF', 'LocationsPdfController::generarPDF')
 3 SYSTEMPATH/Router/RouteCollection.php(339): require('/home/u976386866/domains/servipro.site/public_html/app/app/Config/Routes.php')
 4 SYSTEMPATH/CodeIgniter.php(821): CodeIgniter\Router\RouteCollection->loadRoutes()
 5 SYSTEMPATH/CodeIgniter.php(455): CodeIgniter\CodeIgniter->tryToRouteIt(null)
 6 SYSTEMPATH/CodeIgniter.php(354): CodeIgniter\CodeIgniter->handleRequest(null, Object(Config\Cache), false)
 7 SYSTEMPATH/Boot.php(334): CodeIgniter\CodeIgniter->run()
 8 SYSTEMPATH/Boot.php(67): CodeIgniter\Boot::runCodeIgniter(Object(CodeIgniter\CodeIgniter))
 9 FCPATH/index.php(56): CodeIgniter\Boot::bootWeb(Object(Config\Paths))
WARNING - 2025-12-28 12:55:03 --> [DEPRECATED] Passing lowercase HTTP method "post" is deprecated. Use uppercase HTTP method like "POST". in SYSTEMPATH/Router/RouteCollection.php on line 1026.
 1 SYSTEMPATH/Router/RouteCollection.php(1026): trigger_error('Passing lowercase HTTP method "post" is deprecated. Use uppercase HTTP method like "POST".', 16384)
 2 APPPATH/Config/Routes.php(131): CodeIgniter\Router\RouteCollection->match([...], 'locations/generarPDF', 'LocationsPdfController::generarPDF')
 3 SYSTEMPATH/Router/RouteCollection.php(339): require('/home/u976386866/domains/servipro.site/public_html/app/app/Config/Routes.php')
 4 SYSTEMPATH/CodeIgniter.php(821): CodeIgniter\Router\RouteCollection->loadRoutes()
 5 SYSTEMPATH/CodeIgniter.php(455): CodeIgniter\CodeIgniter->tryToRouteIt(null)
 6 SYSTEMPATH/CodeIgniter.php(354): CodeIgniter\CodeIgniter->handleRequest(null, Object(Config\Cache), false)
 7 SYSTEMPATH/Boot.php(334): CodeIgniter\CodeIgniter->run()
 8 SYSTEMPATH/Boot.php(67): CodeIgniter\Boot::runCodeIgniter(Object(CodeIgniter\CodeIgniter))
 9 FCPATH/index.php(56): CodeIgniter\Boot::bootWeb(Object(Config\Paths))
WARNING - 2025-12-28 12:55:03 --> [DEPRECATED] Passing lowercase HTTP method "get" is deprecated. Use uppercase HTTP method like "GET". in SYSTEMPATH/Router/RouteCollection.php on line 1026.
 1 SYSTEMPATH/Router/RouteCollection.php(1026): trigger_error('Passing lowercase HTTP method "get" is deprecated. Use uppercase HTTP method like "GET".', 16384)
 2 APPPATH/Config/Routes.php(131): CodeIgniter\Router\RouteCollection->match([...], 'locations/generarPDF', 'LocationsPdfController::generarPDF')
 3 SYSTEMPATH/Router/RouteCollection.php(339): require('/home/u976386866/domains/servipro.site/public_html/app/app/Config/Routes.php')
 4 SYSTEMPATH/CodeIgniter.php(821): CodeIgniter\Router\RouteCollection->loadRoutes()
 5 SYSTEMPATH/CodeIgniter.php(455): CodeIgniter\CodeIgniter->tryToRouteIt(null)
 6 SYSTEMPATH/CodeIgniter.php(354): CodeIgniter\CodeIgniter->handleRequest(null, Object(Config\Cache), false)
 7 SYSTEMPATH/Boot.php(334): CodeIgniter\CodeIgniter->run()
 8 SYSTEMPATH/Boot.php(67): CodeIgniter\Boot::runCodeIgniter(Object(CodeIgniter\CodeIgniter))
 9 FCPATH/index.php(56): CodeIgniter\Boot::bootWeb(Object(Config\Paths))
WARNING - 2025-12-28 12:55:03 --> [DEPRECATED] Passing lowercase HTTP method "post" is deprecated. Use uppercase HTTP method like "POST". in SYSTEMPATH/Router/RouteCollection.php on line 1026.
 1 SYSTEMPATH/Router/RouteCollection.php(1026): trigger_error('Passing lowercase HTTP method "post" is deprecated. Use uppercase HTTP method like "POST".', 16384)
 2 APPPATH/Config/Routes.php(131): CodeIgniter\Router\RouteCollection->match([...], 'locations/generarPDF', 'LocationsPdfController::generarPDF')
 3 SYSTEMPATH/Router/RouteCollection.php(339): require('/home/u976386866/domains/servipro.site/public_html/app/app/Config/Routes.php')
 4 SYSTEMPATH/CodeIgniter.php(821): CodeIgniter\Router\RouteCollection->loadRoutes()
 5 SYSTEMPATH/CodeIgniter.php(455): CodeIgniter\CodeIgniter->tryToRouteIt(null)
 6 SYSTEMPATH/CodeIgniter.php(354): CodeIgniter\CodeIgniter->handleRequest(null, Object(Config\Cache), false)
 7 SYSTEMPATH/Boot.php(334): CodeIgniter\CodeIgniter->run()
 8 SYSTEMPATH/Boot.php(67): CodeIgniter\Boot::runCodeIgniter(Object(CodeIgniter\CodeIgniter))
 9 FCPATH/index.php(56): CodeIgniter\Boot::bootWeb(Object(Config\Paths))
WARNING - 2025-12-28 12:55:03 --> [DEPRECATED] Passing lowercase HTTP method "get" is deprecated. Use uppercase HTTP method like "GET". in SYSTEMPATH/Router/RouteCollection.php on line 1026.
 1 SYSTEMPATH/Router/RouteCollection.php(1026): trigger_error('Passing lowercase HTTP method "get" is deprecated. Use uppercase HTTP method like "GET".', 16384)
 2 APPPATH/Config/Routes.php(131): CodeIgniter\Router\RouteCollection->match([...], 'locations/generarPDF', 'LocationsPdfController::generarPDF')
 3 SYSTEMPATH/Router/RouteCollection.php(339): require('/home/u976386866/domains/servipro.site/public_html/app/app/Config/Routes.php')
 4 SYSTEMPATH/CodeIgniter.php(821): CodeIgniter\Router\RouteCollection->loadRoutes()
 5 SYSTEMPATH/CodeIgniter.php(455): CodeIgniter\CodeIgniter->tryToRouteIt(null)
 6 SYSTEMPATH/CodeIgniter.php(354): CodeIgniter\CodeIgniter->handleRequest(null, Object(Config\Cache), false)
 7 SYSTEMPATH/Boot.php(334): CodeIgniter\CodeIgniter->run()
 8 SYSTEMPATH/Boot.php(67): CodeIgniter\Boot::runCodeIgniter(Object(CodeIgniter\CodeIgniter))
 9 FCPATH/index.php(56): CodeIgniter\Boot::bootWeb(Object(Config\Paths))
WARNING - 2025-12-28 12:55:03 --> [DEPRECATED] Passing lowercase HTTP method "post" is deprecated. Use uppercase HTTP method like "POST". in SYSTEMPATH/Router/RouteCollection.php on line 1026.
 1 SYSTEMPATH/Router/RouteCollection.php(1026): trigger_error('Passing lowercase HTTP method "post" is deprecated. Use uppercase HTTP method like "POST".', 16384)
 2 APPPATH/Config/Routes.php(131): CodeIgniter\Router\RouteCollection->match([...], 'locations/generarPDF', 'LocationsPdfController::generarPDF')
 3 SYSTEMPATH/Router/RouteCollection.php(339): require('/home/u976386866/domains/servipro.site/public_html/app/app/Config/Routes.php')
 4 SYSTEMPATH/CodeIgniter.php(821): CodeIgniter\Router\RouteCollection->loadRoutes()
 5 SYSTEMPATH/CodeIgniter.php(455): CodeIgniter\CodeIgniter->tryToRouteIt(null)
 6 SYSTEMPATH/CodeIgniter.php(354): CodeIgniter\CodeIgniter->handleRequest(null, Object(Config\Cache), false)
 7 SYSTEMPATH/Boot.php(334): CodeIgniter\CodeIgniter->run()
 8 SYSTEMPATH/Boot.php(67): CodeIgniter\Boot::runCodeIgniter(Object(CodeIgniter\CodeIgniter))
 9 FCPATH/index.php(56): CodeIgniter\Boot::bootWeb(Object(Config\Paths))
WARNING - 2025-12-28 12:55:04 --> [DEPRECATED] Passing lowercase HTTP method "get" is deprecated. Use uppercase HTTP method like "GET". in SYSTEMPATH/Router/RouteCollection.php on line 1026.
 1 SYSTEMPATH/Router/RouteCollection.php(1026): trigger_error('Passing lowercase HTTP method "get" is deprecated. Use uppercase HTTP method like "GET".', 16384)
 2 APPPATH/Config/Routes.php(131): CodeIgniter\Router\RouteCollection->match([...], 'locations/generarPDF', 'LocationsPdfController::generarPDF')
 3 SYSTEMPATH/Router/RouteCollection.php(339): require('/home/u976386866/domains/servipro.site/public_html/app/app/Config/Routes.php')
 4 SYSTEMPATH/CodeIgniter.php(821): CodeIgniter\Router\RouteCollection->loadRoutes()
 5 SYSTEMPATH/CodeIgniter.php(455): CodeIgniter\CodeIgniter->tryToRouteIt(null)
 6 SYSTEMPATH/CodeIgniter.php(354): CodeIgniter\CodeIgniter->handleRequest(null, Object(Config\Cache), false)
 7 SYSTEMPATH/Boot.php(334): CodeIgniter\CodeIgniter->run()
 8 SYSTEMPATH/Boot.php(67): CodeIgniter\Boot::runCodeIgniter(Object(CodeIgniter\CodeIgniter))
 9 FCPATH/index.php(56): CodeIgniter\Boot::bootWeb(Object(Config\Paths))
WARNING - 2025-12-28 12:55:04 --> [DEPRECATED] Passing lowercase HTTP method "post" is deprecated. Use uppercase HTTP method like "POST". in SYSTEMPATH/Router/RouteCollection.php on line 1026.
 1 SYSTEMPATH/Router/RouteCollection.php(1026): trigger_error('Passing lowercase HTTP method "post" is deprecated. Use uppercase HTTP method like "POST".', 16384)
 2 APPPATH/Config/Routes.php(131): CodeIgniter\Router\RouteCollection->match([...], 'locations/generarPDF', 'LocationsPdfController::generarPDF')
 3 SYSTEMPATH/Router/RouteCollection.php(339): require('/home/u976386866/domains/servipro.site/public_html/app/app/Config/Routes.php')
 4 SYSTEMPATH/CodeIgniter.php(821): CodeIgniter\Router\RouteCollection->loadRoutes()
 5 SYSTEMPATH/CodeIgniter.php(455): CodeIgniter\CodeIgniter->tryToRouteIt(null)
 6 SYSTEMPATH/CodeIgniter.php(354): CodeIgniter\CodeIgniter->handleRequest(null, Object(Config\Cache), false)
 7 SYSTEMPATH/Boot.php(334): CodeIgniter\CodeIgniter->run()
 8 SYSTEMPATH/Boot.php(67): CodeIgniter\Boot::runCodeIgniter(Object(CodeIgniter\CodeIgniter))
 9 FCPATH/index.php(56): CodeIgniter\Boot::bootWeb(Object(Config\Paths))
WARNING - 2025-12-28 12:55:04 --> [DEPRECATED] Passing lowercase HTTP method "get" is deprecated. Use uppercase HTTP method like "GET". in SYSTEMPATH/Router/RouteCollection.php on line 1026.
 1 SYSTEMPATH/Router/RouteCollection.php(1026): trigger_error('Passing lowercase HTTP method "get" is deprecated. Use uppercase HTTP method like "GET".', 16384)
 2 APPPATH/Config/Routes.php(131): CodeIgniter\Router\RouteCollection->match([...], 'locations/generarPDF', 'LocationsPdfController::generarPDF')
 3 SYSTEMPATH/Router/RouteCollection.php(339): require('/home/u976386866/domains/servipro.site/public_html/app/app/Config/Routes.php')
 4 SYSTEMPATH/CodeIgniter.php(821): CodeIgniter\Router\RouteCollection->loadRoutes()
 5 SYSTEMPATH/CodeIgniter.php(455): CodeIgniter\CodeIgniter->tryToRouteIt(null)
 6 SYSTEMPATH/CodeIgniter.php(354): CodeIgniter\CodeIgniter->handleRequest(null, Object(Config\Cache), false)
 7 SYSTEMPATH/Boot.php(334): CodeIgniter\CodeIgniter->run()
 8 SYSTEMPATH/Boot.php(67): CodeIgniter\Boot::runCodeIgniter(Object(CodeIgniter\CodeIgniter))
 9 FCPATH/index.php(56): CodeIgniter\Boot::bootWeb(Object(Config\Paths))
WARNING - 2025-12-28 12:55:04 --> [DEPRECATED] Passing lowercase HTTP method "post" is deprecated. Use uppercase HTTP method like "POST". in SYSTEMPATH/Router/RouteCollection.php on line 1026.
 1 SYSTEMPATH/Router/RouteCollection.php(1026): trigger_error('Passing lowercase HTTP method "post" is deprecated. Use uppercase HTTP method like "POST".', 16384)
 2 APPPATH/Config/Routes.php(131): CodeIgniter\Router\RouteCollection->match([...], 'locations/generarPDF', 'LocationsPdfController::generarPDF')
 3 SYSTEMPATH/Router/RouteCollection.php(339): require('/home/u976386866/domains/servipro.site/public_html/app/app/Config/Routes.php')
 4 SYSTEMPATH/CodeIgniter.php(821): CodeIgniter\Router\RouteCollection->loadRoutes()
 5 SYSTEMPATH/CodeIgniter.php(455): CodeIgniter\CodeIgniter->tryToRouteIt(null)
 6 SYSTEMPATH/CodeIgniter.php(354): CodeIgniter\CodeIgniter->handleRequest(null, Object(Config\Cache), false)
 7 SYSTEMPATH/Boot.php(334): CodeIgniter\CodeIgniter->run()
 8 SYSTEMPATH/Boot.php(67): CodeIgniter\Boot::runCodeIgniter(Object(CodeIgniter\CodeIgniter))
 9 FCPATH/index.php(56): CodeIgniter\Boot::bootWeb(Object(Config\Paths))
WARNING - 2025-12-28 12:55:04 --> [DEPRECATED] Passing lowercase HTTP method "get" is deprecated. Use uppercase HTTP method like "GET". in SYSTEMPATH/Router/RouteCollection.php on line 1026.
 1 SYSTEMPATH/Router/RouteCollection.php(1026): trigger_error('Passing lowercase HTTP method "get" is deprecated. Use uppercase HTTP method like "GET".', 16384)
 2 APPPATH/Config/Routes.php(131): CodeIgniter\Router\RouteCollection->match([...], 'locations/generarPDF', 'LocationsPdfController::generarPDF')
 3 SYSTEMPATH/Router/RouteCollection.php(339): require('/home/u976386866/domains/servipro.site/public_html/app/app/Config/Routes.php')
 4 SYSTEMPATH/CodeIgniter.php(821): CodeIgniter\Router\RouteCollection->loadRoutes()
 5 SYSTEMPATH/CodeIgniter.php(455): CodeIgniter\CodeIgniter->tryToRouteIt(null)
 6 SYSTEMPATH/CodeIgniter.php(354): CodeIgniter\CodeIgniter->handleRequest(null, Object(Config\Cache), false)
 7 SYSTEMPATH/Boot.php(334): CodeIgniter\CodeIgniter->run()
 8 SYSTEMPATH/Boot.php(67): CodeIgniter\Boot::runCodeIgniter(Object(CodeIgniter\CodeIgniter))
 9 FCPATH/index.php(56): CodeIgniter\Boot::bootWeb(Object(Config\Paths))
WARNING - 2025-12-28 12:55:04 --> [DEPRECATED] Passing lowercase HTTP method "post" is deprecated. Use uppercase HTTP method like "POST". in SYSTEMPATH/Router/RouteCollection.php on line 1026.
 1 SYSTEMPATH/Router/RouteCollection.php(1026): trigger_error('Passing lowercase HTTP method "post" is deprecated. Use uppercase HTTP method like "POST".', 16384)
 2 APPPATH/Config/Routes.php(131): CodeIgniter\Router\RouteCollection->match([...], 'locations/generarPDF', 'LocationsPdfController::generarPDF')
 3 SYSTEMPATH/Router/RouteCollection.php(339): require('/home/u976386866/domains/servipro.site/public_html/app/app/Config/Routes.php')
 4 SYSTEMPATH/CodeIgniter.php(821): CodeIgniter\Router\RouteCollection->loadRoutes()
 5 SYSTEMPATH/CodeIgniter.php(455): CodeIgniter\CodeIgniter->tryToRouteIt(null)
 6 SYSTEMPATH/CodeIgniter.php(354): CodeIgniter\CodeIgniter->handleRequest(null, Object(Config\Cache), false)
 7 SYSTEMPATH/Boot.php(334): CodeIgniter\CodeIgniter->run()
 8 SYSTEMPATH/Boot.php(67): CodeIgniter\Boot::runCodeIgniter(Object(CodeIgniter\CodeIgniter))
 9 FCPATH/index.php(56): CodeIgniter\Boot::bootWeb(Object(Config\Paths))
WARNING - 2025-12-28 12:55:04 --> [DEPRECATED] Passing lowercase HTTP method "get" is deprecated. Use uppercase HTTP method like "GET". in SYSTEMPATH/Router/RouteCollection.php on line 1026.
 1 SYSTEMPATH/Router/RouteCollection.php(1026): trigger_error('Passing lowercase HTTP method "get" is deprecated. Use uppercase HTTP method like "GET".', 16384)
 2 APPPATH/Config/Routes.php(131): CodeIgniter\Router\RouteCollection->match([...], 'locations/generarPDF', 'LocationsPdfController::generarPDF')
 3 SYSTEMPATH/Router/RouteCollection.php(339): require('/home/u976386866/domains/servipro.site/public_html/app/app/Config/Routes.php')
 4 SYSTEMPATH/CodeIgniter.php(821): CodeIgniter\Router\RouteCollection->loadRoutes()
 5 SYSTEMPATH/CodeIgniter.php(455): CodeIgniter\CodeIgniter->tryToRouteIt(null)
 6 SYSTEMPATH/CodeIgniter.php(354): CodeIgniter\CodeIgniter->handleRequest(null, Object(Config\Cache), false)
 7 SYSTEMPATH/Boot.php(334): CodeIgniter\CodeIgniter->run()
 8 SYSTEMPATH/Boot.php(67): CodeIgniter\Boot::runCodeIgniter(Object(CodeIgniter\CodeIgniter))
 9 FCPATH/index.php(56): CodeIgniter\Boot::bootWeb(Object(Config\Paths))
WARNING - 2025-12-28 12:55:04 --> [DEPRECATED] Passing lowercase HTTP method "post" is deprecated. Use uppercase HTTP method like "POST". in SYSTEMPATH/Router/RouteCollection.php on line 1026.
 1 SYSTEMPATH/Router/RouteCollection.php(1026): trigger_error('Passing lowercase HTTP method "post" is deprecated. Use uppercase HTTP method like "POST".', 16384)
 2 APPPATH/Config/Routes.php(131): CodeIgniter\Router\RouteCollection->match([...], 'locations/generarPDF', 'LocationsPdfController::generarPDF')
 3 SYSTEMPATH/Router/RouteCollection.php(339): require('/home/u976386866/domains/servipro.site/public_html/app/app/Config/Routes.php')
 4 SYSTEMPATH/CodeIgniter.php(821): CodeIgniter\Router\RouteCollection->loadRoutes()
 5 SYSTEMPATH/CodeIgniter.php(455): CodeIgniter\CodeIgniter->tryToRouteIt(null)
 6 SYSTEMPATH/CodeIgniter.php(354): CodeIgniter\CodeIgniter->handleRequest(null, Object(Config\Cache), false)
 7 SYSTEMPATH/Boot.php(334): CodeIgniter\CodeIgniter->run()
 8 SYSTEMPATH/Boot.php(67): CodeIgniter\Boot::runCodeIgniter(Object(CodeIgniter\CodeIgniter))
 9 FCPATH/index.php(56): CodeIgniter\Boot::bootWeb(Object(Config\Paths))
WARNING - 2025-12-28 12:55:05 --> [DEPRECATED] Passing lowercase HTTP method "get" is deprecated. Use uppercase HTTP method like "GET". in SYSTEMPATH/Router/RouteCollection.php on line 1026.
 1 SYSTEMPATH/Router/RouteCollection.php(1026): trigger_error('Passing lowercase HTTP method "get" is deprecated. Use uppercase HTTP method like "GET".', 16384)
 2 APPPATH/Config/Routes.php(131): CodeIgniter\Router\RouteCollection->match([...], 'locations/generarPDF', 'LocationsPdfController::generarPDF')
 3 SYSTEMPATH/Router/RouteCollection.php(339): require('/home/u976386866/domains/servipro.site/public_html/app/app/Config/Routes.php')
 4 SYSTEMPATH/CodeIgniter.php(821): CodeIgniter\Router\RouteCollection->loadRoutes()
 5 SYSTEMPATH/CodeIgniter.php(455): CodeIgniter\CodeIgniter->tryToRouteIt(null)
 6 SYSTEMPATH/CodeIgniter.php(354): CodeIgniter\CodeIgniter->handleRequest(null, Object(Config\Cache), false)
 7 SYSTEMPATH/Boot.php(334): CodeIgniter\CodeIgniter->run()
 8 SYSTEMPATH/Boot.php(67): CodeIgniter\Boot::runCodeIgniter(Object(CodeIgniter\CodeIgniter))
 9 FCPATH/index.php(56): CodeIgniter\Boot::bootWeb(Object(Config\Paths))
WARNING - 2025-12-28 12:55:05 --> [DEPRECATED] Passing lowercase HTTP method "post" is deprecated. Use uppercase HTTP method like "POST". in SYSTEMPATH/Router/RouteCollection.php on line 1026.
 1 SYSTEMPATH/Router/RouteCollection.php(1026): trigger_error('Passing lowercase HTTP method "post" is deprecated. Use uppercase HTTP method like "POST".', 16384)
 2 APPPATH/Config/Routes.php(131): CodeIgniter\Router\RouteCollection->match([...], 'locations/generarPDF', 'LocationsPdfController::generarPDF')
 3 SYSTEMPATH/Router/RouteCollection.php(339): require('/home/u976386866/domains/servipro.site/public_html/app/app/Config/Routes.php')
 4 SYSTEMPATH/CodeIgniter.php(821): CodeIgniter\Router\RouteCollection->loadRoutes()
 5 SYSTEMPATH/CodeIgniter.php(455): CodeIgniter\CodeIgniter->tryToRouteIt(null)
 6 SYSTEMPATH/CodeIgniter.php(354): CodeIgniter\CodeIgniter->handleRequest(null, Object(Config\Cache), false)
 7 SYSTEMPATH/Boot.php(334): CodeIgniter\CodeIgniter->run()
 8 SYSTEMPATH/Boot.php(67): CodeIgniter\Boot::runCodeIgniter(Object(CodeIgniter\CodeIgniter))
 9 FCPATH/index.php(56): CodeIgniter\Boot::bootWeb(Object(Config\Paths))
WARNING - 2025-12-28 12:55:05 --> [DEPRECATED] Passing lowercase HTTP method "get" is deprecated. Use uppercase HTTP method like "GET". in SYSTEMPATH/Router/RouteCollection.php on line 1026.
 1 SYSTEMPATH/Router/RouteCollection.php(1026): trigger_error('Passing lowercase HTTP method "get" is deprecated. Use uppercase HTTP method like "GET".', 16384)
 2 APPPATH/Config/Routes.php(131): CodeIgniter\Router\RouteCollection->match([...], 'locations/generarPDF', 'LocationsPdfController::generarPDF')
 3 SYSTEMPATH/Router/RouteCollection.php(339): require('/home/u976386866/domains/servipro.site/public_html/app/app/Config/Routes.php')
 4 SYSTEMPATH/CodeIgniter.php(821): CodeIgniter\Router\RouteCollection->loadRoutes()
 5 SYSTEMPATH/CodeIgniter.php(455): CodeIgniter\CodeIgniter->tryToRouteIt(null)
 6 SYSTEMPATH/CodeIgniter.php(354): CodeIgniter\CodeIgniter->handleRequest(null, Object(Config\Cache), false)
 7 SYSTEMPATH/Boot.php(334): CodeIgniter\CodeIgniter->run()
 8 SYSTEMPATH/Boot.php(67): CodeIgniter\Boot::runCodeIgniter(Object(CodeIgniter\CodeIgniter))
 9 FCPATH/index.php(56): CodeIgniter\Boot::bootWeb(Object(Config\Paths))
WARNING - 2025-12-28 12:55:05 --> [DEPRECATED] Passing lowercase HTTP method "post" is deprecated. Use uppercase HTTP method like "POST". in SYSTEMPATH/Router/RouteCollection.php on line 1026.
 1 SYSTEMPATH/Router/RouteCollection.php(1026): trigger_error('Passing lowercase HTTP method "post" is deprecated. Use uppercase HTTP method like "POST".', 16384)
 2 APPPATH/Config/Routes.php(131): CodeIgniter\Router\RouteCollection->match([...], 'locations/generarPDF', 'LocationsPdfController::generarPDF')
 3 SYSTEMPATH/Router/RouteCollection.php(339): require('/home/u976386866/domains/servipro.site/public_html/app/app/Config/Routes.php')
 4 SYSTEMPATH/CodeIgniter.php(821): CodeIgniter\Router\RouteCollection->loadRoutes()
 5 SYSTEMPATH/CodeIgniter.php(455): CodeIgniter\CodeIgniter->tryToRouteIt(null)
 6 SYSTEMPATH/CodeIgniter.php(354): CodeIgniter\CodeIgniter->handleRequest(null, Object(Config\Cache), false)
 7 SYSTEMPATH/Boot.php(334): CodeIgniter\CodeIgniter->run()
 8 SYSTEMPATH/Boot.php(67): CodeIgniter\Boot::runCodeIgniter(Object(CodeIgniter\CodeIgniter))
 9 FCPATH/index.php(56): CodeIgniter\Boot::bootWeb(Object(Config\Paths))
WARNING - 2025-12-28 12:55:05 --> [DEPRECATED] Passing lowercase HTTP method "get" is deprecated. Use uppercase HTTP method like "GET". in SYSTEMPATH/Router/RouteCollection.php on line 1026.
 1 SYSTEMPATH/Router/RouteCollection.php(1026): trigger_error('Passing lowercase HTTP method "get" is deprecated. Use uppercase HTTP method like "GET".', 16384)
 2 APPPATH/Config/Routes.php(131): CodeIgniter\Router\RouteCollection->match([...], 'locations/generarPDF', 'LocationsPdfController::generarPDF')
 3 SYSTEMPATH/Router/RouteCollection.php(339): require('/home/u976386866/domains/servipro.site/public_html/app/app/Config/Routes.php')
 4 SYSTEMPATH/CodeIgniter.php(821): CodeIgniter\Router\RouteCollection->loadRoutes()
 5 SYSTEMPATH/CodeIgniter.php(455): CodeIgniter\CodeIgniter->tryToRouteIt(null)
 6 SYSTEMPATH/CodeIgniter.php(354): CodeIgniter\CodeIgniter->handleRequest(null, Object(Config\Cache), false)
 7 SYSTEMPATH/Boot.php(334): CodeIgniter\CodeIgniter->run()
 8 SYSTEMPATH/Boot.php(67): CodeIgniter\Boot::runCodeIgniter(Object(CodeIgniter\CodeIgniter))
 9 FCPATH/index.php(56): CodeIgniter\Boot::bootWeb(Object(Config\Paths))
WARNING - 2025-12-28 12:55:05 --> [DEPRECATED] Passing lowercase HTTP method "post" is deprecated. Use uppercase HTTP method like "POST". in SYSTEMPATH/Router/RouteCollection.php on line 1026.
 1 SYSTEMPATH/Router/RouteCollection.php(1026): trigger_error('Passing lowercase HTTP method "post" is deprecated. Use uppercase HTTP method like "POST".', 16384)
 2 APPPATH/Config/Routes.php(131): CodeIgniter\Router\RouteCollection->match([...], 'locations/generarPDF', 'LocationsPdfController::generarPDF')
 3 SYSTEMPATH/Router/RouteCollection.php(339): require('/home/u976386866/domains/servipro.site/public_html/app/app/Config/Routes.php')
 4 SYSTEMPATH/CodeIgniter.php(821): CodeIgniter\Router\RouteCollection->loadRoutes()
 5 SYSTEMPATH/CodeIgniter.php(455): CodeIgniter\CodeIgniter->tryToRouteIt(null)
 6 SYSTEMPATH/CodeIgniter.php(354): CodeIgniter\CodeIgniter->handleRequest(null, Object(Config\Cache), false)
 7 SYSTEMPATH/Boot.php(334): CodeIgniter\CodeIgniter->run()
 8 SYSTEMPATH/Boot.php(67): CodeIgniter\Boot::runCodeIgniter(Object(CodeIgniter\CodeIgniter))
 9 FCPATH/index.php(56): CodeIgniter\Boot::bootWeb(Object(Config\Paths))
WARNING - 2025-12-28 12:55:06 --> [DEPRECATED] Passing lowercase HTTP method "get" is deprecated. Use uppercase HTTP method like "GET". in SYSTEMPATH/Router/RouteCollection.php on line 1026.
 1 SYSTEMPATH/Router/RouteCollection.php(1026): trigger_error('Passing lowercase HTTP method "get" is deprecated. Use uppercase HTTP method like "GET".', 16384)
 2 APPPATH/Config/Routes.php(131): CodeIgniter\Router\RouteCollection->match([...], 'locations/generarPDF', 'LocationsPdfController::generarPDF')
 3 SYSTEMPATH/Router/RouteCollection.php(339): require('/home/u976386866/domains/servipro.site/public_html/app/app/Config/Routes.php')
 4 SYSTEMPATH/CodeIgniter.php(821): CodeIgniter\Router\RouteCollection->loadRoutes()
 5 SYSTEMPATH/CodeIgniter.php(455): CodeIgniter\CodeIgniter->tryToRouteIt(null)
 6 SYSTEMPATH/CodeIgniter.php(354): CodeIgniter\CodeIgniter->handleRequest(null, Object(Config\Cache), false)
 7 SYSTEMPATH/Boot.php(334): CodeIgniter\CodeIgniter->run()
 8 SYSTEMPATH/Boot.php(67): CodeIgniter\Boot::runCodeIgniter(Object(CodeIgniter\CodeIgniter))
 9 FCPATH/index.php(56): CodeIgniter\Boot::bootWeb(Object(Config\Paths))
WARNING - 2025-12-28 12:55:06 --> [DEPRECATED] Passing lowercase HTTP method "post" is deprecated. Use uppercase HTTP method like "POST". in SYSTEMPATH/Router/RouteCollection.php on line 1026.
 1 SYSTEMPATH/Router/RouteCollection.php(1026): trigger_error('Passing lowercase HTTP method "post" is deprecated. Use uppercase HTTP method like "POST".', 16384)
 2 APPPATH/Config/Routes.php(131): CodeIgniter\Router\RouteCollection->match([...], 'locations/generarPDF', 'LocationsPdfController::generarPDF')
 3 SYSTEMPATH/Router/RouteCollection.php(339): require('/home/u976386866/domains/servipro.site/public_html/app/app/Config/Routes.php')
 4 SYSTEMPATH/CodeIgniter.php(821): CodeIgniter\Router\RouteCollection->loadRoutes()
 5 SYSTEMPATH/CodeIgniter.php(455): CodeIgniter\CodeIgniter->tryToRouteIt(null)
 6 SYSTEMPATH/CodeIgniter.php(354): CodeIgniter\CodeIgniter->handleRequest(null, Object(Config\Cache), false)
 7 SYSTEMPATH/Boot.php(334): CodeIgniter\CodeIgniter->run()
 8 SYSTEMPATH/Boot.php(67): CodeIgniter\Boot::runCodeIgniter(Object(CodeIgniter\CodeIgniter))
 9 FCPATH/index.php(56): CodeIgniter\Boot::bootWeb(Object(Config\Paths))
WARNING - 2025-12-28 12:55:06 --> [DEPRECATED] Passing lowercase HTTP method "get" is deprecated. Use uppercase HTTP method like "GET". in SYSTEMPATH/Router/RouteCollection.php on line 1026.
 1 SYSTEMPATH/Router/RouteCollection.php(1026): trigger_error('Passing lowercase HTTP method "get" is deprecated. Use uppercase HTTP method like "GET".', 16384)
 2 APPPATH/Config/Routes.php(131): CodeIgniter\Router\RouteCollection->match([...], 'locations/generarPDF', 'LocationsPdfController::generarPDF')
 3 SYSTEMPATH/Router/RouteCollection.php(339): require('/home/u976386866/domains/servipro.site/public_html/app/app/Config/Routes.php')
 4 SYSTEMPATH/CodeIgniter.php(821): CodeIgniter\Router\RouteCollection->loadRoutes()
 5 SYSTEMPATH/CodeIgniter.php(455): CodeIgniter\CodeIgniter->tryToRouteIt(null)
 6 SYSTEMPATH/CodeIgniter.php(354): CodeIgniter\CodeIgniter->handleRequest(null, Object(Config\Cache), false)
 7 SYSTEMPATH/Boot.php(334): CodeIgniter\CodeIgniter->run()
 8 SYSTEMPATH/Boot.php(67): CodeIgniter\Boot::runCodeIgniter(Object(CodeIgniter\CodeIgniter))
 9 FCPATH/index.php(56): CodeIgniter\Boot::bootWeb(Object(Config\Paths))
WARNING - 2025-12-28 12:55:06 --> [DEPRECATED] Passing lowercase HTTP method "post" is deprecated. Use uppercase HTTP method like "POST". in SYSTEMPATH/Router/RouteCollection.php on line 1026.
 1 SYSTEMPATH/Router/RouteCollection.php(1026): trigger_error('Passing lowercase HTTP method "post" is deprecated. Use uppercase HTTP method like "POST".', 16384)
 2 APPPATH/Config/Routes.php(131): CodeIgniter\Router\RouteCollection->match([...], 'locations/generarPDF', 'LocationsPdfController::generarPDF')
 3 SYSTEMPATH/Router/RouteCollection.php(339): require('/home/u976386866/domains/servipro.site/public_html/app/app/Config/Routes.php')
 4 SYSTEMPATH/CodeIgniter.php(821): CodeIgniter\Router\RouteCollection->loadRoutes()
 5 SYSTEMPATH/CodeIgniter.php(455): CodeIgniter\CodeIgniter->tryToRouteIt(null)
 6 SYSTEMPATH/CodeIgniter.php(354): CodeIgniter\CodeIgniter->handleRequest(null, Object(Config\Cache), false)
 7 SYSTEMPATH/Boot.php(334): CodeIgniter\CodeIgniter->run()
 8 SYSTEMPATH/Boot.php(67): CodeIgniter\Boot::runCodeIgniter(Object(CodeIgniter\CodeIgniter))
 9 FCPATH/index.php(56): CodeIgniter\Boot::bootWeb(Object(Config\Paths))
WARNING - 2025-12-28 12:55:06 --> [DEPRECATED] Passing lowercase HTTP method "get" is deprecated. Use uppercase HTTP method like "GET". in SYSTEMPATH/Router/RouteCollection.php on line 1026.
 1 SYSTEMPATH/Router/RouteCollection.php(1026): trigger_error('Passing lowercase HTTP method "get" is deprecated. Use uppercase HTTP method like "GET".', 16384)
 2 APPPATH/Config/Routes.php(131): CodeIgniter\Router\RouteCollection->match([...], 'locations/generarPDF', 'LocationsPdfController::generarPDF')
 3 SYSTEMPATH/Router/RouteCollection.php(339): require('/home/u976386866/domains/servipro.site/public_html/app/app/Config/Routes.php')
 4 SYSTEMPATH/CodeIgniter.php(821): CodeIgniter\Router\RouteCollection->loadRoutes()
 5 SYSTEMPATH/CodeIgniter.php(455): CodeIgniter\CodeIgniter->tryToRouteIt(null)
 6 SYSTEMPATH/CodeIgniter.php(354): CodeIgniter\CodeIgniter->handleRequest(null, Object(Config\Cache), false)
 7 SYSTEMPATH/Boot.php(334): CodeIgniter\CodeIgniter->run()
 8 SYSTEMPATH/Boot.php(67): CodeIgniter\Boot::runCodeIgniter(Object(CodeIgniter\CodeIgniter))
 9 FCPATH/index.php(56): CodeIgniter\Boot::bootWeb(Object(Config\Paths))
WARNING - 2025-12-28 12:55:06 --> [DEPRECATED] Passing lowercase HTTP method "post" is deprecated. Use uppercase HTTP method like "POST". in SYSTEMPATH/Router/RouteCollection.php on line 1026.
 1 SYSTEMPATH/Router/RouteCollection.php(1026): trigger_error('Passing lowercase HTTP method "post" is deprecated. Use uppercase HTTP method like "POST".', 16384)
 2 APPPATH/Config/Routes.php(131): CodeIgniter\Router\RouteCollection->match([...], 'locations/generarPDF', 'LocationsPdfController::generarPDF')
 3 SYSTEMPATH/Router/RouteCollection.php(339): require('/home/u976386866/domains/servipro.site/public_html/app/app/Config/Routes.php')
 4 SYSTEMPATH/CodeIgniter.php(821): CodeIgniter\Router\RouteCollection->loadRoutes()
 5 SYSTEMPATH/CodeIgniter.php(455): CodeIgniter\CodeIgniter->tryToRouteIt(null)
 6 SYSTEMPATH/CodeIgniter.php(354): CodeIgniter\CodeIgniter->handleRequest(null, Object(Config\Cache), false)
 7 SYSTEMPATH/Boot.php(334): CodeIgniter\CodeIgniter->run()
 8 SYSTEMPATH/Boot.php(67): CodeIgniter\Boot::runCodeIgniter(Object(CodeIgniter\CodeIgniter))
 9 FCPATH/index.php(56): CodeIgniter\Boot::bootWeb(Object(Config\Paths))
WARNING - 2025-12-28 12:55:07 --> [DEPRECATED] Passing lowercase HTTP method "get" is deprecated. Use uppercase HTTP method like "GET". in SYSTEMPATH/Router/RouteCollection.php on line 1026.
 1 SYSTEMPATH/Router/RouteCollection.php(1026): trigger_error('Passing lowercase HTTP method "get" is deprecated. Use uppercase HTTP method like "GET".', 16384)
 2 APPPATH/Config/Routes.php(131): CodeIgniter\Router\RouteCollection->match([...], 'locations/generarPDF', 'LocationsPdfController::generarPDF')
 3 SYSTEMPATH/Router/RouteCollection.php(339): require('/home/u976386866/domains/servipro.site/public_html/app/app/Config/Routes.php')
 4 SYSTEMPATH/CodeIgniter.php(821): CodeIgniter\Router\RouteCollection->loadRoutes()
 5 SYSTEMPATH/CodeIgniter.php(455): CodeIgniter\CodeIgniter->tryToRouteIt(null)
 6 SYSTEMPATH/CodeIgniter.php(354): CodeIgniter\CodeIgniter->handleRequest(null, Object(Config\Cache), false)
 7 SYSTEMPATH/Boot.php(334): CodeIgniter\CodeIgniter->run()
 8 SYSTEMPATH/Boot.php(67): CodeIgniter\Boot::runCodeIgniter(Object(CodeIgniter\CodeIgniter))
 9 FCPATH/index.php(56): CodeIgniter\Boot::bootWeb(Object(Config\Paths))
WARNING - 2025-12-28 12:55:07 --> [DEPRECATED] Passing lowercase HTTP method "post" is deprecated. Use uppercase HTTP method like "POST". in SYSTEMPATH/Router/RouteCollection.php on line 1026.
 1 SYSTEMPATH/Router/RouteCollection.php(1026): trigger_error('Passing lowercase HTTP method "post" is deprecated. Use uppercase HTTP method like "POST".', 16384)
 2 APPPATH/Config/Routes.php(131): CodeIgniter\Router\RouteCollection->match([...], 'locations/generarPDF', 'LocationsPdfController::generarPDF')
 3 SYSTEMPATH/Router/RouteCollection.php(339): require('/home/u976386866/domains/servipro.site/public_html/app/app/Config/Routes.php')
 4 SYSTEMPATH/CodeIgniter.php(821): CodeIgniter\Router\RouteCollection->loadRoutes()
 5 SYSTEMPATH/CodeIgniter.php(455): CodeIgniter\CodeIgniter->tryToRouteIt(null)
 6 SYSTEMPATH/CodeIgniter.php(354): CodeIgniter\CodeIgniter->handleRequest(null, Object(Config\Cache), false)
 7 SYSTEMPATH/Boot.php(334): CodeIgniter\CodeIgniter->run()
 8 SYSTEMPATH/Boot.php(67): CodeIgniter\Boot::runCodeIgniter(Object(CodeIgniter\CodeIgniter))
 9 FCPATH/index.php(56): CodeIgniter\Boot::bootWeb(Object(Config\Paths))
WARNING - 2025-12-28 12:55:07 --> [DEPRECATED] Passing lowercase HTTP method "get" is deprecated. Use uppercase HTTP method like "GET". in SYSTEMPATH/Router/RouteCollection.php on line 1026.
 1 SYSTEMPATH/Router/RouteCollection.php(1026): trigger_error('Passing lowercase HTTP method "get" is deprecated. Use uppercase HTTP method like "GET".', 16384)
 2 APPPATH/Config/Routes.php(131): CodeIgniter\Router\RouteCollection->match([...], 'locations/generarPDF', 'LocationsPdfController::generarPDF')
 3 SYSTEMPATH/Router/RouteCollection.php(339): require('/home/u976386866/domains/servipro.site/public_html/app/app/Config/Routes.php')
 4 SYSTEMPATH/CodeIgniter.php(821): CodeIgniter\Router\RouteCollection->loadRoutes()
 5 SYSTEMPATH/CodeIgniter.php(455): CodeIgniter\CodeIgniter->tryToRouteIt(null)
 6 SYSTEMPATH/CodeIgniter.php(354): CodeIgniter\CodeIgniter->handleRequest(null, Object(Config\Cache), false)
 7 SYSTEMPATH/Boot.php(334): CodeIgniter\CodeIgniter->run()
 8 SYSTEMPATH/Boot.php(67): CodeIgniter\Boot::runCodeIgniter(Object(CodeIgniter\CodeIgniter))
 9 FCPATH/index.php(56): CodeIgniter\Boot::bootWeb(Object(Config\Paths))
WARNING - 2025-12-28 12:55:07 --> [DEPRECATED] Passing lowercase HTTP method "post" is deprecated. Use uppercase HTTP method like "POST". in SYSTEMPATH/Router/RouteCollection.php on line 1026.
 1 SYSTEMPATH/Router/RouteCollection.php(1026): trigger_error('Passing lowercase HTTP method "post" is deprecated. Use uppercase HTTP method like "POST".', 16384)
 2 APPPATH/Config/Routes.php(131): CodeIgniter\Router\RouteCollection->match([...], 'locations/generarPDF', 'LocationsPdfController::generarPDF')
 3 SYSTEMPATH/Router/RouteCollection.php(339): require('/home/u976386866/domains/servipro.site/public_html/app/app/Config/Routes.php')
 4 SYSTEMPATH/CodeIgniter.php(821): CodeIgniter\Router\RouteCollection->loadRoutes()
 5 SYSTEMPATH/CodeIgniter.php(455): CodeIgniter\CodeIgniter->tryToRouteIt(null)
 6 SYSTEMPATH/CodeIgniter.php(354): CodeIgniter\CodeIgniter->handleRequest(null, Object(Config\Cache), false)
 7 SYSTEMPATH/Boot.php(334): CodeIgniter\CodeIgniter->run()
 8 SYSTEMPATH/Boot.php(67): CodeIgniter\Boot::runCodeIgniter(Object(CodeIgniter\CodeIgniter))
 9 FCPATH/index.php(56): CodeIgniter\Boot::bootWeb(Object(Config\Paths))
WARNING - 2025-12-28 12:55:07 --> [DEPRECATED] Passing lowercase HTTP method "get" is deprecated. Use uppercase HTTP method like "GET". in SYSTEMPATH/Router/RouteCollection.php on line 1026.
 1 SYSTEMPATH/Router/RouteCollection.php(1026): trigger_error('Passing lowercase HTTP method "get" is deprecated. Use uppercase HTTP method like "GET".', 16384)
 2 APPPATH/Config/Routes.php(131): CodeIgniter\Router\RouteCollection->match([...], 'locations/generarPDF', 'LocationsPdfController::generarPDF')
 3 SYSTEMPATH/Router/RouteCollection.php(339): require('/home/u976386866/domains/servipro.site/public_html/app/app/Config/Routes.php')
 4 SYSTEMPATH/CodeIgniter.php(821): CodeIgniter\Router\RouteCollection->loadRoutes()
 5 SYSTEMPATH/CodeIgniter.php(455): CodeIgniter\CodeIgniter->tryToRouteIt(null)
 6 SYSTEMPATH/CodeIgniter.php(354): CodeIgniter\CodeIgniter->handleRequest(null, Object(Config\Cache), false)
 7 SYSTEMPATH/Boot.php(334): CodeIgniter\CodeIgniter->run()
 8 SYSTEMPATH/Boot.php(67): CodeIgniter\Boot::runCodeIgniter(Object(CodeIgniter\CodeIgniter))
 9 FCPATH/index.php(56): CodeIgniter\Boot::bootWeb(Object(Config\Paths))
WARNING - 2025-12-28 12:55:07 --> [DEPRECATED] Passing lowercase HTTP method "post" is deprecated. Use uppercase HTTP method like "POST". in SYSTEMPATH/Router/RouteCollection.php on line 1026.
 1 SYSTEMPATH/Router/RouteCollection.php(1026): trigger_error('Passing lowercase HTTP method "post" is deprecated. Use uppercase HTTP method like "POST".', 16384)
 2 APPPATH/Config/Routes.php(131): CodeIgniter\Router\RouteCollection->match([...], 'locations/generarPDF', 'LocationsPdfController::generarPDF')
 3 SYSTEMPATH/Router/RouteCollection.php(339): require('/home/u976386866/domains/servipro.site/public_html/app/app/Config/Routes.php')
 4 SYSTEMPATH/CodeIgniter.php(821): CodeIgniter\Router\RouteCollection->loadRoutes()
 5 SYSTEMPATH/CodeIgniter.php(455): CodeIgniter\CodeIgniter->tryToRouteIt(null)
 6 SYSTEMPATH/CodeIgniter.php(354): CodeIgniter\CodeIgniter->handleRequest(null, Object(Config\Cache), false)
 7 SYSTEMPATH/Boot.php(334): CodeIgniter\CodeIgniter->run()
 8 SYSTEMPATH/Boot.php(67): CodeIgniter\Boot::runCodeIgniter(Object(CodeIgniter\CodeIgniter))
 9 FCPATH/index.php(56): CodeIgniter\Boot::bootWeb(Object(Config\Paths))
WARNING - 2025-12-28 12:55:07 --> [DEPRECATED] Passing lowercase HTTP method "get" is deprecated. Use uppercase HTTP method like "GET". in SYSTEMPATH/Router/RouteCollection.php on line 1026.
 1 SYSTEMPATH/Router/RouteCollection.php(1026): trigger_error('Passing lowercase HTTP method "get" is deprecated. Use uppercase HTTP method like "GET".', 16384)
 2 APPPATH/Config/Routes.php(131): CodeIgniter\Router\RouteCollection->match([...], 'locations/generarPDF', 'LocationsPdfController::generarPDF')
 3 SYSTEMPATH/Router/RouteCollection.php(339): require('/home/u976386866/domains/servipro.site/public_html/app/app/Config/Routes.php')
 4 SYSTEMPATH/CodeIgniter.php(821): CodeIgniter\Router\RouteCollection->loadRoutes()
 5 SYSTEMPATH/CodeIgniter.php(455): CodeIgniter\CodeIgniter->tryToRouteIt(null)
 6 SYSTEMPATH/CodeIgniter.php(354): CodeIgniter\CodeIgniter->handleRequest(null, Object(Config\Cache), false)
 7 SYSTEMPATH/Boot.php(334): CodeIgniter\CodeIgniter->run()
 8 SYSTEMPATH/Boot.php(67): CodeIgniter\Boot::runCodeIgniter(Object(CodeIgniter\CodeIgniter))
 9 FCPATH/index.php(56): CodeIgniter\Boot::bootWeb(Object(Config\Paths))
WARNING - 2025-12-28 12:55:07 --> [DEPRECATED] Passing lowercase HTTP method "post" is deprecated. Use uppercase HTTP method like "POST". in SYSTEMPATH/Router/RouteCollection.php on line 1026.
 1 SYSTEMPATH/Router/RouteCollection.php(1026): trigger_error('Passing lowercase HTTP method "post" is deprecated. Use uppercase HTTP method like "POST".', 16384)
 2 APPPATH/Config/Routes.php(131): CodeIgniter\Router\RouteCollection->match([...], 'locations/generarPDF', 'LocationsPdfController::generarPDF')
 3 SYSTEMPATH/Router/RouteCollection.php(339): require('/home/u976386866/domains/servipro.site/public_html/app/app/Config/Routes.php')
 4 SYSTEMPATH/CodeIgniter.php(821): CodeIgniter\Router\RouteCollection->loadRoutes()
 5 SYSTEMPATH/CodeIgniter.php(455): CodeIgniter\CodeIgniter->tryToRouteIt(null)
 6 SYSTEMPATH/CodeIgniter.php(354): CodeIgniter\CodeIgniter->handleRequest(null, Object(Config\Cache), false)
 7 SYSTEMPATH/Boot.php(334): CodeIgniter\CodeIgniter->run()
 8 SYSTEMPATH/Boot.php(67): CodeIgniter\Boot::runCodeIgniter(Object(CodeIgniter\CodeIgniter))
 9 FCPATH/index.php(56): CodeIgniter\Boot::bootWeb(Object(Config\Paths))
WARNING - 2025-12-28 12:55:08 --> [DEPRECATED] Passing lowercase HTTP method "get" is deprecated. Use uppercase HTTP method like "GET". in SYSTEMPATH/Router/RouteCollection.php on line 1026.
 1 SYSTEMPATH/Router/RouteCollection.php(1026): trigger_error('Passing lowercase HTTP method "get" is deprecated. Use uppercase HTTP method like "GET".', 16384)
 2 APPPATH/Config/Routes.php(131): CodeIgniter\Router\RouteCollection->match([...], 'locations/generarPDF', 'LocationsPdfController::generarPDF')
 3 SYSTEMPATH/Router/RouteCollection.php(339): require('/home/u976386866/domains/servipro.site/public_html/app/app/Config/Routes.php')
 4 SYSTEMPATH/CodeIgniter.php(821): CodeIgniter\Router\RouteCollection->loadRoutes()
 5 SYSTEMPATH/CodeIgniter.php(455): CodeIgniter\CodeIgniter->tryToRouteIt(null)
 6 SYSTEMPATH/CodeIgniter.php(354): CodeIgniter\CodeIgniter->handleRequest(null, Object(Config\Cache), false)
 7 SYSTEMPATH/Boot.php(334): CodeIgniter\CodeIgniter->run()
 8 SYSTEMPATH/Boot.php(67): CodeIgniter\Boot::runCodeIgniter(Object(CodeIgniter\CodeIgniter))
 9 FCPATH/index.php(56): CodeIgniter\Boot::bootWeb(Object(Config\Paths))
WARNING - 2025-12-28 12:55:08 --> [DEPRECATED] Passing lowercase HTTP method "post" is deprecated. Use uppercase HTTP method like "POST". in SYSTEMPATH/Router/RouteCollection.php on line 1026.
 1 SYSTEMPATH/Router/RouteCollection.php(1026): trigger_error('Passing lowercase HTTP method "post" is deprecated. Use uppercase HTTP method like "POST".', 16384)
 2 APPPATH/Config/Routes.php(131): CodeIgniter\Router\RouteCollection->match([...], 'locations/generarPDF', 'LocationsPdfController::generarPDF')
 3 SYSTEMPATH/Router/RouteCollection.php(339): require('/home/u976386866/domains/servipro.site/public_html/app/app/Config/Routes.php')
 4 SYSTEMPATH/CodeIgniter.php(821): CodeIgniter\Router\RouteCollection->loadRoutes()
 5 SYSTEMPATH/CodeIgniter.php(455): CodeIgniter\CodeIgniter->tryToRouteIt(null)
 6 SYSTEMPATH/CodeIgniter.php(354): CodeIgniter\CodeIgniter->handleRequest(null, Object(Config\Cache), false)
 7 SYSTEMPATH/Boot.php(334): CodeIgniter\CodeIgniter->run()
 8 SYSTEMPATH/Boot.php(67): CodeIgniter\Boot::runCodeIgniter(Object(CodeIgniter\CodeIgniter))
 9 FCPATH/index.php(56): CodeIgniter\Boot::bootWeb(Object(Config\Paths))
WARNING - 2025-12-28 12:55:08 --> [DEPRECATED] Passing lowercase HTTP method "get" is deprecated. Use uppercase HTTP method like "GET". in SYSTEMPATH/Router/RouteCollection.php on line 1026.
 1 SYSTEMPATH/Router/RouteCollection.php(1026): trigger_error('Passing lowercase HTTP method "get" is deprecated. Use uppercase HTTP method like "GET".', 16384)
 2 APPPATH/Config/Routes.php(131): CodeIgniter\Router\RouteCollection->match([...], 'locations/generarPDF', 'LocationsPdfController::generarPDF')
 3 SYSTEMPATH/Router/RouteCollection.php(339): require('/home/u976386866/domains/servipro.site/public_html/app/app/Config/Routes.php')
 4 SYSTEMPATH/CodeIgniter.php(821): CodeIgniter\Router\RouteCollection->loadRoutes()
 5 SYSTEMPATH/CodeIgniter.php(455): CodeIgniter\CodeIgniter->tryToRouteIt(null)
 6 SYSTEMPATH/CodeIgniter.php(354): CodeIgniter\CodeIgniter->handleRequest(null, Object(Config\Cache), false)
 7 SYSTEMPATH/Boot.php(334): CodeIgniter\CodeIgniter->run()
 8 SYSTEMPATH/Boot.php(67): CodeIgniter\Boot::runCodeIgniter(Object(CodeIgniter\CodeIgniter))
 9 FCPATH/index.php(56): CodeIgniter\Boot::bootWeb(Object(Config\Paths))
WARNING - 2025-12-28 12:55:08 --> [DEPRECATED] Passing lowercase HTTP method "post" is deprecated. Use uppercase HTTP method like "POST". in SYSTEMPATH/Router/RouteCollection.php on line 1026.
 1 SYSTEMPATH/Router/RouteCollection.php(1026): trigger_error('Passing lowercase HTTP method "post" is deprecated. Use uppercase HTTP method like "POST".', 16384)
 2 APPPATH/Config/Routes.php(131): CodeIgniter\Router\RouteCollection->match([...], 'locations/generarPDF', 'LocationsPdfController::generarPDF')
 3 SYSTEMPATH/Router/RouteCollection.php(339): require('/home/u976386866/domains/servipro.site/public_html/app/app/Config/Routes.php')
 4 SYSTEMPATH/CodeIgniter.php(821): CodeIgniter\Router\RouteCollection->loadRoutes()
 5 SYSTEMPATH/CodeIgniter.php(455): CodeIgniter\CodeIgniter->tryToRouteIt(null)
 6 SYSTEMPATH/CodeIgniter.php(354): CodeIgniter\CodeIgniter->handleRequest(null, Object(Config\Cache), false)
 7 SYSTEMPATH/Boot.php(334): CodeIgniter\CodeIgniter->run()
 8 SYSTEMPATH/Boot.php(67): CodeIgniter\Boot::runCodeIgniter(Object(CodeIgniter\CodeIgniter))
 9 FCPATH/index.php(56): CodeIgniter\Boot::bootWeb(Object(Config\Paths))
WARNING - 2025-12-28 12:55:08 --> [DEPRECATED] Passing lowercase HTTP method "get" is deprecated. Use uppercase HTTP method like "GET". in SYSTEMPATH/Router/RouteCollection.php on line 1026.
 1 SYSTEMPATH/Router/RouteCollection.php(1026): trigger_error('Passing lowercase HTTP method "get" is deprecated. Use uppercase HTTP method like "GET".', 16384)
 2 APPPATH/Config/Routes.php(131): CodeIgniter\Router\RouteCollection->match([...], 'locations/generarPDF', 'LocationsPdfController::generarPDF')
 3 SYSTEMPATH/Router/RouteCollection.php(339): require('/home/u976386866/domains/servipro.site/public_html/app/app/Config/Routes.php')
 4 SYSTEMPATH/CodeIgniter.php(821): CodeIgniter\Router\RouteCollection->loadRoutes()
 5 SYSTEMPATH/CodeIgniter.php(455): CodeIgniter\CodeIgniter->tryToRouteIt(null)
 6 SYSTEMPATH/CodeIgniter.php(354): CodeIgniter\CodeIgniter->handleRequest(null, Object(Config\Cache), false)
 7 SYSTEMPATH/Boot.php(334): CodeIgniter\CodeIgniter->run()
 8 SYSTEMPATH/Boot.php(67): CodeIgniter\Boot::runCodeIgniter(Object(CodeIgniter\CodeIgniter))
 9 FCPATH/index.php(56): CodeIgniter\Boot::bootWeb(Object(Config\Paths))
WARNING - 2025-12-28 12:55:08 --> [DEPRECATED] Passing lowercase HTTP method "post" is deprecated. Use uppercase HTTP method like "POST". in SYSTEMPATH/Router/RouteCollection.php on line 1026.
 1 SYSTEMPATH/Router/RouteCollection.php(1026): trigger_error('Passing lowercase HTTP method "post" is deprecated. Use uppercase HTTP method like "POST".', 16384)
 2 APPPATH/Config/Routes.php(131): CodeIgniter\Router\RouteCollection->match([...], 'locations/generarPDF', 'LocationsPdfController::generarPDF')
 3 SYSTEMPATH/Router/RouteCollection.php(339): require('/home/u976386866/domains/servipro.site/public_html/app/app/Config/Routes.php')
 4 SYSTEMPATH/CodeIgniter.php(821): CodeIgniter\Router\RouteCollection->loadRoutes()
 5 SYSTEMPATH/CodeIgniter.php(455): CodeIgniter\CodeIgniter->tryToRouteIt(null)
 6 SYSTEMPATH/CodeIgniter.php(354): CodeIgniter\CodeIgniter->handleRequest(null, Object(Config\Cache), false)
 7 SYSTEMPATH/Boot.php(334): CodeIgniter\CodeIgniter->run()
 8 SYSTEMPATH/Boot.php(67): CodeIgniter\Boot::runCodeIgniter(Object(CodeIgniter\CodeIgniter))
 9 FCPATH/index.php(56): CodeIgniter\Boot::bootWeb(Object(Config\Paths))
WARNING - 2025-12-28 12:55:09 --> [DEPRECATED] Passing lowercase HTTP method "get" is deprecated. Use uppercase HTTP method like "GET". in SYSTEMPATH/Router/RouteCollection.php on line 1026.
 1 SYSTEMPATH/Router/RouteCollection.php(1026): trigger_error('Passing lowercase HTTP method "get" is deprecated. Use uppercase HTTP method like "GET".', 16384)
 2 APPPATH/Config/Routes.php(131): CodeIgniter\Router\RouteCollection->match([...], 'locations/generarPDF', 'LocationsPdfController::generarPDF')
 3 SYSTEMPATH/Router/RouteCollection.php(339): require('/home/u976386866/domains/servipro.site/public_html/app/app/Config/Routes.php')
 4 SYSTEMPATH/CodeIgniter.php(821): CodeIgniter\Router\RouteCollection->loadRoutes()
 5 SYSTEMPATH/CodeIgniter.php(455): CodeIgniter\CodeIgniter->tryToRouteIt(null)
 6 SYSTEMPATH/CodeIgniter.php(354): CodeIgniter\CodeIgniter->handleRequest(null, Object(Config\Cache), false)
 7 SYSTEMPATH/Boot.php(334): CodeIgniter\CodeIgniter->run()
 8 SYSTEMPATH/Boot.php(67): CodeIgniter\Boot::runCodeIgniter(Object(CodeIgniter\CodeIgniter))
 9 FCPATH/index.php(56): CodeIgniter\Boot::bootWeb(Object(Config\Paths))
WARNING - 2025-12-28 12:55:09 --> [DEPRECATED] Passing lowercase HTTP method "post" is deprecated. Use uppercase HTTP method like "POST". in SYSTEMPATH/Router/RouteCollection.php on line 1026.
 1 SYSTEMPATH/Router/RouteCollection.php(1026): trigger_error('Passing lowercase HTTP method "post" is deprecated. Use uppercase HTTP method like "POST".', 16384)
 2 APPPATH/Config/Routes.php(131): CodeIgniter\Router\RouteCollection->match([...], 'locations/generarPDF', 'LocationsPdfController::generarPDF')
 3 SYSTEMPATH/Router/RouteCollection.php(339): require('/home/u976386866/domains/servipro.site/public_html/app/app/Config/Routes.php')
 4 SYSTEMPATH/CodeIgniter.php(821): CodeIgniter\Router\RouteCollection->loadRoutes()
 5 SYSTEMPATH/CodeIgniter.php(455): CodeIgniter\CodeIgniter->tryToRouteIt(null)
 6 SYSTEMPATH/CodeIgniter.php(354): CodeIgniter\CodeIgniter->handleRequest(null, Object(Config\Cache), false)
 7 SYSTEMPATH/Boot.php(334): CodeIgniter\CodeIgniter->run()
 8 SYSTEMPATH/Boot.php(67): CodeIgniter\Boot::runCodeIgniter(Object(CodeIgniter\CodeIgniter))
 9 FCPATH/index.php(56): CodeIgniter\Boot::bootWeb(Object(Config\Paths))
WARNING - 2025-12-28 12:55:09 --> [DEPRECATED] Passing lowercase HTTP method "get" is deprecated. Use uppercase HTTP method like "GET". in SYSTEMPATH/Router/RouteCollection.php on line 1026.
 1 SYSTEMPATH/Router/RouteCollection.php(1026): trigger_error('Passing lowercase HTTP method "get" is deprecated. Use uppercase HTTP method like "GET".', 16384)
 2 APPPATH/Config/Routes.php(131): CodeIgniter\Router\RouteCollection->match([...], 'locations/generarPDF', 'LocationsPdfController::generarPDF')
 3 SYSTEMPATH/Router/RouteCollection.php(339): require('/home/u976386866/domains/servipro.site/public_html/app/app/Config/Routes.php')
 4 SYSTEMPATH/CodeIgniter.php(821): CodeIgniter\Router\RouteCollection->loadRoutes()
 5 SYSTEMPATH/CodeIgniter.php(455): CodeIgniter\CodeIgniter->tryToRouteIt(null)
 6 SYSTEMPATH/CodeIgniter.php(354): CodeIgniter\CodeIgniter->handleRequest(null, Object(Config\Cache), false)
 7 SYSTEMPATH/Boot.php(334): CodeIgniter\CodeIgniter->run()
 8 SYSTEMPATH/Boot.php(67): CodeIgniter\Boot::runCodeIgniter(Object(CodeIgniter\CodeIgniter))
 9 FCPATH/index.php(56): CodeIgniter\Boot::bootWeb(Object(Config\Paths))
WARNING - 2025-12-28 12:55:09 --> [DEPRECATED] Passing lowercase HTTP method "post" is deprecated. Use uppercase HTTP method like "POST". in SYSTEMPATH/Router/RouteCollection.php on line 1026.
 1 SYSTEMPATH/Router/RouteCollection.php(1026): trigger_error('Passing lowercase HTTP method "post" is deprecated. Use uppercase HTTP method like "POST".', 16384)
 2 APPPATH/Config/Routes.php(131): CodeIgniter\Router\RouteCollection->match([...], 'locations/generarPDF', 'LocationsPdfController::generarPDF')
 3 SYSTEMPATH/Router/RouteCollection.php(339): require('/home/u976386866/domains/servipro.site/public_html/app/app/Config/Routes.php')
 4 SYSTEMPATH/CodeIgniter.php(821): CodeIgniter\Router\RouteCollection->loadRoutes()
 5 SYSTEMPATH/CodeIgniter.php(455): CodeIgniter\CodeIgniter->tryToRouteIt(null)
 6 SYSTEMPATH/CodeIgniter.php(354): CodeIgniter\CodeIgniter->handleRequest(null, Object(Config\Cache), false)
 7 SYSTEMPATH/Boot.php(334): CodeIgniter\CodeIgniter->run()
 8 SYSTEMPATH/Boot.php(67): CodeIgniter\Boot::runCodeIgniter(Object(CodeIgniter\CodeIgniter))
 9 FCPATH/index.php(56): CodeIgniter\Boot::bootWeb(Object(Config\Paths))
WARNING - 2025-12-28 12:55:09 --> [DEPRECATED] Passing lowercase HTTP method "get" is deprecated. Use uppercase HTTP method like "GET". in SYSTEMPATH/Router/RouteCollection.php on line 1026.
 1 SYSTEMPATH/Router/RouteCollection.php(1026): trigger_error('Passing lowercase HTTP method "get" is deprecated. Use uppercase HTTP method like "GET".', 16384)
 2 APPPATH/Config/Routes.php(131): CodeIgniter\Router\RouteCollection->match([...], 'locations/generarPDF', 'LocationsPdfController::generarPDF')
 3 SYSTEMPATH/Router/RouteCollection.php(339): require('/home/u976386866/domains/servipro.site/public_html/app/app/Config/Routes.php')
 4 SYSTEMPATH/CodeIgniter.php(821): CodeIgniter\Router\RouteCollection->loadRoutes()
 5 SYSTEMPATH/CodeIgniter.php(455): CodeIgniter\CodeIgniter->tryToRouteIt(null)
 6 SYSTEMPATH/CodeIgniter.php(354): CodeIgniter\CodeIgniter->handleRequest(null, Object(Config\Cache), false)
 7 SYSTEMPATH/Boot.php(334): CodeIgniter\CodeIgniter->run()
 8 SYSTEMPATH/Boot.php(67): CodeIgniter\Boot::runCodeIgniter(Object(CodeIgniter\CodeIgniter))
 9 FCPATH/index.php(56): CodeIgniter\Boot::bootWeb(Object(Config\Paths))
WARNING - 2025-12-28 12:55:09 --> [DEPRECATED] Passing lowercase HTTP method "post" is deprecated. Use uppercase HTTP method like "POST". in SYSTEMPATH/Router/RouteCollection.php on line 1026.
 1 SYSTEMPATH/Router/RouteCollection.php(1026): trigger_error('Passing lowercase HTTP method "post" is deprecated. Use uppercase HTTP method like "POST".', 16384)
 2 APPPATH/Config/Routes.php(131): CodeIgniter\Router\RouteCollection->match([...], 'locations/generarPDF', 'LocationsPdfController::generarPDF')
 3 SYSTEMPATH/Router/RouteCollection.php(339): require('/home/u976386866/domains/servipro.site/public_html/app/app/Config/Routes.php')
 4 SYSTEMPATH/CodeIgniter.php(821): CodeIgniter\Router\RouteCollection->loadRoutes()
 5 SYSTEMPATH/CodeIgniter.php(455): CodeIgniter\CodeIgniter->tryToRouteIt(null)
 6 SYSTEMPATH/CodeIgniter.php(354): CodeIgniter\CodeIgniter->handleRequest(null, Object(Config\Cache), false)
 7 SYSTEMPATH/Boot.php(334): CodeIgniter\CodeIgniter->run()
 8 SYSTEMPATH/Boot.php(67): CodeIgniter\Boot::runCodeIgniter(Object(CodeIgniter\CodeIgniter))
 9 FCPATH/index.php(56): CodeIgniter\Boot::bootWeb(Object(Config\Paths))
WARNING - 2025-12-28 12:55:10 --> [DEPRECATED] Passing lowercase HTTP method "get" is deprecated. Use uppercase HTTP method like "GET". in SYSTEMPATH/Router/RouteCollection.php on line 1026.
 1 SYSTEMPATH/Router/RouteCollection.php(1026): trigger_error('Passing lowercase HTTP method "get" is deprecated. Use uppercase HTTP method like "GET".', 16384)
 2 APPPATH/Config/Routes.php(131): CodeIgniter\Router\RouteCollection->match([...], 'locations/generarPDF', 'LocationsPdfController::generarPDF')
 3 SYSTEMPATH/Router/RouteCollection.php(339): require('/home/u976386866/domains/servipro.site/public_html/app/app/Config/Routes.php')
 4 SYSTEMPATH/CodeIgniter.php(821): CodeIgniter\Router\RouteCollection->loadRoutes()
 5 SYSTEMPATH/CodeIgniter.php(455): CodeIgniter\CodeIgniter->tryToRouteIt(null)
 6 SYSTEMPATH/CodeIgniter.php(354): CodeIgniter\CodeIgniter->handleRequest(null, Object(Config\Cache), false)
 7 SYSTEMPATH/Boot.php(334): CodeIgniter\CodeIgniter->run()
 8 SYSTEMPATH/Boot.php(67): CodeIgniter\Boot::runCodeIgniter(Object(CodeIgniter\CodeIgniter))
 9 FCPATH/index.php(56): CodeIgniter\Boot::bootWeb(Object(Config\Paths))
WARNING - 2025-12-28 12:55:10 --> [DEPRECATED] Passing lowercase HTTP method "post" is deprecated. Use uppercase HTTP method like "POST". in SYSTEMPATH/Router/RouteCollection.php on line 1026.
 1 SYSTEMPATH/Router/RouteCollection.php(1026): trigger_error('Passing lowercase HTTP method "post" is deprecated. Use uppercase HTTP method like "POST".', 16384)
 2 APPPATH/Config/Routes.php(131): CodeIgniter\Router\RouteCollection->match([...], 'locations/generarPDF', 'LocationsPdfController::generarPDF')
 3 SYSTEMPATH/Router/RouteCollection.php(339): require('/home/u976386866/domains/servipro.site/public_html/app/app/Config/Routes.php')
 4 SYSTEMPATH/CodeIgniter.php(821): CodeIgniter\Router\RouteCollection->loadRoutes()
 5 SYSTEMPATH/CodeIgniter.php(455): CodeIgniter\CodeIgniter->tryToRouteIt(null)
 6 SYSTEMPATH/CodeIgniter.php(354): CodeIgniter\CodeIgniter->handleRequest(null, Object(Config\Cache), false)
 7 SYSTEMPATH/Boot.php(334): CodeIgniter\CodeIgniter->run()
 8 SYSTEMPATH/Boot.php(67): CodeIgniter\Boot::runCodeIgniter(Object(CodeIgniter\CodeIgniter))
 9 FCPATH/index.php(56): CodeIgniter\Boot::bootWeb(Object(Config\Paths))
WARNING - 2025-12-28 12:55:10 --> [DEPRECATED] Passing lowercase HTTP method "get" is deprecated. Use uppercase HTTP method like "GET". in SYSTEMPATH/Router/RouteCollection.php on line 1026.
 1 SYSTEMPATH/Router/RouteCollection.php(1026): trigger_error('Passing lowercase HTTP method "get" is deprecated. Use uppercase HTTP method like "GET".', 16384)
 2 APPPATH/Config/Routes.php(131): CodeIgniter\Router\RouteCollection->match([...], 'locations/generarPDF', 'LocationsPdfController::generarPDF')
 3 SYSTEMPATH/Router/RouteCollection.php(339): require('/home/u976386866/domains/servipro.site/public_html/app/app/Config/Routes.php')
 4 SYSTEMPATH/CodeIgniter.php(821): CodeIgniter\Router\RouteCollection->loadRoutes()
 5 SYSTEMPATH/CodeIgniter.php(455): CodeIgniter\CodeIgniter->tryToRouteIt(null)
 6 SYSTEMPATH/CodeIgniter.php(354): CodeIgniter\CodeIgniter->handleRequest(null, Object(Config\Cache), false)
 7 SYSTEMPATH/Boot.php(334): CodeIgniter\CodeIgniter->run()
 8 SYSTEMPATH/Boot.php(67): CodeIgniter\Boot::runCodeIgniter(Object(CodeIgniter\CodeIgniter))
 9 FCPATH/index.php(56): CodeIgniter\Boot::bootWeb(Object(Config\Paths))
WARNING - 2025-12-28 12:55:10 --> [DEPRECATED] Passing lowercase HTTP method "post" is deprecated. Use uppercase HTTP method like "POST". in SYSTEMPATH/Router/RouteCollection.php on line 1026.
 1 SYSTEMPATH/Router/RouteCollection.php(1026): trigger_error('Passing lowercase HTTP method "post" is deprecated. Use uppercase HTTP method like "POST".', 16384)
 2 APPPATH/Config/Routes.php(131): CodeIgniter\Router\RouteCollection->match([...], 'locations/generarPDF', 'LocationsPdfController::generarPDF')
 3 SYSTEMPATH/Router/RouteCollection.php(339): require('/home/u976386866/domains/servipro.site/public_html/app/app/Config/Routes.php')
 4 SYSTEMPATH/CodeIgniter.php(821): CodeIgniter\Router\RouteCollection->loadRoutes()
 5 SYSTEMPATH/CodeIgniter.php(455): CodeIgniter\CodeIgniter->tryToRouteIt(null)
 6 SYSTEMPATH/CodeIgniter.php(354): CodeIgniter\CodeIgniter->handleRequest(null, Object(Config\Cache), false)
 7 SYSTEMPATH/Boot.php(334): CodeIgniter\CodeIgniter->run()
 8 SYSTEMPATH/Boot.php(67): CodeIgniter\Boot::runCodeIgniter(Object(CodeIgniter\CodeIgniter))
 9 FCPATH/index.php(56): CodeIgniter\Boot::bootWeb(Object(Config\Paths))
WARNING - 2025-12-28 12:55:10 --> [DEPRECATED] Passing lowercase HTTP method "get" is deprecated. Use uppercase HTTP method like "GET". in SYSTEMPATH/Router/RouteCollection.php on line 1026.
 1 SYSTEMPATH/Router/RouteCollection.php(1026): trigger_error('Passing lowercase HTTP method "get" is deprecated. Use uppercase HTTP method like "GET".', 16384)
 2 APPPATH/Config/Routes.php(131): CodeIgniter\Router\RouteCollection->match([...], 'locations/generarPDF', 'LocationsPdfController::generarPDF')
 3 SYSTEMPATH/Router/RouteCollection.php(339): require('/home/u976386866/domains/servipro.site/public_html/app/app/Config/Routes.php')
 4 SYSTEMPATH/CodeIgniter.php(821): CodeIgniter\Router\RouteCollection->loadRoutes()
 5 SYSTEMPATH/CodeIgniter.php(455): CodeIgniter\CodeIgniter->tryToRouteIt(null)
 6 SYSTEMPATH/CodeIgniter.php(354): CodeIgniter\CodeIgniter->handleRequest(null, Object(Config\Cache), false)
 7 SYSTEMPATH/Boot.php(334): CodeIgniter\CodeIgniter->run()
 8 SYSTEMPATH/Boot.php(67): CodeIgniter\Boot::runCodeIgniter(Object(CodeIgniter\CodeIgniter))
 9 FCPATH/index.php(56): CodeIgniter\Boot::bootWeb(Object(Config\Paths))
WARNING - 2025-12-28 12:55:10 --> [DEPRECATED] Passing lowercase HTTP method "post" is deprecated. Use uppercase HTTP method like "POST". in SYSTEMPATH/Router/RouteCollection.php on line 1026.
 1 SYSTEMPATH/Router/RouteCollection.php(1026): trigger_error('Passing lowercase HTTP method "post" is deprecated. Use uppercase HTTP method like "POST".', 16384)
 2 APPPATH/Config/Routes.php(131): CodeIgniter\Router\RouteCollection->match([...], 'locations/generarPDF', 'LocationsPdfController::generarPDF')
 3 SYSTEMPATH/Router/RouteCollection.php(339): require('/home/u976386866/domains/servipro.site/public_html/app/app/Config/Routes.php')
 4 SYSTEMPATH/CodeIgniter.php(821): CodeIgniter\Router\RouteCollection->loadRoutes()
 5 SYSTEMPATH/CodeIgniter.php(455): CodeIgniter\CodeIgniter->tryToRouteIt(null)
 6 SYSTEMPATH/CodeIgniter.php(354): CodeIgniter\CodeIgniter->handleRequest(null, Object(Config\Cache), false)
 7 SYSTEMPATH/Boot.php(334): CodeIgniter\CodeIgniter->run()
 8 SYSTEMPATH/Boot.php(67): CodeIgniter\Boot::runCodeIgniter(Object(CodeIgniter\CodeIgniter))
 9 FCPATH/index.php(56): CodeIgniter\Boot::bootWeb(Object(Config\Paths))
WARNING - 2025-12-28 12:55:10 --> [DEPRECATED] Passing lowercase HTTP method "get" is deprecated. Use uppercase HTTP method like "GET". in SYSTEMPATH/Router/RouteCollection.php on line 1026.
 1 SYSTEMPATH/Router/RouteCollection.php(1026): trigger_error('Passing lowercase HTTP method "get" is deprecated. Use uppercase HTTP method like "GET".', 16384)
 2 APPPATH/Config/Routes.php(131): CodeIgniter\Router\RouteCollection->match([...], 'locations/generarPDF', 'LocationsPdfController::generarPDF')
 3 SYSTEMPATH/Router/RouteCollection.php(339): require('/home/u976386866/domains/servipro.site/public_html/app/app/Config/Routes.php')
 4 SYSTEMPATH/CodeIgniter.php(821): CodeIgniter\Router\RouteCollection->loadRoutes()
 5 SYSTEMPATH/CodeIgniter.php(455): CodeIgniter\CodeIgniter->tryToRouteIt(null)
 6 SYSTEMPATH/CodeIgniter.php(354): CodeIgniter\CodeIgniter->handleRequest(null, Object(Config\Cache), false)
 7 SYSTEMPATH/Boot.php(334): CodeIgniter\CodeIgniter->run()
 8 SYSTEMPATH/Boot.php(67): CodeIgniter\Boot::runCodeIgniter(Object(CodeIgniter\CodeIgniter))
 9 FCPATH/index.php(56): CodeIgniter\Boot::bootWeb(Object(Config\Paths))
WARNING - 2025-12-28 12:55:10 --> [DEPRECATED] Passing lowercase HTTP method "post" is deprecated. Use uppercase HTTP method like "POST". in SYSTEMPATH/Router/RouteCollection.php on line 1026.
 1 SYSTEMPATH/Router/RouteCollection.php(1026): trigger_error('Passing lowercase HTTP method "post" is deprecated. Use uppercase HTTP method like "POST".', 16384)
 2 APPPATH/Config/Routes.php(131): CodeIgniter\Router\RouteCollection->match([...], 'locations/generarPDF', 'LocationsPdfController::generarPDF')
 3 SYSTEMPATH/Router/RouteCollection.php(339): require('/home/u976386866/domains/servipro.site/public_html/app/app/Config/Routes.php')
 4 SYSTEMPATH/CodeIgniter.php(821): CodeIgniter\Router\RouteCollection->loadRoutes()
 5 SYSTEMPATH/CodeIgniter.php(455): CodeIgniter\CodeIgniter->tryToRouteIt(null)
 6 SYSTEMPATH/CodeIgniter.php(354): CodeIgniter\CodeIgniter->handleRequest(null, Object(Config\Cache), false)
 7 SYSTEMPATH/Boot.php(334): CodeIgniter\CodeIgniter->run()
 8 SYSTEMPATH/Boot.php(67): CodeIgniter\Boot::runCodeIgniter(Object(CodeIgniter\CodeIgniter))
 9 FCPATH/index.php(56): CodeIgniter\Boot::bootWeb(Object(Config\Paths))
WARNING - 2025-12-28 12:55:11 --> [DEPRECATED] Passing lowercase HTTP method "get" is deprecated. Use uppercase HTTP method like "GET". in SYSTEMPATH/Router/RouteCollection.php on line 1026.
 1 SYSTEMPATH/Router/RouteCollection.php(1026): trigger_error('Passing lowercase HTTP method "get" is deprecated. Use uppercase HTTP method like "GET".', 16384)
 2 APPPATH/Config/Routes.php(131): CodeIgniter\Router\RouteCollection->match([...], 'locations/generarPDF', 'LocationsPdfController::generarPDF')
 3 SYSTEMPATH/Router/RouteCollection.php(339): require('/home/u976386866/domains/servipro.site/public_html/app/app/Config/Routes.php')
 4 SYSTEMPATH/CodeIgniter.php(821): CodeIgniter\Router\RouteCollection->loadRoutes()
 5 SYSTEMPATH/CodeIgniter.php(455): CodeIgniter\CodeIgniter->tryToRouteIt(null)
 6 SYSTEMPATH/CodeIgniter.php(354): CodeIgniter\CodeIgniter->handleRequest(null, Object(Config\Cache), false)
 7 SYSTEMPATH/Boot.php(334): CodeIgniter\CodeIgniter->run()
 8 SYSTEMPATH/Boot.php(67): CodeIgniter\Boot::runCodeIgniter(Object(CodeIgniter\CodeIgniter))
 9 FCPATH/index.php(56): CodeIgniter\Boot::bootWeb(Object(Config\Paths))
WARNING - 2025-12-28 12:55:11 --> [DEPRECATED] Passing lowercase HTTP method "post" is deprecated. Use uppercase HTTP method like "POST". in SYSTEMPATH/Router/RouteCollection.php on line 1026.
 1 SYSTEMPATH/Router/RouteCollection.php(1026): trigger_error('Passing lowercase HTTP method "post" is deprecated. Use uppercase HTTP method like "POST".', 16384)
 2 APPPATH/Config/Routes.php(131): CodeIgniter\Router\RouteCollection->match([...], 'locations/generarPDF', 'LocationsPdfController::generarPDF')
 3 SYSTEMPATH/Router/RouteCollection.php(339): require('/home/u976386866/domains/servipro.site/public_html/app/app/Config/Routes.php')
 4 SYSTEMPATH/CodeIgniter.php(821): CodeIgniter\Router\RouteCollection->loadRoutes()
 5 SYSTEMPATH/CodeIgniter.php(455): CodeIgniter\CodeIgniter->tryToRouteIt(null)
 6 SYSTEMPATH/CodeIgniter.php(354): CodeIgniter\CodeIgniter->handleRequest(null, Object(Config\Cache), false)
 7 SYSTEMPATH/Boot.php(334): CodeIgniter\CodeIgniter->run()
 8 SYSTEMPATH/Boot.php(67): CodeIgniter\Boot::runCodeIgniter(Object(CodeIgniter\CodeIgniter))
 9 FCPATH/index.php(56): CodeIgniter\Boot::bootWeb(Object(Config\Paths))
WARNING - 2025-12-28 13:37:40 --> [DEPRECATED] Passing lowercase HTTP method "get" is deprecated. Use uppercase HTTP method like "GET". in SYSTEMPATH/Router/RouteCollection.php on line 1026.
 1 SYSTEMPATH/Router/RouteCollection.php(1026): trigger_error('Passing lowercase HTTP method "get" is deprecated. Use uppercase HTTP method like "GET".', 16384)
 2 APPPATH/Config/Routes.php(131): CodeIgniter\Router\RouteCollection->match([...], 'locations/generarPDF', 'LocationsPdfController::generarPDF')
 3 SYSTEMPATH/Router/RouteCollection.php(339): require('/home/u976386866/domains/servipro.site/public_html/app/app/Config/Routes.php')
 4 SYSTEMPATH/CodeIgniter.php(821): CodeIgniter\Router\RouteCollection->loadRoutes()
 5 SYSTEMPATH/CodeIgniter.php(455): CodeIgniter\CodeIgniter->tryToRouteIt(null)
 6 SYSTEMPATH/CodeIgniter.php(354): CodeIgniter\CodeIgniter->handleRequest(null, Object(Config\Cache), false)
 7 SYSTEMPATH/Boot.php(334): CodeIgniter\CodeIgniter->run()
 8 SYSTEMPATH/Boot.php(67): CodeIgniter\Boot::runCodeIgniter(Object(CodeIgniter\CodeIgniter))
 9 FCPATH/index.php(56): CodeIgniter\Boot::bootWeb(Object(Config\Paths))
WARNING - 2025-12-28 13:37:40 --> [DEPRECATED] Passing lowercase HTTP method "post" is deprecated. Use uppercase HTTP method like "POST". in SYSTEMPATH/Router/RouteCollection.php on line 1026.
 1 SYSTEMPATH/Router/RouteCollection.php(1026): trigger_error('Passing lowercase HTTP method "post" is deprecated. Use uppercase HTTP method like "POST".', 16384)
 2 APPPATH/Config/Routes.php(131): CodeIgniter\Router\RouteCollection->match([...], 'locations/generarPDF', 'LocationsPdfController::generarPDF')
 3 SYSTEMPATH/Router/RouteCollection.php(339): require('/home/u976386866/domains/servipro.site/public_html/app/app/Config/Routes.php')
 4 SYSTEMPATH/CodeIgniter.php(821): CodeIgniter\Router\RouteCollection->loadRoutes()
 5 SYSTEMPATH/CodeIgniter.php(455): CodeIgniter\CodeIgniter->tryToRouteIt(null)
 6 SYSTEMPATH/CodeIgniter.php(354): CodeIgniter\CodeIgniter->handleRequest(null, Object(Config\Cache), false)
 7 SYSTEMPATH/Boot.php(334): CodeIgniter\CodeIgniter->run()
 8 SYSTEMPATH/Boot.php(67): CodeIgniter\Boot::runCodeIgniter(Object(CodeIgniter\CodeIgniter))
 9 FCPATH/index.php(56): CodeIgniter\Boot::bootWeb(Object(Config\Paths))
DEBUG - 2025-12-28 13:37:40 --> Session: Class initialized using 'CodeIgniter\Session\Handlers\FileHandler' driver.
WARNING - 2025-12-28 17:22:31 --> [DEPRECATED] Passing lowercase HTTP method "get" is deprecated. Use uppercase HTTP method like "GET". in SYSTEMPATH/Router/RouteCollection.php on line 1026.
 1 SYSTEMPATH/Router/RouteCollection.php(1026): trigger_error('Passing lowercase HTTP method "get" is deprecated. Use uppercase HTTP method like "GET".', 16384)
 2 APPPATH/Config/Routes.php(131): CodeIgniter\Router\RouteCollection->match([...], 'locations/generarPDF', 'LocationsPdfController::generarPDF')
 3 SYSTEMPATH/Router/RouteCollection.php(339): require('/home/u976386866/domains/servipro.site/public_html/app/app/Config/Routes.php')
 4 SYSTEMPATH/CodeIgniter.php(821): CodeIgniter\Router\RouteCollection->loadRoutes()
 5 SYSTEMPATH/CodeIgniter.php(455): CodeIgniter\CodeIgniter->tryToRouteIt(null)
 6 SYSTEMPATH/CodeIgniter.php(354): CodeIgniter\CodeIgniter->handleRequest(null, Object(Config\Cache), false)
 7 SYSTEMPATH/Boot.php(334): CodeIgniter\CodeIgniter->run()
 8 SYSTEMPATH/Boot.php(67): CodeIgniter\Boot::runCodeIgniter(Object(CodeIgniter\CodeIgniter))
 9 FCPATH/index.php(56): CodeIgniter\Boot::bootWeb(Object(Config\Paths))
WARNING - 2025-12-28 17:22:31 --> [DEPRECATED] Passing lowercase HTTP method "post" is deprecated. Use uppercase HTTP method like "POST". in SYSTEMPATH/Router/RouteCollection.php on line 1026.
 1 SYSTEMPATH/Router/RouteCollection.php(1026): trigger_error('Passing lowercase HTTP method "post" is deprecated. Use uppercase HTTP method like "POST".', 16384)
 2 APPPATH/Config/Routes.php(131): CodeIgniter\Router\RouteCollection->match([...], 'locations/generarPDF', 'LocationsPdfController::generarPDF')
 3 SYSTEMPATH/Router/RouteCollection.php(339): require('/home/u976386866/domains/servipro.site/public_html/app/app/Config/Routes.php')
 4 SYSTEMPATH/CodeIgniter.php(821): CodeIgniter\Router\RouteCollection->loadRoutes()
 5 SYSTEMPATH/CodeIgniter.php(455): CodeIgniter\CodeIgniter->tryToRouteIt(null)
 6 SYSTEMPATH/CodeIgniter.php(354): CodeIgniter\CodeIgniter->handleRequest(null, Object(Config\Cache), false)
 7 SYSTEMPATH/Boot.php(334): CodeIgniter\CodeIgniter->run()
 8 SYSTEMPATH/Boot.php(67): CodeIgniter\Boot::runCodeIgniter(Object(CodeIgniter\CodeIgniter))
 9 FCPATH/index.php(56): CodeIgniter\Boot::bootWeb(Object(Config\Paths))
DEBUG - 2025-12-28 17:22:31 --> Session: Class initialized using 'CodeIgniter\Session\Handlers\FileHandler' driver.
WARNING - 2025-12-28 18:31:18 --> [DEPRECATED] Passing lowercase HTTP method "get" is deprecated. Use uppercase HTTP method like "GET". in SYSTEMPATH/Router/RouteCollection.php on line 1026.
 1 SYSTEMPATH/Router/RouteCollection.php(1026): trigger_error('Passing lowercase HTTP method "get" is deprecated. Use uppercase HTTP method like "GET".', 16384)
 2 APPPATH/Config/Routes.php(131): CodeIgniter\Router\RouteCollection->match([...], 'locations/generarPDF', 'LocationsPdfController::generarPDF')
 3 SYSTEMPATH/Router/RouteCollection.php(339): require('/home/u976386866/domains/servipro.site/public_html/app/app/Config/Routes.php')
 4 SYSTEMPATH/CodeIgniter.php(821): CodeIgniter\Router\RouteCollection->loadRoutes()
 5 SYSTEMPATH/CodeIgniter.php(455): CodeIgniter\CodeIgniter->tryToRouteIt(null)
 6 SYSTEMPATH/CodeIgniter.php(354): CodeIgniter\CodeIgniter->handleRequest(null, Object(Config\Cache), false)
 7 SYSTEMPATH/Boot.php(334): CodeIgniter\CodeIgniter->run()
 8 SYSTEMPATH/Boot.php(67): CodeIgniter\Boot::runCodeIgniter(Object(CodeIgniter\CodeIgniter))
 9 FCPATH/index.php(56): CodeIgniter\Boot::bootWeb(Object(Config\Paths))
WARNING - 2025-12-28 18:31:18 --> [DEPRECATED] Passing lowercase HTTP method "post" is deprecated. Use uppercase HTTP method like "POST". in SYSTEMPATH/Router/RouteCollection.php on line 1026.
 1 SYSTEMPATH/Router/RouteCollection.php(1026): trigger_error('Passing lowercase HTTP method "post" is deprecated. Use uppercase HTTP method like "POST".', 16384)
 2 APPPATH/Config/Routes.php(131): CodeIgniter\Router\RouteCollection->match([...], 'locations/generarPDF', 'LocationsPdfController::generarPDF')
 3 SYSTEMPATH/Router/RouteCollection.php(339): require('/home/u976386866/domains/servipro.site/public_html/app/app/Config/Routes.php')
 4 SYSTEMPATH/CodeIgniter.php(821): CodeIgniter\Router\RouteCollection->loadRoutes()
 5 SYSTEMPATH/CodeIgniter.php(455): CodeIgniter\CodeIgniter->tryToRouteIt(null)
 6 SYSTEMPATH/CodeIgniter.php(354): CodeIgniter\CodeIgniter->handleRequest(null, Object(Config\Cache), false)
 7 SYSTEMPATH/Boot.php(334): CodeIgniter\CodeIgniter->run()
 8 SYSTEMPATH/Boot.php(67): CodeIgniter\Boot::runCodeIgniter(Object(CodeIgniter\CodeIgniter))
 9 FCPATH/index.php(56): CodeIgniter\Boot::bootWeb(Object(Config\Paths))
DEBUG - 2025-12-28 18:31:18 --> Session: Class initialized using 'CodeIgniter\Session\Handlers\FileHandler' driver.
WARNING - 2025-12-28 20:37:19 --> [DEPRECATED] Passing lowercase HTTP method "get" is deprecated. Use uppercase HTTP method like "GET". in SYSTEMPATH/Router/RouteCollection.php on line 1026.
 1 SYSTEMPATH/Router/RouteCollection.php(1026): trigger_error('Passing lowercase HTTP method "get" is deprecated. Use uppercase HTTP method like "GET".', 16384)
 2 APPPATH/Config/Routes.php(131): CodeIgniter\Router\RouteCollection->match([...], 'locations/generarPDF', 'LocationsPdfController::generarPDF')
 3 SYSTEMPATH/Router/RouteCollection.php(339): require('/home/u976386866/domains/servipro.site/public_html/app/app/Config/Routes.php')
 4 SYSTEMPATH/CodeIgniter.php(821): CodeIgniter\Router\RouteCollection->loadRoutes()
 5 SYSTEMPATH/CodeIgniter.php(455): CodeIgniter\CodeIgniter->tryToRouteIt(null)
 6 SYSTEMPATH/CodeIgniter.php(354): CodeIgniter\CodeIgniter->handleRequest(null, Object(Config\Cache), false)
 7 SYSTEMPATH/Boot.php(334): CodeIgniter\CodeIgniter->run()
 8 SYSTEMPATH/Boot.php(67): CodeIgniter\Boot::runCodeIgniter(Object(CodeIgniter\CodeIgniter))
 9 FCPATH/index.php(56): CodeIgniter\Boot::bootWeb(Object(Config\Paths))
WARNING - 2025-12-28 20:37:19 --> [DEPRECATED] Passing lowercase HTTP method "post" is deprecated. Use uppercase HTTP method like "POST". in SYSTEMPATH/Router/RouteCollection.php on line 1026.
 1 SYSTEMPATH/Router/RouteCollection.php(1026): trigger_error('Passing lowercase HTTP method "post" is deprecated. Use uppercase HTTP method like "POST".', 16384)
 2 APPPATH/Config/Routes.php(131): CodeIgniter\Router\RouteCollection->match([...], 'locations/generarPDF', 'LocationsPdfController::generarPDF')
 3 SYSTEMPATH/Router/RouteCollection.php(339): require('/home/u976386866/domains/servipro.site/public_html/app/app/Config/Routes.php')
 4 SYSTEMPATH/CodeIgniter.php(821): CodeIgniter\Router\RouteCollection->loadRoutes()
 5 SYSTEMPATH/CodeIgniter.php(455): CodeIgniter\CodeIgniter->tryToRouteIt(null)
 6 SYSTEMPATH/CodeIgniter.php(354): CodeIgniter\CodeIgniter->handleRequest(null, Object(Config\Cache), false)
 7 SYSTEMPATH/Boot.php(334): CodeIgniter\CodeIgniter->run()
 8 SYSTEMPATH/Boot.php(67): CodeIgniter\Boot::runCodeIgniter(Object(CodeIgniter\CodeIgniter))
 9 FCPATH/index.php(56): CodeIgniter\Boot::bootWeb(Object(Config\Paths))
DEBUG - 2025-12-28 20:37:19 --> Session: Class initialized using 'CodeIgniter\Session\Handlers\FileHandler' driver.
WARNING - 2025-12-28 23:26:01 --> [DEPRECATED] Passing lowercase HTTP method "get" is deprecated. Use uppercase HTTP method like "GET". in SYSTEMPATH/Router/RouteCollection.php on line 1026.
 1 SYSTEMPATH/Router/RouteCollection.php(1026): trigger_error('Passing lowercase HTTP method "get" is deprecated. Use uppercase HTTP method like "GET".', 16384)
 2 APPPATH/Config/Routes.php(131): CodeIgniter\Router\RouteCollection->match([...], 'locations/generarPDF', 'LocationsPdfController::generarPDF')
 3 SYSTEMPATH/Router/RouteCollection.php(339): require('/home/u976386866/domains/servipro.site/public_html/app/app/Config/Routes.php')
 4 SYSTEMPATH/CodeIgniter.php(821): CodeIgniter\Router\RouteCollection->loadRoutes()
 5 SYSTEMPATH/CodeIgniter.php(455): CodeIgniter\CodeIgniter->tryToRouteIt(null)
 6 SYSTEMPATH/CodeIgniter.php(354): CodeIgniter\CodeIgniter->handleRequest(null, Object(Config\Cache), false)
 7 SYSTEMPATH/Boot.php(334): CodeIgniter\CodeIgniter->run()
 8 SYSTEMPATH/Boot.php(67): CodeIgniter\Boot::runCodeIgniter(Object(CodeIgniter\CodeIgniter))
 9 FCPATH/index.php(56): CodeIgniter\Boot::bootWeb(Object(Config\Paths))
WARNING - 2025-12-28 23:26:01 --> [DEPRECATED] Passing lowercase HTTP method "post" is deprecated. Use uppercase HTTP method like "POST". in SYSTEMPATH/Router/RouteCollection.php on line 1026.
 1 SYSTEMPATH/Router/RouteCollection.php(1026): trigger_error('Passing lowercase HTTP method "post" is deprecated. Use uppercase HTTP method like "POST".', 16384)
 2 APPPATH/Config/Routes.php(131): CodeIgniter\Router\RouteCollection->match([...], 'locations/generarPDF', 'LocationsPdfController::generarPDF')
 3 SYSTEMPATH/Router/RouteCollection.php(339): require('/home/u976386866/domains/servipro.site/public_html/app/app/Config/Routes.php')
 4 SYSTEMPATH/CodeIgniter.php(821): CodeIgniter\Router\RouteCollection->loadRoutes()
 5 SYSTEMPATH/CodeIgniter.php(455): CodeIgniter\CodeIgniter->tryToRouteIt(null)
 6 SYSTEMPATH/CodeIgniter.php(354): CodeIgniter\CodeIgniter->handleRequest(null, Object(Config\Cache), false)
 7 SYSTEMPATH/Boot.php(334): CodeIgniter\CodeIgniter->run()
 8 SYSTEMPATH/Boot.php(67): CodeIgniter\Boot::runCodeIgniter(Object(CodeIgniter\CodeIgniter))
 9 FCPATH/index.php(56): CodeIgniter\Boot::bootWeb(Object(Config\Paths))
